










CREATE SEQUENCE ezapprove_items_s
    START 1
    INCREMENT 1
    MAXVALUE 9223372036854775807
    MINVALUE 1
    CACHE 1;







CREATE SEQUENCE ezbasket_s
    START 1
    INCREMENT 1
    MAXVALUE 9223372036854775807
    MINVALUE 1
    CACHE 1;







CREATE SEQUENCE ezcollab_group_s
    START 1
    INCREMENT 1
    MAXVALUE 9223372036854775807
    MINVALUE 1
    CACHE 1;







CREATE SEQUENCE ezcollab_item_s
    START 1
    INCREMENT 1
    MAXVALUE 9223372036854775807
    MINVALUE 1
    CACHE 1;







CREATE SEQUENCE ezcollab_item_message_link_s
    START 1
    INCREMENT 1
    MAXVALUE 9223372036854775807
    MINVALUE 1
    CACHE 1;







CREATE SEQUENCE ezcollab_notification_rule_s
    START 1
    INCREMENT 1
    MAXVALUE 9223372036854775807
    MINVALUE 1
    CACHE 1;







CREATE SEQUENCE ezcollab_profile_s
    START 1
    INCREMENT 1
    MAXVALUE 9223372036854775807
    MINVALUE 1
    CACHE 1;







CREATE SEQUENCE ezcollab_simple_message_s
    START 1
    INCREMENT 1
    MAXVALUE 9223372036854775807
    MINVALUE 1
    CACHE 1;







CREATE SEQUENCE ezcontent_translation_s
    START 1
    INCREMENT 1
    MAXVALUE 9223372036854775807
    MINVALUE 1
    CACHE 1;







CREATE SEQUENCE ezcontentbrowsebookmark_s
    START 1
    INCREMENT 1
    MAXVALUE 9223372036854775807
    MINVALUE 1
    CACHE 1;







CREATE SEQUENCE ezcontentbrowserecent_s
    START 1
    INCREMENT 1
    MAXVALUE 9223372036854775807
    MINVALUE 1
    CACHE 1;







CREATE SEQUENCE ezcontentclass_s
    START 19
    INCREMENT 1
    MAXVALUE 9223372036854775807
    MINVALUE 1
    CACHE 1;







CREATE SEQUENCE ezcontentclass_attribute_s
    START 1
    INCREMENT 1
    MAXVALUE 9223372036854775807
    MINVALUE 1
    CACHE 1;







CREATE SEQUENCE ezcontentclassgroup_s
    START 1
    INCREMENT 1
    MAXVALUE 9223372036854775807
    MINVALUE 1
    CACHE 1;







CREATE SEQUENCE ezcontentobject_s
    START 1
    INCREMENT 1
    MAXVALUE 9223372036854775807
    MINVALUE 1
    CACHE 1;







CREATE SEQUENCE ezcontentobject_attribute_s
    START 1
    INCREMENT 1
    MAXVALUE 9223372036854775807
    MINVALUE 1
    CACHE 1;







CREATE SEQUENCE ezcontentobject_link_s
    START 1
    INCREMENT 1
    MAXVALUE 9223372036854775807
    MINVALUE 1
    CACHE 1;







CREATE SEQUENCE ezcontentobject_tree_s
    START 1
    INCREMENT 1
    MAXVALUE 9223372036854775807
    MINVALUE 1
    CACHE 1;







CREATE SEQUENCE ezcontentobject_version_s
    START 1
    INCREMENT 1
    MAXVALUE 9223372036854775807
    MINVALUE 1
    CACHE 1;







CREATE SEQUENCE ezdiscountrule_s
    START 1
    INCREMENT 1
    MAXVALUE 9223372036854775807
    MINVALUE 1
    CACHE 1;







CREATE SEQUENCE ezdiscountsubrule_s
    START 1
    INCREMENT 1
    MAXVALUE 9223372036854775807
    MINVALUE 1
    CACHE 1;







CREATE SEQUENCE ezenumvalue_s
    START 1
    INCREMENT 1
    MAXVALUE 9223372036854775807
    MINVALUE 1
    CACHE 1;







CREATE SEQUENCE ezforgot_password_s
    START 1
    INCREMENT 1
    MAXVALUE 9223372036854775807
    MINVALUE 1
    CACHE 1;







CREATE SEQUENCE ezgeneral_digest_user_settings_s
    START 1
    INCREMENT 1
    MAXVALUE 9223372036854775807
    MINVALUE 1
    CACHE 1;







CREATE SEQUENCE ezinfocollection_s
    START 1
    INCREMENT 1
    MAXVALUE 9223372036854775807
    MINVALUE 1
    CACHE 1;







CREATE SEQUENCE ezinfocollection_attribute_s
    START 1
    INCREMENT 1
    MAXVALUE 9223372036854775807
    MINVALUE 1
    CACHE 1;







CREATE SEQUENCE ezkeyword_s
    START 1
    INCREMENT 1
    MAXVALUE 9223372036854775807
    MINVALUE 1
    CACHE 1;







CREATE SEQUENCE ezkeyword_attribute_link_s
    START 1
    INCREMENT 1
    MAXVALUE 9223372036854775807
    MINVALUE 1
    CACHE 1;







CREATE SEQUENCE ezmessage_s
    START 1
    INCREMENT 1
    MAXVALUE 9223372036854775807
    MINVALUE 1
    CACHE 1;







CREATE SEQUENCE ezmodule_run_s
    START 1
    INCREMENT 1
    MAXVALUE 9223372036854775807
    MINVALUE 1
    CACHE 1;







CREATE SEQUENCE eznode_assignment_s
    START 1
    INCREMENT 1
    MAXVALUE 9223372036854775807
    MINVALUE 1
    CACHE 1;







CREATE SEQUENCE eznotificationcollection_s
    START 1
    INCREMENT 1
    MAXVALUE 9223372036854775807
    MINVALUE 1
    CACHE 1;







CREATE SEQUENCE eznotificationcollection_item_s
    START 1
    INCREMENT 1
    MAXVALUE 9223372036854775807
    MINVALUE 1
    CACHE 1;







CREATE SEQUENCE eznotificationevent_s
    START 1
    INCREMENT 1
    MAXVALUE 9223372036854775807
    MINVALUE 1
    CACHE 1;







CREATE SEQUENCE ezoperation_memento_s
    START 1
    INCREMENT 1
    MAXVALUE 9223372036854775807
    MINVALUE 1
    CACHE 1;







CREATE SEQUENCE ezorder_s
    START 1
    INCREMENT 1
    MAXVALUE 9223372036854775807
    MINVALUE 1
    CACHE 1;







CREATE SEQUENCE ezorder_item_s
    START 1
    INCREMENT 1
    MAXVALUE 9223372036854775807
    MINVALUE 1
    CACHE 1;







CREATE SEQUENCE ezpolicy_s
    START 1
    INCREMENT 1
    MAXVALUE 9223372036854775807
    MINVALUE 1
    CACHE 1;







CREATE SEQUENCE ezpolicy_limitation_s
    START 1
    INCREMENT 1
    MAXVALUE 9223372036854775807
    MINVALUE 1
    CACHE 1;







CREATE SEQUENCE ezpolicy_limitation_value_s
    START 1
    INCREMENT 1
    MAXVALUE 9223372036854775807
    MINVALUE 1
    CACHE 1;







CREATE SEQUENCE ezpreferences_s
    START 1
    INCREMENT 1
    MAXVALUE 9223372036854775807
    MINVALUE 1
    CACHE 1;







CREATE SEQUENCE ezproductcollection_s
    START 1
    INCREMENT 1
    MAXVALUE 9223372036854775807
    MINVALUE 1
    CACHE 1;







CREATE SEQUENCE ezproductcollection_item_s
    START 1
    INCREMENT 1
    MAXVALUE 9223372036854775807
    MINVALUE 1
    CACHE 1;







CREATE SEQUENCE ezproductcollection_item_opt_s
    START 1
    INCREMENT 1
    MAXVALUE 9223372036854775807
    MINVALUE 1
    CACHE 1;







CREATE SEQUENCE ezrole_s
    START 1
    INCREMENT 1
    MAXVALUE 9223372036854775807
    MINVALUE 1
    CACHE 1;







CREATE SEQUENCE ezsearch_object_word_link_s
    START 1
    INCREMENT 1
    MAXVALUE 9223372036854775807
    MINVALUE 1
    CACHE 1;







CREATE SEQUENCE ezsearch_return_count_s
    START 1
    INCREMENT 1
    MAXVALUE 9223372036854775807
    MINVALUE 1
    CACHE 1;







CREATE SEQUENCE ezsearch_search_phrase_s
    START 1
    INCREMENT 1
    MAXVALUE 9223372036854775807
    MINVALUE 1
    CACHE 1;







CREATE SEQUENCE ezsearch_word_s
    START 1
    INCREMENT 1
    MAXVALUE 9223372036854775807
    MINVALUE 1
    CACHE 1;







CREATE SEQUENCE ezsection_s
    START 1
    INCREMENT 1
    MAXVALUE 9223372036854775807
    MINVALUE 1
    CACHE 1;







CREATE SEQUENCE ezsubtree_notification_rule_s
    START 1
    INCREMENT 1
    MAXVALUE 9223372036854775807
    MINVALUE 1
    CACHE 1;







CREATE SEQUENCE eztrigger_s
    START 1
    INCREMENT 1
    MAXVALUE 9223372036854775807
    MINVALUE 1
    CACHE 1;







CREATE SEQUENCE ezurl_s
    START 1
    INCREMENT 1
    MAXVALUE 9223372036854775807
    MINVALUE 1
    CACHE 1;







CREATE SEQUENCE ezurlalias_s
    START 1
    INCREMENT 1
    MAXVALUE 9223372036854775807
    MINVALUE 1
    CACHE 1;







CREATE SEQUENCE ezuser_accountkey_s
    START 1
    INCREMENT 1
    MAXVALUE 9223372036854775807
    MINVALUE 1
    CACHE 1;







CREATE SEQUENCE ezuser_discountrule_s
    START 1
    INCREMENT 1
    MAXVALUE 9223372036854775807
    MINVALUE 1
    CACHE 1;







CREATE SEQUENCE ezuser_role_s
    START 1
    INCREMENT 1
    MAXVALUE 9223372036854775807
    MINVALUE 1
    CACHE 1;







CREATE SEQUENCE ezvattype_s
    START 1
    INCREMENT 1
    MAXVALUE 9223372036854775807
    MINVALUE 1
    CACHE 1;







CREATE SEQUENCE ezwaituntildatevalue_s
    START 1
    INCREMENT 1
    MAXVALUE 9223372036854775807
    MINVALUE 1
    CACHE 1;







CREATE SEQUENCE ezwishlist_s
    START 1
    INCREMENT 1
    MAXVALUE 9223372036854775807
    MINVALUE 1
    CACHE 1;







CREATE SEQUENCE ezworkflow_s
    START 1
    INCREMENT 1
    MAXVALUE 9223372036854775807
    MINVALUE 1
    CACHE 1;







CREATE SEQUENCE ezworkflow_assign_s
    START 1
    INCREMENT 1
    MAXVALUE 9223372036854775807
    MINVALUE 1
    CACHE 1;







CREATE SEQUENCE ezworkflow_event_s
    START 1
    INCREMENT 1
    MAXVALUE 9223372036854775807
    MINVALUE 1
    CACHE 1;







CREATE SEQUENCE ezworkflow_group_s
    START 1
    INCREMENT 1
    MAXVALUE 9223372036854775807
    MINVALUE 1
    CACHE 1;







CREATE SEQUENCE ezworkflow_process_s
    START 1
    INCREMENT 1
    MAXVALUE 9223372036854775807
    MINVALUE 1
    CACHE 1;







CREATE TABLE ezapprove_items (
    id integer DEFAULT nextval('ezapprove_items_s'::text) NOT NULL,
    workflow_process_id integer DEFAULT 0 NOT NULL,
    collaboration_id integer DEFAULT 0 NOT NULL
);







CREATE TABLE ezbasket (
    id integer DEFAULT nextval('ezbasket_s'::text) NOT NULL,
    session_id character varying(255) DEFAULT ''::character varying NOT NULL,
    productcollection_id integer DEFAULT 0 NOT NULL
);







CREATE TABLE ezbinaryfile (
    contentobject_attribute_id integer DEFAULT 0 NOT NULL,
    "version" integer DEFAULT 0 NOT NULL,
    filename character varying(255) DEFAULT ''::character varying NOT NULL,
    original_filename character varying(255) DEFAULT ''::character varying NOT NULL,
    mime_type character varying(50) DEFAULT ''::character varying NOT NULL
);







CREATE TABLE ezcollab_group (
    id integer DEFAULT nextval('ezcollab_group_s'::text) NOT NULL,
    parent_group_id integer DEFAULT 0 NOT NULL,
    depth integer DEFAULT 0 NOT NULL,
    path_string character varying(255) DEFAULT ''::character varying NOT NULL,
    is_open integer DEFAULT 1 NOT NULL,
    user_id integer DEFAULT 0 NOT NULL,
    title character varying(255) DEFAULT ''::character varying NOT NULL,
    priority integer DEFAULT 0 NOT NULL,
    created integer DEFAULT 0 NOT NULL,
    modified integer DEFAULT 0 NOT NULL
);







CREATE TABLE ezcollab_item (
    id integer DEFAULT nextval('ezcollab_item_s'::text) NOT NULL,
    type_identifier character varying(40) DEFAULT ''::character varying NOT NULL,
    creator_id integer DEFAULT 0 NOT NULL,
    status integer DEFAULT 1 NOT NULL,
    data_text1 text NOT NULL,
    data_text2 text NOT NULL,
    data_text3 text NOT NULL,
    data_int1 integer DEFAULT 0 NOT NULL,
    data_int2 integer DEFAULT 0 NOT NULL,
    data_int3 integer DEFAULT 0 NOT NULL,
    data_float1 double precision DEFAULT 0::double precision NOT NULL,
    data_float2 double precision DEFAULT 0::double precision NOT NULL,
    data_float3 double precision DEFAULT 0::double precision NOT NULL,
    created integer DEFAULT 0 NOT NULL,
    modified integer DEFAULT 0 NOT NULL
);







CREATE TABLE ezcollab_item_group_link (
    collaboration_id integer DEFAULT 0 NOT NULL,
    group_id integer DEFAULT 0 NOT NULL,
    user_id integer DEFAULT 0 NOT NULL,
    is_read integer DEFAULT 0 NOT NULL,
    is_active integer DEFAULT 1 NOT NULL,
    last_read integer DEFAULT 0 NOT NULL,
    created integer DEFAULT 0 NOT NULL,
    modified integer DEFAULT 0 NOT NULL
);







CREATE TABLE ezcollab_item_message_link (
    id integer DEFAULT nextval('ezcollab_item_message_link_s'::text) NOT NULL,
    collaboration_id integer DEFAULT 0 NOT NULL,
    participant_id integer DEFAULT 0 NOT NULL,
    message_id integer DEFAULT 0 NOT NULL,
    message_type integer DEFAULT 0 NOT NULL,
    created integer DEFAULT 0 NOT NULL,
    modified integer DEFAULT 0 NOT NULL
);







CREATE TABLE ezcollab_item_participant_link (
    collaboration_id integer DEFAULT 0 NOT NULL,
    participant_id integer DEFAULT 0 NOT NULL,
    participant_type integer DEFAULT 1 NOT NULL,
    participant_role integer DEFAULT 1 NOT NULL,
    is_read integer DEFAULT 0 NOT NULL,
    is_active integer DEFAULT 1 NOT NULL,
    last_read integer DEFAULT 0 NOT NULL,
    created integer DEFAULT 0 NOT NULL,
    modified integer DEFAULT 0 NOT NULL
);







CREATE TABLE ezcollab_item_status (
    collaboration_id integer DEFAULT 0 NOT NULL,
    user_id integer DEFAULT 0 NOT NULL,
    is_read integer DEFAULT 0 NOT NULL,
    is_active integer DEFAULT 1 NOT NULL,
    last_read integer DEFAULT 0 NOT NULL
);







CREATE TABLE ezcollab_notification_rule (
    id integer DEFAULT nextval('ezcollab_notification_rule_s'::text) NOT NULL,
    user_id character varying(255) DEFAULT ''::character varying NOT NULL,
    collab_identifier character varying(255) DEFAULT ''::character varying NOT NULL
);







CREATE TABLE ezcollab_profile (
    id integer DEFAULT nextval('ezcollab_profile_s'::text) NOT NULL,
    user_id integer DEFAULT 0 NOT NULL,
    main_group integer DEFAULT 0 NOT NULL,
    data_text1 text NOT NULL,
    created integer DEFAULT 0 NOT NULL,
    modified integer DEFAULT 0 NOT NULL
);







CREATE TABLE ezcollab_simple_message (
    id integer DEFAULT nextval('ezcollab_simple_message_s'::text) NOT NULL,
    message_type character varying(40) DEFAULT ''::character varying NOT NULL,
    creator_id integer DEFAULT 0 NOT NULL,
    data_text1 text NOT NULL,
    data_text2 text NOT NULL,
    data_text3 text NOT NULL,
    data_int1 integer DEFAULT 0 NOT NULL,
    data_int2 integer DEFAULT 0 NOT NULL,
    data_int3 integer DEFAULT 0 NOT NULL,
    data_float1 double precision DEFAULT 0::double precision NOT NULL,
    data_float2 double precision DEFAULT 0::double precision NOT NULL,
    data_float3 double precision DEFAULT 0::double precision NOT NULL,
    created integer DEFAULT 0 NOT NULL,
    modified integer DEFAULT 0 NOT NULL
);







CREATE TABLE ezcontent_translation (
    id integer DEFAULT nextval('ezcontent_translation_s'::text) NOT NULL,
    name character varying(255) DEFAULT ''::character varying NOT NULL,
    locale character varying(255) DEFAULT ''::character varying NOT NULL
);







CREATE TABLE ezcontentbrowsebookmark (
    id integer DEFAULT nextval('ezcontentbrowsebookmark_s'::text) NOT NULL,
    user_id integer DEFAULT 0 NOT NULL,
    node_id integer DEFAULT 0 NOT NULL,
    name character varying(255) DEFAULT ''::character varying NOT NULL
);







CREATE TABLE ezcontentbrowserecent (
    id integer DEFAULT nextval('ezcontentbrowserecent_s'::text) NOT NULL,
    user_id integer DEFAULT 0 NOT NULL,
    node_id integer DEFAULT 0 NOT NULL,
    created integer DEFAULT 0 NOT NULL,
    name character varying(255) DEFAULT ''::character varying NOT NULL
);







CREATE TABLE ezcontentclass (
    id integer DEFAULT nextval('ezcontentclass_s'::text) NOT NULL,
    "version" integer DEFAULT 0 NOT NULL,
    name character varying(255),
    identifier character varying(50) DEFAULT ''::character varying NOT NULL,
    contentobject_name character varying(255),
    creator_id integer DEFAULT 0 NOT NULL,
    modifier_id integer DEFAULT 0 NOT NULL,
    created integer DEFAULT 0 NOT NULL,
    modified integer DEFAULT 0 NOT NULL
);







CREATE TABLE ezcontentclass_attribute (
    id integer DEFAULT nextval('ezcontentclass_attribute_s'::text) NOT NULL,
    "version" integer DEFAULT 0 NOT NULL,
    contentclass_id integer DEFAULT 0 NOT NULL,
    identifier character varying(50) DEFAULT ''::character varying NOT NULL,
    name character varying(255) DEFAULT ''::character varying NOT NULL,
    data_type_string character varying(50) DEFAULT ''::character varying NOT NULL,
    is_searchable integer DEFAULT 0 NOT NULL,
    is_required integer DEFAULT 0 NOT NULL,
    placement integer DEFAULT 0 NOT NULL,
    data_int1 integer,
    data_int2 integer,
    data_int3 integer,
    data_int4 integer,
    data_float1 double precision,
    data_float2 double precision,
    data_float3 double precision,
    data_float4 double precision,
    data_text1 character varying(50),
    data_text2 character varying(50),
    data_text3 character varying(50),
    data_text4 character varying(255),
    data_text5 text,
    is_information_collector integer DEFAULT 0 NOT NULL,
    can_translate integer DEFAULT 1
);







CREATE TABLE ezcontentclass_classgroup (
    contentclass_id integer DEFAULT 0 NOT NULL,
    contentclass_version integer DEFAULT 0 NOT NULL,
    group_id integer DEFAULT 0 NOT NULL,
    group_name character varying(255)
);







CREATE TABLE ezcontentclassgroup (
    id integer DEFAULT nextval('ezcontentclassgroup_s'::text) NOT NULL,
    name character varying(255),
    creator_id integer DEFAULT 0 NOT NULL,
    modifier_id integer DEFAULT 0 NOT NULL,
    created integer DEFAULT 0 NOT NULL,
    modified integer DEFAULT 0 NOT NULL
);







CREATE TABLE ezcontentobject (
    id integer DEFAULT nextval('ezcontentobject_s'::text) NOT NULL,
    owner_id integer DEFAULT 0 NOT NULL,
    section_id integer DEFAULT 0 NOT NULL,
    contentclass_id integer DEFAULT 0 NOT NULL,
    name character varying(255),
    current_version integer,
    is_published integer,
    published integer DEFAULT 0 NOT NULL,
    modified integer DEFAULT 0 NOT NULL,
    status integer DEFAULT 0,
    remote_id character varying(100)
);







CREATE TABLE ezcontentobject_attribute (
    id integer DEFAULT nextval('ezcontentobject_attribute_s'::text) NOT NULL,
    language_code character varying(20) DEFAULT ''::character varying NOT NULL,
    "version" integer DEFAULT 0 NOT NULL,
    contentobject_id integer DEFAULT 0 NOT NULL,
    contentclassattribute_id integer DEFAULT 0 NOT NULL,
    data_text text,
    data_int integer,
    data_float double precision,
    attribute_original_id integer DEFAULT 0,
    sort_key_int integer DEFAULT 0 NOT NULL,
    sort_key_string character varying(50) DEFAULT ''::character varying,
    data_type_string character varying(50)
);







CREATE TABLE ezcontentobject_link (
    id integer DEFAULT nextval('ezcontentobject_link_s'::text) NOT NULL,
    from_contentobject_id integer DEFAULT 0 NOT NULL,
    from_contentobject_version integer DEFAULT 0 NOT NULL,
    to_contentobject_id integer DEFAULT 0 NOT NULL
);







CREATE TABLE ezcontentobject_name (
    contentobject_id integer DEFAULT 0 NOT NULL,
    name character varying(255),
    content_version integer DEFAULT 0 NOT NULL,
    content_translation character varying(20) DEFAULT ''::character varying NOT NULL,
    real_translation character varying(20)
);







CREATE TABLE ezcontentobject_tree (
    node_id integer DEFAULT nextval('ezcontentobject_tree_s'::text) NOT NULL,
    parent_node_id integer DEFAULT 0 NOT NULL,
    contentobject_id integer,
    contentobject_version integer,
    contentobject_is_published integer,
    depth integer DEFAULT 0 NOT NULL,
    path_string character varying(255) DEFAULT ''::character varying NOT NULL,
    sort_field integer DEFAULT 1,
    sort_order integer DEFAULT 1,
    priority integer DEFAULT 0 NOT NULL,
    path_identification_string text,
    main_node_id integer
);







CREATE TABLE ezcontentobject_version (
    id integer DEFAULT nextval('ezcontentobject_version_s'::text) NOT NULL,
    contentobject_id integer,
    creator_id integer DEFAULT 0 NOT NULL,
    "version" integer DEFAULT 0 NOT NULL,
    created integer DEFAULT 0 NOT NULL,
    modified integer DEFAULT 0 NOT NULL,
    status integer DEFAULT 0 NOT NULL,
    user_id integer DEFAULT 0 NOT NULL,
    workflow_event_pos integer DEFAULT 0
);







CREATE TABLE ezdiscountrule (
    id integer DEFAULT nextval('ezdiscountrule_s'::text) NOT NULL,
    name character varying(255) DEFAULT ''::character varying NOT NULL
);







CREATE TABLE ezdiscountsubrule (
    id integer DEFAULT nextval('ezdiscountsubrule_s'::text) NOT NULL,
    name character varying(255) DEFAULT ''::character varying NOT NULL,
    discountrule_id integer DEFAULT 0 NOT NULL,
    discount_percent double precision,
    limitation character(1)
);







CREATE TABLE ezdiscountsubrule_value (
    discountsubrule_id integer DEFAULT 0 NOT NULL,
    value integer DEFAULT 0 NOT NULL,
    issection integer DEFAULT 0 NOT NULL
);







CREATE TABLE ezenumobjectvalue (
    contentobject_attribute_id integer DEFAULT 0 NOT NULL,
    contentobject_attribute_version integer DEFAULT 0 NOT NULL,
    enumid integer DEFAULT 0 NOT NULL,
    enumelement character varying(255) DEFAULT ''::character varying NOT NULL,
    enumvalue character varying(255) DEFAULT ''::character varying NOT NULL
);







CREATE TABLE ezenumvalue (
    id integer DEFAULT nextval('ezenumvalue_s'::text) NOT NULL,
    contentclass_attribute_id integer DEFAULT 0 NOT NULL,
    contentclass_attribute_version integer DEFAULT 0 NOT NULL,
    enumelement character varying(255) DEFAULT ''::character varying NOT NULL,
    enumvalue character varying(255) DEFAULT ''::character varying NOT NULL,
    placement integer DEFAULT 0 NOT NULL
);







CREATE TABLE ezforgot_password (
    id integer DEFAULT nextval('ezforgot_password_s'::text) NOT NULL,
    user_id integer DEFAULT 0 NOT NULL,
    hash_key character varying(32) DEFAULT ''::character varying NOT NULL,
    "time" integer DEFAULT 0 NOT NULL
);







CREATE TABLE ezgeneral_digest_user_settings (
    id integer DEFAULT nextval('ezgeneral_digest_user_settings_s'::text) NOT NULL,
    address character varying(255) DEFAULT ''::character varying NOT NULL,
    receive_digest integer DEFAULT 0 NOT NULL,
    digest_type integer DEFAULT 0 NOT NULL,
    "day" character varying(255) DEFAULT ''::character varying NOT NULL,
    "time" character varying(255) DEFAULT ''::character varying NOT NULL
);







CREATE TABLE ezimage (
    contentobject_attribute_id integer DEFAULT 0 NOT NULL,
    "version" integer DEFAULT 0 NOT NULL,
    filename character varying(255) DEFAULT ''::character varying NOT NULL,
    original_filename character varying(255) DEFAULT ''::character varying NOT NULL,
    mime_type character varying(50) DEFAULT ''::character varying NOT NULL,
    alternative_text character varying(255) DEFAULT ''::character varying NOT NULL
);







CREATE TABLE ezimagevariation (
    contentobject_attribute_id integer DEFAULT 0 NOT NULL,
    "version" integer DEFAULT 0 NOT NULL,
    filename character varying(255) DEFAULT ''::character varying NOT NULL,
    additional_path character varying(255),
    requested_width integer DEFAULT 0 NOT NULL,
    requested_height integer DEFAULT 0 NOT NULL,
    width integer DEFAULT 0 NOT NULL,
    height integer DEFAULT 0 NOT NULL
);







CREATE TABLE ezinfocollection (
    id integer DEFAULT nextval('ezinfocollection_s'::text) NOT NULL,
    contentobject_id integer DEFAULT 0 NOT NULL,
    created integer DEFAULT 0 NOT NULL,
    user_identifier character varying(34),
    modified integer DEFAULT 0
);







CREATE TABLE ezinfocollection_attribute (
    id integer DEFAULT nextval('ezinfocollection_attribute_s'::text) NOT NULL,
    informationcollection_id integer DEFAULT 0 NOT NULL,
    data_text text,
    data_int integer,
    data_float double precision,
    contentclass_attribute_id integer DEFAULT 0 NOT NULL,
    contentobject_attribute_id integer,
    contentobject_id integer
);







CREATE TABLE ezkeyword (
    id integer DEFAULT nextval('ezkeyword_s'::text) NOT NULL,
    keyword character varying(255),
    class_id integer DEFAULT 0 NOT NULL
);







CREATE TABLE ezkeyword_attribute_link (
    id integer DEFAULT nextval('ezkeyword_attribute_link_s'::text) NOT NULL,
    keyword_id integer DEFAULT 0 NOT NULL,
    objectattribute_id integer DEFAULT 0 NOT NULL
);







CREATE TABLE ezmedia (
    contentobject_attribute_id integer DEFAULT 0 NOT NULL,
    "version" integer DEFAULT 0 NOT NULL,
    filename character varying(255) DEFAULT ''::character varying NOT NULL,
    original_filename character varying(255) DEFAULT ''::character varying NOT NULL,
    mime_type character varying(50) DEFAULT ''::character varying NOT NULL,
    width integer,
    height integer,
    has_controller integer,
    is_autoplay integer,
    pluginspage character varying(255),
    quality character varying(50),
    controls character varying(50),
    is_loop integer
);







CREATE TABLE ezmessage (
    id integer DEFAULT nextval('ezmessage_s'::text) NOT NULL,
    send_method character varying(50) DEFAULT ''::character varying NOT NULL,
    send_weekday character varying(50) DEFAULT ''::character varying NOT NULL,
    send_time character varying(50) DEFAULT ''::character varying NOT NULL,
    destination_address character varying(50) DEFAULT ''::character varying NOT NULL,
    title character varying(255) DEFAULT ''::character varying NOT NULL,
    body text,
    is_sent integer DEFAULT 0 NOT NULL
);







CREATE TABLE ezmodule_run (
    id integer DEFAULT nextval('ezmodule_run_s'::text) NOT NULL,
    workflow_process_id integer,
    module_name character varying(255),
    function_name character varying(255),
    module_data text
);







CREATE TABLE eznode_assignment (
    id integer DEFAULT nextval('eznode_assignment_s'::text) NOT NULL,
    contentobject_id integer,
    contentobject_version integer,
    parent_node integer,
    sort_field integer DEFAULT 1,
    sort_order integer DEFAULT 1,
    is_main integer DEFAULT 0 NOT NULL,
    from_node_id integer DEFAULT 0,
    remote_id integer DEFAULT 0 NOT NULL
);







CREATE TABLE eznotificationcollection (
    id integer DEFAULT nextval('eznotificationcollection_s'::text) NOT NULL,
    event_id integer DEFAULT 0 NOT NULL,
    "handler" character varying(255) DEFAULT ''::character varying NOT NULL,
    transport character varying(255) DEFAULT ''::character varying NOT NULL,
    data_subject text NOT NULL,
    data_text text NOT NULL
);







CREATE TABLE eznotificationcollection_item (
    id integer DEFAULT nextval('eznotificationcollection_item_s'::text) NOT NULL,
    collection_id integer DEFAULT 0 NOT NULL,
    event_id integer DEFAULT 0 NOT NULL,
    address character varying(255) DEFAULT ''::character varying NOT NULL,
    send_date integer DEFAULT 0 NOT NULL
);







CREATE TABLE eznotificationevent (
    id integer DEFAULT nextval('eznotificationevent_s'::text) NOT NULL,
    status integer DEFAULT 0 NOT NULL,
    event_type_string character varying(255) DEFAULT ''::character varying NOT NULL,
    data_int1 integer DEFAULT 0 NOT NULL,
    data_int2 integer DEFAULT 0 NOT NULL,
    data_int3 integer DEFAULT 0 NOT NULL,
    data_int4 integer DEFAULT 0 NOT NULL,
    data_text1 text NOT NULL,
    data_text2 text NOT NULL,
    data_text3 text NOT NULL,
    data_text4 text NOT NULL
);







CREATE TABLE ezoperation_memento (
    id integer DEFAULT nextval('ezoperation_memento_s'::text) NOT NULL,
    memento_key character varying(32) DEFAULT ''::character varying NOT NULL,
    memento_data text NOT NULL,
    main integer DEFAULT 0 NOT NULL,
    main_key character varying(32) DEFAULT ''::character varying NOT NULL
);







CREATE TABLE ezorder (
    id integer DEFAULT nextval('ezorder_s'::text) NOT NULL,
    user_id integer DEFAULT 0 NOT NULL,
    productcollection_id integer DEFAULT 0 NOT NULL,
    created integer DEFAULT 0 NOT NULL,
    is_temporary integer DEFAULT 1 NOT NULL,
    order_nr integer DEFAULT 0 NOT NULL,
    data_text_2 text,
    data_text_1 text,
    account_identifier character varying(100) DEFAULT 'default'::character varying NOT NULL,
    ignore_vat integer DEFAULT 0 NOT NULL
);







CREATE TABLE ezorder_item (
    id integer DEFAULT nextval('ezorder_item_s'::text) NOT NULL,
    order_id integer DEFAULT 0 NOT NULL,
    description character varying(255),
    price double precision,
    vat_value integer DEFAULT 0 NOT NULL
);







CREATE TABLE ezpolicy (
    id integer DEFAULT nextval('ezpolicy_s'::text) NOT NULL,
    role_id integer,
    function_name character varying(255),
    module_name character varying(255),
    limitation character(1)
);







CREATE TABLE ezpolicy_limitation (
    id integer DEFAULT nextval('ezpolicy_limitation_s'::text) NOT NULL,
    policy_id integer,
    identifier character varying(255) DEFAULT ''::character varying NOT NULL,
    role_id integer,
    function_name character varying(255),
    module_name character varying(255)
);







CREATE TABLE ezpolicy_limitation_value (
    id integer DEFAULT nextval('ezpolicy_limitation_value_s'::text) NOT NULL,
    limitation_id integer,
    value character varying(255)
);







CREATE TABLE ezpreferences (
    id integer DEFAULT nextval('ezpreferences_s'::text) NOT NULL,
    user_id integer DEFAULT 0 NOT NULL,
    name character varying(100),
    value character varying(100)
);







CREATE TABLE ezproductcollection (
    id integer DEFAULT nextval('ezproductcollection_s'::text) NOT NULL,
    created integer
);







CREATE TABLE ezproductcollection_item (
    id integer DEFAULT nextval('ezproductcollection_item_s'::text) NOT NULL,
    productcollection_id integer DEFAULT 0 NOT NULL,
    contentobject_id integer DEFAULT 0 NOT NULL,
    item_count integer DEFAULT 0 NOT NULL,
    price double precision,
    is_vat_inc integer,
    vat_value double precision,
    discount double precision
);







CREATE TABLE ezproductcollection_item_opt (
    id integer DEFAULT nextval('ezproductcollection_item_opt_s'::text) NOT NULL,
    item_id integer DEFAULT 0 NOT NULL,
    option_item_id integer DEFAULT 0 NOT NULL,
    name character varying(255) DEFAULT ''::character varying NOT NULL,
    value character varying(255) DEFAULT ''::character varying NOT NULL,
    price double precision DEFAULT 0::double precision NOT NULL,
    object_attribute_id integer
);







CREATE TABLE ezrole (
    id integer DEFAULT nextval('ezrole_s'::text) NOT NULL,
    "version" integer DEFAULT 0,
    name character varying(255) DEFAULT ''::character varying NOT NULL,
    value character(1)
);







CREATE TABLE ezsearch_object_word_link (
    id integer DEFAULT nextval('ezsearch_object_word_link_s'::text) NOT NULL,
    contentobject_id integer DEFAULT 0 NOT NULL,
    word_id integer DEFAULT 0 NOT NULL,
    frequency double precision DEFAULT 0::double precision NOT NULL,
    placement integer DEFAULT 0 NOT NULL,
    prev_word_id integer DEFAULT 0 NOT NULL,
    next_word_id integer DEFAULT 0 NOT NULL,
    contentclass_id integer DEFAULT 0 NOT NULL,
    published integer DEFAULT 0 NOT NULL,
    section_id integer DEFAULT 0 NOT NULL,
    contentclass_attribute_id integer DEFAULT 0 NOT NULL,
    identifier character varying(255) DEFAULT ''::character varying NOT NULL,
    integer_value integer DEFAULT 0 NOT NULL
);







CREATE TABLE ezsearch_return_count (
    id integer DEFAULT nextval('ezsearch_return_count_s'::text) NOT NULL,
    phrase_id integer DEFAULT 0 NOT NULL,
    "time" integer DEFAULT 0 NOT NULL,
    count integer DEFAULT 0 NOT NULL
);







CREATE TABLE ezsearch_search_phrase (
    id integer DEFAULT nextval('ezsearch_search_phrase_s'::text) NOT NULL,
    phrase character varying(250)
);







CREATE TABLE ezsearch_word (
    id integer DEFAULT nextval('ezsearch_word_s'::text) NOT NULL,
    word character varying(150),
    object_count integer DEFAULT 0 NOT NULL
);







CREATE TABLE ezsection (
    id integer DEFAULT nextval('ezsection_s'::text) NOT NULL,
    name character varying(255),
    locale character varying(255),
    navigation_part_identifier character varying(100) DEFAULT 'ezcontentnavigationpart'::character varying
);







CREATE TABLE ezsession (
    session_key character varying(32) DEFAULT ''::character varying NOT NULL,
    expiration_time bigint DEFAULT 0::bigint NOT NULL,
    data text NOT NULL,
    CONSTRAINT ezsession_expiration_time CHECK ((expiration_time >= 0))
);







CREATE TABLE eztrigger (
    id integer DEFAULT nextval('eztrigger_s'::text) NOT NULL,
    name character varying(255),
    module_name character varying(200) DEFAULT ''::character varying NOT NULL,
    function_name character varying(200) DEFAULT ''::character varying NOT NULL,
    connect_type character(1) DEFAULT ''::bpchar NOT NULL,
    workflow_id integer
);







CREATE TABLE ezurl (
    id integer DEFAULT nextval('ezurl_s'::text) NOT NULL,
    url character varying(255),
    created integer DEFAULT 0 NOT NULL,
    modified integer DEFAULT 0 NOT NULL,
    is_valid integer DEFAULT 1 NOT NULL,
    last_checked integer DEFAULT 0 NOT NULL,
    original_url_md5 character varying(32) DEFAULT ''::character varying NOT NULL
);







CREATE TABLE ezurl_object_link (
    url_id integer DEFAULT 0 NOT NULL,
    contentobject_attribute_id integer DEFAULT 0 NOT NULL,
    contentobject_attribute_version integer DEFAULT 0 NOT NULL
);







CREATE TABLE ezurlalias (
    id integer DEFAULT nextval('ezurlalias_s'::text) NOT NULL,
    source_url text NOT NULL,
    source_md5 character varying(32),
    destination_url text NOT NULL,
    is_internal integer DEFAULT 1 NOT NULL,
    forward_to_id integer DEFAULT 0 NOT NULL,
    is_wildcard integer DEFAULT 0 NOT NULL
);







CREATE TABLE ezuser (
    contentobject_id integer DEFAULT 0 NOT NULL,
    login character varying(150) DEFAULT ''::character varying NOT NULL,
    email character varying(150) DEFAULT ''::character varying NOT NULL,
    password_hash_type integer DEFAULT 1 NOT NULL,
    password_hash character varying(50)
);







CREATE TABLE ezuser_accountkey (
    id integer DEFAULT nextval('ezuser_accountkey_s'::text) NOT NULL,
    user_id integer DEFAULT 0 NOT NULL,
    hash_key character varying(32) DEFAULT ''::character varying NOT NULL,
    "time" integer DEFAULT 0 NOT NULL
);







CREATE TABLE ezuser_discountrule (
    id integer DEFAULT nextval('ezuser_discountrule_s'::text) NOT NULL,
    discountrule_id integer,
    contentobject_id integer,
    name character varying(255) DEFAULT ''::character varying NOT NULL
);







CREATE TABLE ezuser_role (
    id integer DEFAULT nextval('ezuser_role_s'::text) NOT NULL,
    role_id integer,
    contentobject_id integer
);







CREATE TABLE ezuser_setting (
    user_id integer DEFAULT 0 NOT NULL,
    is_enabled integer DEFAULT 0 NOT NULL,
    max_login integer
);







CREATE TABLE ezvattype (
    id integer DEFAULT nextval('ezvattype_s'::text) NOT NULL,
    name character varying(255) DEFAULT ''::character varying NOT NULL,
    percentage double precision
);







CREATE TABLE ezwaituntildatevalue (
    id integer DEFAULT nextval('ezwaituntildatevalue_s'::text) NOT NULL,
    workflow_event_id integer DEFAULT 0 NOT NULL,
    workflow_event_version integer DEFAULT 0 NOT NULL,
    contentclass_id integer DEFAULT 0 NOT NULL,
    contentclass_attribute_id integer DEFAULT 0 NOT NULL
);







CREATE TABLE ezwishlist (
    id integer DEFAULT nextval('ezwishlist_s'::text) NOT NULL,
    user_id integer DEFAULT 0 NOT NULL,
    productcollection_id integer DEFAULT 0 NOT NULL
);







CREATE TABLE ezworkflow (
    id integer DEFAULT nextval('ezworkflow_s'::text) NOT NULL,
    "version" integer DEFAULT 0 NOT NULL,
    is_enabled integer DEFAULT 0 NOT NULL,
    workflow_type_string character varying(50) DEFAULT ''::character varying NOT NULL,
    name character varying(255) DEFAULT ''::character varying NOT NULL,
    creator_id integer DEFAULT 0 NOT NULL,
    modifier_id integer DEFAULT 0 NOT NULL,
    created integer DEFAULT 0 NOT NULL,
    modified integer DEFAULT 0 NOT NULL
);







CREATE TABLE ezworkflow_assign (
    id integer DEFAULT nextval('ezworkflow_assign_s'::text) NOT NULL,
    workflow_id integer DEFAULT 0 NOT NULL,
    node_id integer DEFAULT 0 NOT NULL,
    access_type integer DEFAULT 0 NOT NULL,
    as_tree integer DEFAULT 0 NOT NULL
);







CREATE TABLE ezworkflow_event (
    id integer DEFAULT nextval('ezworkflow_event_s'::text) NOT NULL,
    "version" integer DEFAULT 0 NOT NULL,
    workflow_id integer DEFAULT 0 NOT NULL,
    workflow_type_string character varying(50) DEFAULT ''::character varying NOT NULL,
    description character varying(50) DEFAULT ''::character varying NOT NULL,
    data_int1 integer,
    data_int2 integer,
    data_int3 integer,
    data_int4 integer,
    data_text1 character varying(50),
    data_text2 character varying(50),
    data_text3 character varying(50),
    data_text4 character varying(50),
    placement integer DEFAULT 0 NOT NULL
);







CREATE TABLE ezworkflow_group (
    id integer DEFAULT nextval('ezworkflow_group_s'::text) NOT NULL,
    name character varying(255) DEFAULT ''::character varying NOT NULL,
    creator_id integer DEFAULT 0 NOT NULL,
    modifier_id integer DEFAULT 0 NOT NULL,
    created integer DEFAULT 0 NOT NULL,
    modified integer DEFAULT 0 NOT NULL
);







CREATE TABLE ezworkflow_group_link (
    workflow_id integer DEFAULT 0 NOT NULL,
    group_id integer DEFAULT 0 NOT NULL,
    workflow_version integer DEFAULT 0 NOT NULL,
    group_name character varying(255)
);







CREATE TABLE ezworkflow_process (
    id integer DEFAULT nextval('ezworkflow_process_s'::text) NOT NULL,
    process_key character varying(32) DEFAULT ''::character varying NOT NULL,
    workflow_id integer DEFAULT 0 NOT NULL,
    user_id integer DEFAULT 0 NOT NULL,
    content_id integer DEFAULT 0 NOT NULL,
    content_version integer DEFAULT 0 NOT NULL,
    node_id integer DEFAULT 0 NOT NULL,
    session_key character varying(32) DEFAULT '0'::character varying NOT NULL,
    event_id integer DEFAULT 0 NOT NULL,
    event_position integer DEFAULT 0 NOT NULL,
    last_event_id integer DEFAULT 0 NOT NULL,
    last_event_position integer DEFAULT 0 NOT NULL,
    last_event_status integer DEFAULT 0 NOT NULL,
    event_status integer DEFAULT 0 NOT NULL,
    created integer DEFAULT 0 NOT NULL,
    modified integer DEFAULT 0 NOT NULL,
    activation_date integer,
    event_state integer,
    status integer,
    parameters text,
    memento_key character varying(32)
);







CREATE TABLE ezsite_data (
    name character varying(60) DEFAULT ''::character varying NOT NULL,
    value text DEFAULT ''::text NOT NULL
);







CREATE SEQUENCE ezpdf_export_s
    START 1
    INCREMENT 1
    MAXVALUE 9223372036854775807
    MINVALUE 1
    CACHE 1;







CREATE TABLE ezpdf_export (
    id integer DEFAULT nextval('ezpdf_export_s'::text) NOT NULL,
    title character varying(255),
    show_frontpage integer,
    intro_text text,
    sub_text text,
    source_node_id integer,
    export_structure character varying(255),
    export_classes character varying(255),
    site_access character varying(255),
    pdf_filename character varying(255),
    modifier_id integer,
    modified integer,
    created integer,
    creator_id integer,
    status integer
);







CREATE SEQUENCE ezrss_export_s
    START 1
    INCREMENT 1
    MAXVALUE 9223372036854775807
    MINVALUE 1
    CACHE 1;







CREATE TABLE ezrss_export (
    id integer DEFAULT nextval('ezrss_export_s'::text) NOT NULL,
    title character varying(255),
    modifier_id integer,
    modified integer,
    url character varying(255),
    description text,
    image_id integer,
    active integer,
    access_url character varying(255),
    created integer,
    creator_id integer,
    status integer,
    rss_version character varying(255),
    site_access character varying(255)
);







CREATE SEQUENCE ezrss_export_item_s
    START 1
    INCREMENT 1
    MAXVALUE 9223372036854775807
    MINVALUE 1
    CACHE 1;







CREATE TABLE ezrss_export_item (
    id integer DEFAULT nextval('ezrss_export_item_s'::text) NOT NULL,
    rssexport_id integer,
    source_node_id integer,
    class_id integer,
    title character varying(255),
    description character varying(255) DEFAULT 0
);







CREATE SEQUENCE ezrss_import_s
    START 1
    INCREMENT 1
    MAXVALUE 9223372036854775807
    MINVALUE 1
    CACHE 1;







CREATE TABLE ezrss_import (
    id integer DEFAULT nextval('ezrss_import_s'::text) NOT NULL,
    name character varying(255),
    url text,
    destination_node_id integer,
    class_id integer,
    class_title character varying(255),
    class_url character varying(255),
    class_description character varying(255),
    active integer,
    creator_id integer,
    created integer,
    modifier_id integer,
    modified integer,
    status integer,
    object_owner_id integer
);







CREATE SEQUENCE ezimagefile_s
    START 1
    INCREMENT 1
    MAXVALUE 9223372036854775807
    MINVALUE 1
    CACHE 1;







CREATE TABLE ezimagefile (
    id integer DEFAULT nextval('ezimagefile_s'::text) NOT NULL,
    contentobject_attribute_id integer NOT NULL,
    filepath text NOT NULL
);







CREATE TABLE eztipafriend_counter (
    node_id integer DEFAULT 0 NOT NULL,
    count integer DEFAULT 0 NOT NULL
);







CREATE TABLE ezview_counter (
    node_id integer DEFAULT 0 NOT NULL,
    count integer DEFAULT 0 NOT NULL
);







CREATE TABLE ezsubtree_notification_rule (
    id integer DEFAULT nextval('tmp_notification_rule_s'::text) NOT NULL,
    use_digest integer DEFAULT 0,
    node_id integer NOT NULL,
    user_id integer NOT NULL
);



























































































INSERT INTO ezcontent_translation VALUES (1, 'English (United Kingdom)', 'eng-GB');





















INSERT INTO ezcontentclass VALUES (1, 0, 'Folder', 'folder', '<name>', 14, 14, 1024392098, 1048494694);
INSERT INTO ezcontentclass VALUES (2, 0, 'Article', 'article', '<title>', 14, 14, 1024392098, 1069414895);
INSERT INTO ezcontentclass VALUES (3, 0, 'User group', 'user_group', '<name>', 14, 14, 1024392098, 1048494743);
INSERT INTO ezcontentclass VALUES (4, 0, 'User', 'user', '<first_name> <last_name>', 14, 14, 1024392098, 1066916721);
INSERT INTO ezcontentclass VALUES (5, 0, 'Image', 'image', '<name>', 8, 14, 1031484992, 1048494784);
INSERT INTO ezcontentclass VALUES (6, 0, 'Forum', 'forum', '<name>', 14, 14, 1052384723, 1052384870);
INSERT INTO ezcontentclass VALUES (7, 0, 'Forum message', 'forum_message', '<topic>', 14, 14, 1052384877, 1052384943);
INSERT INTO ezcontentclass VALUES (8, 0, 'Product', 'product', '<title>', 14, 14, 1052384951, 1052385067);
INSERT INTO ezcontentclass VALUES (9, 0, 'Product review', 'product_review', '<title>', 14, 14, 1052385080, 1052385252);
INSERT INTO ezcontentclass VALUES (10, 0, 'Info page', 'info_page', '<name>', 14, 14, 1052385274, 1052385353);
INSERT INTO ezcontentclass VALUES (11, 0, 'Link', 'link', '<title>', 14, 14, 1052385361, 1052385453);
INSERT INTO ezcontentclass VALUES (12, 0, 'File', 'file', '<name>', 14, 14, 1052385472, 1052385669);
INSERT INTO ezcontentclass VALUES (13, 0, 'Comment', 'comment', '<subject>', 14, 14, 1052385685, 1052385756);
INSERT INTO ezcontentclass VALUES (14, 0, 'Setup link', 'setup_link', '<title>', 14, 14, 1066383719, 1066383885);
INSERT INTO ezcontentclass VALUES (15, 0, 'Template look', 'template_look', '<title>', 14, 14, 1066390045, 1069416328);
INSERT INTO ezcontentclass VALUES (16, 0, 'Company', 'company', '<company_name>', 14, 14, 1066660266, 1069419131);
INSERT INTO ezcontentclass VALUES (17, 0, 'Person', 'person', '<first_name> <last_name>', 14, 14, 1066660986, 1066999049);
INSERT INTO ezcontentclass VALUES (18, 0, 'Event', 'event', '<event_name>', 14, 14, 1066661135, 1066661324);







INSERT INTO ezcontentclass_attribute VALUES (119, 0, 1, 'description', 'Description', 'ezxmltext', 1, 0, 2, 10, 0, 0, 0, 0, 0, 0, 0, '', '', '', '', NULL, 0, 1);
INSERT INTO ezcontentclass_attribute VALUES (116, 0, 5, 'name', 'Name', 'ezstring', 1, 1, 1, 150, 0, 0, 0, 0, 0, 0, 0, '', '', '', '', NULL, 0, 1);
INSERT INTO ezcontentclass_attribute VALUES (6, 0, 3, 'name', 'Name', 'ezstring', 1, 1, 1, 255, 0, 0, 0, 0, 0, 0, 0, '', '', '', '', NULL, 0, 1);
INSERT INTO ezcontentclass_attribute VALUES (7, 0, 3, 'description', 'Description', 'ezstring', 1, 0, 2, 255, 0, 0, 0, 0, 0, 0, 0, '', '', '', '', NULL, 0, 1);
INSERT INTO ezcontentclass_attribute VALUES (118, 0, 5, 'image', 'Image', 'ezimage', 0, 0, 3, 2, 0, 0, 0, 0, 0, 0, 0, '', '', '', '', NULL, 0, 1);
INSERT INTO ezcontentclass_attribute VALUES (4, 0, 1, 'name', 'Name', 'ezstring', 1, 1, 1, 255, 0, 0, 0, 0, 0, 0, 0, 'Folder', '', '', '', NULL, 0, 1);
INSERT INTO ezcontentclass_attribute VALUES (117, 0, 5, 'caption', 'Caption', 'ezxmltext', 1, 0, 2, 10, 0, 0, 0, 0, 0, 0, 0, '', '', '', '', NULL, 0, 1);
INSERT INTO ezcontentclass_attribute VALUES (127, 0, 7, 'topic', 'Topic', 'ezstring', 1, 1, 1, 150, 0, 0, 0, 0, 0, 0, 0, 'New topic', '', '', '', NULL, 0, 1);
INSERT INTO ezcontentclass_attribute VALUES (128, 0, 7, 'message', 'Message', 'eztext', 1, 1, 2, 10, 0, 0, 0, 0, 0, 0, 0, '', '', '', '', NULL, 0, 1);
INSERT INTO ezcontentclass_attribute VALUES (126, 0, 6, 'description', 'Description', 'ezxmltext', 1, 0, 3, 15, 0, 0, 0, 0, 0, 0, 0, '', '', '', '', NULL, 0, 1);
INSERT INTO ezcontentclass_attribute VALUES (125, 0, 6, 'icon', 'Icon', 'ezimage', 0, 0, 2, 1, 0, 0, 0, 0, 0, 0, 0, '', '', '', '', NULL, 0, 1);
INSERT INTO ezcontentclass_attribute VALUES (124, 0, 6, 'name', 'Name', 'ezstring', 1, 1, 1, 150, 0, 0, 0, 0, 0, 0, 0, '', '', '', '', NULL, 0, 1);
INSERT INTO ezcontentclass_attribute VALUES (134, 0, 8, 'photo', 'Photo', 'ezimage', 0, 0, 6, 1, 0, 0, 0, 0, 0, 0, 0, '', '', '', '', NULL, 0, 1);
INSERT INTO ezcontentclass_attribute VALUES (133, 0, 8, 'price', 'Price', 'ezprice', 0, 1, 5, 1, 0, 0, 0, 1, 0, 0, 0, '', '', '', '', NULL, 0, 1);
INSERT INTO ezcontentclass_attribute VALUES (132, 0, 8, 'description', 'Description', 'ezxmltext', 1, 0, 4, 10, 0, 0, 0, 0, 0, 0, 0, '', '', '', '', NULL, 0, 1);
INSERT INTO ezcontentclass_attribute VALUES (131, 0, 8, 'intro', 'Intro', 'ezxmltext', 1, 0, 3, 10, 0, 0, 0, 0, 0, 0, 0, '', '', '', '', NULL, 0, 1);
INSERT INTO ezcontentclass_attribute VALUES (130, 0, 8, 'product_nr', 'Product nr.', 'ezstring', 1, 0, 2, 40, 0, 0, 0, 0, 0, 0, 0, '', '', '', '', NULL, 0, 1);
INSERT INTO ezcontentclass_attribute VALUES (129, 0, 8, 'title', 'Title', 'ezstring', 1, 1, 1, 100, 0, 0, 0, 0, 0, 0, 0, '', '', '', '', NULL, 0, 1);
INSERT INTO ezcontentclass_attribute VALUES (139, 0, 9, 'review', 'Review', 'ezxmltext', 1, 0, 5, 10, 0, 0, 0, 0, 0, 0, 0, '', '', '', '', NULL, 0, 1);
INSERT INTO ezcontentclass_attribute VALUES (138, 0, 9, 'geography', 'Town, Country', 'ezstring', 1, 1, 4, 0, 0, 0, 0, 0, 0, 0, 0, '', '', '', '', NULL, 0, 1);
INSERT INTO ezcontentclass_attribute VALUES (137, 0, 9, 'reviewer_name', 'Reviewer Name', 'ezstring', 1, 1, 3, 0, 0, 0, 0, 0, 0, 0, 0, '', '', '', '', NULL, 0, 1);
INSERT INTO ezcontentclass_attribute VALUES (136, 0, 9, 'rating', 'Rating', 'ezenum', 1, 0, 2, 0, 0, 0, 0, 0, 0, 0, 0, '', '', '', '', NULL, 0, 1);
INSERT INTO ezcontentclass_attribute VALUES (135, 0, 9, 'title', 'Title', 'ezstring', 1, 1, 1, 50, 0, 0, 0, 0, 0, 0, 0, '', '', '', '', NULL, 0, 1);
INSERT INTO ezcontentclass_attribute VALUES (142, 0, 10, 'image', 'Image', 'ezimage', 0, 0, 3, 1, 0, 0, 0, 0, 0, 0, 0, '', '', '', '', NULL, 0, 1);
INSERT INTO ezcontentclass_attribute VALUES (141, 0, 10, 'body', 'Body', 'ezxmltext', 1, 0, 2, 20, 0, 0, 0, 0, 0, 0, 0, '', '', '', '', NULL, 0, 1);
INSERT INTO ezcontentclass_attribute VALUES (140, 0, 10, 'name', 'Name', 'ezstring', 1, 1, 1, 100, 0, 0, 0, 0, 0, 0, 0, '', '', '', '', NULL, 0, 1);
INSERT INTO ezcontentclass_attribute VALUES (146, 0, 12, 'name', 'Name', 'ezstring', 1, 1, 1, 0, 0, 0, 0, 0, 0, 0, 0, 'New file', '', '', '', NULL, 0, 1);
INSERT INTO ezcontentclass_attribute VALUES (148, 0, 12, 'file', 'File', 'ezbinaryfile', 0, 1, 3, 0, 0, 0, 0, 0, 0, 0, 0, '', '', '', '', NULL, 0, 1);
INSERT INTO ezcontentclass_attribute VALUES (147, 0, 12, 'description', 'Description', 'ezxmltext', 1, 0, 2, 10, 0, 0, 0, 0, 0, 0, 0, '', '', '', '', NULL, 0, 1);
INSERT INTO ezcontentclass_attribute VALUES (145, 0, 11, 'link', 'Link', 'ezurl', 0, 0, 3, 0, 0, 0, 0, 0, 0, 0, 0, '', '', '', '', NULL, 0, 1);
INSERT INTO ezcontentclass_attribute VALUES (144, 0, 11, 'description', 'Description', 'ezxmltext', 1, 0, 2, 10, 0, 0, 0, 0, 0, 0, 0, '', '', '', '', NULL, 0, 1);
INSERT INTO ezcontentclass_attribute VALUES (143, 0, 11, 'title', 'Title', 'ezstring', 1, 1, 1, 100, 0, 0, 0, 0, 0, 0, 0, '', '', '', '', NULL, 0, 1);
INSERT INTO ezcontentclass_attribute VALUES (151, 0, 13, 'message', 'Message', 'eztext', 1, 1, 3, 10, 0, 0, 0, 0, 0, 0, 0, '', '', '', '', NULL, 0, 1);
INSERT INTO ezcontentclass_attribute VALUES (150, 0, 13, 'author', 'Author', 'ezstring', 1, 1, 2, 0, 0, 0, 0, 0, 0, 0, 0, '', '', '', '', NULL, 0, 1);
INSERT INTO ezcontentclass_attribute VALUES (149, 0, 13, 'subject', 'Subject', 'ezstring', 1, 1, 1, 40, 0, 0, 0, 0, 0, 0, 0, '', '', '', '', NULL, 0, 1);
INSERT INTO ezcontentclass_attribute VALUES (154, 0, 14, 'description', 'Description', 'eztext', 1, 0, 3, 2, 0, 0, 0, 0, 0, 0, 0, '', '', '', '', '', 0, 1);
INSERT INTO ezcontentclass_attribute VALUES (153, 0, 14, 'icon', 'Icon', 'ezimage', 0, 0, 2, 0, 0, 0, 0, 0, 0, 0, 0, '', '', '', '', '', 0, 1);
INSERT INTO ezcontentclass_attribute VALUES (152, 0, 14, 'title', 'Title', 'ezstring', 1, 1, 1, 0, 0, 0, 0, 0, 0, 0, 0, '', '', '', '', '', 0, 1);
INSERT INTO ezcontentclass_attribute VALUES (155, 0, 14, 'link', 'Link', 'ezstring', 1, 1, 4, 0, 0, 0, 0, 0, 0, 0, 0, '', '', '', '', '', 0, 1);
INSERT INTO ezcontentclass_attribute VALUES (178, 0, 17, 'picture', 'picture', 'ezimage', 0, 0, 5, 1, 0, 0, 0, 0, 0, 0, 0, '', '', '', '', '', 0, 1);
INSERT INTO ezcontentclass_attribute VALUES (179, 0, 17, 'comment', 'Comment', 'ezxmltext', 1, 0, 6, 10, 0, 0, 0, 0, 0, 0, 0, '', '', '', '', '', 0, 1);
INSERT INTO ezcontentclass_attribute VALUES (182, 0, 15, 'footer', 'Footer', 'ezstring', 1, 0, 8, 0, 0, 0, 0, 0, 0, 0, 0, 'Copyright &copy;', '', '', '', '', 0, 1);
INSERT INTO ezcontentclass_attribute VALUES (122, 0, 2, 'thumbnail', 'Thumbnail', 'ezimage', 0, 0, 4, 2, 0, 0, 0, 0, 0, 0, 0, '', '', '', '', '', 0, 1);
INSERT INTO ezcontentclass_attribute VALUES (167, 0, 16, 'relation', 'Relation', 'ezselection', 1, 0, 6, 0, 0, 0, 0, 0, 0, 0, 0, '', '', '', '', '<?xml version="1.0" encoding="UTF-8"?>
<ezselection>
  <options>
    <option id="0"
            name="Partner" />
    <option id="2"
            name="Customer" />
    <option id="3"
            name="Supplier" />
  </options>
</ezselection>', 0, 1);
INSERT INTO ezcontentclass_attribute VALUES (168, 0, 16, 'company_numbers', 'Company numbers', 'ezmatrix', 1, 0, 7, 2, 0, 0, 0, 0, 0, 0, 0, '', '', '', '', '<?xml version="1.0" encoding="UTF-8"?>
<ezmatrix>
  <column-name id="contact_type"
               idx="0">Contact type</column-name>
  <column-name id="contact_value"
               idx="1">Contact value</column-name>
</ezmatrix>', 0, 1);
INSERT INTO ezcontentclass_attribute VALUES (176, 0, 18, 'event_info', 'Event info', 'eztext', 1, 0, 3, 10, 0, 0, 0, 0, 0, 0, 0, '', '', '', '', '', 0, 1);
INSERT INTO ezcontentclass_attribute VALUES (175, 0, 18, 'event_date', 'Event date', 'ezdate', 0, 0, 2, 0, 0, 0, 0, 0, 0, 0, 0, '', '', '', '', '', 0, 1);
INSERT INTO ezcontentclass_attribute VALUES (173, 0, 18, 'event_name', 'Event name', 'ezstring', 1, 1, 1, 0, 0, 0, 0, 0, 0, 0, 0, '', '', '', '', '', 0, 1);
INSERT INTO ezcontentclass_attribute VALUES (161, 0, 15, 'id', 'id', 'ezstring', 1, 0, 5, 0, 0, 0, 0, 0, 0, 0, 0, '', '', '', '', '', 0, 1);
INSERT INTO ezcontentclass_attribute VALUES (180, 0, 15, 'email', 'Email', 'ezinisetting', 0, 0, 6, 1, 0, 0, 0, 0, 0, 0, 0, 'site.ini', 'MailSettings', 'AdminEmail', '0;1;2;3', 'override;user;admin;demo;intranet', 0, 1);
INSERT INTO ezcontentclass_attribute VALUES (170, 0, 17, 'first_name', 'First name', 'ezstring', 1, 1, 1, 0, 0, 0, 0, 0, 0, 0, 0, '', '', '', '', '', 0, 1);
INSERT INTO ezcontentclass_attribute VALUES (181, 0, 15, 'siteurl', 'Site URL', 'ezinisetting', 0, 0, 7, 1, 0, 0, 0, 0, 0, 0, 0, 'site.ini', 'SiteSettings', 'SiteURL', '0;1;2;3', 'override;user;admin;demo;intranet', 0, 1);
INSERT INTO ezcontentclass_attribute VALUES (169, 0, 17, 'last_name', 'Last name', 'ezstring', 1, 1, 2, 0, 0, 0, 0, 0, 0, 0, 0, '', '', '', '', '', 0, 1);
INSERT INTO ezcontentclass_attribute VALUES (171, 0, 17, 'position', 'Position/job', 'ezstring', 1, 0, 3, 0, 0, 0, 0, 0, 0, 0, 0, '', '', '', '', '', 0, 1);
INSERT INTO ezcontentclass_attribute VALUES (12, 0, 4, 'user_account', 'User account', 'ezuser', 0, 1, 3, 0, 0, 0, 0, 0, 0, 0, 0, '', '', '', '', '', 0, 1);
INSERT INTO ezcontentclass_attribute VALUES (9, 0, 4, 'last_name', 'Last name', 'ezstring', 1, 1, 2, 255, 0, 0, 0, 0, 0, 0, 0, '', '', '', '', '', 0, 1);
INSERT INTO ezcontentclass_attribute VALUES (8, 0, 4, 'first_name', 'First name', 'ezstring', 1, 1, 1, 255, 0, 0, 0, 0, 0, 0, 0, '', '', '', '', '', 0, 1);
INSERT INTO ezcontentclass_attribute VALUES (172, 0, 17, 'person_numbers', 'Person numbers', 'ezmatrix', 1, 0, 4, 0, 0, 0, 0, 0, 0, 0, 0, '', '', '', '', '<?xml version="1.0" encoding="UTF-8"?>
<ezmatrix>
  <column-name id="contact_type"
               idx="0">Contact type</column-name>
  <column-name id="contact_value"
               idx="1">Contact value</column-name>
</ezmatrix>', 0, 1);
INSERT INTO ezcontentclass_attribute VALUES (165, 0, 16, 'logo', 'Logo', 'ezimage', 0, 0, 4, 0, 0, 0, 0, 0, 0, 0, 0, '', '', '', '', '', 0, 1);
INSERT INTO ezcontentclass_attribute VALUES (166, 0, 16, 'additional_information', 'Additional information', 'eztext', 1, 0, 5, 10, 0, 0, 0, 0, 0, 0, 0, '', '', '', '', '', 0, 1);
INSERT INTO ezcontentclass_attribute VALUES (123, 0, 2, 'enable_comments', 'Enable comments', 'ezboolean', 0, 0, 5, 0, 0, 0, 0, 0, 0, 0, 0, '', '', '', '', '', 0, 1);
INSERT INTO ezcontentclass_attribute VALUES (121, 0, 2, 'body', 'Body', 'ezxmltext', 1, 0, 3, 20, 0, 0, 0, 0, 0, 0, 0, '', '', '', '', '', 0, 1);
INSERT INTO ezcontentclass_attribute VALUES (1, 0, 2, 'title', 'Title', 'ezstring', 1, 1, 1, 255, 0, 0, 0, 0, 0, 0, 0, 'New article', '', '', '', '', 0, 1);
INSERT INTO ezcontentclass_attribute VALUES (120, 0, 2, 'intro', 'Intro', 'ezxmltext', 1, 1, 2, 10, 0, 0, 0, 0, 0, 0, 0, '', '', '', '', '', 0, 1);
INSERT INTO ezcontentclass_attribute VALUES (160, 0, 15, 'sitestyle', 'Sitestyle', 'ezpackage', 0, 0, 4, 1, 0, 0, 0, 0, 0, 0, 0, 'sitestyle', '', '', '', '', 0, 1);
INSERT INTO ezcontentclass_attribute VALUES (159, 0, 15, 'image', 'Image', 'ezimage', 0, 0, 3, 0, 0, 0, 0, 0, 0, 0, 0, '', '', '', '', '', 0, 1);
INSERT INTO ezcontentclass_attribute VALUES (158, 0, 15, 'meta_data', 'Meta data', 'ezinisetting', 0, 0, 2, 6, 0, 0, 0, 0, 0, 0, 0, 'site.ini', 'SiteSettings', 'MetaDataArray', '0;1;2;3', 'override;user;admin;demo;intranet', 0, 1);
INSERT INTO ezcontentclass_attribute VALUES (157, 0, 15, 'title', 'Title', 'ezinisetting', 0, 0, 1, 1, 0, 0, 0, 0, 0, 0, 0, 'site.ini', 'SiteSettings', 'SiteName', '0;1;2;3', 'override;user;admin;demo;intranet', 0, 1);
INSERT INTO ezcontentclass_attribute VALUES (162, 0, 16, 'company_name', 'Company name', 'ezstring', 1, 1, 1, 0, 0, 0, 0, 0, 0, 0, 0, '', '', '', '', '', 0, 1);
INSERT INTO ezcontentclass_attribute VALUES (163, 0, 16, 'company_number', 'Company number', 'ezstring', 1, 0, 2, 0, 0, 0, 0, 0, 0, 0, 0, '', '', '', '', '', 0, 1);
INSERT INTO ezcontentclass_attribute VALUES (164, 0, 16, 'company_address', 'Company address', 'ezmatrix', 1, 0, 3, 3, 0, 0, 0, 0, 0, 0, 0, '', '', '', '', '<?xml version="1.0" encoding="UTF-8"?>
<ezmatrix>
  <column-name id="address_type"
               idx="0">Address type</column-name>
  <column-name id="address_value"
               idx="1">Address value</column-name>
</ezmatrix>', 0, 1);







INSERT INTO ezcontentclass_classgroup VALUES (1, 0, 1, 'Content');
INSERT INTO ezcontentclass_classgroup VALUES (2, 0, 1, 'Content');
INSERT INTO ezcontentclass_classgroup VALUES (4, 0, 2, 'Content');
INSERT INTO ezcontentclass_classgroup VALUES (5, 0, 3, 'Media');
INSERT INTO ezcontentclass_classgroup VALUES (3, 0, 2, '');
INSERT INTO ezcontentclass_classgroup VALUES (6, 0, 1, 'Content');
INSERT INTO ezcontentclass_classgroup VALUES (7, 0, 1, 'Content');
INSERT INTO ezcontentclass_classgroup VALUES (8, 0, 1, 'Content');
INSERT INTO ezcontentclass_classgroup VALUES (9, 0, 1, 'Content');
INSERT INTO ezcontentclass_classgroup VALUES (10, 0, 1, 'Content');
INSERT INTO ezcontentclass_classgroup VALUES (11, 0, 1, 'Content');
INSERT INTO ezcontentclass_classgroup VALUES (12, 0, 3, 'Media');
INSERT INTO ezcontentclass_classgroup VALUES (13, 0, 1, 'Content');
INSERT INTO ezcontentclass_classgroup VALUES (14, 0, 4, 'Setup');
INSERT INTO ezcontentclass_classgroup VALUES (15, 0, 4, 'Setup');
INSERT INTO ezcontentclass_classgroup VALUES (12, 1, 3, 'Media');
INSERT INTO ezcontentclass_classgroup VALUES (16, 0, 1, 'Content');
INSERT INTO ezcontentclass_classgroup VALUES (17, 0, 1, 'Content');
INSERT INTO ezcontentclass_classgroup VALUES (18, 0, 1, 'Content');







INSERT INTO ezcontentclassgroup VALUES (1, 'Content', 1, 14, 1031216928, 1033922106);
INSERT INTO ezcontentclassgroup VALUES (2, 'Users', 1, 14, 1031216941, 1033922113);
INSERT INTO ezcontentclassgroup VALUES (3, 'Media', 8, 14, 1032009743, 1033922120);
INSERT INTO ezcontentclassgroup VALUES (4, 'Setup', 14, 14, 1066383702, 1066383712);







INSERT INTO ezcontentobject VALUES (1, 14, 1, 1, 'Intranet', 2, 0, 1033917596, 1069416323, 1, '');
INSERT INTO ezcontentobject VALUES (4, 14, 2, 3, 'Users', 1, 0, 1033917596, 1033917596, 1, NULL);
INSERT INTO ezcontentobject VALUES (11, 14, 2, 3, 'Guest accounts', 1, 0, 1033920746, 1033920746, 1, NULL);
INSERT INTO ezcontentobject VALUES (12, 14, 2, 3, 'Administrator users', 1, 0, 1033920775, 1033920775, 1, NULL);
INSERT INTO ezcontentobject VALUES (13, 14, 2, 3, 'Editors', 1, 0, 1033920794, 1033920794, 1, NULL);
INSERT INTO ezcontentobject VALUES (14, 14, 2, 4, 'Administrator User', 1, 0, 1033920830, 1033920830, 1, NULL);
INSERT INTO ezcontentobject VALUES (41, 14, 3, 1, 'Media', 1, 0, 1060695457, 1060695457, 1, '');
INSERT INTO ezcontentobject VALUES (42, 14, 11, 1, 'Setup', 1, 0, 1066383068, 1066383068, 1, '');
INSERT INTO ezcontentobject VALUES (43, 14, 11, 14, 'Classes', 8, 0, 1066384365, 1069162841, 1, '');
INSERT INTO ezcontentobject VALUES (44, 14, 11, 1, 'Setup links', 1, 0, 1066384457, 1066384457, 1, '');
INSERT INTO ezcontentobject VALUES (45, 14, 11, 14, 'Look and feel', 10, 0, 1066388816, 1069164888, 1, '');
INSERT INTO ezcontentobject VALUES (46, 14, 11, 1, 'Look and feel', 2, 0, 1066389805, 1066389902, 1, '');
INSERT INTO ezcontentobject VALUES (47, 14, 1, 15, 'New Template look', 1, 0, 0, 0, 0, '');
INSERT INTO ezcontentobject VALUES (122, 14, 1, 5, 'New Image', 1, 0, 0, 0, 0, '');
INSERT INTO ezcontentobject VALUES (49, 14, 4, 1, 'News', 1, 0, 1066398020, 1066398020, 1, '');
INSERT INTO ezcontentobject VALUES (51, 14, 1, 14, 'New Setup link', 1, 0, 0, 0, 0, '');
INSERT INTO ezcontentobject VALUES (53, 14, 1, 15, 'New Template look', 1, 0, 0, 0, 0, '');
INSERT INTO ezcontentobject VALUES (136, 14, 11, 15, 'Intranet', 16, 0, 1069164104, 1069841972, 1, '');
INSERT INTO ezcontentobject VALUES (57, 14, 5, 1, 'Contact', 1, 0, 1066729137, 1066729137, 1, '');
INSERT INTO ezcontentobject VALUES (59, 14, 4, 1, 'Off topic', 1, 0, 1066729211, 1066729211, 1, '');
INSERT INTO ezcontentobject VALUES (60, 14, 4, 1, 'Reports', 2, 0, 1066729226, 1066729241, 1, '');
INSERT INTO ezcontentobject VALUES (61, 14, 4, 1, 'Staff news', 1, 0, 1066729258, 1066729258, 1, '');
INSERT INTO ezcontentobject VALUES (62, 14, 5, 1, 'Persons', 1, 0, 1066729284, 1066729284, 1, '');
INSERT INTO ezcontentobject VALUES (63, 14, 5, 1, 'Companies', 1, 0, 1066729298, 1066729298, 1, '');
INSERT INTO ezcontentobject VALUES (64, 14, 6, 1, 'Files', 3, 0, 1066729319, 1066898100, 1, '');
INSERT INTO ezcontentobject VALUES (66, 14, 6, 1, 'Handbooks', 1, 0, 1066729356, 1066729356, 1, '');
INSERT INTO ezcontentobject VALUES (67, 14, 6, 1, 'Documents', 1, 0, 1066729371, 1066729371, 1, '');
INSERT INTO ezcontentobject VALUES (68, 14, 6, 1, 'Company routines', 1, 0, 1066729385, 1066729385, 1, '');
INSERT INTO ezcontentobject VALUES (69, 14, 6, 1, 'Logos', 1, 0, 1066729400, 1066729400, 1, '');
INSERT INTO ezcontentobject VALUES (129, 14, 1, 2, 'New Article', 1, 0, 0, 0, 0, '');
INSERT INTO ezcontentobject VALUES (173, 14, 5, 16, 'My Company', 1, 0, 1069770749, 1069770749, 1, '');
INSERT INTO ezcontentobject VALUES (127, 14, 4, 2, 'New Article', 1, 0, 0, 0, 0, '');
INSERT INTO ezcontentobject VALUES (176, 14, 4, 2, 'New employee', 1, 0, 1069774043, 1069774043, 1, '');
INSERT INTO ezcontentobject VALUES (83, 14, 2, 4, 'New User', 1, 0, 0, 0, 0, '');
INSERT INTO ezcontentobject VALUES (84, 14, 2, 4, 'New User', 1, 0, 0, 0, 0, '');
INSERT INTO ezcontentobject VALUES (85, 14, 5, 1, 'New Folder', 1, 0, 0, 0, 0, '');
INSERT INTO ezcontentobject VALUES (87, 14, 5, 16, 'New Company', 1, 0, 0, 0, 0, '');
INSERT INTO ezcontentobject VALUES (88, 14, 2, 4, 'New User', 1, 0, 0, 0, 0, '');
INSERT INTO ezcontentobject VALUES (91, 14, 1, 15, 'New Template look', 1, 0, 0, 0, 0, '');
INSERT INTO ezcontentobject VALUES (170, 14, 1, 10, 'Vacation routines', 1, 0, 1069769718, 1069769718, 1, '');
INSERT INTO ezcontentobject VALUES (96, 14, 2, 4, 'New User', 1, 0, 0, 0, 0, '');
INSERT INTO ezcontentobject VALUES (126, 14, 4, 2, 'New Article', 1, 0, 0, 0, 0, '');
INSERT INTO ezcontentobject VALUES (171, 14, 5, 17, 'John Doe', 1, 0, 1069769945, 1069769945, 1, '');
INSERT INTO ezcontentobject VALUES (172, 14, 5, 17, 'Per Son', 1, 0, 1069770002, 1069770002, 1, '');
INSERT INTO ezcontentobject VALUES (103, 14, 2, 4, 'New User', 1, 0, 0, 0, 0, '');
INSERT INTO ezcontentobject VALUES (104, 14, 2, 4, 'New User', 1, 0, 0, 0, 0, '');
INSERT INTO ezcontentobject VALUES (105, 14, 2, 4, 'New User', 1, 0, 0, 0, 0, '');
INSERT INTO ezcontentobject VALUES (106, 14, 2, 4, 'New User', 1, 0, 0, 0, 0, '');
INSERT INTO ezcontentobject VALUES (112, 14, 1, 1, 'Information', 2, 0, 1066986270, 1069769638, 1, '');
INSERT INTO ezcontentobject VALUES (113, 14, 1, 10, 'Routines', 1, 0, 1066986541, 1066986541, 1, '');
INSERT INTO ezcontentobject VALUES (115, 14, 11, 14, 'Cache', 3, 0, 1066991725, 1069162746, 1, '');
INSERT INTO ezcontentobject VALUES (116, 14, 11, 14, 'URL translator', 2, 0, 1066992054, 1069162892, 1, '');
INSERT INTO ezcontentobject VALUES (117, 14, 4, 2, 'New Article', 1, 0, 0, 0, 0, '');
INSERT INTO ezcontentobject VALUES (133, 14, 11, 15, 'New Template look', 1, 0, 0, 0, 0, '');
INSERT INTO ezcontentobject VALUES (134, 14, 11, 15, 'New Template look', 1, 0, 0, 0, 0, '');
INSERT INTO ezcontentobject VALUES (143, 14, 4, 2, 'New Article', 1, 0, 0, 0, 0, '');
INSERT INTO ezcontentobject VALUES (175, 14, 4, 2, 'Annual report', 1, 0, 1069773968, 1069773968, 1, '');
INSERT INTO ezcontentobject VALUES (174, 14, 4, 2, 'New business cards', 2, 0, 1069773925, 1069774003, 1, '');
INSERT INTO ezcontentobject VALUES (165, 14, 4, 13, 'jkhkjh', 1, 0, 1069423490, 1069423490, 1, '');
INSERT INTO ezcontentobject VALUES (166, 14, 4, 13, 'kljjkl', 1, 0, 1069423957, 1069423957, 1, '');
INSERT INTO ezcontentobject VALUES (177, 14, 2, 3, 'Anonymous Users', 1, 0, 1072186898, 1072186898, 1, '');
INSERT INTO ezcontentobject VALUES (10, 14, 2, 4, 'Anonymous User', 2, 0, 1033920665, 1072186920, 1, '');







INSERT INTO ezcontentobject_attribute VALUES (653, 'eng-GB', 2, 174, 1, 'New business cards', 0, 0, 0, 0, 'new business cards', 'ezstring');
INSERT INTO ezcontentobject_attribute VALUES (658, 'eng-GB', 1, 175, 1, 'Annual report', 0, 0, 0, 0, 'annual report', 'ezstring');
INSERT INTO ezcontentobject_attribute VALUES (161, 'eng-GB', 2, 60, 4, 'Reports', 0, 0, 0, 0, 'reports', 'ezstring');
INSERT INTO ezcontentobject_attribute VALUES (169, 'eng-GB', 3, 64, 4, 'Files', 0, 0, 0, 0, 'files', 'ezstring');
INSERT INTO ezcontentobject_attribute VALUES (316, 'eng-GB', 2, 112, 4, 'Information', 0, 0, 0, 0, 'information', 'ezstring');
INSERT INTO ezcontentobject_attribute VALUES (662, 'eng-GB', 1, 175, 123, '', 0, 0, 0, 0, '', 'ezboolean');
INSERT INTO ezcontentobject_attribute VALUES (657, 'eng-GB', 2, 174, 123, '', 0, 0, 0, 0, '', 'ezboolean');
INSERT INTO ezcontentobject_attribute VALUES (667, 'eng-GB', 1, 176, 123, '', 0, 0, 0, 0, '', 'ezboolean');
INSERT INTO ezcontentobject_attribute VALUES (108, 'eng-GB', 10, 45, 152, 'Look and feel', 0, 0, 0, 0, 'look and feel', 'ezstring');
INSERT INTO ezcontentobject_attribute VALUES (109, 'eng-GB', 10, 45, 153, '<?xml version="1.0" encoding="UTF-8"?>
<ezimage serial_number="1"
         is_valid="1"
         filename="look_and_feel.png"
         suffix="png"
         basename="look_and_feel"
         dirpath="var/intranet/storage/images/setup/setup_links/look_and_feel/109-10-eng-GB"
         url="var/intranet/storage/images/setup/setup_links/look_and_feel/109-10-eng-GB/look_and_feel.png"
         original_filename="gnome-color-browser.png"
         mime_type="original"
         width="48"
         height="48"
         alternative_text=""
         alias_key="1293033771"
         timestamp="">
  <original attribute_id="109"
            attribute_version="9"
            attribute_language="eng-GB" />
  <alias name="reference"
         filename="look_and_feel_reference.png"
         suffix="png"
         dirpath="var/intranet/storage/images/setup/setup_links/look_and_feel/109-10-eng-GB"
         url="var/intranet/storage/images/setup/setup_links/look_and_feel/109-10-eng-GB/look_and_feel_reference.png"
         mime_type="image/png"
         width="48"
         height="48"
         alias_key="-1689502181"
         timestamp=""
         is_valid="1" />
  <alias name="medium"
         filename="look_and_feel_medium.png"
         suffix="png"
         dirpath="var/intranet/storage/images/setup/setup_links/look_and_feel/109-10-eng-GB"
         url="var/intranet/storage/images/setup/setup_links/look_and_feel/109-10-eng-GB/look_and_feel_medium.png"
         mime_type="image/png"
         width="48"
         height="48"
         alias_key="1446888826"
         timestamp=""
         is_valid="1" />
  <alias name="icon"
         filename="look_and_feel_icon.png"
         suffix="png"
         dirpath="var/intranet/storage/images/setup/setup_links/look_and_feel/109-10-eng-GB"
         url="var/intranet/storage/images/setup/setup_links/look_and_feel/109-10-eng-GB/look_and_feel_icon.png"
         mime_type="image/png"
         width="48"
         height="48"
         alias_key="1993047904"
         timestamp=""
         is_valid="1" />
  <alias name="large"
         filename="look_and_feel_large.png"
         suffix="png"
         dirpath="var/intranet/storage/images/setup/setup_links/look_and_feel/109-10-eng-GB"
         url="var/intranet/storage/images/setup/setup_links/look_and_feel/109-10-eng-GB/look_and_feel_large.png"
         mime_type="image/png"
         width="48"
         height="48"
         alias_key="-1095359119"
         timestamp=""
         is_valid="1" />
</ezimage>', 0, 0, 0, 0, '', 'ezimage');
INSERT INTO ezcontentobject_attribute VALUES (663, 'eng-GB', 1, 176, 1, 'New employee', 0, 0, 0, 0, 'new employee', 'ezstring');
INSERT INTO ezcontentobject_attribute VALUES (462, 'eng-GB', 16, 136, 158, 'author=eZ systems package team
copyright=eZ systems as
description=Content Management System
keywords=cms', 0, 0, 0, 0, '', 'ezinisetting');
INSERT INTO ezcontentobject_attribute VALUES (98, 'eng-GB', 1, 41, 4, 'Media', 0, 0, 0, 0, '', 'ezstring');
INSERT INTO ezcontentobject_attribute VALUES (100, 'eng-GB', 1, 42, 4, 'Setup', 0, 0, 0, 0, 'setup', 'ezstring');
INSERT INTO ezcontentobject_attribute VALUES (106, 'eng-GB', 1, 44, 4, 'Setup links', 0, 0, 0, 0, 'setup links', 'ezstring');
INSERT INTO ezcontentobject_attribute VALUES (112, 'eng-GB', 2, 46, 4, 'Look and feel', 0, 0, 0, 0, 'look and feel', 'ezstring');
INSERT INTO ezcontentobject_attribute VALUES (125, 'eng-GB', 1, 49, 4, 'News', 0, 0, 0, 0, 'news', 'ezstring');
INSERT INTO ezcontentobject_attribute VALUES (155, 'eng-GB', 1, 57, 4, 'Contact', 0, 0, 0, 0, 'contact', 'ezstring');
INSERT INTO ezcontentobject_attribute VALUES (159, 'eng-GB', 1, 59, 4, 'Off topic', 0, 0, 0, 0, 'off topic', 'ezstring');
INSERT INTO ezcontentobject_attribute VALUES (163, 'eng-GB', 1, 61, 4, 'Staff news', 0, 0, 0, 0, 'staff news', 'ezstring');
INSERT INTO ezcontentobject_attribute VALUES (165, 'eng-GB', 1, 62, 4, 'Persons', 0, 0, 0, 0, 'persons', 'ezstring');
INSERT INTO ezcontentobject_attribute VALUES (167, 'eng-GB', 1, 63, 4, 'Companies', 0, 0, 0, 0, 'companies', 'ezstring');
INSERT INTO ezcontentobject_attribute VALUES (173, 'eng-GB', 1, 66, 4, 'Handbooks', 0, 0, 0, 0, 'handbooks', 'ezstring');
INSERT INTO ezcontentobject_attribute VALUES (175, 'eng-GB', 1, 67, 4, 'Documents', 0, 0, 0, 0, 'documents', 'ezstring');
INSERT INTO ezcontentobject_attribute VALUES (177, 'eng-GB', 1, 68, 4, 'Company routines', 0, 0, 0, 0, 'company routines', 'ezstring');
INSERT INTO ezcontentobject_attribute VALUES (179, 'eng-GB', 1, 69, 4, 'Logos', 0, 0, 0, 0, 'logos', 'ezstring');
INSERT INTO ezcontentobject_attribute VALUES (1, 'eng-GB', 2, 1, 4, 'Intranet', 0, 0, 0, 0, 'intranet', 'ezstring');
INSERT INTO ezcontentobject_attribute VALUES (8, 'eng-GB', 1, 4, 6, 'Users', NULL, NULL, 0, 0, '', 'ezstring');
INSERT INTO ezcontentobject_attribute VALUES (22, 'eng-GB', 1, 11, 6, 'Guest accounts', 0, 0, 0, 0, '', 'ezstring');
INSERT INTO ezcontentobject_attribute VALUES (24, 'eng-GB', 1, 12, 6, 'Administrator users', 0, 0, 0, 0, '', 'ezstring');
INSERT INTO ezcontentobject_attribute VALUES (26, 'eng-GB', 1, 13, 6, 'Editors', 0, 0, 0, 0, '', 'ezstring');
INSERT INTO ezcontentobject_attribute VALUES (7, 'eng-GB', 1, 4, 7, 'Main group', NULL, NULL, 0, 0, '', 'ezstring');
INSERT INTO ezcontentobject_attribute VALUES (23, 'eng-GB', 1, 11, 7, '', 0, 0, 0, 0, '', 'ezstring');
INSERT INTO ezcontentobject_attribute VALUES (25, 'eng-GB', 1, 12, 7, '', 0, 0, 0, 0, '', 'ezstring');
INSERT INTO ezcontentobject_attribute VALUES (27, 'eng-GB', 1, 13, 7, '', 0, 0, 0, 0, '', 'ezstring');
INSERT INTO ezcontentobject_attribute VALUES (28, 'eng-GB', 1, 14, 8, 'Administrator', 0, 0, 0, 0, '', 'ezstring');
INSERT INTO ezcontentobject_attribute VALUES (29, 'eng-GB', 1, 14, 9, 'User', 0, 0, 0, 0, '', 'ezstring');
INSERT INTO ezcontentobject_attribute VALUES (30, 'eng-GB', 1, 14, 12, '', 0, 0, 0, 0, '', 'ezuser');
INSERT INTO ezcontentobject_attribute VALUES (99, 'eng-GB', 1, 41, 119, '<?xml version="1.0" encoding="iso-8859-1"?>
<section xmlns:image="http://ez.no/namespaces/ezpublish3/image/"
         xmlns:xhtml="http://ez.no/namespaces/ezpublish3/xhtml/"
         xmlns:custom="http://ez.no/namespaces/ezpublish3/custom/" />', 1045487555, 0, 0, 0, '', 'ezxmltext');
INSERT INTO ezcontentobject_attribute VALUES (101, 'eng-GB', 1, 42, 119, '<?xml version="1.0" encoding="iso-8859-1"?>
<section xmlns:image="http://ez.no/namespaces/ezpublish3/image/"
         xmlns:xhtml="http://ez.no/namespaces/ezpublish3/xhtml/"
         xmlns:custom="http://ez.no/namespaces/ezpublish3/custom/" />', 1045487555, 0, 0, 0, '', 'ezxmltext');
INSERT INTO ezcontentobject_attribute VALUES (107, 'eng-GB', 1, 44, 119, '<?xml version="1.0" encoding="iso-8859-1"?>
<section xmlns:image="http://ez.no/namespaces/ezpublish3/image/"
         xmlns:xhtml="http://ez.no/namespaces/ezpublish3/xhtml/"
         xmlns:custom="http://ez.no/namespaces/ezpublish3/custom/" />', 1045487555, 0, 0, 0, '', 'ezxmltext');
INSERT INTO ezcontentobject_attribute VALUES (113, 'eng-GB', 2, 46, 119, '<?xml version="1.0" encoding="iso-8859-1"?>
<section xmlns:image="http://ez.no/namespaces/ezpublish3/image/"
         xmlns:xhtml="http://ez.no/namespaces/ezpublish3/xhtml/"
         xmlns:custom="http://ez.no/namespaces/ezpublish3/custom/" />', 1045487555, 0, 0, 0, '', 'ezxmltext');
INSERT INTO ezcontentobject_attribute VALUES (126, 'eng-GB', 1, 49, 119, '<?xml version="1.0" encoding="iso-8859-1"?>
<section xmlns:image="http://ez.no/namespaces/ezpublish3/image/"
         xmlns:xhtml="http://ez.no/namespaces/ezpublish3/xhtml/"
         xmlns:custom="http://ez.no/namespaces/ezpublish3/custom/" />', 1045487555, 0, 0, 0, '', 'ezxmltext');
INSERT INTO ezcontentobject_attribute VALUES (156, 'eng-GB', 1, 57, 119, '<?xml version="1.0" encoding="iso-8859-1"?>
<section xmlns:image="http://ez.no/namespaces/ezpublish3/image/"
         xmlns:xhtml="http://ez.no/namespaces/ezpublish3/xhtml/"
         xmlns:custom="http://ez.no/namespaces/ezpublish3/custom/" />', 1045487555, 0, 0, 0, '', 'ezxmltext');
INSERT INTO ezcontentobject_attribute VALUES (160, 'eng-GB', 1, 59, 119, '<?xml version="1.0" encoding="iso-8859-1"?>
<section xmlns:image="http://ez.no/namespaces/ezpublish3/image/"
         xmlns:xhtml="http://ez.no/namespaces/ezpublish3/xhtml/"
         xmlns:custom="http://ez.no/namespaces/ezpublish3/custom/" />', 1045487555, 0, 0, 0, '', 'ezxmltext');
INSERT INTO ezcontentobject_attribute VALUES (162, 'eng-GB', 2, 60, 119, '<?xml version="1.0" encoding="iso-8859-1"?>
<section xmlns:image="http://ez.no/namespaces/ezpublish3/image/"
         xmlns:xhtml="http://ez.no/namespaces/ezpublish3/xhtml/"
         xmlns:custom="http://ez.no/namespaces/ezpublish3/custom/" />', 1045487555, 0, 0, 0, '', 'ezxmltext');
INSERT INTO ezcontentobject_attribute VALUES (164, 'eng-GB', 1, 61, 119, '<?xml version="1.0" encoding="iso-8859-1"?>
<section xmlns:image="http://ez.no/namespaces/ezpublish3/image/"
         xmlns:xhtml="http://ez.no/namespaces/ezpublish3/xhtml/"
         xmlns:custom="http://ez.no/namespaces/ezpublish3/custom/" />', 1045487555, 0, 0, 0, '', 'ezxmltext');
INSERT INTO ezcontentobject_attribute VALUES (166, 'eng-GB', 1, 62, 119, '<?xml version="1.0" encoding="iso-8859-1"?>
<section xmlns:image="http://ez.no/namespaces/ezpublish3/image/"
         xmlns:xhtml="http://ez.no/namespaces/ezpublish3/xhtml/"
         xmlns:custom="http://ez.no/namespaces/ezpublish3/custom/" />', 1045487555, 0, 0, 0, '', 'ezxmltext');
INSERT INTO ezcontentobject_attribute VALUES (168, 'eng-GB', 1, 63, 119, '<?xml version="1.0" encoding="iso-8859-1"?>
<section xmlns:image="http://ez.no/namespaces/ezpublish3/image/"
         xmlns:xhtml="http://ez.no/namespaces/ezpublish3/xhtml/"
         xmlns:custom="http://ez.no/namespaces/ezpublish3/custom/" />', 1045487555, 0, 0, 0, '', 'ezxmltext');
INSERT INTO ezcontentobject_attribute VALUES (174, 'eng-GB', 1, 66, 119, '<?xml version="1.0" encoding="iso-8859-1"?>
<section xmlns:image="http://ez.no/namespaces/ezpublish3/image/"
         xmlns:xhtml="http://ez.no/namespaces/ezpublish3/xhtml/"
         xmlns:custom="http://ez.no/namespaces/ezpublish3/custom/" />', 1045487555, 0, 0, 0, '', 'ezxmltext');
INSERT INTO ezcontentobject_attribute VALUES (176, 'eng-GB', 1, 67, 119, '<?xml version="1.0" encoding="iso-8859-1"?>
<section xmlns:image="http://ez.no/namespaces/ezpublish3/image/"
         xmlns:xhtml="http://ez.no/namespaces/ezpublish3/xhtml/"
         xmlns:custom="http://ez.no/namespaces/ezpublish3/custom/" />', 1045487555, 0, 0, 0, '', 'ezxmltext');
INSERT INTO ezcontentobject_attribute VALUES (178, 'eng-GB', 1, 68, 119, '<?xml version="1.0" encoding="iso-8859-1"?>
<section xmlns:image="http://ez.no/namespaces/ezpublish3/image/"
         xmlns:xhtml="http://ez.no/namespaces/ezpublish3/xhtml/"
         xmlns:custom="http://ez.no/namespaces/ezpublish3/custom/" />', 1045487555, 0, 0, 0, '', 'ezxmltext');
INSERT INTO ezcontentobject_attribute VALUES (180, 'eng-GB', 1, 69, 119, '<?xml version="1.0" encoding="iso-8859-1"?>
<section xmlns:image="http://ez.no/namespaces/ezpublish3/image/"
         xmlns:xhtml="http://ez.no/namespaces/ezpublish3/xhtml/"
         xmlns:custom="http://ez.no/namespaces/ezpublish3/custom/" />', 1045487555, 0, 0, 0, '', 'ezxmltext');
INSERT INTO ezcontentobject_attribute VALUES (170, 'eng-GB', 3, 64, 119, '<?xml version="1.0" encoding="iso-8859-1"?>
<section xmlns:image="http://ez.no/namespaces/ezpublish3/image/"
         xmlns:xhtml="http://ez.no/namespaces/ezpublish3/xhtml/"
         xmlns:custom="http://ez.no/namespaces/ezpublish3/custom/">
  <paragraph>Here you can download all files ...</paragraph>
</section>', 1045487555, 0, 0, 0, '', 'ezxmltext');
INSERT INTO ezcontentobject_attribute VALUES (317, 'eng-GB', 2, 112, 119, '<?xml version="1.0" encoding="iso-8859-1"?>
<section xmlns:image="http://ez.no/namespaces/ezpublish3/image/"
         xmlns:xhtml="http://ez.no/namespaces/ezpublish3/xhtml/"
         xmlns:custom="http://ez.no/namespaces/ezpublish3/custom/">
  <paragraph>General information about our company.</paragraph>
</section>', 1045487555, 0, 0, 0, '', 'ezxmltext');
INSERT INTO ezcontentobject_attribute VALUES (2, 'eng-GB', 2, 1, 119, '<?xml version="1.0" encoding="iso-8859-1"?>
<section xmlns:image="http://ez.no/namespaces/ezpublish3/image/"
         xmlns:xhtml="http://ez.no/namespaces/ezpublish3/xhtml/"
         xmlns:custom="http://ez.no/namespaces/ezpublish3/custom/">
  <paragraph>Welcome to our intranet</paragraph>
</section>', 1045487555, 0, 0, 0, '', 'ezxmltext');
INSERT INTO ezcontentobject_attribute VALUES (654, 'eng-GB', 2, 174, 120, '<?xml version="1.0" encoding="iso-8859-1"?>
<section xmlns:image="http://ez.no/namespaces/ezpublish3/image/"
         xmlns:xhtml="http://ez.no/namespaces/ezpublish3/xhtml/"
         xmlns:custom="http://ez.no/namespaces/ezpublish3/custom/">
  <paragraph>
    <line>The new business cards just arrived.</line>
  </paragraph>
</section>', 1045487555, 0, 0, 0, '', 'ezxmltext');
INSERT INTO ezcontentobject_attribute VALUES (659, 'eng-GB', 1, 175, 120, '<?xml version="1.0" encoding="iso-8859-1"?>
<section xmlns:image="http://ez.no/namespaces/ezpublish3/image/"
         xmlns:xhtml="http://ez.no/namespaces/ezpublish3/xhtml/"
         xmlns:custom="http://ez.no/namespaces/ezpublish3/custom/">
  <paragraph>We&apos;ve just released our annual report.</paragraph>
</section>', 1045487555, 0, 0, 0, '', 'ezxmltext');
INSERT INTO ezcontentobject_attribute VALUES (664, 'eng-GB', 1, 176, 120, '<?xml version="1.0" encoding="iso-8859-1"?>
<section xmlns:image="http://ez.no/namespaces/ezpublish3/image/"
         xmlns:xhtml="http://ez.no/namespaces/ezpublish3/xhtml/"
         xmlns:custom="http://ez.no/namespaces/ezpublish3/custom/">
  <paragraph>We&apos;ve just got a new member of our team.</paragraph>
</section>', 1045487555, 0, 0, 0, '', 'ezxmltext');
INSERT INTO ezcontentobject_attribute VALUES (660, 'eng-GB', 1, 175, 121, '<?xml version="1.0" encoding="iso-8859-1"?>
<section xmlns:image="http://ez.no/namespaces/ezpublish3/image/"
         xmlns:xhtml="http://ez.no/namespaces/ezpublish3/xhtml/"
         xmlns:custom="http://ez.no/namespaces/ezpublish3/custom/">
  <paragraph>Lorem ipsum dolor sit amet, consectetuer adipiscing elit, sed diam nonummy nibh euismod tincidunt ut laoreet dolore magna aliquam erat volutpat. Ut wisi enim ad minim veniam, quis nostrud exerci tation ullamcorper suscipit lobortis nisl ut aliquip ex ea commodo consequat. Duis autem vel eum iriure dolor in hendrerit in vulputate velit esse molestie consequat, vel illum dolore eu feugiat nulla facilisis at vero eros et accumsan et iusto odio dignissim qui blandit praesent luptatum zzril delenit augue duis dolore te feugait nulla facilisi.</paragraph>
  <paragraph>Lorem ipsum dolor sit amet, consectetuer adipiscing elit, sed diam nonummy nibh euismod tincidunt ut laoreet dolore magna aliquam erat volutpat. Ut wisi enim ad minim veniam, quis nostrud exerci tation ullamcorper suscipit lobortis nisl ut aliquip ex ea commodo consequat. Duis autem vel eum iriure dolor in hendrerit in vulputate velit esse molestie consequat, vel illum dolore eu feugiat nulla facilisis at vero eros et accumsan et iusto odio dignissim qui blandit praesent luptatum zzril delenit augue duis dolore te feugait nulla facilisi.</paragraph>
</section>', 1045487555, 0, 0, 0, '', 'ezxmltext');
INSERT INTO ezcontentobject_attribute VALUES (665, 'eng-GB', 1, 176, 121, '<?xml version="1.0" encoding="iso-8859-1"?>
<section xmlns:image="http://ez.no/namespaces/ezpublish3/image/"
         xmlns:xhtml="http://ez.no/namespaces/ezpublish3/xhtml/"
         xmlns:custom="http://ez.no/namespaces/ezpublish3/custom/">
  <paragraph>Lorem ipsum dolor sit amet, consectetuer adipiscing elit, sed diam nonummy nibh euismod tincidunt ut laoreet dolore magna aliquam erat volutpat. Ut wisi enim ad minim veniam, quis nostrud exerci tation ullamcorper suscipit lobortis nisl ut aliquip ex ea commodo consequat. Duis autem vel eum iriure dolor in hendrerit in vulputate velit esse molestie consequat, vel illum dolore eu feugiat nulla</paragraph>
</section>', 1045487555, 0, 0, 0, '', 'ezxmltext');
INSERT INTO ezcontentobject_attribute VALUES (655, 'eng-GB', 2, 174, 121, '<?xml version="1.0" encoding="iso-8859-1"?>
<section xmlns:image="http://ez.no/namespaces/ezpublish3/image/"
         xmlns:xhtml="http://ez.no/namespaces/ezpublish3/xhtml/"
         xmlns:custom="http://ez.no/namespaces/ezpublish3/custom/">
  <paragraph>Lorem ipsum dolor sit amet, consectetuer adipiscing elit, sed diam nonummy nibh euismod tincidunt ut laoreet dolore magna aliquam erat volutpat. Ut wisi enim ad minim veniam, quis nostrud exerci tation ullamcorper suscipit lobortis nisl ut aliquip ex ea commodo consequat. Duis autem vel eum iriure dolor in hendrerit in vulputate velit esse molestie consequat, vel illum dolore eu feugiat nulla facilisis at vero eros et accumsan et iusto odio dignissim qui blandit praesent luptatum zzril delenit augue duis dolore te feugait nulla facilisi.</paragraph>
  <paragraph>
    <line>Lorem ipsum dolor sit amet, consectetuer adipiscing elit, sed diam nonummy nibh euismod tincidunt ut laoreet dolore magna aliquam erat volutpat. Ut wisi enim ad minim veniam, quis nostrud exerci tation ullamcorper suscipit lobortis nisl ut aliquip ex ea commodo consequat. Duis autem vel eum iriure dolor in hendrerit in vulputate velit esse molestie consequat, vel illum dolore eu feugiat nulla facilisis at vero eros et accumsan et iusto odio dignissim qui blandit praesent luptatum zzril delenit augue duis dolore te feugait nulla facilisi.</line>
  </paragraph>
</section>', 1045487555, 0, 0, 0, '', 'ezxmltext');
INSERT INTO ezcontentobject_attribute VALUES (661, 'eng-GB', 1, 175, 122, '<?xml version="1.0" encoding="UTF-8"?>
<ezimage serial_number="1"
         is_valid=""
         filename="annual_report."
         suffix=""
         basename="annual_report"
         dirpath="var/intranet/storage/images/news/reports/annual_report/661-1-eng-GB"
         url="var/intranet/storage/images/news/reports/annual_report/661-1-eng-GB/annual_report."
         original_filename=""
         mime_type=""
         width=""
         height=""
         alternative_text=""
         alias_key="1293033771"
         timestamp="1069773935">
  <original attribute_id=""
            attribute_version=""
            attribute_language="" />
</ezimage>', 0, 0, 0, 0, '', 'ezimage');
INSERT INTO ezcontentobject_attribute VALUES (656, 'eng-GB', 2, 174, 122, '<?xml version="1.0" encoding="UTF-8"?>
<ezimage serial_number="1"
         is_valid=""
         filename="new_business_cards."
         suffix=""
         basename="new_business_cards"
         dirpath="var/intranet/storage/images/news/off_topic/new_business_cards/656-2-eng-GB"
         url="var/intranet/storage/images/news/off_topic/new_business_cards/656-2-eng-GB/new_business_cards."
         original_filename=""
         mime_type=""
         width=""
         height=""
         alternative_text=""
         alias_key="1293033771"
         timestamp="1069773844">
  <original attribute_id="656"
            attribute_version="1"
            attribute_language="eng-GB" />
</ezimage>', 0, 0, 0, 0, '', 'ezimage');
INSERT INTO ezcontentobject_attribute VALUES (666, 'eng-GB', 1, 176, 122, '<?xml version="1.0" encoding="UTF-8"?>
<ezimage serial_number="1"
         is_valid=""
         filename="new_employee."
         suffix=""
         basename="new_employee"
         dirpath="var/intranet/storage/images/news/staff_news/new_employee/666-1-eng-GB"
         url="var/intranet/storage/images/news/staff_news/new_employee/666-1-eng-GB/new_employee."
         original_filename=""
         mime_type=""
         width=""
         height=""
         alternative_text=""
         alias_key="1293033771"
         timestamp="1069774020">
  <original attribute_id=""
            attribute_version=""
            attribute_language="" />
</ezimage>', 0, 0, 0, 0, '', 'ezimage');
INSERT INTO ezcontentobject_attribute VALUES (318, 'eng-GB', 1, 113, 140, 'Routines', 0, 0, 0, 0, 'routines', 'ezstring');
INSERT INTO ezcontentobject_attribute VALUES (631, 'eng-GB', 1, 170, 140, 'Vacation routines', 0, 0, 0, 0, 'vacation routines', 'ezstring');
INSERT INTO ezcontentobject_attribute VALUES (319, 'eng-GB', 1, 113, 141, '<?xml version="1.0" encoding="iso-8859-1"?>
<section xmlns:image="http://ez.no/namespaces/ezpublish3/image/"
         xmlns:xhtml="http://ez.no/namespaces/ezpublish3/xhtml/"
         xmlns:custom="http://ez.no/namespaces/ezpublish3/custom/">
  <paragraph>Pellentesque habitant morbi tristique senectus et netus et malesuada fames ac turpis egestas. Class aptent taciti sociosqu ad litora torquent per conubia nostra, per inceptos hymenaeos. Cras egestas nisl non turpis. Cras sed leo ut dui iaculis pharetra. Class aptent taciti sociosqu ad litora torquent per conubia nostra, per inceptos hymenaeos. Donec felis nulla, aliquet et, aliquam sed, ultricies et, urna. Vivamus risus. Fusce pede. Sed ornare, lectus sed aliquam auctor, erat purus elementum magna, vel luctus augue turpis quis massa. Nullam egestas diam at mi. </paragraph>
  <paragraph>Vestibulum viverra tristique velit. Vivamus vitae quam. Mauris nibh. Phasellus nec metus. Integer tristique magna eu sem. Praesent rutrum ullamcorper ligula. Fusce et est. Integer at orci. Aliquam lectus ligula, commodo a, rhoncus et, semper eget, magna. Sed vel augue. Pellentesque at est ac massa gravida vehicula. Suspendisse potenti. Aenean ut diam. Nulla purus quam, sodales id, adipiscing eu, dignissim quis, libero. In eu erat. </paragraph>
  <paragraph>Maecenas vel lorem a nisl auctor semper. Vivamus arcu elit, ultricies in, congue at, commodo at, nulla. Aliquam in nibh. Etiam sapien lectus, mollis vitae, malesuada vel, fermentum vitae, massa. In hac habitasse platea dictumst. Phasellus quis neque ut orci auctor posuere. Donec ac nisl vel nunc porttitor venenatis. Morbi eget enim. Phasellus commodo, neque at sagittis scelerisque, erat nulla elementum orci, vitae consectetuer risus magna sit amet lectus. Curabitur laoreet wisi sed neque. Vestibulum lobortis magna nec nisl. Praesent non enim. </paragraph>
</section>', 1045487555, 0, 0, 0, '', 'ezxmltext');
INSERT INTO ezcontentobject_attribute VALUES (632, 'eng-GB', 1, 170, 141, '<?xml version="1.0" encoding="iso-8859-1"?>
<section xmlns:image="http://ez.no/namespaces/ezpublish3/image/"
         xmlns:xhtml="http://ez.no/namespaces/ezpublish3/xhtml/"
         xmlns:custom="http://ez.no/namespaces/ezpublish3/custom/">
  <paragraph>Vestibulum viverra tristique velit. Vivamus vitae quam. Mauris nibh. Phasellus nec metus. Integer tristique magna eu sem. Praesent rutrum ullamcorper ligula. Fusce et est. Integer at orci. Aliquam lectus ligula, commodo a, rhoncus et, semper eget, magna. Sed vel augue. Pellentesque at est ac massa gravida vehicula. Suspendisse potenti. Aenean ut diam. Nulla purus quam, sodales id, adipiscing eu, dignissim quis, libero. In eu erat.</paragraph>
  <paragraph>Vestibulum viverra tristique velit. Vivamus vitae quam. Mauris nibh. Phasellus nec metus. Integer tristique magna eu sem. Praesent rutrum ullamcorper ligula. Fusce et est. Integer at orci. Aliquam lectus ligula, commodo a, rhoncus et, semper eget, magna. Sed vel augue. Pellentesque at est ac massa gravida vehicula. Suspendisse potenti. Aenean ut diam. Nulla purus quam, sodales id, adipiscing eu, dignissim quis, libero. In eu erat.</paragraph>
</section>', 1045487555, 0, 0, 0, '', 'ezxmltext');
INSERT INTO ezcontentobject_attribute VALUES (320, 'eng-GB', 1, 113, 142, '<?xml version="1.0" encoding="UTF-8"?>
<ezimage serial_number="1"
         is_valid=""
         filename="routines."
         suffix=""
         basename="routines"
         dirpath="var/intranet/storage/images/information/routines/320-1-eng-GB"
         url="var/intranet/storage/images/information/routines/320-1-eng-GB/routines."
         original_filename=""
         mime_type=""
         width=""
         height=""
         alternative_text=""
         alias_key="1293033771">
  <original attribute_id=""
            attribute_version=""
            attribute_language="" />
</ezimage>', 0, 0, 0, 0, '', 'ezimage');
INSERT INTO ezcontentobject_attribute VALUES (633, 'eng-GB', 1, 170, 142, '<?xml version="1.0" encoding="UTF-8"?>
<ezimage serial_number="1"
         is_valid=""
         filename="vacation_routines."
         suffix=""
         basename="vacation_routines"
         dirpath="var/intranet/storage/images/information/vacation_routines/633-1-eng-GB"
         url="var/intranet/storage/images/information/vacation_routines/633-1-eng-GB/vacation_routines."
         original_filename=""
         mime_type=""
         width=""
         height=""
         alternative_text=""
         alias_key="1293033771"
         timestamp="1069769679">
  <original attribute_id=""
            attribute_version=""
            attribute_language="" />
</ezimage>', 0, 0, 0, 0, '', 'ezimage');
INSERT INTO ezcontentobject_attribute VALUES (614, 'eng-GB', 1, 165, 149, 'jkhkjh', 0, 0, 0, 0, 'jkhkjh', 'ezstring');
INSERT INTO ezcontentobject_attribute VALUES (617, 'eng-GB', 1, 166, 149, 'kljjkl', 0, 0, 0, 0, 'kljjkl', 'ezstring');
INSERT INTO ezcontentobject_attribute VALUES (615, 'eng-GB', 1, 165, 150, 'kjhjkh', 0, 0, 0, 0, 'kjhjkh', 'ezstring');
INSERT INTO ezcontentobject_attribute VALUES (618, 'eng-GB', 1, 166, 150, 'lkjlkj', 0, 0, 0, 0, 'lkjlkj', 'ezstring');
INSERT INTO ezcontentobject_attribute VALUES (616, 'eng-GB', 1, 165, 151, 'jkhjkh', 0, 0, 0, 0, '', 'eztext');
INSERT INTO ezcontentobject_attribute VALUES (619, 'eng-GB', 1, 166, 151, 'lkjlkj', 0, 0, 0, 0, '', 'eztext');
INSERT INTO ezcontentobject_attribute VALUES (323, 'eng-GB', 3, 115, 152, 'Cache', 0, 0, 0, 0, 'cache', 'ezstring');
INSERT INTO ezcontentobject_attribute VALUES (102, 'eng-GB', 8, 43, 152, 'Classes', 0, 0, 0, 0, 'classes', 'ezstring');
INSERT INTO ezcontentobject_attribute VALUES (327, 'eng-GB', 2, 116, 152, 'URL translator', 0, 0, 0, 0, 'url translator', 'ezstring');
INSERT INTO ezcontentobject_attribute VALUES (324, 'eng-GB', 3, 115, 153, '<?xml version="1.0" encoding="UTF-8"?>
<ezimage serial_number="1"
         is_valid="1"
         filename="cache.png"
         suffix="png"
         basename="cache"
         dirpath="var/intranet/storage/images/setup/setup_links/cache/324-3-eng-GB"
         url="var/intranet/storage/images/setup/setup_links/cache/324-3-eng-GB/cache.png"
         original_filename="gnome-ccperiph.png"
         mime_type="image/png"
         width="48"
         height="48"
         alternative_text=""
         alias_key="1293033771"
         timestamp="">
  <original attribute_id="324"
            attribute_version="2"
            attribute_language="eng-GB" />
  <alias name="reference"
         filename="cache_reference.png"
         suffix="png"
         dirpath="var/intranet/storage/images/setup/setup_links/cache/324-3-eng-GB"
         url="var/intranet/storage/images/setup/setup_links/cache/324-3-eng-GB/cache_reference.png"
         mime_type="image/png"
         width="48"
         height="48"
         alias_key="-1689502181"
         timestamp=""
         is_valid="1" />
  <alias name="large"
         filename="cache_large.png"
         suffix="png"
         dirpath="var/intranet/storage/images/setup/setup_links/cache/324-3-eng-GB"
         url="var/intranet/storage/images/setup/setup_links/cache/324-3-eng-GB/cache_large.png"
         mime_type="image/png"
         width="48"
         height="48"
         alias_key="-1095359119"
         timestamp=""
         is_valid="1" />
  <alias name="medium"
         filename="cache_medium.png"
         suffix="png"
         dirpath="var/intranet/storage/images/setup/setup_links/cache/324-3-eng-GB"
         url="var/intranet/storage/images/setup/setup_links/cache/324-3-eng-GB/cache_medium.png"
         mime_type="image/png"
         width="48"
         height="48"
         alias_key="1446888826"
         timestamp=""
         is_valid="1" />
</ezimage>', 0, 0, 0, 0, '', 'ezimage');
INSERT INTO ezcontentobject_attribute VALUES (103, 'eng-GB', 8, 43, 153, '<?xml version="1.0" encoding="UTF-8"?>
<ezimage serial_number="1"
         is_valid="1"
         filename="classes.png"
         suffix="png"
         basename="classes"
         dirpath="var/intranet/storage/images/setup/setup_links/classes/103-8-eng-GB"
         url="var/intranet/storage/images/setup/setup_links/classes/103-8-eng-GB/classes.png"
         original_filename="classes.png"
         mime_type="original"
         width="48"
         height="48"
         alternative_text=""
         alias_key="1293033771"
         timestamp="1069162834">
  <original attribute_id=""
            attribute_version=""
            attribute_language="" />
  <alias name="reference"
         filename="classes_reference.png"
         suffix="png"
         dirpath="var/intranet/storage/images/setup/setup_links/classes/103-8-eng-GB"
         url="var/intranet/storage/images/setup/setup_links/classes/103-8-eng-GB/classes_reference.png"
         mime_type="image/png"
         width="48"
         height="48"
         alias_key="-1689502181"
         timestamp="1069162835"
         is_valid="1" />
  <alias name="medium"
         filename="classes_medium.png"
         suffix="png"
         dirpath="var/intranet/storage/images/setup/setup_links/classes/103-8-eng-GB"
         url="var/intranet/storage/images/setup/setup_links/classes/103-8-eng-GB/classes_medium.png"
         mime_type="image/png"
         width="48"
         height="48"
         alias_key="1446888826"
         timestamp="1069162835"
         is_valid="1" />
  <alias name="large"
         filename="classes_large.png"
         suffix="png"
         dirpath="var/intranet/storage/images/setup/setup_links/classes/103-8-eng-GB"
         url="var/intranet/storage/images/setup/setup_links/classes/103-8-eng-GB/classes_large.png"
         mime_type="image/png"
         width="48"
         height="48"
         alias_key="-1095359119"
         timestamp="1069162901"
         is_valid="1" />
</ezimage>', 0, 0, 0, 0, '', 'ezimage');
INSERT INTO ezcontentobject_attribute VALUES (328, 'eng-GB', 2, 116, 153, '<?xml version="1.0" encoding="UTF-8"?>
<ezimage serial_number="1"
         is_valid="1"
         filename="url_translator.png"
         suffix="png"
         basename="url_translator"
         dirpath="var/intranet/storage/images/setup/setup_links/url_translator/328-2-eng-GB"
         url="var/intranet/storage/images/setup/setup_links/url_translator/328-2-eng-GB/url_translator.png"
         original_filename="url_translator.png"
         mime_type="original"
         width="48"
         height="48"
         alternative_text=""
         alias_key="1293033771"
         timestamp="1069162886">
  <original attribute_id=""
            attribute_version=""
            attribute_language="" />
  <alias name="reference"
         filename="url_translator_reference.png"
         suffix="png"
         dirpath="var/intranet/storage/images/setup/setup_links/url_translator/328-2-eng-GB"
         url="var/intranet/storage/images/setup/setup_links/url_translator/328-2-eng-GB/url_translator_reference.png"
         mime_type="image/png"
         width="48"
         height="48"
         alias_key="-1689502181"
         timestamp="1069162886"
         is_valid="1" />
  <alias name="medium"
         filename="url_translator_medium.png"
         suffix="png"
         dirpath="var/intranet/storage/images/setup/setup_links/url_translator/328-2-eng-GB"
         url="var/intranet/storage/images/setup/setup_links/url_translator/328-2-eng-GB/url_translator_medium.png"
         mime_type="image/png"
         width="48"
         height="48"
         alias_key="1446888826"
         timestamp="1069162886"
         is_valid="1" />
  <alias name="large"
         filename="url_translator_large.png"
         suffix="png"
         dirpath="var/intranet/storage/images/setup/setup_links/url_translator/328-2-eng-GB"
         url="var/intranet/storage/images/setup/setup_links/url_translator/328-2-eng-GB/url_translator_large.png"
         mime_type="image/png"
         width="48"
         height="48"
         alias_key="-1095359119"
         timestamp="1069162901"
         is_valid="1" />
</ezimage>', 0, 0, 0, 0, '', 'ezimage');
INSERT INTO ezcontentobject_attribute VALUES (110, 'eng-GB', 10, 45, 154, '', 0, 0, 0, 0, '', 'eztext');
INSERT INTO ezcontentobject_attribute VALUES (325, 'eng-GB', 3, 115, 154, '', 0, 0, 0, 0, '', 'eztext');
INSERT INTO ezcontentobject_attribute VALUES (104, 'eng-GB', 8, 43, 154, '', 0, 0, 0, 0, '', 'eztext');
INSERT INTO ezcontentobject_attribute VALUES (329, 'eng-GB', 2, 116, 154, '', 0, 0, 0, 0, '', 'eztext');
INSERT INTO ezcontentobject_attribute VALUES (111, 'eng-GB', 10, 45, 155, 'content/edit/136', 0, 0, 0, 0, 'content/edit/136', 'ezstring');
INSERT INTO ezcontentobject_attribute VALUES (326, 'eng-GB', 3, 115, 155, 'setup/cache', 0, 0, 0, 0, 'setup/cache', 'ezstring');
INSERT INTO ezcontentobject_attribute VALUES (105, 'eng-GB', 8, 43, 155, 'class/grouplist', 0, 0, 0, 0, 'class/grouplist', 'ezstring');
INSERT INTO ezcontentobject_attribute VALUES (330, 'eng-GB', 2, 116, 155, 'content/urltranslator/', 0, 0, 0, 0, 'content/urltranslator/', 'ezstring');
INSERT INTO ezcontentobject_attribute VALUES (461, 'eng-GB', 16, 136, 157, 'Intranet', 0, 0, 0, 0, '', 'ezinisetting');
INSERT INTO ezcontentobject_attribute VALUES (463, 'eng-GB', 16, 136, 159, '<?xml version="1.0" encoding="UTF-8"?>
<ezimage serial_number="1"
         is_valid="1"
         filename="intranet.gif"
         suffix="gif"
         basename="intranet"
         dirpath="var/intranet/storage/images/setup/look_and_feel/intranet/463-16-eng-GB"
         url="var/intranet/storage/images/setup/look_and_feel/intranet/463-16-eng-GB/intranet.gif"
         original_filename="intranet.gif"
         mime_type="original"
         width="165"
         height="48"
         alternative_text=""
         alias_key="1293033771"
         timestamp="1069838485">
  <original attribute_id="463"
            attribute_version="15"
            attribute_language="eng-GB" />
  <alias name="reference"
         filename="intranet_reference.gif"
         suffix="gif"
         dirpath="var/intranet/storage/images/setup/look_and_feel/intranet/463-16-eng-GB"
         url="var/intranet/storage/images/setup/look_and_feel/intranet/463-16-eng-GB/intranet_reference.gif"
         mime_type="image/gif"
         width="165"
         height="48"
         alias_key="-1689502181"
         timestamp="1069838488"
         is_valid="1" />
  <alias name="medium"
         filename="intranet_medium.gif"
         suffix="gif"
         dirpath="var/intranet/storage/images/setup/look_and_feel/intranet/463-16-eng-GB"
         url="var/intranet/storage/images/setup/look_and_feel/intranet/463-16-eng-GB/intranet_medium.gif"
         mime_type="image/gif"
         width="165"
         height="48"
         alias_key="1446888826"
         timestamp="1069838488"
         is_valid="1" />
  <alias name="logo"
         filename="intranet_logo.gif"
         suffix="gif"
         dirpath="var/intranet/storage/images/setup/look_and_feel/intranet/463-16-eng-GB"
         url="var/intranet/storage/images/setup/look_and_feel/intranet/463-16-eng-GB/intranet_logo.gif"
         mime_type="image/gif"
         width="165"
         height="48"
         alias_key="-447475028"
         timestamp="1069843872"
         is_valid="1" />
</ezimage>', 0, 0, 0, 0, '', 'ezimage');
INSERT INTO ezcontentobject_attribute VALUES (464, 'eng-GB', 16, 136, 160, 'intranet_red', 0, 0, 0, 0, 'intranet_red', 'ezpackage');
INSERT INTO ezcontentobject_attribute VALUES (465, 'eng-GB', 16, 136, 161, 'intranet_package', 0, 0, 0, 0, 'intranet_package', 'ezstring');
INSERT INTO ezcontentobject_attribute VALUES (646, 'eng-GB', 1, 173, 162, 'My Company', 0, 0, 0, 0, 'my company', 'ezstring');
INSERT INTO ezcontentobject_attribute VALUES (647, 'eng-GB', 1, 173, 163, 'C100', 0, 0, 0, 0, 'c100', 'ezstring');
INSERT INTO ezcontentobject_attribute VALUES (648, 'eng-GB', 1, 173, 164, '<?xml version="1.0" encoding="UTF-8"?>
<ezmatrix>
  <name></name>
  <columns number="2">
    <column num="0"
            id="address_type">Address type</column>
    <column num="1"
            id="address_value">Address value</column>
  </columns>
  <rows number="2" />
  <c>0</c>
  <c>Mystreet 2</c>
  <c>1</c>
  <c>Mystreet 2</c>
</ezmatrix>', 0, 0, 0, 0, '', 'ezmatrix');
INSERT INTO ezcontentobject_attribute VALUES (649, 'eng-GB', 1, 173, 165, '<?xml version="1.0" encoding="UTF-8"?>
<ezimage serial_number="1"
         is_valid=""
         filename="my_company."
         suffix=""
         basename="my_company"
         dirpath="var/intranet/storage/images/contact/companies/my_company/649-1-eng-GB"
         url="var/intranet/storage/images/contact/companies/my_company/649-1-eng-GB/my_company."
         original_filename=""
         mime_type=""
         width=""
         height=""
         alternative_text=""
         alias_key="1293033771"
         timestamp="1069770020">
  <original attribute_id=""
            attribute_version=""
            attribute_language="" />
</ezimage>', 0, 0, 0, 0, '', 'ezimage');
INSERT INTO ezcontentobject_attribute VALUES (650, 'eng-GB', 1, 173, 166, 'A small company we work with.', 0, 0, 0, 0, '', 'eztext');
INSERT INTO ezcontentobject_attribute VALUES (651, 'eng-GB', 1, 173, 167, '0', 0, 0, 0, 0, '0', 'ezselection');
INSERT INTO ezcontentobject_attribute VALUES (652, 'eng-GB', 1, 173, 168, '<?xml version="1.0" encoding="UTF-8"?>
<ezmatrix>
  <name></name>
  <columns number="2">
    <column num="0"
            id="contact_type">Contact type</column>
    <column num="1"
            id="contact_value">Contact value</column>
  </columns>
  <rows number="2" />
  <c>0</c>
  <c>555 2345</c>
  <c>1</c>
  <c>555 2344</c>
</ezmatrix>', 0, 0, 0, 0, '', 'ezmatrix');
INSERT INTO ezcontentobject_attribute VALUES (635, 'eng-GB', 1, 171, 169, 'Doe', 0, 0, 0, 0, 'doe', 'ezstring');
INSERT INTO ezcontentobject_attribute VALUES (641, 'eng-GB', 1, 172, 169, 'Son', 0, 0, 0, 0, 'son', 'ezstring');
INSERT INTO ezcontentobject_attribute VALUES (634, 'eng-GB', 1, 171, 170, 'John', 0, 0, 0, 0, 'john', 'ezstring');
INSERT INTO ezcontentobject_attribute VALUES (640, 'eng-GB', 1, 172, 170, 'Per', 0, 0, 0, 0, 'per', 'ezstring');
INSERT INTO ezcontentobject_attribute VALUES (636, 'eng-GB', 1, 171, 171, 'Developer', 0, 0, 0, 0, 'developer', 'ezstring');
INSERT INTO ezcontentobject_attribute VALUES (642, 'eng-GB', 1, 172, 171, 'Administrator', 0, 0, 0, 0, 'administrator', 'ezstring');
INSERT INTO ezcontentobject_attribute VALUES (637, 'eng-GB', 1, 171, 172, '<?xml version="1.0" encoding="UTF-8"?>
<ezmatrix>
  <name></name>
  <columns number="2">
    <column num="0"
            id="contact_type">Contact type</column>
    <column num="1"
            id="contact_value">Contact value</column>
  </columns>
  <rows number="3" />
  <c>0</c>
  <c>555 1234</c>
  <c>2</c>
  <c>doe@example.com</c>
  <c>3</c>
  <c>http://www.example.com</c>
</ezmatrix>', 0, 0, 0, 0, '', 'ezmatrix');
INSERT INTO ezcontentobject_attribute VALUES (643, 'eng-GB', 1, 172, 172, '<?xml version="1.0" encoding="UTF-8"?>
<ezmatrix>
  <name></name>
  <columns number="2">
    <column num="0"
            id="contact_type">Contact type</column>
    <column num="1"
            id="contact_value">Contact value</column>
  </columns>
  <rows number="2" />
  <c>0</c>
  <c>555 1236</c>
  <c>2</c>
  <c>per.son@example.com</c>
</ezmatrix>', 0, 0, 0, 0, '', 'ezmatrix');
INSERT INTO ezcontentobject_attribute VALUES (638, 'eng-GB', 1, 171, 178, '<?xml version="1.0" encoding="UTF-8"?>
<ezimage serial_number="1"
         is_valid=""
         filename="john_doe."
         suffix=""
         basename="john_doe"
         dirpath="var/intranet/storage/images/contact/persons/john_doe/638-1-eng-GB"
         url="var/intranet/storage/images/contact/persons/john_doe/638-1-eng-GB/john_doe."
         original_filename=""
         mime_type=""
         width=""
         height=""
         alternative_text=""
         alias_key="1293033771"
         timestamp="1069769896">
  <original attribute_id=""
            attribute_version=""
            attribute_language="" />
</ezimage>', 0, 0, 0, 0, '', 'ezimage');
INSERT INTO ezcontentobject_attribute VALUES (644, 'eng-GB', 1, 172, 178, '<?xml version="1.0" encoding="UTF-8"?>
<ezimage serial_number="1"
         is_valid=""
         filename="per_son."
         suffix=""
         basename="per_son"
         dirpath="var/intranet/storage/images/contact/persons/per_son__1/644-1-eng-GB"
         url="var/intranet/storage/images/contact/persons/per_son__1/644-1-eng-GB/per_son."
         original_filename=""
         mime_type=""
         width=""
         height=""
         alternative_text=""
         alias_key="1293033771"
         timestamp="1069769956">
  <original attribute_id=""
            attribute_version=""
            attribute_language="" />
</ezimage>', 0, 0, 0, 0, '', 'ezimage');
INSERT INTO ezcontentobject_attribute VALUES (639, 'eng-GB', 1, 171, 179, '<?xml version="1.0" encoding="iso-8859-1"?>
<section xmlns:image="http://ez.no/namespaces/ezpublish3/image/"
         xmlns:xhtml="http://ez.no/namespaces/ezpublish3/xhtml/"
         xmlns:custom="http://ez.no/namespaces/ezpublish3/custom/">
  <paragraph>A nice guy.</paragraph>
</section>', 1045487555, 0, 0, 0, '', 'ezxmltext');
INSERT INTO ezcontentobject_attribute VALUES (645, 'eng-GB', 1, 172, 179, '<?xml version="1.0" encoding="iso-8859-1"?>
<section xmlns:image="http://ez.no/namespaces/ezpublish3/image/"
         xmlns:xhtml="http://ez.no/namespaces/ezpublish3/xhtml/"
         xmlns:custom="http://ez.no/namespaces/ezpublish3/custom/">
  <paragraph>Per Son is a very active person.</paragraph>
</section>', 1045487555, 0, 0, 0, '', 'ezxmltext');
INSERT INTO ezcontentobject_attribute VALUES (466, 'eng-GB', 16, 136, 180, 'nospam@ez.no', 0, 0, 0, 0, '', 'ezinisetting');
INSERT INTO ezcontentobject_attribute VALUES (467, 'eng-GB', 16, 136, 181, 'ez.no', 0, 0, 0, 0, '', 'ezinisetting');
INSERT INTO ezcontentobject_attribute VALUES (530, 'eng-GB', 16, 136, 182, 'Copyright &copy; eZ systems as 1999-2004', 0, 0, 0, 0, 'copyright &copy; ez systems as 1999-2004', 'ezstring');
INSERT INTO ezcontentobject_attribute VALUES (668, 'eng-GB', 1, 177, 6, 'Anonymous Users', 0, 0, 0, 0, 'anonymous users', 'ezstring');
INSERT INTO ezcontentobject_attribute VALUES (669, 'eng-GB', 1, 177, 7, 'User group for the anonymous user', 0, 0, 0, 0, 'user group for the anonymous user', 'ezstring');
INSERT INTO ezcontentobject_attribute VALUES (19, 'eng-GB', 2, 10, 8, 'Anonymous', 0, 0, 0, 0, 'anonymous', 'ezstring');
INSERT INTO ezcontentobject_attribute VALUES (20, 'eng-GB', 2, 10, 9, 'User', 0, 0, 0, 0, 'user', 'ezstring');
INSERT INTO ezcontentobject_attribute VALUES (21, 'eng-GB', 2, 10, 12, '', 0, 0, 0, 0, '', 'ezuser');














INSERT INTO ezcontentobject_name VALUES (1, 'Root folder', 1, 'eng-GB', 'eng-GB');
INSERT INTO ezcontentobject_name VALUES (4, 'Users', 1, 'eng-GB', 'eng-GB');
INSERT INTO ezcontentobject_name VALUES (10, 'Anonymous User', 1, 'eng-GB', 'eng-GB');
INSERT INTO ezcontentobject_name VALUES (11, 'Guest accounts', 1, 'eng-GB', 'eng-GB');
INSERT INTO ezcontentobject_name VALUES (12, 'Administrator users', 1, 'eng-GB', 'eng-GB');
INSERT INTO ezcontentobject_name VALUES (13, 'Editors', 1, 'eng-GB', 'eng-GB');
INSERT INTO ezcontentobject_name VALUES (14, 'Administrator User', 1, 'eng-GB', 'eng-GB');
INSERT INTO ezcontentobject_name VALUES (41, 'Media', 1, 'eng-GB', 'eng-GB');
INSERT INTO ezcontentobject_name VALUES (42, 'Setup', 1, 'eng-GB', 'eng-GB');
INSERT INTO ezcontentobject_name VALUES (43, 'Classes', 1, 'eng-GB', 'eng-GB');
INSERT INTO ezcontentobject_name VALUES (44, 'Setup links', 1, 'eng-GB', 'eng-GB');
INSERT INTO ezcontentobject_name VALUES (43, 'Classes', 2, 'eng-GB', 'eng-GB');
INSERT INTO ezcontentobject_name VALUES (43, 'Classes', 3, 'eng-GB', 'eng-GB');
INSERT INTO ezcontentobject_name VALUES (43, 'Classes', 4, 'eng-GB', 'eng-GB');
INSERT INTO ezcontentobject_name VALUES (43, 'Classes', 5, 'eng-GB', 'eng-GB');
INSERT INTO ezcontentobject_name VALUES (45, 'Setup Objects', 1, 'eng-GB', 'eng-GB');
INSERT INTO ezcontentobject_name VALUES (46, 'Fonts and colors', 1, 'eng-GB', 'eng-GB');
INSERT INTO ezcontentobject_name VALUES (46, 'Look and feel', 2, 'eng-GB', 'eng-GB');
INSERT INTO ezcontentobject_name VALUES (47, 'New Template look', 1, 'eng-GB', 'eng-GB');
INSERT INTO ezcontentobject_name VALUES (171, 'John Doe', 1, 'eng-GB', 'eng-GB');
INSERT INTO ezcontentobject_name VALUES (126, 'New Article', 1, 'eng-GB', 'eng-GB');
INSERT INTO ezcontentobject_name VALUES (49, 'News', 1, 'eng-GB', 'eng-GB');
INSERT INTO ezcontentobject_name VALUES (45, 'Look and feel', 7, 'eng-GB', 'eng-GB');
INSERT INTO ezcontentobject_name VALUES (51, 'New Setup link', 1, 'eng-GB', 'eng-GB');
INSERT INTO ezcontentobject_name VALUES (45, 'Look and feel', 8, 'eng-GB', 'eng-GB');
INSERT INTO ezcontentobject_name VALUES (53, 'New Template look', 1, 'eng-GB', 'eng-GB');
INSERT INTO ezcontentobject_name VALUES (143, 'fp', 1, 'eng-GB', 'eng-GB');
INSERT INTO ezcontentobject_name VALUES (57, 'Contact', 1, 'eng-GB', 'eng-GB');
INSERT INTO ezcontentobject_name VALUES (59, 'Off topic', 1, 'eng-GB', 'eng-GB');
INSERT INTO ezcontentobject_name VALUES (60, 'Reports', 1, 'eng-GB', 'eng-GB');
INSERT INTO ezcontentobject_name VALUES (60, 'Reports', 2, 'eng-GB', 'eng-GB');
INSERT INTO ezcontentobject_name VALUES (61, 'Staff news', 1, 'eng-GB', 'eng-GB');
INSERT INTO ezcontentobject_name VALUES (62, 'Persons', 1, 'eng-GB', 'eng-GB');
INSERT INTO ezcontentobject_name VALUES (63, 'Companies', 1, 'eng-GB', 'eng-GB');
INSERT INTO ezcontentobject_name VALUES (64, 'Files', 1, 'eng-GB', 'eng-GB');
INSERT INTO ezcontentobject_name VALUES (66, 'Handbooks', 1, 'eng-GB', 'eng-GB');
INSERT INTO ezcontentobject_name VALUES (67, 'Documents', 1, 'eng-GB', 'eng-GB');
INSERT INTO ezcontentobject_name VALUES (68, 'Company routines', 1, 'eng-GB', 'eng-GB');
INSERT INTO ezcontentobject_name VALUES (69, 'Logos', 1, 'eng-GB', 'eng-GB');
INSERT INTO ezcontentobject_name VALUES (64, 'Files', 2, 'eng-GB', 'eng-GB');
INSERT INTO ezcontentobject_name VALUES (1, 'Intranet', 2, 'eng-GB', 'eng-GB');
INSERT INTO ezcontentobject_name VALUES (127, 'New Article', 1, 'eng-GB', 'eng-GB');
INSERT INTO ezcontentobject_name VALUES (122, 'New Image', 1, 'eng-GB', 'eng-GB');
INSERT INTO ezcontentobject_name VALUES (172, 'Per Son', 1, 'eng-GB', 'eng-GB');
INSERT INTO ezcontentobject_name VALUES (173, 'My Company', 1, 'eng-GB', 'eng-GB');
INSERT INTO ezcontentobject_name VALUES (174, 'New business cards', 1, 'eng-GB', 'eng-GB');
INSERT INTO ezcontentobject_name VALUES (175, 'Annual report', 1, 'eng-GB', 'eng-GB');
INSERT INTO ezcontentobject_name VALUES (83, 'New User', 1, 'eng-GB', 'eng-GB');
INSERT INTO ezcontentobject_name VALUES (84, 'New User', 1, 'eng-GB', 'eng-GB');
INSERT INTO ezcontentobject_name VALUES (136, 'Intranet', 7, 'eng-GB', 'eng-GB');
INSERT INTO ezcontentobject_name VALUES (85, 'New Folder', 1, 'eng-GB', 'eng-GB');
INSERT INTO ezcontentobject_name VALUES (87, 'New Company', 1, 'eng-GB', 'eng-GB');
INSERT INTO ezcontentobject_name VALUES (88, 'New User', 1, 'eng-GB', 'eng-GB');
INSERT INTO ezcontentobject_name VALUES (136, 'Intranet', 6, 'eng-GB', 'eng-GB');
INSERT INTO ezcontentobject_name VALUES (136, 'Intranet', 5, 'eng-GB', 'eng-GB');
INSERT INTO ezcontentobject_name VALUES (91, 'New Template look', 1, 'eng-GB', 'eng-GB');
INSERT INTO ezcontentobject_name VALUES (136, 'Intranet', 4, 'eng-GB', 'eng-GB');
INSERT INTO ezcontentobject_name VALUES (113, 'Routines', 2, 'eng-GB', 'eng-GB');
INSERT INTO ezcontentobject_name VALUES (96, 'New User', 1, 'eng-GB', 'eng-GB');
INSERT INTO ezcontentobject_name VALUES (64, 'Files', 3, 'eng-GB', 'eng-GB');
INSERT INTO ezcontentobject_name VALUES (136, 'Intranet', 3, 'eng-GB', 'eng-GB');
INSERT INTO ezcontentobject_name VALUES (112, 'Information', 2, 'eng-GB', 'eng-GB');
INSERT INTO ezcontentobject_name VALUES (103, 'New User', 1, 'eng-GB', 'eng-GB');
INSERT INTO ezcontentobject_name VALUES (104, 'New User', 1, 'eng-GB', 'eng-GB');
INSERT INTO ezcontentobject_name VALUES (105, 'New User', 1, 'eng-GB', 'eng-GB');
INSERT INTO ezcontentobject_name VALUES (106, 'New User', 1, 'eng-GB', 'eng-GB');
INSERT INTO ezcontentobject_name VALUES (112, 'Information', 1, 'eng-GB', 'eng-GB');
INSERT INTO ezcontentobject_name VALUES (136, 'Intranet', 16, 'eng-GB', 'eng-GB');
INSERT INTO ezcontentobject_name VALUES (113, 'Routines', 1, 'eng-GB', 'eng-GB');
INSERT INTO ezcontentobject_name VALUES (43, 'Classes', 6, 'eng-GB', 'eng-GB');
INSERT INTO ezcontentobject_name VALUES (45, 'Setup Objects', 2, 'eng-GB', 'eng-GB');
INSERT INTO ezcontentobject_name VALUES (43, 'Classes', 7, 'eng-GB', 'eng-GB');
INSERT INTO ezcontentobject_name VALUES (45, 'Setup Objects', 3, 'eng-GB', 'eng-GB');
INSERT INTO ezcontentobject_name VALUES (115, 'Cache', 1, 'eng-GB', 'eng-GB');
INSERT INTO ezcontentobject_name VALUES (45, 'Setup Objects', 4, 'eng-GB', 'eng-GB');
INSERT INTO ezcontentobject_name VALUES (116, 'URL translator', 1, 'eng-GB', 'eng-GB');
INSERT INTO ezcontentobject_name VALUES (117, 'New Article', 1, 'eng-GB', 'eng-GB');
INSERT INTO ezcontentobject_name VALUES (45, 'Look and feel', 5, 'eng-GB', 'eng-GB');
INSERT INTO ezcontentobject_name VALUES (45, 'Look and feel', 6, 'eng-GB', 'eng-GB');
INSERT INTO ezcontentobject_name VALUES (136, 'Intranet', 2, 'eng-GB', 'eng-GB');
INSERT INTO ezcontentobject_name VALUES (115, 'Cache', 2, 'eng-GB', 'eng-GB');
INSERT INTO ezcontentobject_name VALUES (136, 'Intranet', 9, 'eng-GB', 'eng-GB');
INSERT INTO ezcontentobject_name VALUES (45, 'Look and feel', 10, 'eng-GB', 'eng-GB');
INSERT INTO ezcontentobject_name VALUES (136, 'Intranet', 1, 'eng-GB', 'eng-GB');
INSERT INTO ezcontentobject_name VALUES (129, 'New Article', 1, 'eng-GB', 'eng-GB');
INSERT INTO ezcontentobject_name VALUES (136, 'Intranet', 8, 'eng-GB', 'eng-GB');
INSERT INTO ezcontentobject_name VALUES (115, 'Cache', 3, 'eng-GB', 'eng-GB');
INSERT INTO ezcontentobject_name VALUES (43, 'Classes', 8, 'eng-GB', 'eng-GB');
INSERT INTO ezcontentobject_name VALUES (45, 'Look and feel', 9, 'eng-GB', 'eng-GB');
INSERT INTO ezcontentobject_name VALUES (116, 'URL translator', 2, 'eng-GB', 'eng-GB');
INSERT INTO ezcontentobject_name VALUES (133, 'New Template look', 1, 'eng-GB', 'eng-GB');
INSERT INTO ezcontentobject_name VALUES (134, 'News', 1, 'eng-GB', 'eng-GB');
INSERT INTO ezcontentobject_name VALUES (170, 'Vacation routines', 1, 'eng-GB', 'eng-GB');
INSERT INTO ezcontentobject_name VALUES (174, 'New business cards', 2, 'eng-GB', 'eng-GB');
INSERT INTO ezcontentobject_name VALUES (176, 'New employee', 1, 'eng-GB', 'eng-GB');
INSERT INTO ezcontentobject_name VALUES (136, 'Intranet', 13, 'eng-GB', 'eng-GB');
INSERT INTO ezcontentobject_name VALUES (136, 'Intranet', 14, 'eng-GB', 'eng-GB');
INSERT INTO ezcontentobject_name VALUES (136, 'Intranet', 15, 'eng-GB', 'eng-GB');
INSERT INTO ezcontentobject_name VALUES (165, 'jkhkjh', 1, 'eng-GB', 'eng-GB');
INSERT INTO ezcontentobject_name VALUES (166, 'kljjkl', 1, 'eng-GB', 'eng-GB');
INSERT INTO ezcontentobject_name VALUES (136, 'Intranet', 10, 'eng-GB', 'eng-GB');
INSERT INTO ezcontentobject_name VALUES (136, 'Intranet', 11, 'eng-GB', 'eng-GB');
INSERT INTO ezcontentobject_name VALUES (177, 'Anonymous Users', 1, 'eng-GB', 'eng-GB');
INSERT INTO ezcontentobject_name VALUES (10, 'Anonymous User', 2, 'eng-GB', 'eng-GB');







INSERT INTO ezcontentobject_tree VALUES (1, 1, 0, 1, 1, 0, '/1/', 1, 1, 0, NULL, 1);
INSERT INTO ezcontentobject_tree VALUES (118, 60, 148, 2, 1, 4, '/1/2/55/60/118/', 1, 1, 0, 'contact/persons/jh_jh', 118);
INSERT INTO ezcontentobject_tree VALUES (114, 59, 146, 1, 1, 4, '/1/2/50/59/114/', 1, 1, 0, 'news/staff_news/mnb', 114);
INSERT INTO ezcontentobject_tree VALUES (116, 58, 147, 1, 1, 4, '/1/2/50/58/116/', 1, 1, 0, 'news/reports/fdhjkldfhj', 116);
INSERT INTO ezcontentobject_tree VALUES (120, 57, 149, 1, 1, 4, '/1/2/50/57/120/', 1, 1, 0, 'news/off_topic/dfsdfg', 120);
INSERT INTO ezcontentobject_tree VALUES (122, 59, 150, 1, 1, 4, '/1/2/50/59/122/', 1, 1, 0, 'news/staff_news/sdifgksdjfgkjgh', 122);
INSERT INTO ezcontentobject_tree VALUES (124, 58, 151, 1, 1, 4, '/1/2/50/58/124/', 1, 1, 0, 'news/reports/kre_test', 124);
INSERT INTO ezcontentobject_tree VALUES (132, 58, 157, 1, 1, 4, '/1/2/50/58/132/', 1, 1, 0, 'news/reports/utuytuy', 132);
INSERT INTO ezcontentobject_tree VALUES (138, 60, 161, 1, 1, 4, '/1/2/55/60/138/', 1, 1, 0, 'contact/persons/per_son', 138);
INSERT INTO ezcontentobject_tree VALUES (141, 59, 163, 1, 1, 4, '/1/2/50/59/141/', 1, 1, 0, 'news/staff_news/lkj', 141);
INSERT INTO ezcontentobject_tree VALUES (145, 58, 168, 1, 1, 4, '/1/2/50/58/145/', 1, 1, 0, 'news/reports/jkljlkj', 145);
INSERT INTO ezcontentobject_tree VALUES (2, 1, 1, 2, 1, 1, '/1/2/', 9, 1, 0, '', 2);
INSERT INTO ezcontentobject_tree VALUES (50, 2, 49, 1, 1, 2, '/1/2/50/', 9, 1, 0, 'news', 50);
INSERT INTO ezcontentobject_tree VALUES (57, 50, 59, 1, 1, 3, '/1/2/50/57/', 9, 1, 0, 'news/off_topic', 57);
INSERT INTO ezcontentobject_tree VALUES (152, 57, 174, 2, 1, 4, '/1/2/50/57/152/', 1, 1, 0, 'news/off_topic/new_business_cards', 151);
INSERT INTO ezcontentobject_tree VALUES (58, 50, 60, 2, 1, 3, '/1/2/50/58/', 9, 1, 0, 'news/reports', 58);
INSERT INTO ezcontentobject_tree VALUES (151, 58, 174, 2, 1, 4, '/1/2/50/58/151/', 1, 1, 0, 'news/reports/new_business_cards', 151);
INSERT INTO ezcontentobject_tree VALUES (153, 58, 175, 1, 1, 4, '/1/2/50/58/153/', 1, 1, 0, 'news/reports/annual_report', 153);
INSERT INTO ezcontentobject_tree VALUES (59, 50, 61, 1, 1, 3, '/1/2/50/59/', 9, 1, 0, 'news/staff_news', 59);
INSERT INTO ezcontentobject_tree VALUES (143, 141, 165, 1, 1, 5, '/1/2/50/59/141/143/', 1, 1, 0, 'jkhkjh', 143);
INSERT INTO ezcontentobject_tree VALUES (144, 141, 166, 1, 1, 5, '/1/2/50/59/141/144/', 1, 1, 0, 'kljjkl', 144);
INSERT INTO ezcontentobject_tree VALUES (154, 59, 176, 1, 1, 4, '/1/2/50/59/154/', 1, 1, 0, 'news/staff_news/new_employee', 154);
INSERT INTO ezcontentobject_tree VALUES (55, 2, 57, 1, 1, 2, '/1/2/55/', 9, 1, 0, 'contact', 55);
INSERT INTO ezcontentobject_tree VALUES (60, 55, 62, 1, 1, 3, '/1/2/55/60/', 9, 1, 0, 'contact/persons', 60);
INSERT INTO ezcontentobject_tree VALUES (148, 60, 171, 1, 1, 4, '/1/2/55/60/148/', 1, 1, 0, 'contact/persons/john_doe', 148);
INSERT INTO ezcontentobject_tree VALUES (149, 60, 172, 1, 1, 4, '/1/2/55/60/149/', 1, 1, 0, 'contact/persons/per_son__1', 149);
INSERT INTO ezcontentobject_tree VALUES (61, 55, 63, 1, 1, 3, '/1/2/55/61/', 9, 1, 0, 'contact/companies', 61);
INSERT INTO ezcontentobject_tree VALUES (150, 61, 173, 1, 1, 4, '/1/2/55/61/150/', 1, 1, 0, 'contact/companies/my_company', 150);
INSERT INTO ezcontentobject_tree VALUES (62, 2, 64, 3, 1, 2, '/1/2/62/', 8, 1, 0, 'files', 62);
INSERT INTO ezcontentobject_tree VALUES (64, 62, 66, 1, 1, 3, '/1/2/62/64/', 9, 1, 2, 'files/handbooks', 64);
INSERT INTO ezcontentobject_tree VALUES (65, 62, 67, 1, 1, 3, '/1/2/62/65/', 9, 1, 3, 'files/documents', 65);
INSERT INTO ezcontentobject_tree VALUES (66, 62, 68, 1, 1, 3, '/1/2/62/66/', 9, 1, 4, 'files/company_routines', 66);
INSERT INTO ezcontentobject_tree VALUES (67, 62, 69, 1, 1, 3, '/1/2/62/67/', 9, 1, 5, 'files/logos', 67);
INSERT INTO ezcontentobject_tree VALUES (93, 2, 112, 2, 1, 2, '/1/2/93/', 9, 1, 0, 'information', 93);
INSERT INTO ezcontentobject_tree VALUES (147, 93, 170, 1, 1, 3, '/1/2/93/147/', 9, 1, 0, 'information/vacation_routines', 147);
INSERT INTO ezcontentobject_tree VALUES (94, 93, 113, 1, 1, 3, '/1/2/93/94/', 9, 1, 0, 'information/routines', 94);
INSERT INTO ezcontentobject_tree VALUES (5, 1, 4, 1, 0, 1, '/1/5/', 1, 1, 0, 'users', 5);
INSERT INTO ezcontentobject_tree VALUES (12, 5, 11, 1, 1, 2, '/1/5/12/', 1, 1, 0, 'users/guest_accounts', 12);
INSERT INTO ezcontentobject_tree VALUES (13, 5, 12, 1, 1, 2, '/1/5/13/', 1, 1, 0, 'users/administrator_users', 13);
INSERT INTO ezcontentobject_tree VALUES (15, 13, 14, 1, 1, 3, '/1/5/13/15/', 1, 1, 0, 'users/administrator_users/administrator_user', 15);
INSERT INTO ezcontentobject_tree VALUES (14, 5, 13, 1, 1, 2, '/1/5/14/', 1, 1, 0, 'users/editors', 14);
INSERT INTO ezcontentobject_tree VALUES (155, 5, 177, 1, 1, 2, '/1/5/155/', 9, 1, 0, 'users/anonymous_users', 155);
INSERT INTO ezcontentobject_tree VALUES (11, 155, 10, 2, 1, 3, '/1/5/155/11/', 9, 1, 0, 'users/anonymous_users/anonymous_user', 11);
INSERT INTO ezcontentobject_tree VALUES (43, 1, 41, 1, 1, 1, '/1/43/', 9, 1, 0, 'media', 43);
INSERT INTO ezcontentobject_tree VALUES (44, 1, 42, 1, 1, 1, '/1/44/', 9, 1, 0, 'setup', 44);
INSERT INTO ezcontentobject_tree VALUES (46, 44, 44, 1, 1, 2, '/1/44/46/', 9, 1, 0, 'setup/setup_links', 46);
INSERT INTO ezcontentobject_tree VALUES (45, 46, 43, 8, 1, 3, '/1/44/46/45/', 9, 1, 0, 'setup/setup_links/classes', 45);
INSERT INTO ezcontentobject_tree VALUES (47, 46, 45, 10, 1, 3, '/1/44/46/47/', 9, 1, 0, 'setup/setup_links/look_and_feel', 47);
INSERT INTO ezcontentobject_tree VALUES (95, 46, 115, 3, 1, 3, '/1/44/46/95/', 9, 1, 0, 'setup/setup_links/cache', 95);
INSERT INTO ezcontentobject_tree VALUES (96, 46, 116, 2, 1, 3, '/1/44/46/96/', 9, 1, 0, 'setup/setup_links/url_translator', 96);
INSERT INTO ezcontentobject_tree VALUES (48, 44, 46, 2, 1, 2, '/1/44/48/', 9, 1, 0, 'setup/look_and_feel', 48);
INSERT INTO ezcontentobject_tree VALUES (107, 48, 136, 16, 1, 3, '/1/44/48/107/', 9, 1, 0, 'setup/look_and_feel/intranet', 107);







INSERT INTO ezcontentobject_version VALUES (4, 4, 14, 1, 0, 0, 1, 1, 0);
INSERT INTO ezcontentobject_version VALUES (439, 11, 14, 1, 1033920737, 1033920746, 1, 0, 0);
INSERT INTO ezcontentobject_version VALUES (440, 12, 14, 1, 1033920760, 1033920775, 1, 0, 0);
INSERT INTO ezcontentobject_version VALUES (441, 13, 14, 1, 1033920786, 1033920794, 1, 0, 0);
INSERT INTO ezcontentobject_version VALUES (442, 14, 14, 1, 1033920808, 1033920830, 1, 0, 0);
INSERT INTO ezcontentobject_version VALUES (472, 41, 14, 1, 1060695450, 1060695457, 1, 0, 0);
INSERT INTO ezcontentobject_version VALUES (473, 42, 14, 1, 1066383039, 1066383068, 1, 0, 0);
INSERT INTO ezcontentobject_version VALUES (475, 44, 14, 1, 1066384403, 1066384457, 1, 0, 0);
INSERT INTO ezcontentobject_version VALUES (482, 46, 14, 2, 1066389882, 1066389902, 1, 0, 0);
INSERT INTO ezcontentobject_version VALUES (490, 49, 14, 1, 1066398007, 1066398020, 1, 0, 0);
INSERT INTO ezcontentobject_version VALUES (748, 136, 14, 16, 1069841925, 1069841972, 1, 0, 0);
INSERT INTO ezcontentobject_version VALUES (519, 57, 14, 1, 1066729088, 1066729137, 1, 0, 0);
INSERT INTO ezcontentobject_version VALUES (521, 59, 14, 1, 1066729202, 1066729210, 1, 0, 0);
INSERT INTO ezcontentobject_version VALUES (523, 60, 14, 2, 1066729234, 1066729241, 1, 0, 0);
INSERT INTO ezcontentobject_version VALUES (524, 61, 14, 1, 1066729249, 1066729258, 1, 0, 0);
INSERT INTO ezcontentobject_version VALUES (525, 62, 14, 1, 1066729275, 1066729284, 1, 0, 0);
INSERT INTO ezcontentobject_version VALUES (526, 63, 14, 1, 1066729291, 1066729298, 1, 0, 0);
INSERT INTO ezcontentobject_version VALUES (529, 66, 14, 1, 1066729349, 1066729356, 1, 0, 0);
INSERT INTO ezcontentobject_version VALUES (530, 67, 14, 1, 1066729363, 1066729371, 1, 0, 0);
INSERT INTO ezcontentobject_version VALUES (531, 68, 14, 1, 1066729377, 1066729385, 1, 0, 0);
INSERT INTO ezcontentobject_version VALUES (532, 69, 14, 1, 1066729392, 1066729400, 1, 0, 0);
INSERT INTO ezcontentobject_version VALUES (708, 1, 14, 2, 1069416307, 1069416322, 1, 1, 0);
INSERT INTO ezcontentobject_version VALUES (739, 172, 14, 1, 1069769954, 1069770002, 1, 0, 0);
INSERT INTO ezcontentobject_version VALUES (742, 175, 14, 1, 1069773933, 1069773968, 1, 0, 0);
INSERT INTO ezcontentobject_version VALUES (738, 171, 14, 1, 1069769892, 1069769945, 1, 0, 0);
INSERT INTO ezcontentobject_version VALUES (683, 45, 14, 10, 1069164834, 1069164888, 1, 0, 0);
INSERT INTO ezcontentobject_version VALUES (744, 176, 14, 1, 1069774018, 1069774043, 1, 0, 0);
INSERT INTO ezcontentobject_version VALUES (743, 174, 14, 2, 1069773990, 1069774003, 1, 0, 0);
INSERT INTO ezcontentobject_version VALUES (737, 170, 14, 1, 1069769677, 1069769717, 1, 0, 0);
INSERT INTO ezcontentobject_version VALUES (581, 64, 14, 3, 1066898069, 1066898100, 1, 0, 0);
INSERT INTO ezcontentobject_version VALUES (735, 112, 14, 2, 1069769622, 1069769638, 1, 0, 0);
INSERT INTO ezcontentobject_version VALUES (606, 113, 14, 1, 1066986461, 1066986541, 1, 0, 0);
INSERT INTO ezcontentobject_version VALUES (672, 115, 14, 3, 1069162736, 1069162746, 1, 0, 0);
INSERT INTO ezcontentobject_version VALUES (673, 43, 14, 8, 1069162754, 1069162840, 1, 0, 0);
INSERT INTO ezcontentobject_version VALUES (675, 116, 14, 2, 1069162867, 1069162891, 1, 0, 0);
INSERT INTO ezcontentobject_version VALUES (740, 173, 14, 1, 1069770018, 1069770749, 1, 0, 0);
INSERT INTO ezcontentobject_version VALUES (727, 165, 14, 1, 1069423480, 1069423490, 1, 0, 0);
INSERT INTO ezcontentobject_version VALUES (728, 166, 14, 1, 1069423948, 1069423957, 1, 0, 0);
INSERT INTO ezcontentobject_version VALUES (749, 177, 14, 1, 1072186889, 1072186897, 1, 0, 0);
INSERT INTO ezcontentobject_version VALUES (750, 10, 14, 2, 1072186905, 1072186920, 1, 0, 0);



































INSERT INTO ezenumvalue VALUES (2, 136, 0, 'Ok', '3', 2);
INSERT INTO ezenumvalue VALUES (1, 136, 0, 'Poor', '2', 1);
INSERT INTO ezenumvalue VALUES (3, 136, 0, 'Good', '5', 3);





















INSERT INTO ezimage VALUES (103, 4, 'phpWJgae7.png', 'kaddressbook.png', 'image/png', '');
INSERT INTO ezimage VALUES (103, 5, 'php7ZhvcB.png', 'chardevice.png', 'image/png', '');
INSERT INTO ezimage VALUES (109, 1, 'phpvzmRGW.png', 'folder_txt.png', 'image/png', '');
INSERT INTO ezimage VALUES (120, 11, 'phpG6qloJ.gif', 'ezpublish_logo_blue.gif', 'image/gif', '');
INSERT INTO ezimage VALUES (152, 15, 'phpZWf2sh.gif', 'phpCfM6Z4_600x600_68578.gif', 'image/gif', '');
INSERT INTO ezimage VALUES (120, 13, 'phpG6qloJ.gif', 'ezpublish_logo_blue.gif', 'image/gif', '');
INSERT INTO ezimage VALUES (152, 12, 'phpZWf2sh.gif', 'phpCfM6Z4_600x600_68578.gif', 'image/gif', '');
INSERT INTO ezimage VALUES (152, 13, 'phpZWf2sh.gif', 'phpCfM6Z4_600x600_68578.gif', 'image/gif', '');
INSERT INTO ezimage VALUES (152, 11, 'phpZWf2sh.gif', 'phpCfM6Z4_600x600_68578.gif', 'image/gif', '');
INSERT INTO ezimage VALUES (152, 16, 'phpZWf2sh.gif', 'phpCfM6Z4_600x600_68578.gif', 'image/gif', '');
INSERT INTO ezimage VALUES (152, 7, 'phpZWf2sh.gif', 'phpCfM6Z4_600x600_68578.gif', 'image/gif', '');
INSERT INTO ezimage VALUES (152, 18, 'phpZWf2sh.gif', 'phpCfM6Z4_600x600_68578.gif', 'image/gif', '');
INSERT INTO ezimage VALUES (152, 9, 'phpZWf2sh.gif', 'phpCfM6Z4_600x600_68578.gif', 'image/gif', '');
INSERT INTO ezimage VALUES (152, 10, 'phpZWf2sh.gif', 'phpCfM6Z4_600x600_68578.gif', 'image/gif', '');
INSERT INTO ezimage VALUES (152, 14, 'phpZWf2sh.gif', 'phpCfM6Z4_600x600_68578.gif', 'image/gif', '');
INSERT INTO ezimage VALUES (152, 17, 'phpZWf2sh.gif', 'phpCfM6Z4_600x600_68578.gif', 'image/gif', '');
INSERT INTO ezimage VALUES (268, 1, 'php8lV61b.png', 'phphWMyJs.png', 'image/png', '');
INSERT INTO ezimage VALUES (268, 2, 'php8lV61b.png', 'phphWMyJs.png', 'image/png', '');
INSERT INTO ezimage VALUES (287, 1, 'phpjqUhJn.jpg', '017_8_1small.jpg', 'image/jpeg', '');
INSERT INTO ezimage VALUES (292, 2, 'phpCKfj8I.png', 'phpCG9Rrg_600x600_97870.png', 'image/png', '');
INSERT INTO ezimage VALUES (293, 2, 'php2e1GsG.png', 'bj.png', 'image/png', '');
INSERT INTO ezimage VALUES (293, 3, 'php2e1GsG.png', 'bj.png', 'image/png', '');
INSERT INTO ezimage VALUES (103, 6, 'phpXz5esv.jpg', 'TN_a5.JPG', 'image/jpeg', '');
INSERT INTO ezimage VALUES (109, 2, 'phppIJtoa.jpg', 'maidinmanhattantop.jpg', 'image/jpeg', '');
INSERT INTO ezimage VALUES (103, 7, 'phpG0YSsD.png', 'gnome-settings.png', 'image/png', '');
INSERT INTO ezimage VALUES (109, 3, 'phpAhcEu9.png', 'gnome-favorites.png', 'image/png', '');
INSERT INTO ezimage VALUES (324, 1, 'php4sHmOe.png', 'gnome-ccperiph.png', 'image/png', '');
INSERT INTO ezimage VALUES (109, 4, 'phpbVfzkm.png', 'gnome-devel.png', 'image/png', '');
INSERT INTO ezimage VALUES (328, 1, 'php7a7vQE.png', 'gnome-globe.png', 'image/png', '');
INSERT INTO ezimage VALUES (109, 5, 'phpvs7kFg.png', 'gnome-color-browser.png', 'image/png', '');
INSERT INTO ezimage VALUES (400, 2, 'phprwazbD.jpg', 'vbanner.jpg', 'image/jpeg', '');







INSERT INTO ezimagevariation VALUES (103, 4, 'phpWJgae7_100x100_103.png', 'p/h/p', 100, 100, 48, 48);
INSERT INTO ezimagevariation VALUES (103, 4, 'phpWJgae7_600x600_103.png', 'p/h/p', 600, 600, 48, 48);
INSERT INTO ezimagevariation VALUES (103, 5, 'php7ZhvcB_100x100_103.png', 'p/h/p', 100, 100, 48, 48);
INSERT INTO ezimagevariation VALUES (109, 1, 'phpvzmRGW_100x100_109.png', 'p/h/p', 100, 100, 48, 48);
INSERT INTO ezimagevariation VALUES (103, 5, 'php7ZhvcB_600x600_103.png', 'p/h/p', 600, 600, 48, 48);
INSERT INTO ezimagevariation VALUES (109, 1, 'phpvzmRGW_600x600_109.png', 'p/h/p', 600, 600, 48, 48);
INSERT INTO ezimagevariation VALUES (293, 2, 'php2e1GsG_600x600_293.png', 'p/h/p', 600, 600, 186, 93);
INSERT INTO ezimagevariation VALUES (120, 11, 'phpG6qloJ_100x100_120.gif.png', 'p/h/p', 100, 100, 100, 16);
INSERT INTO ezimagevariation VALUES (292, 2, 'phpCKfj8I_600x600_292.png', 'p/h/p', 600, 600, 186, 93);
INSERT INTO ezimagevariation VALUES (152, 13, 'phpZWf2sh_100x100_152.gif.png', 'p/h/p', 100, 100, 100, 35);
INSERT INTO ezimagevariation VALUES (293, 2, 'php2e1GsG_100x100_293.png', 'p/h/p', 100, 100, 100, 50);
INSERT INTO ezimagevariation VALUES (120, 11, 'phpG6qloJ_600x600_120.gif.png', 'p/h/p', 600, 600, 129, 21);
INSERT INTO ezimagevariation VALUES (152, 12, 'phpZWf2sh_100x100_152.gif.png', 'p/h/p', 100, 100, 100, 35);
INSERT INTO ezimagevariation VALUES (152, 11, 'phpZWf2sh_100x100_152.gif.png', 'p/h/p', 100, 100, 100, 35);
INSERT INTO ezimagevariation VALUES (292, 2, 'phpCKfj8I_100x100_292.png', 'p/h/p', 100, 100, 100, 50);
INSERT INTO ezimagevariation VALUES (287, 1, 'phpjqUhJn_100x100_287.jpg', 'p/h/p', 100, 100, 73, 100);
INSERT INTO ezimagevariation VALUES (268, 2, 'php8lV61b_100x100_268.png', 'p/h/p', 100, 100, 100, 93);
INSERT INTO ezimagevariation VALUES (268, 1, 'php8lV61b_150x150_268.png', 'p/h/p', 150, 150, 144, 134);
INSERT INTO ezimagevariation VALUES (152, 16, 'phpZWf2sh_100x100_152.gif.png', 'p/h/p', 100, 100, 100, 35);
INSERT INTO ezimagevariation VALUES (152, 7, 'phpZWf2sh_100x100_152.gif.png', 'p/h/p', 100, 100, 100, 35);
INSERT INTO ezimagevariation VALUES (268, 1, 'php8lV61b_100x100_268.png', 'p/h/p', 100, 100, 100, 93);
INSERT INTO ezimagevariation VALUES (152, 9, 'phpZWf2sh_100x100_152.gif.png', 'p/h/p', 100, 100, 100, 35);
INSERT INTO ezimagevariation VALUES (152, 10, 'phpZWf2sh_100x100_152.gif.png', 'p/h/p', 100, 100, 100, 35);
INSERT INTO ezimagevariation VALUES (293, 2, 'php2e1GsG_150x150_293.png', 'p/h/p', 150, 150, 150, 75);
INSERT INTO ezimagevariation VALUES (292, 2, 'phpCKfj8I_150x150_292.png', 'p/h/p', 150, 150, 150, 75);
INSERT INTO ezimagevariation VALUES (293, 3, 'php2e1GsG_100x100_293.png', 'p/h/p', 100, 100, 100, 50);
INSERT INTO ezimagevariation VALUES (103, 6, 'phpXz5esv_600x600_103.jpg', 'p/h/p', 600, 600, 377, 600);
INSERT INTO ezimagevariation VALUES (109, 2, 'phppIJtoa_600x600_109.jpg', 'p/h/p', 600, 600, 116, 61);
INSERT INTO ezimagevariation VALUES (103, 7, 'phpG0YSsD_600x600_103.png', 'p/h/p', 600, 600, 48, 48);
INSERT INTO ezimagevariation VALUES (109, 3, 'phpAhcEu9_600x600_109.png', 'p/h/p', 600, 600, 48, 52);
INSERT INTO ezimagevariation VALUES (324, 1, 'php4sHmOe_600x600_324.png', 'p/h/p', 600, 600, 48, 48);
INSERT INTO ezimagevariation VALUES (109, 4, 'phpbVfzkm_600x600_109.png', 'p/h/p', 600, 600, 48, 48);
INSERT INTO ezimagevariation VALUES (328, 1, 'php7a7vQE_600x600_328.png', 'p/h/p', 600, 600, 48, 48);
INSERT INTO ezimagevariation VALUES (109, 5, 'phpvs7kFg_600x600_109.png', 'p/h/p', 600, 600, 48, 48);
INSERT INTO ezimagevariation VALUES (268, 2, 'php8lV61b_150x150_268.png', 'p/h/p', 150, 150, 144, 134);
INSERT INTO ezimagevariation VALUES (103, 7, 'phpG0YSsD_150x150_103.png', 'p/h/p', 150, 150, 48, 48);
INSERT INTO ezimagevariation VALUES (109, 5, 'phpvs7kFg_150x150_109.png', 'p/h/p', 150, 150, 48, 48);
INSERT INTO ezimagevariation VALUES (324, 1, 'php4sHmOe_150x150_324.png', 'p/h/p', 150, 150, 48, 48);
INSERT INTO ezimagevariation VALUES (328, 1, 'php7a7vQE_150x150_328.png', 'p/h/p', 150, 150, 48, 48);
INSERT INTO ezimagevariation VALUES (400, 2, 'phprwazbD_100x100_400.jpg', 'p/h/p', 100, 100, 100, 33);
INSERT INTO ezimagevariation VALUES (400, 2, 'phprwazbD_600x600_400.jpg', 'p/h/p', 600, 600, 450, 150);
























































INSERT INTO eznode_assignment VALUES (4, 8, 2, 5, 1, 1, 1, 0, 0);
INSERT INTO eznode_assignment VALUES (144, 4, 1, 1, 1, 1, 1, 0, 0);
INSERT INTO eznode_assignment VALUES (147, 210, 1, 5, 1, 1, 1, 0, 0);
INSERT INTO eznode_assignment VALUES (146, 209, 1, 5, 1, 1, 1, 0, 0);
INSERT INTO eznode_assignment VALUES (148, 9, 1, 2, 1, 1, 1, 0, 0);
INSERT INTO eznode_assignment VALUES (150, 11, 1, 5, 1, 1, 1, 0, 0);
INSERT INTO eznode_assignment VALUES (151, 12, 1, 5, 1, 1, 1, 0, 0);
INSERT INTO eznode_assignment VALUES (152, 13, 1, 5, 1, 1, 1, 0, 0);
INSERT INTO eznode_assignment VALUES (153, 14, 1, 13, 1, 1, 1, 0, 0);
INSERT INTO eznode_assignment VALUES (182, 41, 1, 1, 9, 1, 1, 0, 0);
INSERT INTO eznode_assignment VALUES (183, 42, 1, 1, 9, 1, 1, 0, 0);
INSERT INTO eznode_assignment VALUES (185, 44, 1, 44, 9, 1, 1, 0, 0);
INSERT INTO eznode_assignment VALUES (193, 46, 2, 44, 9, 1, 1, 0, 0);
INSERT INTO eznode_assignment VALUES (483, 136, 16, 48, 9, 1, 1, 0, 0);
INSERT INTO eznode_assignment VALUES (201, 49, 1, 2, 9, 1, 1, 0, 0);
INSERT INTO eznode_assignment VALUES (476, 174, 2, 57, 1, 1, 0, 0, 0);
INSERT INTO eznode_assignment VALUES (229, 57, 1, 2, 9, 1, 1, 0, 0);
INSERT INTO eznode_assignment VALUES (231, 59, 1, 50, 9, 1, 1, 0, 0);
INSERT INTO eznode_assignment VALUES (233, 60, 2, 50, 9, 1, 1, 0, 0);
INSERT INTO eznode_assignment VALUES (234, 61, 1, 50, 9, 1, 1, 0, 0);
INSERT INTO eznode_assignment VALUES (235, 62, 1, 55, 9, 1, 1, 0, 0);
INSERT INTO eznode_assignment VALUES (236, 63, 1, 55, 9, 1, 1, 0, 0);
INSERT INTO eznode_assignment VALUES (239, 66, 1, 62, 9, 1, 1, 0, 0);
INSERT INTO eznode_assignment VALUES (240, 67, 1, 62, 9, 1, 1, 0, 0);
INSERT INTO eznode_assignment VALUES (241, 68, 1, 62, 9, 1, 1, 0, 0);
INSERT INTO eznode_assignment VALUES (242, 69, 1, 62, 9, 1, 1, 0, 0);
INSERT INTO eznode_assignment VALUES (467, 171, 1, 60, 1, 1, 1, 0, 1);
INSERT INTO eznode_assignment VALUES (386, 45, 10, 46, 9, 1, 1, 0, 0);
INSERT INTO eznode_assignment VALUES (470, 173, 1, 61, 1, 1, 1, 0, 0);
INSERT INTO eznode_assignment VALUES (471, 173, 1, 61, 1, 1, 1, 0, 1);
INSERT INTO eznode_assignment VALUES (466, 171, 1, 60, 1, 1, 1, 0, 0);
INSERT INTO eznode_assignment VALUES (463, 112, 2, 2, 9, 1, 1, 0, 0);
INSERT INTO eznode_assignment VALUES (286, 64, 3, 2, 8, 1, 1, 0, 0);
INSERT INTO eznode_assignment VALUES (475, 175, 1, 58, 1, 1, 1, 0, 1);
INSERT INTO eznode_assignment VALUES (417, 1, 2, 1, 9, 1, 1, 0, 0);
INSERT INTO eznode_assignment VALUES (477, 174, 2, 58, 1, 1, 1, 0, 1);
INSERT INTO eznode_assignment VALUES (465, 170, 1, 93, 9, 1, 1, 0, 0);
INSERT INTO eznode_assignment VALUES (474, 175, 1, 58, 1, 1, 1, 0, 0);
INSERT INTO eznode_assignment VALUES (479, 176, 1, 59, 1, 1, 1, 0, 1);
INSERT INTO eznode_assignment VALUES (478, 176, 1, 59, 1, 1, 1, 0, 0);
INSERT INTO eznode_assignment VALUES (308, 113, 1, 93, 9, 1, 1, 0, 0);
INSERT INTO eznode_assignment VALUES (375, 115, 3, 46, 9, 1, 1, 0, 0);
INSERT INTO eznode_assignment VALUES (376, 43, 8, 46, 9, 1, 1, 0, 0);
INSERT INTO eznode_assignment VALUES (378, 116, 2, 46, 9, 1, 1, 0, 0);
INSERT INTO eznode_assignment VALUES (469, 172, 1, 60, 1, 1, 1, 0, 1);
INSERT INTO eznode_assignment VALUES (468, 172, 1, 60, 1, 1, 1, 0, 0);
INSERT INTO eznode_assignment VALUES (452, 165, 1, 141, 1, 1, 1, 0, 0);
INSERT INTO eznode_assignment VALUES (453, 166, 1, 141, 1, 1, 1, 0, 0);
INSERT INTO eznode_assignment VALUES (484, 177, 1, 5, 9, 1, 1, 0, 0);
INSERT INTO eznode_assignment VALUES (486, 10, 2, 155, 9, 1, 1, 5, 0);

















































INSERT INTO ezpolicy VALUES (308, 2, '*', '*', '*');
INSERT INTO ezpolicy VALUES (370, 24, 'create', 'content', ' ');
INSERT INTO ezpolicy VALUES (371, 24, 'create', 'content', ' ');
INSERT INTO ezpolicy VALUES (372, 24, 'create', 'content', ' ');
INSERT INTO ezpolicy VALUES (341, 8, 'read', 'content', '*');
INSERT INTO ezpolicy VALUES (369, 24, 'read', 'content', '*');
INSERT INTO ezpolicy VALUES (339, 1, 'login', 'user', '*');
INSERT INTO ezpolicy VALUES (373, 24, 'create', 'content', ' ');
INSERT INTO ezpolicy VALUES (374, 24, 'edit', 'content', ' ');







INSERT INTO ezpolicy_limitation VALUES (289, 371, 'Class', 0, 'create', 'content');
INSERT INTO ezpolicy_limitation VALUES (290, 371, 'Section', 0, 'create', 'content');
INSERT INTO ezpolicy_limitation VALUES (288, 370, 'Section', 0, 'create', 'content');
INSERT INTO ezpolicy_limitation VALUES (287, 370, 'Class', 0, 'create', 'content');
INSERT INTO ezpolicy_limitation VALUES (291, 372, 'Class', 0, 'create', 'content');
INSERT INTO ezpolicy_limitation VALUES (292, 372, 'Section', 0, 'create', 'content');
INSERT INTO ezpolicy_limitation VALUES (293, 373, 'Class', 0, 'create', 'content');
INSERT INTO ezpolicy_limitation VALUES (294, 373, 'Section', 0, 'create', 'content');
INSERT INTO ezpolicy_limitation VALUES (295, 374, 'Class', 0, 'edit', 'content');







INSERT INTO ezpolicy_limitation_value VALUES (555, 291, '12');
INSERT INTO ezpolicy_limitation_value VALUES (554, 291, '1');
INSERT INTO ezpolicy_limitation_value VALUES (551, 289, '16');
INSERT INTO ezpolicy_limitation_value VALUES (550, 288, '4');
INSERT INTO ezpolicy_limitation_value VALUES (548, 287, '13');
INSERT INTO ezpolicy_limitation_value VALUES (549, 287, '2');
INSERT INTO ezpolicy_limitation_value VALUES (553, 290, '5');
INSERT INTO ezpolicy_limitation_value VALUES (552, 289, '17');
INSERT INTO ezpolicy_limitation_value VALUES (547, 287, '1');
INSERT INTO ezpolicy_limitation_value VALUES (556, 292, '6');
INSERT INTO ezpolicy_limitation_value VALUES (557, 293, '6');
INSERT INTO ezpolicy_limitation_value VALUES (558, 293, '7');
INSERT INTO ezpolicy_limitation_value VALUES (559, 294, '7');
INSERT INTO ezpolicy_limitation_value VALUES (560, 295, '1');
INSERT INTO ezpolicy_limitation_value VALUES (561, 295, '2');
INSERT INTO ezpolicy_limitation_value VALUES (562, 295, '6');
INSERT INTO ezpolicy_limitation_value VALUES (563, 295, '7');
INSERT INTO ezpolicy_limitation_value VALUES (564, 295, '12');
INSERT INTO ezpolicy_limitation_value VALUES (565, 295, '13');
INSERT INTO ezpolicy_limitation_value VALUES (566, 295, '16');
INSERT INTO ezpolicy_limitation_value VALUES (567, 295, '17');
INSERT INTO ezpolicy_limitation_value VALUES (568, 295, '18');



































INSERT INTO ezrole VALUES (1, 0, 'Anonymous', ' ');
INSERT INTO ezrole VALUES (2, 0, 'Administrator', '*');
INSERT INTO ezrole VALUES (8, 0, 'Guest', NULL);
INSERT INTO ezrole VALUES (24, 0, 'Intranet', NULL);







INSERT INTO ezsearch_object_word_link VALUES (11886, 49, 2499, 0, 0, 0, 2499, 1, 1066398020, 4, 4, '', 0);
INSERT INTO ezsearch_object_word_link VALUES (11887, 49, 2499, 0, 1, 2499, 0, 1, 1066398020, 4, 4, '', 0);
INSERT INTO ezsearch_object_word_link VALUES (11888, 59, 2500, 0, 0, 0, 2501, 1, 1066729211, 4, 4, '', 0);
INSERT INTO ezsearch_object_word_link VALUES (11889, 59, 2501, 0, 1, 2500, 2500, 1, 1066729211, 4, 4, '', 0);
INSERT INTO ezsearch_object_word_link VALUES (11890, 59, 2500, 0, 2, 2501, 2501, 1, 1066729211, 4, 4, '', 0);
INSERT INTO ezsearch_object_word_link VALUES (11891, 59, 2501, 0, 3, 2500, 0, 1, 1066729211, 4, 4, '', 0);
INSERT INTO ezsearch_object_word_link VALUES (12246, 60, 2581, 0, 0, 0, 2581, 1, 1066729226, 4, 4, '', 0);
INSERT INTO ezsearch_object_word_link VALUES (12247, 60, 2581, 0, 1, 2581, 0, 1, 1066729226, 4, 4, '', 0);
INSERT INTO ezsearch_object_word_link VALUES (12248, 174, 2582, 0, 0, 0, 2583, 2, 1069773925, 4, 1, '', 0);
INSERT INTO ezsearch_object_word_link VALUES (12249, 174, 2583, 0, 1, 2582, 2584, 2, 1069773925, 4, 1, '', 0);
INSERT INTO ezsearch_object_word_link VALUES (12250, 174, 2584, 0, 2, 2583, 2582, 2, 1069773925, 4, 1, '', 0);
INSERT INTO ezsearch_object_word_link VALUES (12251, 174, 2582, 0, 3, 2584, 2583, 2, 1069773925, 4, 1, '', 0);
INSERT INTO ezsearch_object_word_link VALUES (12252, 174, 2583, 0, 4, 2582, 2584, 2, 1069773925, 4, 1, '', 0);
INSERT INTO ezsearch_object_word_link VALUES (12253, 174, 2584, 0, 5, 2583, 2585, 2, 1069773925, 4, 1, '', 0);
INSERT INTO ezsearch_object_word_link VALUES (12254, 174, 2585, 0, 6, 2584, 2582, 2, 1069773925, 4, 120, '', 0);
INSERT INTO ezsearch_object_word_link VALUES (12255, 174, 2582, 0, 7, 2585, 2583, 2, 1069773925, 4, 120, '', 0);
INSERT INTO ezsearch_object_word_link VALUES (12256, 174, 2583, 0, 8, 2582, 2584, 2, 1069773925, 4, 120, '', 0);
INSERT INTO ezsearch_object_word_link VALUES (12257, 174, 2584, 0, 9, 2583, 2586, 2, 1069773925, 4, 120, '', 0);
INSERT INTO ezsearch_object_word_link VALUES (12258, 174, 2586, 0, 10, 2584, 2587, 2, 1069773925, 4, 120, '', 0);
INSERT INTO ezsearch_object_word_link VALUES (12259, 174, 2587, 0, 11, 2586, 2585, 2, 1069773925, 4, 120, '', 0);
INSERT INTO ezsearch_object_word_link VALUES (12260, 174, 2585, 0, 12, 2587, 2582, 2, 1069773925, 4, 120, '', 0);
INSERT INTO ezsearch_object_word_link VALUES (12261, 174, 2582, 0, 13, 2585, 2583, 2, 1069773925, 4, 120, '', 0);
INSERT INTO ezsearch_object_word_link VALUES (12262, 174, 2583, 0, 14, 2582, 2584, 2, 1069773925, 4, 120, '', 0);
INSERT INTO ezsearch_object_word_link VALUES (12263, 174, 2584, 0, 15, 2583, 2586, 2, 1069773925, 4, 120, '', 0);
INSERT INTO ezsearch_object_word_link VALUES (12264, 174, 2586, 0, 16, 2584, 2587, 2, 1069773925, 4, 120, '', 0);
INSERT INTO ezsearch_object_word_link VALUES (12265, 174, 2587, 0, 17, 2586, 2588, 2, 1069773925, 4, 120, '', 0);
INSERT INTO ezsearch_object_word_link VALUES (12266, 174, 2588, 0, 18, 2587, 2589, 2, 1069773925, 4, 121, '', 0);
INSERT INTO ezsearch_object_word_link VALUES (12267, 174, 2589, 0, 19, 2588, 2590, 2, 1069773925, 4, 121, '', 0);
INSERT INTO ezsearch_object_word_link VALUES (12268, 174, 2590, 0, 20, 2589, 2591, 2, 1069773925, 4, 121, '', 0);
INSERT INTO ezsearch_object_word_link VALUES (12269, 174, 2591, 0, 21, 2590, 2592, 2, 1069773925, 4, 121, '', 0);
INSERT INTO ezsearch_object_word_link VALUES (12270, 174, 2592, 0, 22, 2591, 2593, 2, 1069773925, 4, 121, '', 0);
INSERT INTO ezsearch_object_word_link VALUES (12271, 174, 2593, 0, 23, 2592, 2594, 2, 1069773925, 4, 121, '', 0);
INSERT INTO ezsearch_object_word_link VALUES (12272, 174, 2594, 0, 24, 2593, 2595, 2, 1069773925, 4, 121, '', 0);
INSERT INTO ezsearch_object_word_link VALUES (12273, 174, 2595, 0, 25, 2594, 2596, 2, 1069773925, 4, 121, '', 0);
INSERT INTO ezsearch_object_word_link VALUES (12274, 174, 2596, 0, 26, 2595, 2597, 2, 1069773925, 4, 121, '', 0);
INSERT INTO ezsearch_object_word_link VALUES (12275, 174, 2597, 0, 27, 2596, 2598, 2, 1069773925, 4, 121, '', 0);
INSERT INTO ezsearch_object_word_link VALUES (12276, 174, 2598, 0, 28, 2597, 2599, 2, 1069773925, 4, 121, '', 0);
INSERT INTO ezsearch_object_word_link VALUES (12277, 174, 2599, 0, 29, 2598, 2600, 2, 1069773925, 4, 121, '', 0);
INSERT INTO ezsearch_object_word_link VALUES (12278, 174, 2600, 0, 30, 2599, 2601, 2, 1069773925, 4, 121, '', 0);
INSERT INTO ezsearch_object_word_link VALUES (12279, 174, 2601, 0, 31, 2600, 2602, 2, 1069773925, 4, 121, '', 0);
INSERT INTO ezsearch_object_word_link VALUES (12280, 174, 2602, 0, 32, 2601, 2603, 2, 1069773925, 4, 121, '', 0);
INSERT INTO ezsearch_object_word_link VALUES (12281, 174, 2603, 0, 33, 2602, 2604, 2, 1069773925, 4, 121, '', 0);
INSERT INTO ezsearch_object_word_link VALUES (12282, 174, 2604, 0, 34, 2603, 2605, 2, 1069773925, 4, 121, '', 0);
INSERT INTO ezsearch_object_word_link VALUES (12283, 174, 2605, 0, 35, 2604, 2606, 2, 1069773925, 4, 121, '', 0);
INSERT INTO ezsearch_object_word_link VALUES (12284, 174, 2606, 0, 36, 2605, 2607, 2, 1069773925, 4, 121, '', 0);
INSERT INTO ezsearch_object_word_link VALUES (12285, 174, 2607, 0, 37, 2606, 2608, 2, 1069773925, 4, 121, '', 0);
INSERT INTO ezsearch_object_word_link VALUES (12286, 174, 2608, 0, 38, 2607, 2602, 2, 1069773925, 4, 121, '', 0);
INSERT INTO ezsearch_object_word_link VALUES (12287, 174, 2602, 0, 39, 2608, 2609, 2, 1069773925, 4, 121, '', 0);
INSERT INTO ezsearch_object_word_link VALUES (12288, 174, 2609, 0, 40, 2602, 2610, 2, 1069773925, 4, 121, '', 0);
INSERT INTO ezsearch_object_word_link VALUES (12289, 174, 2610, 0, 41, 2609, 2611, 2, 1069773925, 4, 121, '', 0);
INSERT INTO ezsearch_object_word_link VALUES (12290, 174, 2611, 0, 42, 2610, 2612, 2, 1069773925, 4, 121, '', 0);
INSERT INTO ezsearch_object_word_link VALUES (12291, 174, 2612, 0, 43, 2611, 2613, 2, 1069773925, 4, 121, '', 0);
INSERT INTO ezsearch_object_word_link VALUES (12292, 174, 2613, 0, 44, 2612, 2614, 2, 1069773925, 4, 121, '', 0);
INSERT INTO ezsearch_object_word_link VALUES (12293, 174, 2614, 0, 45, 2613, 2615, 2, 1069773925, 4, 121, '', 0);
INSERT INTO ezsearch_object_word_link VALUES (12294, 174, 2615, 0, 46, 2614, 2616, 2, 1069773925, 4, 121, '', 0);
INSERT INTO ezsearch_object_word_link VALUES (12295, 174, 2616, 0, 47, 2615, 2617, 2, 1069773925, 4, 121, '', 0);
INSERT INTO ezsearch_object_word_link VALUES (12296, 174, 2617, 0, 48, 2616, 2618, 2, 1069773925, 4, 121, '', 0);
INSERT INTO ezsearch_object_word_link VALUES (12297, 174, 2618, 0, 49, 2617, 2619, 2, 1069773925, 4, 121, '', 0);
INSERT INTO ezsearch_object_word_link VALUES (12298, 174, 2619, 0, 50, 2618, 2620, 2, 1069773925, 4, 121, '', 0);
INSERT INTO ezsearch_object_word_link VALUES (12299, 174, 2620, 0, 51, 2619, 2621, 2, 1069773925, 4, 121, '', 0);
INSERT INTO ezsearch_object_word_link VALUES (12300, 174, 2621, 0, 52, 2620, 2602, 2, 1069773925, 4, 121, '', 0);
INSERT INTO ezsearch_object_word_link VALUES (12301, 174, 2602, 0, 53, 2621, 2622, 2, 1069773925, 4, 121, '', 0);
INSERT INTO ezsearch_object_word_link VALUES (12302, 174, 2622, 0, 54, 2602, 2623, 2, 1069773925, 4, 121, '', 0);
INSERT INTO ezsearch_object_word_link VALUES (12303, 174, 2623, 0, 55, 2622, 2624, 2, 1069773925, 4, 121, '', 0);
INSERT INTO ezsearch_object_word_link VALUES (12304, 174, 2624, 0, 56, 2623, 2625, 2, 1069773925, 4, 121, '', 0);
INSERT INTO ezsearch_object_word_link VALUES (12305, 174, 2625, 0, 57, 2624, 2626, 2, 1069773925, 4, 121, '', 0);
INSERT INTO ezsearch_object_word_link VALUES (12306, 174, 2626, 0, 58, 2625, 2627, 2, 1069773925, 4, 121, '', 0);
INSERT INTO ezsearch_object_word_link VALUES (12307, 174, 2627, 0, 59, 2626, 2628, 2, 1069773925, 4, 121, '', 0);
INSERT INTO ezsearch_object_word_link VALUES (12308, 174, 2628, 0, 60, 2627, 2629, 2, 1069773925, 4, 121, '', 0);
INSERT INTO ezsearch_object_word_link VALUES (12309, 174, 2629, 0, 61, 2628, 2630, 2, 1069773925, 4, 121, '', 0);
INSERT INTO ezsearch_object_word_link VALUES (12310, 174, 2630, 0, 62, 2629, 2631, 2, 1069773925, 4, 121, '', 0);
INSERT INTO ezsearch_object_word_link VALUES (12311, 174, 2631, 0, 63, 2630, 2590, 2, 1069773925, 4, 121, '', 0);
INSERT INTO ezsearch_object_word_link VALUES (12312, 174, 2590, 0, 64, 2631, 2632, 2, 1069773925, 4, 121, '', 0);
INSERT INTO ezsearch_object_word_link VALUES (12313, 174, 2632, 0, 65, 2590, 2633, 2, 1069773925, 4, 121, '', 0);
INSERT INTO ezsearch_object_word_link VALUES (12314, 174, 2633, 0, 66, 2632, 2632, 2, 1069773925, 4, 121, '', 0);
INSERT INTO ezsearch_object_word_link VALUES (12315, 174, 2632, 0, 67, 2633, 2634, 2, 1069773925, 4, 121, '', 0);
INSERT INTO ezsearch_object_word_link VALUES (12316, 174, 2634, 0, 68, 2632, 2635, 2, 1069773925, 4, 121, '', 0);
INSERT INTO ezsearch_object_word_link VALUES (12317, 174, 2635, 0, 69, 2634, 2636, 2, 1069773925, 4, 121, '', 0);
INSERT INTO ezsearch_object_word_link VALUES (12318, 174, 2636, 0, 70, 2635, 2637, 2, 1069773925, 4, 121, '', 0);
INSERT INTO ezsearch_object_word_link VALUES (12319, 174, 2637, 0, 71, 2636, 2626, 2, 1069773925, 4, 121, '', 0);
INSERT INTO ezsearch_object_word_link VALUES (12320, 174, 2626, 0, 72, 2637, 2629, 2, 1069773925, 4, 121, '', 0);
INSERT INTO ezsearch_object_word_link VALUES (12321, 174, 2629, 0, 73, 2626, 2638, 2, 1069773925, 4, 121, '', 0);
INSERT INTO ezsearch_object_word_link VALUES (12322, 174, 2638, 0, 74, 2629, 2604, 2, 1069773925, 4, 121, '', 0);
INSERT INTO ezsearch_object_word_link VALUES (12323, 174, 2604, 0, 75, 2638, 2639, 2, 1069773925, 4, 121, '', 0);
INSERT INTO ezsearch_object_word_link VALUES (12324, 174, 2639, 0, 76, 2604, 2640, 2, 1069773925, 4, 121, '', 0);
INSERT INTO ezsearch_object_word_link VALUES (12325, 174, 2640, 0, 77, 2639, 2641, 2, 1069773925, 4, 121, '', 0);
INSERT INTO ezsearch_object_word_link VALUES (12326, 174, 2641, 0, 78, 2640, 2642, 2, 1069773925, 4, 121, '', 0);
INSERT INTO ezsearch_object_word_link VALUES (12327, 174, 2642, 0, 79, 2641, 2643, 2, 1069773925, 4, 121, '', 0);
INSERT INTO ezsearch_object_word_link VALUES (12328, 174, 2643, 0, 80, 2642, 2644, 2, 1069773925, 4, 121, '', 0);
INSERT INTO ezsearch_object_word_link VALUES (12329, 174, 2644, 0, 81, 2643, 2645, 2, 1069773925, 4, 121, '', 0);
INSERT INTO ezsearch_object_word_link VALUES (12330, 174, 2645, 0, 82, 2644, 2646, 2, 1069773925, 4, 121, '', 0);
INSERT INTO ezsearch_object_word_link VALUES (12331, 174, 2646, 0, 83, 2645, 2647, 2, 1069773925, 4, 121, '', 0);
INSERT INTO ezsearch_object_word_link VALUES (12332, 174, 2647, 0, 84, 2646, 2646, 2, 1069773925, 4, 121, '', 0);
INSERT INTO ezsearch_object_word_link VALUES (12333, 174, 2646, 0, 85, 2647, 2648, 2, 1069773925, 4, 121, '', 0);
INSERT INTO ezsearch_object_word_link VALUES (12334, 174, 2648, 0, 86, 2646, 2649, 2, 1069773925, 4, 121, '', 0);
INSERT INTO ezsearch_object_word_link VALUES (12335, 174, 2649, 0, 87, 2648, 2650, 2, 1069773925, 4, 121, '', 0);
INSERT INTO ezsearch_object_word_link VALUES (12336, 174, 2650, 0, 88, 2649, 2651, 2, 1069773925, 4, 121, '', 0);
INSERT INTO ezsearch_object_word_link VALUES (12337, 174, 2651, 0, 89, 2650, 2652, 2, 1069773925, 4, 121, '', 0);
INSERT INTO ezsearch_object_word_link VALUES (12338, 174, 2652, 0, 90, 2651, 2653, 2, 1069773925, 4, 121, '', 0);
INSERT INTO ezsearch_object_word_link VALUES (12339, 174, 2653, 0, 91, 2652, 2654, 2, 1069773925, 4, 121, '', 0);
INSERT INTO ezsearch_object_word_link VALUES (12340, 174, 2654, 0, 92, 2653, 2655, 2, 1069773925, 4, 121, '', 0);
INSERT INTO ezsearch_object_word_link VALUES (12341, 174, 2655, 0, 93, 2654, 2656, 2, 1069773925, 4, 121, '', 0);
INSERT INTO ezsearch_object_word_link VALUES (12342, 174, 2656, 0, 94, 2655, 2657, 2, 1069773925, 4, 121, '', 0);
INSERT INTO ezsearch_object_word_link VALUES (12343, 174, 2657, 0, 95, 2656, 2627, 2, 1069773925, 4, 121, '', 0);
INSERT INTO ezsearch_object_word_link VALUES (12344, 174, 2627, 0, 96, 2657, 2604, 2, 1069773925, 4, 121, '', 0);
INSERT INTO ezsearch_object_word_link VALUES (12345, 174, 2604, 0, 97, 2627, 2658, 2, 1069773925, 4, 121, '', 0);
INSERT INTO ezsearch_object_word_link VALUES (12346, 174, 2658, 0, 98, 2604, 2659, 2, 1069773925, 4, 121, '', 0);
INSERT INTO ezsearch_object_word_link VALUES (12347, 174, 2659, 0, 99, 2658, 2641, 2, 1069773925, 4, 121, '', 0);
INSERT INTO ezsearch_object_word_link VALUES (12348, 174, 2641, 0, 100, 2659, 2660, 2, 1069773925, 4, 121, '', 0);
INSERT INTO ezsearch_object_word_link VALUES (12349, 174, 2660, 0, 101, 2641, 2588, 2, 1069773925, 4, 121, '', 0);
INSERT INTO ezsearch_object_word_link VALUES (12350, 174, 2588, 0, 102, 2660, 2589, 2, 1069773925, 4, 121, '', 0);
INSERT INTO ezsearch_object_word_link VALUES (12351, 174, 2589, 0, 103, 2588, 2590, 2, 1069773925, 4, 121, '', 0);
INSERT INTO ezsearch_object_word_link VALUES (12352, 174, 2590, 0, 104, 2589, 2591, 2, 1069773925, 4, 121, '', 0);
INSERT INTO ezsearch_object_word_link VALUES (12353, 174, 2591, 0, 105, 2590, 2592, 2, 1069773925, 4, 121, '', 0);
INSERT INTO ezsearch_object_word_link VALUES (12354, 174, 2592, 0, 106, 2591, 2593, 2, 1069773925, 4, 121, '', 0);
INSERT INTO ezsearch_object_word_link VALUES (12355, 174, 2593, 0, 107, 2592, 2594, 2, 1069773925, 4, 121, '', 0);
INSERT INTO ezsearch_object_word_link VALUES (12356, 174, 2594, 0, 108, 2593, 2595, 2, 1069773925, 4, 121, '', 0);
INSERT INTO ezsearch_object_word_link VALUES (12357, 174, 2595, 0, 109, 2594, 2596, 2, 1069773925, 4, 121, '', 0);
INSERT INTO ezsearch_object_word_link VALUES (12358, 174, 2596, 0, 110, 2595, 2597, 2, 1069773925, 4, 121, '', 0);
INSERT INTO ezsearch_object_word_link VALUES (12359, 174, 2597, 0, 111, 2596, 2598, 2, 1069773925, 4, 121, '', 0);
INSERT INTO ezsearch_object_word_link VALUES (12360, 174, 2598, 0, 112, 2597, 2599, 2, 1069773925, 4, 121, '', 0);
INSERT INTO ezsearch_object_word_link VALUES (12361, 174, 2599, 0, 113, 2598, 2600, 2, 1069773925, 4, 121, '', 0);
INSERT INTO ezsearch_object_word_link VALUES (12362, 174, 2600, 0, 114, 2599, 2601, 2, 1069773925, 4, 121, '', 0);
INSERT INTO ezsearch_object_word_link VALUES (12363, 174, 2601, 0, 115, 2600, 2602, 2, 1069773925, 4, 121, '', 0);
INSERT INTO ezsearch_object_word_link VALUES (12364, 174, 2602, 0, 116, 2601, 2603, 2, 1069773925, 4, 121, '', 0);
INSERT INTO ezsearch_object_word_link VALUES (12365, 174, 2603, 0, 117, 2602, 2604, 2, 1069773925, 4, 121, '', 0);
INSERT INTO ezsearch_object_word_link VALUES (12366, 174, 2604, 0, 118, 2603, 2605, 2, 1069773925, 4, 121, '', 0);
INSERT INTO ezsearch_object_word_link VALUES (12367, 174, 2605, 0, 119, 2604, 2606, 2, 1069773925, 4, 121, '', 0);
INSERT INTO ezsearch_object_word_link VALUES (12368, 174, 2606, 0, 120, 2605, 2607, 2, 1069773925, 4, 121, '', 0);
INSERT INTO ezsearch_object_word_link VALUES (12369, 174, 2607, 0, 121, 2606, 2608, 2, 1069773925, 4, 121, '', 0);
INSERT INTO ezsearch_object_word_link VALUES (12370, 174, 2608, 0, 122, 2607, 2602, 2, 1069773925, 4, 121, '', 0);
INSERT INTO ezsearch_object_word_link VALUES (12371, 174, 2602, 0, 123, 2608, 2609, 2, 1069773925, 4, 121, '', 0);
INSERT INTO ezsearch_object_word_link VALUES (12372, 174, 2609, 0, 124, 2602, 2610, 2, 1069773925, 4, 121, '', 0);
INSERT INTO ezsearch_object_word_link VALUES (12373, 174, 2610, 0, 125, 2609, 2611, 2, 1069773925, 4, 121, '', 0);
INSERT INTO ezsearch_object_word_link VALUES (12374, 174, 2611, 0, 126, 2610, 2612, 2, 1069773925, 4, 121, '', 0);
INSERT INTO ezsearch_object_word_link VALUES (12375, 174, 2612, 0, 127, 2611, 2613, 2, 1069773925, 4, 121, '', 0);
INSERT INTO ezsearch_object_word_link VALUES (12376, 174, 2613, 0, 128, 2612, 2614, 2, 1069773925, 4, 121, '', 0);
INSERT INTO ezsearch_object_word_link VALUES (12377, 174, 2614, 0, 129, 2613, 2615, 2, 1069773925, 4, 121, '', 0);
INSERT INTO ezsearch_object_word_link VALUES (12378, 174, 2615, 0, 130, 2614, 2616, 2, 1069773925, 4, 121, '', 0);
INSERT INTO ezsearch_object_word_link VALUES (12379, 174, 2616, 0, 131, 2615, 2617, 2, 1069773925, 4, 121, '', 0);
INSERT INTO ezsearch_object_word_link VALUES (12380, 174, 2617, 0, 132, 2616, 2618, 2, 1069773925, 4, 121, '', 0);
INSERT INTO ezsearch_object_word_link VALUES (12381, 174, 2618, 0, 133, 2617, 2619, 2, 1069773925, 4, 121, '', 0);
INSERT INTO ezsearch_object_word_link VALUES (12382, 174, 2619, 0, 134, 2618, 2620, 2, 1069773925, 4, 121, '', 0);
INSERT INTO ezsearch_object_word_link VALUES (12383, 174, 2620, 0, 135, 2619, 2621, 2, 1069773925, 4, 121, '', 0);
INSERT INTO ezsearch_object_word_link VALUES (12384, 174, 2621, 0, 136, 2620, 2602, 2, 1069773925, 4, 121, '', 0);
INSERT INTO ezsearch_object_word_link VALUES (12385, 174, 2602, 0, 137, 2621, 2622, 2, 1069773925, 4, 121, '', 0);
INSERT INTO ezsearch_object_word_link VALUES (12386, 174, 2622, 0, 138, 2602, 2623, 2, 1069773925, 4, 121, '', 0);
INSERT INTO ezsearch_object_word_link VALUES (12387, 174, 2623, 0, 139, 2622, 2624, 2, 1069773925, 4, 121, '', 0);
INSERT INTO ezsearch_object_word_link VALUES (12388, 174, 2624, 0, 140, 2623, 2625, 2, 1069773925, 4, 121, '', 0);
INSERT INTO ezsearch_object_word_link VALUES (12389, 174, 2625, 0, 141, 2624, 2626, 2, 1069773925, 4, 121, '', 0);
INSERT INTO ezsearch_object_word_link VALUES (12390, 174, 2626, 0, 142, 2625, 2627, 2, 1069773925, 4, 121, '', 0);
INSERT INTO ezsearch_object_word_link VALUES (12391, 174, 2627, 0, 143, 2626, 2628, 2, 1069773925, 4, 121, '', 0);
INSERT INTO ezsearch_object_word_link VALUES (12392, 174, 2628, 0, 144, 2627, 2629, 2, 1069773925, 4, 121, '', 0);
INSERT INTO ezsearch_object_word_link VALUES (12393, 174, 2629, 0, 145, 2628, 2630, 2, 1069773925, 4, 121, '', 0);
INSERT INTO ezsearch_object_word_link VALUES (12394, 174, 2630, 0, 146, 2629, 2631, 2, 1069773925, 4, 121, '', 0);
INSERT INTO ezsearch_object_word_link VALUES (12395, 174, 2631, 0, 147, 2630, 2590, 2, 1069773925, 4, 121, '', 0);
INSERT INTO ezsearch_object_word_link VALUES (12396, 174, 2590, 0, 148, 2631, 2632, 2, 1069773925, 4, 121, '', 0);
INSERT INTO ezsearch_object_word_link VALUES (12397, 174, 2632, 0, 149, 2590, 2633, 2, 1069773925, 4, 121, '', 0);
INSERT INTO ezsearch_object_word_link VALUES (12398, 174, 2633, 0, 150, 2632, 2632, 2, 1069773925, 4, 121, '', 0);
INSERT INTO ezsearch_object_word_link VALUES (12399, 174, 2632, 0, 151, 2633, 2634, 2, 1069773925, 4, 121, '', 0);
INSERT INTO ezsearch_object_word_link VALUES (12400, 174, 2634, 0, 152, 2632, 2635, 2, 1069773925, 4, 121, '', 0);
INSERT INTO ezsearch_object_word_link VALUES (12401, 174, 2635, 0, 153, 2634, 2636, 2, 1069773925, 4, 121, '', 0);
INSERT INTO ezsearch_object_word_link VALUES (12402, 174, 2636, 0, 154, 2635, 2637, 2, 1069773925, 4, 121, '', 0);
INSERT INTO ezsearch_object_word_link VALUES (12403, 174, 2637, 0, 155, 2636, 2626, 2, 1069773925, 4, 121, '', 0);
INSERT INTO ezsearch_object_word_link VALUES (12404, 174, 2626, 0, 156, 2637, 2629, 2, 1069773925, 4, 121, '', 0);
INSERT INTO ezsearch_object_word_link VALUES (12405, 174, 2629, 0, 157, 2626, 2638, 2, 1069773925, 4, 121, '', 0);
INSERT INTO ezsearch_object_word_link VALUES (12406, 174, 2638, 0, 158, 2629, 2604, 2, 1069773925, 4, 121, '', 0);
INSERT INTO ezsearch_object_word_link VALUES (12407, 174, 2604, 0, 159, 2638, 2639, 2, 1069773925, 4, 121, '', 0);
INSERT INTO ezsearch_object_word_link VALUES (12408, 174, 2639, 0, 160, 2604, 2640, 2, 1069773925, 4, 121, '', 0);
INSERT INTO ezsearch_object_word_link VALUES (12409, 174, 2640, 0, 161, 2639, 2641, 2, 1069773925, 4, 121, '', 0);
INSERT INTO ezsearch_object_word_link VALUES (12410, 174, 2641, 0, 162, 2640, 2642, 2, 1069773925, 4, 121, '', 0);
INSERT INTO ezsearch_object_word_link VALUES (12411, 174, 2642, 0, 163, 2641, 2643, 2, 1069773925, 4, 121, '', 0);
INSERT INTO ezsearch_object_word_link VALUES (12412, 174, 2643, 0, 164, 2642, 2644, 2, 1069773925, 4, 121, '', 0);
INSERT INTO ezsearch_object_word_link VALUES (12413, 174, 2644, 0, 165, 2643, 2645, 2, 1069773925, 4, 121, '', 0);
INSERT INTO ezsearch_object_word_link VALUES (12414, 174, 2645, 0, 166, 2644, 2646, 2, 1069773925, 4, 121, '', 0);
INSERT INTO ezsearch_object_word_link VALUES (12415, 174, 2646, 0, 167, 2645, 2647, 2, 1069773925, 4, 121, '', 0);
INSERT INTO ezsearch_object_word_link VALUES (12416, 174, 2647, 0, 168, 2646, 2646, 2, 1069773925, 4, 121, '', 0);
INSERT INTO ezsearch_object_word_link VALUES (12417, 174, 2646, 0, 169, 2647, 2648, 2, 1069773925, 4, 121, '', 0);
INSERT INTO ezsearch_object_word_link VALUES (12418, 174, 2648, 0, 170, 2646, 2649, 2, 1069773925, 4, 121, '', 0);
INSERT INTO ezsearch_object_word_link VALUES (12419, 174, 2649, 0, 171, 2648, 2650, 2, 1069773925, 4, 121, '', 0);
INSERT INTO ezsearch_object_word_link VALUES (12420, 174, 2650, 0, 172, 2649, 2651, 2, 1069773925, 4, 121, '', 0);
INSERT INTO ezsearch_object_word_link VALUES (12421, 174, 2651, 0, 173, 2650, 2652, 2, 1069773925, 4, 121, '', 0);
INSERT INTO ezsearch_object_word_link VALUES (12422, 174, 2652, 0, 174, 2651, 2653, 2, 1069773925, 4, 121, '', 0);
INSERT INTO ezsearch_object_word_link VALUES (12423, 174, 2653, 0, 175, 2652, 2654, 2, 1069773925, 4, 121, '', 0);
INSERT INTO ezsearch_object_word_link VALUES (12424, 174, 2654, 0, 176, 2653, 2655, 2, 1069773925, 4, 121, '', 0);
INSERT INTO ezsearch_object_word_link VALUES (12425, 174, 2655, 0, 177, 2654, 2656, 2, 1069773925, 4, 121, '', 0);
INSERT INTO ezsearch_object_word_link VALUES (12426, 174, 2656, 0, 178, 2655, 2657, 2, 1069773925, 4, 121, '', 0);
INSERT INTO ezsearch_object_word_link VALUES (12427, 174, 2657, 0, 179, 2656, 2627, 2, 1069773925, 4, 121, '', 0);
INSERT INTO ezsearch_object_word_link VALUES (12428, 174, 2627, 0, 180, 2657, 2604, 2, 1069773925, 4, 121, '', 0);
INSERT INTO ezsearch_object_word_link VALUES (12429, 174, 2604, 0, 181, 2627, 2658, 2, 1069773925, 4, 121, '', 0);
INSERT INTO ezsearch_object_word_link VALUES (12430, 174, 2658, 0, 182, 2604, 2659, 2, 1069773925, 4, 121, '', 0);
INSERT INTO ezsearch_object_word_link VALUES (12431, 174, 2659, 0, 183, 2658, 2641, 2, 1069773925, 4, 121, '', 0);
INSERT INTO ezsearch_object_word_link VALUES (12432, 174, 2641, 0, 184, 2659, 2660, 2, 1069773925, 4, 121, '', 0);
INSERT INTO ezsearch_object_word_link VALUES (12433, 174, 2660, 0, 185, 2641, 2588, 2, 1069773925, 4, 121, '', 0);
INSERT INTO ezsearch_object_word_link VALUES (12434, 174, 2588, 0, 186, 2660, 2589, 2, 1069773925, 4, 121, '', 0);
INSERT INTO ezsearch_object_word_link VALUES (12435, 174, 2589, 0, 187, 2588, 2590, 2, 1069773925, 4, 121, '', 0);
INSERT INTO ezsearch_object_word_link VALUES (12436, 174, 2590, 0, 188, 2589, 2591, 2, 1069773925, 4, 121, '', 0);
INSERT INTO ezsearch_object_word_link VALUES (12437, 174, 2591, 0, 189, 2590, 2592, 2, 1069773925, 4, 121, '', 0);
INSERT INTO ezsearch_object_word_link VALUES (12438, 174, 2592, 0, 190, 2591, 2593, 2, 1069773925, 4, 121, '', 0);
INSERT INTO ezsearch_object_word_link VALUES (12439, 174, 2593, 0, 191, 2592, 2594, 2, 1069773925, 4, 121, '', 0);
INSERT INTO ezsearch_object_word_link VALUES (12440, 174, 2594, 0, 192, 2593, 2595, 2, 1069773925, 4, 121, '', 0);
INSERT INTO ezsearch_object_word_link VALUES (12441, 174, 2595, 0, 193, 2594, 2596, 2, 1069773925, 4, 121, '', 0);
INSERT INTO ezsearch_object_word_link VALUES (12442, 174, 2596, 0, 194, 2595, 2597, 2, 1069773925, 4, 121, '', 0);
INSERT INTO ezsearch_object_word_link VALUES (12443, 174, 2597, 0, 195, 2596, 2598, 2, 1069773925, 4, 121, '', 0);
INSERT INTO ezsearch_object_word_link VALUES (12444, 174, 2598, 0, 196, 2597, 2599, 2, 1069773925, 4, 121, '', 0);
INSERT INTO ezsearch_object_word_link VALUES (12445, 174, 2599, 0, 197, 2598, 2600, 2, 1069773925, 4, 121, '', 0);
INSERT INTO ezsearch_object_word_link VALUES (12446, 174, 2600, 0, 198, 2599, 2601, 2, 1069773925, 4, 121, '', 0);
INSERT INTO ezsearch_object_word_link VALUES (12447, 174, 2601, 0, 199, 2600, 2602, 2, 1069773925, 4, 121, '', 0);
INSERT INTO ezsearch_object_word_link VALUES (12448, 174, 2602, 0, 200, 2601, 2603, 2, 1069773925, 4, 121, '', 0);
INSERT INTO ezsearch_object_word_link VALUES (12449, 174, 2603, 0, 201, 2602, 2604, 2, 1069773925, 4, 121, '', 0);
INSERT INTO ezsearch_object_word_link VALUES (12450, 174, 2604, 0, 202, 2603, 2605, 2, 1069773925, 4, 121, '', 0);
INSERT INTO ezsearch_object_word_link VALUES (12451, 174, 2605, 0, 203, 2604, 2606, 2, 1069773925, 4, 121, '', 0);
INSERT INTO ezsearch_object_word_link VALUES (12452, 174, 2606, 0, 204, 2605, 2607, 2, 1069773925, 4, 121, '', 0);
INSERT INTO ezsearch_object_word_link VALUES (12453, 174, 2607, 0, 205, 2606, 2608, 2, 1069773925, 4, 121, '', 0);
INSERT INTO ezsearch_object_word_link VALUES (12454, 174, 2608, 0, 206, 2607, 2602, 2, 1069773925, 4, 121, '', 0);
INSERT INTO ezsearch_object_word_link VALUES (12455, 174, 2602, 0, 207, 2608, 2609, 2, 1069773925, 4, 121, '', 0);
INSERT INTO ezsearch_object_word_link VALUES (12456, 174, 2609, 0, 208, 2602, 2610, 2, 1069773925, 4, 121, '', 0);
INSERT INTO ezsearch_object_word_link VALUES (12457, 174, 2610, 0, 209, 2609, 2611, 2, 1069773925, 4, 121, '', 0);
INSERT INTO ezsearch_object_word_link VALUES (12458, 174, 2611, 0, 210, 2610, 2612, 2, 1069773925, 4, 121, '', 0);
INSERT INTO ezsearch_object_word_link VALUES (12459, 174, 2612, 0, 211, 2611, 2613, 2, 1069773925, 4, 121, '', 0);
INSERT INTO ezsearch_object_word_link VALUES (12460, 174, 2613, 0, 212, 2612, 2614, 2, 1069773925, 4, 121, '', 0);
INSERT INTO ezsearch_object_word_link VALUES (12461, 174, 2614, 0, 213, 2613, 2615, 2, 1069773925, 4, 121, '', 0);
INSERT INTO ezsearch_object_word_link VALUES (12462, 174, 2615, 0, 214, 2614, 2616, 2, 1069773925, 4, 121, '', 0);
INSERT INTO ezsearch_object_word_link VALUES (12463, 174, 2616, 0, 215, 2615, 2617, 2, 1069773925, 4, 121, '', 0);
INSERT INTO ezsearch_object_word_link VALUES (12464, 174, 2617, 0, 216, 2616, 2618, 2, 1069773925, 4, 121, '', 0);
INSERT INTO ezsearch_object_word_link VALUES (12465, 174, 2618, 0, 217, 2617, 2619, 2, 1069773925, 4, 121, '', 0);
INSERT INTO ezsearch_object_word_link VALUES (12466, 174, 2619, 0, 218, 2618, 2620, 2, 1069773925, 4, 121, '', 0);
INSERT INTO ezsearch_object_word_link VALUES (12467, 174, 2620, 0, 219, 2619, 2621, 2, 1069773925, 4, 121, '', 0);
INSERT INTO ezsearch_object_word_link VALUES (12468, 174, 2621, 0, 220, 2620, 2602, 2, 1069773925, 4, 121, '', 0);
INSERT INTO ezsearch_object_word_link VALUES (12469, 174, 2602, 0, 221, 2621, 2622, 2, 1069773925, 4, 121, '', 0);
INSERT INTO ezsearch_object_word_link VALUES (12470, 174, 2622, 0, 222, 2602, 2623, 2, 1069773925, 4, 121, '', 0);
INSERT INTO ezsearch_object_word_link VALUES (12471, 174, 2623, 0, 223, 2622, 2624, 2, 1069773925, 4, 121, '', 0);
INSERT INTO ezsearch_object_word_link VALUES (12472, 174, 2624, 0, 224, 2623, 2625, 2, 1069773925, 4, 121, '', 0);
INSERT INTO ezsearch_object_word_link VALUES (12473, 174, 2625, 0, 225, 2624, 2626, 2, 1069773925, 4, 121, '', 0);
INSERT INTO ezsearch_object_word_link VALUES (12474, 174, 2626, 0, 226, 2625, 2627, 2, 1069773925, 4, 121, '', 0);
INSERT INTO ezsearch_object_word_link VALUES (12475, 174, 2627, 0, 227, 2626, 2628, 2, 1069773925, 4, 121, '', 0);
INSERT INTO ezsearch_object_word_link VALUES (12476, 174, 2628, 0, 228, 2627, 2629, 2, 1069773925, 4, 121, '', 0);
INSERT INTO ezsearch_object_word_link VALUES (12477, 174, 2629, 0, 229, 2628, 2630, 2, 1069773925, 4, 121, '', 0);
INSERT INTO ezsearch_object_word_link VALUES (12478, 174, 2630, 0, 230, 2629, 2631, 2, 1069773925, 4, 121, '', 0);
INSERT INTO ezsearch_object_word_link VALUES (12479, 174, 2631, 0, 231, 2630, 2590, 2, 1069773925, 4, 121, '', 0);
INSERT INTO ezsearch_object_word_link VALUES (12480, 174, 2590, 0, 232, 2631, 2632, 2, 1069773925, 4, 121, '', 0);
INSERT INTO ezsearch_object_word_link VALUES (12481, 174, 2632, 0, 233, 2590, 2633, 2, 1069773925, 4, 121, '', 0);
INSERT INTO ezsearch_object_word_link VALUES (12482, 174, 2633, 0, 234, 2632, 2632, 2, 1069773925, 4, 121, '', 0);
INSERT INTO ezsearch_object_word_link VALUES (12483, 174, 2632, 0, 235, 2633, 2634, 2, 1069773925, 4, 121, '', 0);
INSERT INTO ezsearch_object_word_link VALUES (12484, 174, 2634, 0, 236, 2632, 2635, 2, 1069773925, 4, 121, '', 0);
INSERT INTO ezsearch_object_word_link VALUES (12485, 174, 2635, 0, 237, 2634, 2636, 2, 1069773925, 4, 121, '', 0);
INSERT INTO ezsearch_object_word_link VALUES (12486, 174, 2636, 0, 238, 2635, 2637, 2, 1069773925, 4, 121, '', 0);
INSERT INTO ezsearch_object_word_link VALUES (12487, 174, 2637, 0, 239, 2636, 2626, 2, 1069773925, 4, 121, '', 0);
INSERT INTO ezsearch_object_word_link VALUES (12488, 174, 2626, 0, 240, 2637, 2629, 2, 1069773925, 4, 121, '', 0);
INSERT INTO ezsearch_object_word_link VALUES (12489, 174, 2629, 0, 241, 2626, 2638, 2, 1069773925, 4, 121, '', 0);
INSERT INTO ezsearch_object_word_link VALUES (12490, 174, 2638, 0, 242, 2629, 2604, 2, 1069773925, 4, 121, '', 0);
INSERT INTO ezsearch_object_word_link VALUES (12491, 174, 2604, 0, 243, 2638, 2639, 2, 1069773925, 4, 121, '', 0);
INSERT INTO ezsearch_object_word_link VALUES (12492, 174, 2639, 0, 244, 2604, 2640, 2, 1069773925, 4, 121, '', 0);
INSERT INTO ezsearch_object_word_link VALUES (12493, 174, 2640, 0, 245, 2639, 2641, 2, 1069773925, 4, 121, '', 0);
INSERT INTO ezsearch_object_word_link VALUES (12494, 174, 2641, 0, 246, 2640, 2642, 2, 1069773925, 4, 121, '', 0);
INSERT INTO ezsearch_object_word_link VALUES (12495, 174, 2642, 0, 247, 2641, 2643, 2, 1069773925, 4, 121, '', 0);
INSERT INTO ezsearch_object_word_link VALUES (12496, 174, 2643, 0, 248, 2642, 2644, 2, 1069773925, 4, 121, '', 0);
INSERT INTO ezsearch_object_word_link VALUES (12497, 174, 2644, 0, 249, 2643, 2645, 2, 1069773925, 4, 121, '', 0);
INSERT INTO ezsearch_object_word_link VALUES (12498, 174, 2645, 0, 250, 2644, 2646, 2, 1069773925, 4, 121, '', 0);
INSERT INTO ezsearch_object_word_link VALUES (12499, 174, 2646, 0, 251, 2645, 2647, 2, 1069773925, 4, 121, '', 0);
INSERT INTO ezsearch_object_word_link VALUES (12500, 174, 2647, 0, 252, 2646, 2646, 2, 1069773925, 4, 121, '', 0);
INSERT INTO ezsearch_object_word_link VALUES (12501, 174, 2646, 0, 253, 2647, 2648, 2, 1069773925, 4, 121, '', 0);
INSERT INTO ezsearch_object_word_link VALUES (12502, 174, 2648, 0, 254, 2646, 2649, 2, 1069773925, 4, 121, '', 0);
INSERT INTO ezsearch_object_word_link VALUES (12503, 174, 2649, 0, 255, 2648, 2650, 2, 1069773925, 4, 121, '', 0);
INSERT INTO ezsearch_object_word_link VALUES (12504, 174, 2650, 0, 256, 2649, 2651, 2, 1069773925, 4, 121, '', 0);
INSERT INTO ezsearch_object_word_link VALUES (12505, 174, 2651, 0, 257, 2650, 2652, 2, 1069773925, 4, 121, '', 0);
INSERT INTO ezsearch_object_word_link VALUES (12506, 174, 2652, 0, 258, 2651, 2653, 2, 1069773925, 4, 121, '', 0);
INSERT INTO ezsearch_object_word_link VALUES (12507, 174, 2653, 0, 259, 2652, 2654, 2, 1069773925, 4, 121, '', 0);
INSERT INTO ezsearch_object_word_link VALUES (12508, 174, 2654, 0, 260, 2653, 2655, 2, 1069773925, 4, 121, '', 0);
INSERT INTO ezsearch_object_word_link VALUES (12509, 174, 2655, 0, 261, 2654, 2656, 2, 1069773925, 4, 121, '', 0);
INSERT INTO ezsearch_object_word_link VALUES (12510, 174, 2656, 0, 262, 2655, 2657, 2, 1069773925, 4, 121, '', 0);
INSERT INTO ezsearch_object_word_link VALUES (12511, 174, 2657, 0, 263, 2656, 2627, 2, 1069773925, 4, 121, '', 0);
INSERT INTO ezsearch_object_word_link VALUES (12512, 174, 2627, 0, 264, 2657, 2604, 2, 1069773925, 4, 121, '', 0);
INSERT INTO ezsearch_object_word_link VALUES (12513, 174, 2604, 0, 265, 2627, 2658, 2, 1069773925, 4, 121, '', 0);
INSERT INTO ezsearch_object_word_link VALUES (12514, 174, 2658, 0, 266, 2604, 2659, 2, 1069773925, 4, 121, '', 0);
INSERT INTO ezsearch_object_word_link VALUES (12515, 174, 2659, 0, 267, 2658, 2641, 2, 1069773925, 4, 121, '', 0);
INSERT INTO ezsearch_object_word_link VALUES (12516, 174, 2641, 0, 268, 2659, 2660, 2, 1069773925, 4, 121, '', 0);
INSERT INTO ezsearch_object_word_link VALUES (12517, 174, 2660, 0, 269, 2641, 2588, 2, 1069773925, 4, 121, '', 0);
INSERT INTO ezsearch_object_word_link VALUES (12518, 174, 2588, 0, 270, 2660, 2589, 2, 1069773925, 4, 121, '', 0);
INSERT INTO ezsearch_object_word_link VALUES (12519, 174, 2589, 0, 271, 2588, 2590, 2, 1069773925, 4, 121, '', 0);
INSERT INTO ezsearch_object_word_link VALUES (12520, 174, 2590, 0, 272, 2589, 2591, 2, 1069773925, 4, 121, '', 0);
INSERT INTO ezsearch_object_word_link VALUES (12521, 174, 2591, 0, 273, 2590, 2592, 2, 1069773925, 4, 121, '', 0);
INSERT INTO ezsearch_object_word_link VALUES (12522, 174, 2592, 0, 274, 2591, 2593, 2, 1069773925, 4, 121, '', 0);
INSERT INTO ezsearch_object_word_link VALUES (12523, 174, 2593, 0, 275, 2592, 2594, 2, 1069773925, 4, 121, '', 0);
INSERT INTO ezsearch_object_word_link VALUES (12524, 174, 2594, 0, 276, 2593, 2595, 2, 1069773925, 4, 121, '', 0);
INSERT INTO ezsearch_object_word_link VALUES (12525, 174, 2595, 0, 277, 2594, 2596, 2, 1069773925, 4, 121, '', 0);
INSERT INTO ezsearch_object_word_link VALUES (12526, 174, 2596, 0, 278, 2595, 2597, 2, 1069773925, 4, 121, '', 0);
INSERT INTO ezsearch_object_word_link VALUES (12527, 174, 2597, 0, 279, 2596, 2598, 2, 1069773925, 4, 121, '', 0);
INSERT INTO ezsearch_object_word_link VALUES (12528, 174, 2598, 0, 280, 2597, 2599, 2, 1069773925, 4, 121, '', 0);
INSERT INTO ezsearch_object_word_link VALUES (12529, 174, 2599, 0, 281, 2598, 2600, 2, 1069773925, 4, 121, '', 0);
INSERT INTO ezsearch_object_word_link VALUES (12530, 174, 2600, 0, 282, 2599, 2601, 2, 1069773925, 4, 121, '', 0);
INSERT INTO ezsearch_object_word_link VALUES (12531, 174, 2601, 0, 283, 2600, 2602, 2, 1069773925, 4, 121, '', 0);
INSERT INTO ezsearch_object_word_link VALUES (12532, 174, 2602, 0, 284, 2601, 2603, 2, 1069773925, 4, 121, '', 0);
INSERT INTO ezsearch_object_word_link VALUES (12533, 174, 2603, 0, 285, 2602, 2604, 2, 1069773925, 4, 121, '', 0);
INSERT INTO ezsearch_object_word_link VALUES (12534, 174, 2604, 0, 286, 2603, 2605, 2, 1069773925, 4, 121, '', 0);
INSERT INTO ezsearch_object_word_link VALUES (12535, 174, 2605, 0, 287, 2604, 2606, 2, 1069773925, 4, 121, '', 0);
INSERT INTO ezsearch_object_word_link VALUES (12536, 174, 2606, 0, 288, 2605, 2607, 2, 1069773925, 4, 121, '', 0);
INSERT INTO ezsearch_object_word_link VALUES (12537, 174, 2607, 0, 289, 2606, 2608, 2, 1069773925, 4, 121, '', 0);
INSERT INTO ezsearch_object_word_link VALUES (12538, 174, 2608, 0, 290, 2607, 2602, 2, 1069773925, 4, 121, '', 0);
INSERT INTO ezsearch_object_word_link VALUES (12539, 174, 2602, 0, 291, 2608, 2609, 2, 1069773925, 4, 121, '', 0);
INSERT INTO ezsearch_object_word_link VALUES (12540, 174, 2609, 0, 292, 2602, 2610, 2, 1069773925, 4, 121, '', 0);
INSERT INTO ezsearch_object_word_link VALUES (12541, 174, 2610, 0, 293, 2609, 2611, 2, 1069773925, 4, 121, '', 0);
INSERT INTO ezsearch_object_word_link VALUES (12542, 174, 2611, 0, 294, 2610, 2612, 2, 1069773925, 4, 121, '', 0);
INSERT INTO ezsearch_object_word_link VALUES (12543, 174, 2612, 0, 295, 2611, 2613, 2, 1069773925, 4, 121, '', 0);
INSERT INTO ezsearch_object_word_link VALUES (12544, 174, 2613, 0, 296, 2612, 2614, 2, 1069773925, 4, 121, '', 0);
INSERT INTO ezsearch_object_word_link VALUES (12545, 174, 2614, 0, 297, 2613, 2615, 2, 1069773925, 4, 121, '', 0);
INSERT INTO ezsearch_object_word_link VALUES (12546, 174, 2615, 0, 298, 2614, 2616, 2, 1069773925, 4, 121, '', 0);
INSERT INTO ezsearch_object_word_link VALUES (12547, 174, 2616, 0, 299, 2615, 2617, 2, 1069773925, 4, 121, '', 0);
INSERT INTO ezsearch_object_word_link VALUES (12548, 174, 2617, 0, 300, 2616, 2618, 2, 1069773925, 4, 121, '', 0);
INSERT INTO ezsearch_object_word_link VALUES (12549, 174, 2618, 0, 301, 2617, 2619, 2, 1069773925, 4, 121, '', 0);
INSERT INTO ezsearch_object_word_link VALUES (12550, 174, 2619, 0, 302, 2618, 2620, 2, 1069773925, 4, 121, '', 0);
INSERT INTO ezsearch_object_word_link VALUES (12551, 174, 2620, 0, 303, 2619, 2621, 2, 1069773925, 4, 121, '', 0);
INSERT INTO ezsearch_object_word_link VALUES (12552, 174, 2621, 0, 304, 2620, 2602, 2, 1069773925, 4, 121, '', 0);
INSERT INTO ezsearch_object_word_link VALUES (12553, 174, 2602, 0, 305, 2621, 2622, 2, 1069773925, 4, 121, '', 0);
INSERT INTO ezsearch_object_word_link VALUES (12554, 174, 2622, 0, 306, 2602, 2623, 2, 1069773925, 4, 121, '', 0);
INSERT INTO ezsearch_object_word_link VALUES (12555, 174, 2623, 0, 307, 2622, 2624, 2, 1069773925, 4, 121, '', 0);
INSERT INTO ezsearch_object_word_link VALUES (12556, 174, 2624, 0, 308, 2623, 2625, 2, 1069773925, 4, 121, '', 0);
INSERT INTO ezsearch_object_word_link VALUES (12557, 174, 2625, 0, 309, 2624, 2626, 2, 1069773925, 4, 121, '', 0);
INSERT INTO ezsearch_object_word_link VALUES (12558, 174, 2626, 0, 310, 2625, 2627, 2, 1069773925, 4, 121, '', 0);
INSERT INTO ezsearch_object_word_link VALUES (12559, 174, 2627, 0, 311, 2626, 2628, 2, 1069773925, 4, 121, '', 0);
INSERT INTO ezsearch_object_word_link VALUES (12560, 174, 2628, 0, 312, 2627, 2629, 2, 1069773925, 4, 121, '', 0);
INSERT INTO ezsearch_object_word_link VALUES (12561, 174, 2629, 0, 313, 2628, 2630, 2, 1069773925, 4, 121, '', 0);
INSERT INTO ezsearch_object_word_link VALUES (12562, 174, 2630, 0, 314, 2629, 2631, 2, 1069773925, 4, 121, '', 0);
INSERT INTO ezsearch_object_word_link VALUES (12563, 174, 2631, 0, 315, 2630, 2590, 2, 1069773925, 4, 121, '', 0);
INSERT INTO ezsearch_object_word_link VALUES (12564, 174, 2590, 0, 316, 2631, 2632, 2, 1069773925, 4, 121, '', 0);
INSERT INTO ezsearch_object_word_link VALUES (12565, 174, 2632, 0, 317, 2590, 2633, 2, 1069773925, 4, 121, '', 0);
INSERT INTO ezsearch_object_word_link VALUES (12566, 174, 2633, 0, 318, 2632, 2632, 2, 1069773925, 4, 121, '', 0);
INSERT INTO ezsearch_object_word_link VALUES (12567, 174, 2632, 0, 319, 2633, 2634, 2, 1069773925, 4, 121, '', 0);
INSERT INTO ezsearch_object_word_link VALUES (12568, 174, 2634, 0, 320, 2632, 2635, 2, 1069773925, 4, 121, '', 0);
INSERT INTO ezsearch_object_word_link VALUES (12569, 174, 2635, 0, 321, 2634, 2636, 2, 1069773925, 4, 121, '', 0);
INSERT INTO ezsearch_object_word_link VALUES (12570, 174, 2636, 0, 322, 2635, 2637, 2, 1069773925, 4, 121, '', 0);
INSERT INTO ezsearch_object_word_link VALUES (12571, 174, 2637, 0, 323, 2636, 2626, 2, 1069773925, 4, 121, '', 0);
INSERT INTO ezsearch_object_word_link VALUES (12572, 174, 2626, 0, 324, 2637, 2629, 2, 1069773925, 4, 121, '', 0);
INSERT INTO ezsearch_object_word_link VALUES (12573, 174, 2629, 0, 325, 2626, 2638, 2, 1069773925, 4, 121, '', 0);
INSERT INTO ezsearch_object_word_link VALUES (12574, 174, 2638, 0, 326, 2629, 2604, 2, 1069773925, 4, 121, '', 0);
INSERT INTO ezsearch_object_word_link VALUES (12575, 174, 2604, 0, 327, 2638, 2639, 2, 1069773925, 4, 121, '', 0);
INSERT INTO ezsearch_object_word_link VALUES (12576, 174, 2639, 0, 328, 2604, 2640, 2, 1069773925, 4, 121, '', 0);
INSERT INTO ezsearch_object_word_link VALUES (12577, 174, 2640, 0, 329, 2639, 2641, 2, 1069773925, 4, 121, '', 0);
INSERT INTO ezsearch_object_word_link VALUES (12578, 174, 2641, 0, 330, 2640, 2642, 2, 1069773925, 4, 121, '', 0);
INSERT INTO ezsearch_object_word_link VALUES (12579, 174, 2642, 0, 331, 2641, 2643, 2, 1069773925, 4, 121, '', 0);
INSERT INTO ezsearch_object_word_link VALUES (12580, 174, 2643, 0, 332, 2642, 2644, 2, 1069773925, 4, 121, '', 0);
INSERT INTO ezsearch_object_word_link VALUES (12581, 174, 2644, 0, 333, 2643, 2645, 2, 1069773925, 4, 121, '', 0);
INSERT INTO ezsearch_object_word_link VALUES (12582, 174, 2645, 0, 334, 2644, 2646, 2, 1069773925, 4, 121, '', 0);
INSERT INTO ezsearch_object_word_link VALUES (12583, 174, 2646, 0, 335, 2645, 2647, 2, 1069773925, 4, 121, '', 0);
INSERT INTO ezsearch_object_word_link VALUES (12584, 174, 2647, 0, 336, 2646, 2646, 2, 1069773925, 4, 121, '', 0);
INSERT INTO ezsearch_object_word_link VALUES (12585, 174, 2646, 0, 337, 2647, 2648, 2, 1069773925, 4, 121, '', 0);
INSERT INTO ezsearch_object_word_link VALUES (12586, 174, 2648, 0, 338, 2646, 2649, 2, 1069773925, 4, 121, '', 0);
INSERT INTO ezsearch_object_word_link VALUES (12587, 174, 2649, 0, 339, 2648, 2650, 2, 1069773925, 4, 121, '', 0);
INSERT INTO ezsearch_object_word_link VALUES (12588, 174, 2650, 0, 340, 2649, 2651, 2, 1069773925, 4, 121, '', 0);
INSERT INTO ezsearch_object_word_link VALUES (12589, 174, 2651, 0, 341, 2650, 2652, 2, 1069773925, 4, 121, '', 0);
INSERT INTO ezsearch_object_word_link VALUES (12590, 174, 2652, 0, 342, 2651, 2653, 2, 1069773925, 4, 121, '', 0);
INSERT INTO ezsearch_object_word_link VALUES (12591, 174, 2653, 0, 343, 2652, 2654, 2, 1069773925, 4, 121, '', 0);
INSERT INTO ezsearch_object_word_link VALUES (12592, 174, 2654, 0, 344, 2653, 2655, 2, 1069773925, 4, 121, '', 0);
INSERT INTO ezsearch_object_word_link VALUES (12593, 174, 2655, 0, 345, 2654, 2656, 2, 1069773925, 4, 121, '', 0);
INSERT INTO ezsearch_object_word_link VALUES (12594, 174, 2656, 0, 346, 2655, 2657, 2, 1069773925, 4, 121, '', 0);
INSERT INTO ezsearch_object_word_link VALUES (12595, 174, 2657, 0, 347, 2656, 2627, 2, 1069773925, 4, 121, '', 0);
INSERT INTO ezsearch_object_word_link VALUES (12596, 174, 2627, 0, 348, 2657, 2604, 2, 1069773925, 4, 121, '', 0);
INSERT INTO ezsearch_object_word_link VALUES (12597, 174, 2604, 0, 349, 2627, 2658, 2, 1069773925, 4, 121, '', 0);
INSERT INTO ezsearch_object_word_link VALUES (12598, 174, 2658, 0, 350, 2604, 2659, 2, 1069773925, 4, 121, '', 0);
INSERT INTO ezsearch_object_word_link VALUES (12599, 174, 2659, 0, 351, 2658, 2641, 2, 1069773925, 4, 121, '', 0);
INSERT INTO ezsearch_object_word_link VALUES (12600, 174, 2641, 0, 352, 2659, 2660, 2, 1069773925, 4, 121, '', 0);
INSERT INTO ezsearch_object_word_link VALUES (12601, 174, 2660, 0, 353, 2641, 0, 2, 1069773925, 4, 121, '', 0);
INSERT INTO ezsearch_object_word_link VALUES (12602, 175, 2661, 0, 0, 0, 2662, 2, 1069773968, 4, 1, '', 0);
INSERT INTO ezsearch_object_word_link VALUES (12603, 175, 2662, 0, 1, 2661, 2661, 2, 1069773968, 4, 1, '', 0);
INSERT INTO ezsearch_object_word_link VALUES (12604, 175, 2661, 0, 2, 2662, 2662, 2, 1069773968, 4, 1, '', 0);
INSERT INTO ezsearch_object_word_link VALUES (12605, 175, 2662, 0, 3, 2661, 2663, 2, 1069773968, 4, 1, '', 0);
INSERT INTO ezsearch_object_word_link VALUES (12606, 175, 2663, 0, 4, 2662, 2664, 2, 1069773968, 4, 120, '', 0);
INSERT INTO ezsearch_object_word_link VALUES (12607, 175, 2664, 0, 5, 2663, 2586, 2, 1069773968, 4, 120, '', 0);
INSERT INTO ezsearch_object_word_link VALUES (12608, 175, 2586, 0, 6, 2664, 2665, 2, 1069773968, 4, 120, '', 0);
INSERT INTO ezsearch_object_word_link VALUES (12609, 175, 2665, 0, 7, 2586, 2666, 2, 1069773968, 4, 120, '', 0);
INSERT INTO ezsearch_object_word_link VALUES (12610, 175, 2666, 0, 8, 2665, 2661, 2, 1069773968, 4, 120, '', 0);
INSERT INTO ezsearch_object_word_link VALUES (12611, 175, 2661, 0, 9, 2666, 2662, 2, 1069773968, 4, 120, '', 0);
INSERT INTO ezsearch_object_word_link VALUES (12612, 175, 2662, 0, 10, 2661, 2663, 2, 1069773968, 4, 120, '', 0);
INSERT INTO ezsearch_object_word_link VALUES (12613, 175, 2663, 0, 11, 2662, 2664, 2, 1069773968, 4, 120, '', 0);
INSERT INTO ezsearch_object_word_link VALUES (12614, 175, 2664, 0, 12, 2663, 2586, 2, 1069773968, 4, 120, '', 0);
INSERT INTO ezsearch_object_word_link VALUES (12615, 175, 2586, 0, 13, 2664, 2665, 2, 1069773968, 4, 120, '', 0);
INSERT INTO ezsearch_object_word_link VALUES (12616, 175, 2665, 0, 14, 2586, 2666, 2, 1069773968, 4, 120, '', 0);
INSERT INTO ezsearch_object_word_link VALUES (12617, 175, 2666, 0, 15, 2665, 2661, 2, 1069773968, 4, 120, '', 0);
INSERT INTO ezsearch_object_word_link VALUES (12618, 175, 2661, 0, 16, 2666, 2662, 2, 1069773968, 4, 120, '', 0);
INSERT INTO ezsearch_object_word_link VALUES (12619, 175, 2662, 0, 17, 2661, 2588, 2, 1069773968, 4, 120, '', 0);
INSERT INTO ezsearch_object_word_link VALUES (12620, 175, 2588, 0, 18, 2662, 2589, 2, 1069773968, 4, 121, '', 0);
INSERT INTO ezsearch_object_word_link VALUES (12621, 175, 2589, 0, 19, 2588, 2590, 2, 1069773968, 4, 121, '', 0);
INSERT INTO ezsearch_object_word_link VALUES (12622, 175, 2590, 0, 20, 2589, 2591, 2, 1069773968, 4, 121, '', 0);
INSERT INTO ezsearch_object_word_link VALUES (12623, 175, 2591, 0, 21, 2590, 2592, 2, 1069773968, 4, 121, '', 0);
INSERT INTO ezsearch_object_word_link VALUES (12624, 175, 2592, 0, 22, 2591, 2593, 2, 1069773968, 4, 121, '', 0);
INSERT INTO ezsearch_object_word_link VALUES (12625, 175, 2593, 0, 23, 2592, 2594, 2, 1069773968, 4, 121, '', 0);
INSERT INTO ezsearch_object_word_link VALUES (12626, 175, 2594, 0, 24, 2593, 2595, 2, 1069773968, 4, 121, '', 0);
INSERT INTO ezsearch_object_word_link VALUES (12627, 175, 2595, 0, 25, 2594, 2596, 2, 1069773968, 4, 121, '', 0);
INSERT INTO ezsearch_object_word_link VALUES (12628, 175, 2596, 0, 26, 2595, 2597, 2, 1069773968, 4, 121, '', 0);
INSERT INTO ezsearch_object_word_link VALUES (12629, 175, 2597, 0, 27, 2596, 2598, 2, 1069773968, 4, 121, '', 0);
INSERT INTO ezsearch_object_word_link VALUES (12630, 175, 2598, 0, 28, 2597, 2599, 2, 1069773968, 4, 121, '', 0);
INSERT INTO ezsearch_object_word_link VALUES (12631, 175, 2599, 0, 29, 2598, 2600, 2, 1069773968, 4, 121, '', 0);
INSERT INTO ezsearch_object_word_link VALUES (12632, 175, 2600, 0, 30, 2599, 2601, 2, 1069773968, 4, 121, '', 0);
INSERT INTO ezsearch_object_word_link VALUES (12633, 175, 2601, 0, 31, 2600, 2602, 2, 1069773968, 4, 121, '', 0);
INSERT INTO ezsearch_object_word_link VALUES (12634, 175, 2602, 0, 32, 2601, 2603, 2, 1069773968, 4, 121, '', 0);
INSERT INTO ezsearch_object_word_link VALUES (12635, 175, 2603, 0, 33, 2602, 2604, 2, 1069773968, 4, 121, '', 0);
INSERT INTO ezsearch_object_word_link VALUES (12636, 175, 2604, 0, 34, 2603, 2605, 2, 1069773968, 4, 121, '', 0);
INSERT INTO ezsearch_object_word_link VALUES (12637, 175, 2605, 0, 35, 2604, 2606, 2, 1069773968, 4, 121, '', 0);
INSERT INTO ezsearch_object_word_link VALUES (12638, 175, 2606, 0, 36, 2605, 2607, 2, 1069773968, 4, 121, '', 0);
INSERT INTO ezsearch_object_word_link VALUES (12639, 175, 2607, 0, 37, 2606, 2608, 2, 1069773968, 4, 121, '', 0);
INSERT INTO ezsearch_object_word_link VALUES (12640, 175, 2608, 0, 38, 2607, 2602, 2, 1069773968, 4, 121, '', 0);
INSERT INTO ezsearch_object_word_link VALUES (12641, 175, 2602, 0, 39, 2608, 2609, 2, 1069773968, 4, 121, '', 0);
INSERT INTO ezsearch_object_word_link VALUES (12642, 175, 2609, 0, 40, 2602, 2610, 2, 1069773968, 4, 121, '', 0);
INSERT INTO ezsearch_object_word_link VALUES (12643, 175, 2610, 0, 41, 2609, 2611, 2, 1069773968, 4, 121, '', 0);
INSERT INTO ezsearch_object_word_link VALUES (12644, 175, 2611, 0, 42, 2610, 2612, 2, 1069773968, 4, 121, '', 0);
INSERT INTO ezsearch_object_word_link VALUES (12645, 175, 2612, 0, 43, 2611, 2613, 2, 1069773968, 4, 121, '', 0);
INSERT INTO ezsearch_object_word_link VALUES (12646, 175, 2613, 0, 44, 2612, 2614, 2, 1069773968, 4, 121, '', 0);
INSERT INTO ezsearch_object_word_link VALUES (12647, 175, 2614, 0, 45, 2613, 2615, 2, 1069773968, 4, 121, '', 0);
INSERT INTO ezsearch_object_word_link VALUES (12648, 175, 2615, 0, 46, 2614, 2616, 2, 1069773968, 4, 121, '', 0);
INSERT INTO ezsearch_object_word_link VALUES (12649, 175, 2616, 0, 47, 2615, 2617, 2, 1069773968, 4, 121, '', 0);
INSERT INTO ezsearch_object_word_link VALUES (12650, 175, 2617, 0, 48, 2616, 2618, 2, 1069773968, 4, 121, '', 0);
INSERT INTO ezsearch_object_word_link VALUES (12651, 175, 2618, 0, 49, 2617, 2619, 2, 1069773968, 4, 121, '', 0);
INSERT INTO ezsearch_object_word_link VALUES (12652, 175, 2619, 0, 50, 2618, 2620, 2, 1069773968, 4, 121, '', 0);
INSERT INTO ezsearch_object_word_link VALUES (12653, 175, 2620, 0, 51, 2619, 2621, 2, 1069773968, 4, 121, '', 0);
INSERT INTO ezsearch_object_word_link VALUES (12654, 175, 2621, 0, 52, 2620, 2602, 2, 1069773968, 4, 121, '', 0);
INSERT INTO ezsearch_object_word_link VALUES (12655, 175, 2602, 0, 53, 2621, 2622, 2, 1069773968, 4, 121, '', 0);
INSERT INTO ezsearch_object_word_link VALUES (12656, 175, 2622, 0, 54, 2602, 2623, 2, 1069773968, 4, 121, '', 0);
INSERT INTO ezsearch_object_word_link VALUES (12657, 175, 2623, 0, 55, 2622, 2624, 2, 1069773968, 4, 121, '', 0);
INSERT INTO ezsearch_object_word_link VALUES (12658, 175, 2624, 0, 56, 2623, 2625, 2, 1069773968, 4, 121, '', 0);
INSERT INTO ezsearch_object_word_link VALUES (12659, 175, 2625, 0, 57, 2624, 2626, 2, 1069773968, 4, 121, '', 0);
INSERT INTO ezsearch_object_word_link VALUES (12660, 175, 2626, 0, 58, 2625, 2627, 2, 1069773968, 4, 121, '', 0);
INSERT INTO ezsearch_object_word_link VALUES (12661, 175, 2627, 0, 59, 2626, 2628, 2, 1069773968, 4, 121, '', 0);
INSERT INTO ezsearch_object_word_link VALUES (12662, 175, 2628, 0, 60, 2627, 2629, 2, 1069773968, 4, 121, '', 0);
INSERT INTO ezsearch_object_word_link VALUES (12663, 175, 2629, 0, 61, 2628, 2630, 2, 1069773968, 4, 121, '', 0);
INSERT INTO ezsearch_object_word_link VALUES (12664, 175, 2630, 0, 62, 2629, 2631, 2, 1069773968, 4, 121, '', 0);
INSERT INTO ezsearch_object_word_link VALUES (12665, 175, 2631, 0, 63, 2630, 2590, 2, 1069773968, 4, 121, '', 0);
INSERT INTO ezsearch_object_word_link VALUES (12666, 175, 2590, 0, 64, 2631, 2632, 2, 1069773968, 4, 121, '', 0);
INSERT INTO ezsearch_object_word_link VALUES (12667, 175, 2632, 0, 65, 2590, 2633, 2, 1069773968, 4, 121, '', 0);
INSERT INTO ezsearch_object_word_link VALUES (12668, 175, 2633, 0, 66, 2632, 2632, 2, 1069773968, 4, 121, '', 0);
INSERT INTO ezsearch_object_word_link VALUES (12669, 175, 2632, 0, 67, 2633, 2634, 2, 1069773968, 4, 121, '', 0);
INSERT INTO ezsearch_object_word_link VALUES (12670, 175, 2634, 0, 68, 2632, 2635, 2, 1069773968, 4, 121, '', 0);
INSERT INTO ezsearch_object_word_link VALUES (12671, 175, 2635, 0, 69, 2634, 2636, 2, 1069773968, 4, 121, '', 0);
INSERT INTO ezsearch_object_word_link VALUES (12672, 175, 2636, 0, 70, 2635, 2637, 2, 1069773968, 4, 121, '', 0);
INSERT INTO ezsearch_object_word_link VALUES (12673, 175, 2637, 0, 71, 2636, 2626, 2, 1069773968, 4, 121, '', 0);
INSERT INTO ezsearch_object_word_link VALUES (12674, 175, 2626, 0, 72, 2637, 2629, 2, 1069773968, 4, 121, '', 0);
INSERT INTO ezsearch_object_word_link VALUES (12675, 175, 2629, 0, 73, 2626, 2638, 2, 1069773968, 4, 121, '', 0);
INSERT INTO ezsearch_object_word_link VALUES (12676, 175, 2638, 0, 74, 2629, 2604, 2, 1069773968, 4, 121, '', 0);
INSERT INTO ezsearch_object_word_link VALUES (12677, 175, 2604, 0, 75, 2638, 2639, 2, 1069773968, 4, 121, '', 0);
INSERT INTO ezsearch_object_word_link VALUES (12678, 175, 2639, 0, 76, 2604, 2640, 2, 1069773968, 4, 121, '', 0);
INSERT INTO ezsearch_object_word_link VALUES (12679, 175, 2640, 0, 77, 2639, 2641, 2, 1069773968, 4, 121, '', 0);
INSERT INTO ezsearch_object_word_link VALUES (12680, 175, 2641, 0, 78, 2640, 2642, 2, 1069773968, 4, 121, '', 0);
INSERT INTO ezsearch_object_word_link VALUES (12681, 175, 2642, 0, 79, 2641, 2643, 2, 1069773968, 4, 121, '', 0);
INSERT INTO ezsearch_object_word_link VALUES (12682, 175, 2643, 0, 80, 2642, 2644, 2, 1069773968, 4, 121, '', 0);
INSERT INTO ezsearch_object_word_link VALUES (12683, 175, 2644, 0, 81, 2643, 2645, 2, 1069773968, 4, 121, '', 0);
INSERT INTO ezsearch_object_word_link VALUES (12684, 175, 2645, 0, 82, 2644, 2646, 2, 1069773968, 4, 121, '', 0);
INSERT INTO ezsearch_object_word_link VALUES (12685, 175, 2646, 0, 83, 2645, 2647, 2, 1069773968, 4, 121, '', 0);
INSERT INTO ezsearch_object_word_link VALUES (12686, 175, 2647, 0, 84, 2646, 2646, 2, 1069773968, 4, 121, '', 0);
INSERT INTO ezsearch_object_word_link VALUES (12687, 175, 2646, 0, 85, 2647, 2648, 2, 1069773968, 4, 121, '', 0);
INSERT INTO ezsearch_object_word_link VALUES (12688, 175, 2648, 0, 86, 2646, 2649, 2, 1069773968, 4, 121, '', 0);
INSERT INTO ezsearch_object_word_link VALUES (12689, 175, 2649, 0, 87, 2648, 2650, 2, 1069773968, 4, 121, '', 0);
INSERT INTO ezsearch_object_word_link VALUES (12690, 175, 2650, 0, 88, 2649, 2651, 2, 1069773968, 4, 121, '', 0);
INSERT INTO ezsearch_object_word_link VALUES (12691, 175, 2651, 0, 89, 2650, 2652, 2, 1069773968, 4, 121, '', 0);
INSERT INTO ezsearch_object_word_link VALUES (12692, 175, 2652, 0, 90, 2651, 2653, 2, 1069773968, 4, 121, '', 0);
INSERT INTO ezsearch_object_word_link VALUES (12693, 175, 2653, 0, 91, 2652, 2654, 2, 1069773968, 4, 121, '', 0);
INSERT INTO ezsearch_object_word_link VALUES (12694, 175, 2654, 0, 92, 2653, 2655, 2, 1069773968, 4, 121, '', 0);
INSERT INTO ezsearch_object_word_link VALUES (12695, 175, 2655, 0, 93, 2654, 2656, 2, 1069773968, 4, 121, '', 0);
INSERT INTO ezsearch_object_word_link VALUES (12696, 175, 2656, 0, 94, 2655, 2657, 2, 1069773968, 4, 121, '', 0);
INSERT INTO ezsearch_object_word_link VALUES (12697, 175, 2657, 0, 95, 2656, 2627, 2, 1069773968, 4, 121, '', 0);
INSERT INTO ezsearch_object_word_link VALUES (12698, 175, 2627, 0, 96, 2657, 2604, 2, 1069773968, 4, 121, '', 0);
INSERT INTO ezsearch_object_word_link VALUES (12699, 175, 2604, 0, 97, 2627, 2658, 2, 1069773968, 4, 121, '', 0);
INSERT INTO ezsearch_object_word_link VALUES (12700, 175, 2658, 0, 98, 2604, 2659, 2, 1069773968, 4, 121, '', 0);
INSERT INTO ezsearch_object_word_link VALUES (12701, 175, 2659, 0, 99, 2658, 2641, 2, 1069773968, 4, 121, '', 0);
INSERT INTO ezsearch_object_word_link VALUES (12702, 175, 2641, 0, 100, 2659, 2660, 2, 1069773968, 4, 121, '', 0);
INSERT INTO ezsearch_object_word_link VALUES (12703, 175, 2660, 0, 101, 2641, 2588, 2, 1069773968, 4, 121, '', 0);
INSERT INTO ezsearch_object_word_link VALUES (12704, 175, 2588, 0, 102, 2660, 2589, 2, 1069773968, 4, 121, '', 0);
INSERT INTO ezsearch_object_word_link VALUES (12705, 175, 2589, 0, 103, 2588, 2590, 2, 1069773968, 4, 121, '', 0);
INSERT INTO ezsearch_object_word_link VALUES (12706, 175, 2590, 0, 104, 2589, 2591, 2, 1069773968, 4, 121, '', 0);
INSERT INTO ezsearch_object_word_link VALUES (12707, 175, 2591, 0, 105, 2590, 2592, 2, 1069773968, 4, 121, '', 0);
INSERT INTO ezsearch_object_word_link VALUES (12708, 175, 2592, 0, 106, 2591, 2593, 2, 1069773968, 4, 121, '', 0);
INSERT INTO ezsearch_object_word_link VALUES (12709, 175, 2593, 0, 107, 2592, 2594, 2, 1069773968, 4, 121, '', 0);
INSERT INTO ezsearch_object_word_link VALUES (12710, 175, 2594, 0, 108, 2593, 2595, 2, 1069773968, 4, 121, '', 0);
INSERT INTO ezsearch_object_word_link VALUES (12711, 175, 2595, 0, 109, 2594, 2596, 2, 1069773968, 4, 121, '', 0);
INSERT INTO ezsearch_object_word_link VALUES (12712, 175, 2596, 0, 110, 2595, 2597, 2, 1069773968, 4, 121, '', 0);
INSERT INTO ezsearch_object_word_link VALUES (12713, 175, 2597, 0, 111, 2596, 2598, 2, 1069773968, 4, 121, '', 0);
INSERT INTO ezsearch_object_word_link VALUES (12714, 175, 2598, 0, 112, 2597, 2599, 2, 1069773968, 4, 121, '', 0);
INSERT INTO ezsearch_object_word_link VALUES (12715, 175, 2599, 0, 113, 2598, 2600, 2, 1069773968, 4, 121, '', 0);
INSERT INTO ezsearch_object_word_link VALUES (12716, 175, 2600, 0, 114, 2599, 2601, 2, 1069773968, 4, 121, '', 0);
INSERT INTO ezsearch_object_word_link VALUES (12717, 175, 2601, 0, 115, 2600, 2602, 2, 1069773968, 4, 121, '', 0);
INSERT INTO ezsearch_object_word_link VALUES (12718, 175, 2602, 0, 116, 2601, 2603, 2, 1069773968, 4, 121, '', 0);
INSERT INTO ezsearch_object_word_link VALUES (12719, 175, 2603, 0, 117, 2602, 2604, 2, 1069773968, 4, 121, '', 0);
INSERT INTO ezsearch_object_word_link VALUES (12720, 175, 2604, 0, 118, 2603, 2605, 2, 1069773968, 4, 121, '', 0);
INSERT INTO ezsearch_object_word_link VALUES (12721, 175, 2605, 0, 119, 2604, 2606, 2, 1069773968, 4, 121, '', 0);
INSERT INTO ezsearch_object_word_link VALUES (12722, 175, 2606, 0, 120, 2605, 2607, 2, 1069773968, 4, 121, '', 0);
INSERT INTO ezsearch_object_word_link VALUES (12723, 175, 2607, 0, 121, 2606, 2608, 2, 1069773968, 4, 121, '', 0);
INSERT INTO ezsearch_object_word_link VALUES (12724, 175, 2608, 0, 122, 2607, 2602, 2, 1069773968, 4, 121, '', 0);
INSERT INTO ezsearch_object_word_link VALUES (12725, 175, 2602, 0, 123, 2608, 2609, 2, 1069773968, 4, 121, '', 0);
INSERT INTO ezsearch_object_word_link VALUES (12726, 175, 2609, 0, 124, 2602, 2610, 2, 1069773968, 4, 121, '', 0);
INSERT INTO ezsearch_object_word_link VALUES (12727, 175, 2610, 0, 125, 2609, 2611, 2, 1069773968, 4, 121, '', 0);
INSERT INTO ezsearch_object_word_link VALUES (12728, 175, 2611, 0, 126, 2610, 2612, 2, 1069773968, 4, 121, '', 0);
INSERT INTO ezsearch_object_word_link VALUES (12729, 175, 2612, 0, 127, 2611, 2613, 2, 1069773968, 4, 121, '', 0);
INSERT INTO ezsearch_object_word_link VALUES (12730, 175, 2613, 0, 128, 2612, 2614, 2, 1069773968, 4, 121, '', 0);
INSERT INTO ezsearch_object_word_link VALUES (12731, 175, 2614, 0, 129, 2613, 2615, 2, 1069773968, 4, 121, '', 0);
INSERT INTO ezsearch_object_word_link VALUES (12732, 175, 2615, 0, 130, 2614, 2616, 2, 1069773968, 4, 121, '', 0);
INSERT INTO ezsearch_object_word_link VALUES (12733, 175, 2616, 0, 131, 2615, 2617, 2, 1069773968, 4, 121, '', 0);
INSERT INTO ezsearch_object_word_link VALUES (12734, 175, 2617, 0, 132, 2616, 2618, 2, 1069773968, 4, 121, '', 0);
INSERT INTO ezsearch_object_word_link VALUES (12735, 175, 2618, 0, 133, 2617, 2619, 2, 1069773968, 4, 121, '', 0);
INSERT INTO ezsearch_object_word_link VALUES (12736, 175, 2619, 0, 134, 2618, 2620, 2, 1069773968, 4, 121, '', 0);
INSERT INTO ezsearch_object_word_link VALUES (12737, 175, 2620, 0, 135, 2619, 2621, 2, 1069773968, 4, 121, '', 0);
INSERT INTO ezsearch_object_word_link VALUES (12738, 175, 2621, 0, 136, 2620, 2602, 2, 1069773968, 4, 121, '', 0);
INSERT INTO ezsearch_object_word_link VALUES (12739, 175, 2602, 0, 137, 2621, 2622, 2, 1069773968, 4, 121, '', 0);
INSERT INTO ezsearch_object_word_link VALUES (12740, 175, 2622, 0, 138, 2602, 2623, 2, 1069773968, 4, 121, '', 0);
INSERT INTO ezsearch_object_word_link VALUES (12741, 175, 2623, 0, 139, 2622, 2624, 2, 1069773968, 4, 121, '', 0);
INSERT INTO ezsearch_object_word_link VALUES (12742, 175, 2624, 0, 140, 2623, 2625, 2, 1069773968, 4, 121, '', 0);
INSERT INTO ezsearch_object_word_link VALUES (12743, 175, 2625, 0, 141, 2624, 2626, 2, 1069773968, 4, 121, '', 0);
INSERT INTO ezsearch_object_word_link VALUES (12744, 175, 2626, 0, 142, 2625, 2627, 2, 1069773968, 4, 121, '', 0);
INSERT INTO ezsearch_object_word_link VALUES (12745, 175, 2627, 0, 143, 2626, 2628, 2, 1069773968, 4, 121, '', 0);
INSERT INTO ezsearch_object_word_link VALUES (12746, 175, 2628, 0, 144, 2627, 2629, 2, 1069773968, 4, 121, '', 0);
INSERT INTO ezsearch_object_word_link VALUES (12747, 175, 2629, 0, 145, 2628, 2630, 2, 1069773968, 4, 121, '', 0);
INSERT INTO ezsearch_object_word_link VALUES (12748, 175, 2630, 0, 146, 2629, 2631, 2, 1069773968, 4, 121, '', 0);
INSERT INTO ezsearch_object_word_link VALUES (12749, 175, 2631, 0, 147, 2630, 2590, 2, 1069773968, 4, 121, '', 0);
INSERT INTO ezsearch_object_word_link VALUES (12750, 175, 2590, 0, 148, 2631, 2632, 2, 1069773968, 4, 121, '', 0);
INSERT INTO ezsearch_object_word_link VALUES (12751, 175, 2632, 0, 149, 2590, 2633, 2, 1069773968, 4, 121, '', 0);
INSERT INTO ezsearch_object_word_link VALUES (12752, 175, 2633, 0, 150, 2632, 2632, 2, 1069773968, 4, 121, '', 0);
INSERT INTO ezsearch_object_word_link VALUES (12753, 175, 2632, 0, 151, 2633, 2634, 2, 1069773968, 4, 121, '', 0);
INSERT INTO ezsearch_object_word_link VALUES (12754, 175, 2634, 0, 152, 2632, 2635, 2, 1069773968, 4, 121, '', 0);
INSERT INTO ezsearch_object_word_link VALUES (12755, 175, 2635, 0, 153, 2634, 2636, 2, 1069773968, 4, 121, '', 0);
INSERT INTO ezsearch_object_word_link VALUES (12756, 175, 2636, 0, 154, 2635, 2637, 2, 1069773968, 4, 121, '', 0);
INSERT INTO ezsearch_object_word_link VALUES (12757, 175, 2637, 0, 155, 2636, 2626, 2, 1069773968, 4, 121, '', 0);
INSERT INTO ezsearch_object_word_link VALUES (12758, 175, 2626, 0, 156, 2637, 2629, 2, 1069773968, 4, 121, '', 0);
INSERT INTO ezsearch_object_word_link VALUES (12759, 175, 2629, 0, 157, 2626, 2638, 2, 1069773968, 4, 121, '', 0);
INSERT INTO ezsearch_object_word_link VALUES (12760, 175, 2638, 0, 158, 2629, 2604, 2, 1069773968, 4, 121, '', 0);
INSERT INTO ezsearch_object_word_link VALUES (12761, 175, 2604, 0, 159, 2638, 2639, 2, 1069773968, 4, 121, '', 0);
INSERT INTO ezsearch_object_word_link VALUES (12762, 175, 2639, 0, 160, 2604, 2640, 2, 1069773968, 4, 121, '', 0);
INSERT INTO ezsearch_object_word_link VALUES (12763, 175, 2640, 0, 161, 2639, 2641, 2, 1069773968, 4, 121, '', 0);
INSERT INTO ezsearch_object_word_link VALUES (12764, 175, 2641, 0, 162, 2640, 2642, 2, 1069773968, 4, 121, '', 0);
INSERT INTO ezsearch_object_word_link VALUES (12765, 175, 2642, 0, 163, 2641, 2643, 2, 1069773968, 4, 121, '', 0);
INSERT INTO ezsearch_object_word_link VALUES (12766, 175, 2643, 0, 164, 2642, 2644, 2, 1069773968, 4, 121, '', 0);
INSERT INTO ezsearch_object_word_link VALUES (12767, 175, 2644, 0, 165, 2643, 2645, 2, 1069773968, 4, 121, '', 0);
INSERT INTO ezsearch_object_word_link VALUES (12768, 175, 2645, 0, 166, 2644, 2646, 2, 1069773968, 4, 121, '', 0);
INSERT INTO ezsearch_object_word_link VALUES (12769, 175, 2646, 0, 167, 2645, 2647, 2, 1069773968, 4, 121, '', 0);
INSERT INTO ezsearch_object_word_link VALUES (12770, 175, 2647, 0, 168, 2646, 2646, 2, 1069773968, 4, 121, '', 0);
INSERT INTO ezsearch_object_word_link VALUES (12771, 175, 2646, 0, 169, 2647, 2648, 2, 1069773968, 4, 121, '', 0);
INSERT INTO ezsearch_object_word_link VALUES (12772, 175, 2648, 0, 170, 2646, 2649, 2, 1069773968, 4, 121, '', 0);
INSERT INTO ezsearch_object_word_link VALUES (12773, 175, 2649, 0, 171, 2648, 2650, 2, 1069773968, 4, 121, '', 0);
INSERT INTO ezsearch_object_word_link VALUES (12774, 175, 2650, 0, 172, 2649, 2651, 2, 1069773968, 4, 121, '', 0);
INSERT INTO ezsearch_object_word_link VALUES (12775, 175, 2651, 0, 173, 2650, 2652, 2, 1069773968, 4, 121, '', 0);
INSERT INTO ezsearch_object_word_link VALUES (12776, 175, 2652, 0, 174, 2651, 2653, 2, 1069773968, 4, 121, '', 0);
INSERT INTO ezsearch_object_word_link VALUES (12777, 175, 2653, 0, 175, 2652, 2654, 2, 1069773968, 4, 121, '', 0);
INSERT INTO ezsearch_object_word_link VALUES (12778, 175, 2654, 0, 176, 2653, 2655, 2, 1069773968, 4, 121, '', 0);
INSERT INTO ezsearch_object_word_link VALUES (12779, 175, 2655, 0, 177, 2654, 2656, 2, 1069773968, 4, 121, '', 0);
INSERT INTO ezsearch_object_word_link VALUES (12780, 175, 2656, 0, 178, 2655, 2657, 2, 1069773968, 4, 121, '', 0);
INSERT INTO ezsearch_object_word_link VALUES (12781, 175, 2657, 0, 179, 2656, 2627, 2, 1069773968, 4, 121, '', 0);
INSERT INTO ezsearch_object_word_link VALUES (12782, 175, 2627, 0, 180, 2657, 2604, 2, 1069773968, 4, 121, '', 0);
INSERT INTO ezsearch_object_word_link VALUES (12783, 175, 2604, 0, 181, 2627, 2658, 2, 1069773968, 4, 121, '', 0);
INSERT INTO ezsearch_object_word_link VALUES (12784, 175, 2658, 0, 182, 2604, 2659, 2, 1069773968, 4, 121, '', 0);
INSERT INTO ezsearch_object_word_link VALUES (12785, 175, 2659, 0, 183, 2658, 2641, 2, 1069773968, 4, 121, '', 0);
INSERT INTO ezsearch_object_word_link VALUES (12786, 175, 2641, 0, 184, 2659, 2660, 2, 1069773968, 4, 121, '', 0);
INSERT INTO ezsearch_object_word_link VALUES (12787, 175, 2660, 0, 185, 2641, 2588, 2, 1069773968, 4, 121, '', 0);
INSERT INTO ezsearch_object_word_link VALUES (12788, 175, 2588, 0, 186, 2660, 2589, 2, 1069773968, 4, 121, '', 0);
INSERT INTO ezsearch_object_word_link VALUES (12789, 175, 2589, 0, 187, 2588, 2590, 2, 1069773968, 4, 121, '', 0);
INSERT INTO ezsearch_object_word_link VALUES (12790, 175, 2590, 0, 188, 2589, 2591, 2, 1069773968, 4, 121, '', 0);
INSERT INTO ezsearch_object_word_link VALUES (12791, 175, 2591, 0, 189, 2590, 2592, 2, 1069773968, 4, 121, '', 0);
INSERT INTO ezsearch_object_word_link VALUES (12792, 175, 2592, 0, 190, 2591, 2593, 2, 1069773968, 4, 121, '', 0);
INSERT INTO ezsearch_object_word_link VALUES (12793, 175, 2593, 0, 191, 2592, 2594, 2, 1069773968, 4, 121, '', 0);
INSERT INTO ezsearch_object_word_link VALUES (12794, 175, 2594, 0, 192, 2593, 2595, 2, 1069773968, 4, 121, '', 0);
INSERT INTO ezsearch_object_word_link VALUES (12795, 175, 2595, 0, 193, 2594, 2596, 2, 1069773968, 4, 121, '', 0);
INSERT INTO ezsearch_object_word_link VALUES (12796, 175, 2596, 0, 194, 2595, 2597, 2, 1069773968, 4, 121, '', 0);
INSERT INTO ezsearch_object_word_link VALUES (12797, 175, 2597, 0, 195, 2596, 2598, 2, 1069773968, 4, 121, '', 0);
INSERT INTO ezsearch_object_word_link VALUES (12798, 175, 2598, 0, 196, 2597, 2599, 2, 1069773968, 4, 121, '', 0);
INSERT INTO ezsearch_object_word_link VALUES (12799, 175, 2599, 0, 197, 2598, 2600, 2, 1069773968, 4, 121, '', 0);
INSERT INTO ezsearch_object_word_link VALUES (12800, 175, 2600, 0, 198, 2599, 2601, 2, 1069773968, 4, 121, '', 0);
INSERT INTO ezsearch_object_word_link VALUES (12801, 175, 2601, 0, 199, 2600, 2602, 2, 1069773968, 4, 121, '', 0);
INSERT INTO ezsearch_object_word_link VALUES (12802, 175, 2602, 0, 200, 2601, 2603, 2, 1069773968, 4, 121, '', 0);
INSERT INTO ezsearch_object_word_link VALUES (12803, 175, 2603, 0, 201, 2602, 2604, 2, 1069773968, 4, 121, '', 0);
INSERT INTO ezsearch_object_word_link VALUES (12804, 175, 2604, 0, 202, 2603, 2605, 2, 1069773968, 4, 121, '', 0);
INSERT INTO ezsearch_object_word_link VALUES (12805, 175, 2605, 0, 203, 2604, 2606, 2, 1069773968, 4, 121, '', 0);
INSERT INTO ezsearch_object_word_link VALUES (12806, 175, 2606, 0, 204, 2605, 2607, 2, 1069773968, 4, 121, '', 0);
INSERT INTO ezsearch_object_word_link VALUES (12807, 175, 2607, 0, 205, 2606, 2608, 2, 1069773968, 4, 121, '', 0);
INSERT INTO ezsearch_object_word_link VALUES (12808, 175, 2608, 0, 206, 2607, 2602, 2, 1069773968, 4, 121, '', 0);
INSERT INTO ezsearch_object_word_link VALUES (12809, 175, 2602, 0, 207, 2608, 2609, 2, 1069773968, 4, 121, '', 0);
INSERT INTO ezsearch_object_word_link VALUES (12810, 175, 2609, 0, 208, 2602, 2610, 2, 1069773968, 4, 121, '', 0);
INSERT INTO ezsearch_object_word_link VALUES (12811, 175, 2610, 0, 209, 2609, 2611, 2, 1069773968, 4, 121, '', 0);
INSERT INTO ezsearch_object_word_link VALUES (12812, 175, 2611, 0, 210, 2610, 2612, 2, 1069773968, 4, 121, '', 0);
INSERT INTO ezsearch_object_word_link VALUES (12813, 175, 2612, 0, 211, 2611, 2613, 2, 1069773968, 4, 121, '', 0);
INSERT INTO ezsearch_object_word_link VALUES (12814, 175, 2613, 0, 212, 2612, 2614, 2, 1069773968, 4, 121, '', 0);
INSERT INTO ezsearch_object_word_link VALUES (12815, 175, 2614, 0, 213, 2613, 2615, 2, 1069773968, 4, 121, '', 0);
INSERT INTO ezsearch_object_word_link VALUES (12816, 175, 2615, 0, 214, 2614, 2616, 2, 1069773968, 4, 121, '', 0);
INSERT INTO ezsearch_object_word_link VALUES (12817, 175, 2616, 0, 215, 2615, 2617, 2, 1069773968, 4, 121, '', 0);
INSERT INTO ezsearch_object_word_link VALUES (12818, 175, 2617, 0, 216, 2616, 2618, 2, 1069773968, 4, 121, '', 0);
INSERT INTO ezsearch_object_word_link VALUES (12819, 175, 2618, 0, 217, 2617, 2619, 2, 1069773968, 4, 121, '', 0);
INSERT INTO ezsearch_object_word_link VALUES (12820, 175, 2619, 0, 218, 2618, 2620, 2, 1069773968, 4, 121, '', 0);
INSERT INTO ezsearch_object_word_link VALUES (12821, 175, 2620, 0, 219, 2619, 2621, 2, 1069773968, 4, 121, '', 0);
INSERT INTO ezsearch_object_word_link VALUES (12822, 175, 2621, 0, 220, 2620, 2602, 2, 1069773968, 4, 121, '', 0);
INSERT INTO ezsearch_object_word_link VALUES (12823, 175, 2602, 0, 221, 2621, 2622, 2, 1069773968, 4, 121, '', 0);
INSERT INTO ezsearch_object_word_link VALUES (12824, 175, 2622, 0, 222, 2602, 2623, 2, 1069773968, 4, 121, '', 0);
INSERT INTO ezsearch_object_word_link VALUES (12825, 175, 2623, 0, 223, 2622, 2624, 2, 1069773968, 4, 121, '', 0);
INSERT INTO ezsearch_object_word_link VALUES (12826, 175, 2624, 0, 224, 2623, 2625, 2, 1069773968, 4, 121, '', 0);
INSERT INTO ezsearch_object_word_link VALUES (12827, 175, 2625, 0, 225, 2624, 2626, 2, 1069773968, 4, 121, '', 0);
INSERT INTO ezsearch_object_word_link VALUES (12828, 175, 2626, 0, 226, 2625, 2627, 2, 1069773968, 4, 121, '', 0);
INSERT INTO ezsearch_object_word_link VALUES (12829, 175, 2627, 0, 227, 2626, 2628, 2, 1069773968, 4, 121, '', 0);
INSERT INTO ezsearch_object_word_link VALUES (12830, 175, 2628, 0, 228, 2627, 2629, 2, 1069773968, 4, 121, '', 0);
INSERT INTO ezsearch_object_word_link VALUES (12831, 175, 2629, 0, 229, 2628, 2630, 2, 1069773968, 4, 121, '', 0);
INSERT INTO ezsearch_object_word_link VALUES (12832, 175, 2630, 0, 230, 2629, 2631, 2, 1069773968, 4, 121, '', 0);
INSERT INTO ezsearch_object_word_link VALUES (12833, 175, 2631, 0, 231, 2630, 2590, 2, 1069773968, 4, 121, '', 0);
INSERT INTO ezsearch_object_word_link VALUES (12834, 175, 2590, 0, 232, 2631, 2632, 2, 1069773968, 4, 121, '', 0);
INSERT INTO ezsearch_object_word_link VALUES (12835, 175, 2632, 0, 233, 2590, 2633, 2, 1069773968, 4, 121, '', 0);
INSERT INTO ezsearch_object_word_link VALUES (12836, 175, 2633, 0, 234, 2632, 2632, 2, 1069773968, 4, 121, '', 0);
INSERT INTO ezsearch_object_word_link VALUES (12837, 175, 2632, 0, 235, 2633, 2634, 2, 1069773968, 4, 121, '', 0);
INSERT INTO ezsearch_object_word_link VALUES (12838, 175, 2634, 0, 236, 2632, 2635, 2, 1069773968, 4, 121, '', 0);
INSERT INTO ezsearch_object_word_link VALUES (12839, 175, 2635, 0, 237, 2634, 2636, 2, 1069773968, 4, 121, '', 0);
INSERT INTO ezsearch_object_word_link VALUES (12840, 175, 2636, 0, 238, 2635, 2637, 2, 1069773968, 4, 121, '', 0);
INSERT INTO ezsearch_object_word_link VALUES (12841, 175, 2637, 0, 239, 2636, 2626, 2, 1069773968, 4, 121, '', 0);
INSERT INTO ezsearch_object_word_link VALUES (12842, 175, 2626, 0, 240, 2637, 2629, 2, 1069773968, 4, 121, '', 0);
INSERT INTO ezsearch_object_word_link VALUES (12843, 175, 2629, 0, 241, 2626, 2638, 2, 1069773968, 4, 121, '', 0);
INSERT INTO ezsearch_object_word_link VALUES (12844, 175, 2638, 0, 242, 2629, 2604, 2, 1069773968, 4, 121, '', 0);
INSERT INTO ezsearch_object_word_link VALUES (12845, 175, 2604, 0, 243, 2638, 2639, 2, 1069773968, 4, 121, '', 0);
INSERT INTO ezsearch_object_word_link VALUES (12846, 175, 2639, 0, 244, 2604, 2640, 2, 1069773968, 4, 121, '', 0);
INSERT INTO ezsearch_object_word_link VALUES (12847, 175, 2640, 0, 245, 2639, 2641, 2, 1069773968, 4, 121, '', 0);
INSERT INTO ezsearch_object_word_link VALUES (12848, 175, 2641, 0, 246, 2640, 2642, 2, 1069773968, 4, 121, '', 0);
INSERT INTO ezsearch_object_word_link VALUES (12849, 175, 2642, 0, 247, 2641, 2643, 2, 1069773968, 4, 121, '', 0);
INSERT INTO ezsearch_object_word_link VALUES (12850, 175, 2643, 0, 248, 2642, 2644, 2, 1069773968, 4, 121, '', 0);
INSERT INTO ezsearch_object_word_link VALUES (12851, 175, 2644, 0, 249, 2643, 2645, 2, 1069773968, 4, 121, '', 0);
INSERT INTO ezsearch_object_word_link VALUES (12852, 175, 2645, 0, 250, 2644, 2646, 2, 1069773968, 4, 121, '', 0);
INSERT INTO ezsearch_object_word_link VALUES (12853, 175, 2646, 0, 251, 2645, 2647, 2, 1069773968, 4, 121, '', 0);
INSERT INTO ezsearch_object_word_link VALUES (12854, 175, 2647, 0, 252, 2646, 2646, 2, 1069773968, 4, 121, '', 0);
INSERT INTO ezsearch_object_word_link VALUES (12855, 175, 2646, 0, 253, 2647, 2648, 2, 1069773968, 4, 121, '', 0);
INSERT INTO ezsearch_object_word_link VALUES (12856, 175, 2648, 0, 254, 2646, 2649, 2, 1069773968, 4, 121, '', 0);
INSERT INTO ezsearch_object_word_link VALUES (12857, 175, 2649, 0, 255, 2648, 2650, 2, 1069773968, 4, 121, '', 0);
INSERT INTO ezsearch_object_word_link VALUES (12858, 175, 2650, 0, 256, 2649, 2651, 2, 1069773968, 4, 121, '', 0);
INSERT INTO ezsearch_object_word_link VALUES (12859, 175, 2651, 0, 257, 2650, 2652, 2, 1069773968, 4, 121, '', 0);
INSERT INTO ezsearch_object_word_link VALUES (12860, 175, 2652, 0, 258, 2651, 2653, 2, 1069773968, 4, 121, '', 0);
INSERT INTO ezsearch_object_word_link VALUES (12861, 175, 2653, 0, 259, 2652, 2654, 2, 1069773968, 4, 121, '', 0);
INSERT INTO ezsearch_object_word_link VALUES (12862, 175, 2654, 0, 260, 2653, 2655, 2, 1069773968, 4, 121, '', 0);
INSERT INTO ezsearch_object_word_link VALUES (12863, 175, 2655, 0, 261, 2654, 2656, 2, 1069773968, 4, 121, '', 0);
INSERT INTO ezsearch_object_word_link VALUES (12864, 175, 2656, 0, 262, 2655, 2657, 2, 1069773968, 4, 121, '', 0);
INSERT INTO ezsearch_object_word_link VALUES (12865, 175, 2657, 0, 263, 2656, 2627, 2, 1069773968, 4, 121, '', 0);
INSERT INTO ezsearch_object_word_link VALUES (12866, 175, 2627, 0, 264, 2657, 2604, 2, 1069773968, 4, 121, '', 0);
INSERT INTO ezsearch_object_word_link VALUES (12867, 175, 2604, 0, 265, 2627, 2658, 2, 1069773968, 4, 121, '', 0);
INSERT INTO ezsearch_object_word_link VALUES (12868, 175, 2658, 0, 266, 2604, 2659, 2, 1069773968, 4, 121, '', 0);
INSERT INTO ezsearch_object_word_link VALUES (12869, 175, 2659, 0, 267, 2658, 2641, 2, 1069773968, 4, 121, '', 0);
INSERT INTO ezsearch_object_word_link VALUES (12870, 175, 2641, 0, 268, 2659, 2660, 2, 1069773968, 4, 121, '', 0);
INSERT INTO ezsearch_object_word_link VALUES (12871, 175, 2660, 0, 269, 2641, 2588, 2, 1069773968, 4, 121, '', 0);
INSERT INTO ezsearch_object_word_link VALUES (12872, 175, 2588, 0, 270, 2660, 2589, 2, 1069773968, 4, 121, '', 0);
INSERT INTO ezsearch_object_word_link VALUES (12873, 175, 2589, 0, 271, 2588, 2590, 2, 1069773968, 4, 121, '', 0);
INSERT INTO ezsearch_object_word_link VALUES (12874, 175, 2590, 0, 272, 2589, 2591, 2, 1069773968, 4, 121, '', 0);
INSERT INTO ezsearch_object_word_link VALUES (12875, 175, 2591, 0, 273, 2590, 2592, 2, 1069773968, 4, 121, '', 0);
INSERT INTO ezsearch_object_word_link VALUES (12876, 175, 2592, 0, 274, 2591, 2593, 2, 1069773968, 4, 121, '', 0);
INSERT INTO ezsearch_object_word_link VALUES (12877, 175, 2593, 0, 275, 2592, 2594, 2, 1069773968, 4, 121, '', 0);
INSERT INTO ezsearch_object_word_link VALUES (12878, 175, 2594, 0, 276, 2593, 2595, 2, 1069773968, 4, 121, '', 0);
INSERT INTO ezsearch_object_word_link VALUES (12879, 175, 2595, 0, 277, 2594, 2596, 2, 1069773968, 4, 121, '', 0);
INSERT INTO ezsearch_object_word_link VALUES (12880, 175, 2596, 0, 278, 2595, 2597, 2, 1069773968, 4, 121, '', 0);
INSERT INTO ezsearch_object_word_link VALUES (12881, 175, 2597, 0, 279, 2596, 2598, 2, 1069773968, 4, 121, '', 0);
INSERT INTO ezsearch_object_word_link VALUES (12882, 175, 2598, 0, 280, 2597, 2599, 2, 1069773968, 4, 121, '', 0);
INSERT INTO ezsearch_object_word_link VALUES (12883, 175, 2599, 0, 281, 2598, 2600, 2, 1069773968, 4, 121, '', 0);
INSERT INTO ezsearch_object_word_link VALUES (12884, 175, 2600, 0, 282, 2599, 2601, 2, 1069773968, 4, 121, '', 0);
INSERT INTO ezsearch_object_word_link VALUES (12885, 175, 2601, 0, 283, 2600, 2602, 2, 1069773968, 4, 121, '', 0);
INSERT INTO ezsearch_object_word_link VALUES (12886, 175, 2602, 0, 284, 2601, 2603, 2, 1069773968, 4, 121, '', 0);
INSERT INTO ezsearch_object_word_link VALUES (12887, 175, 2603, 0, 285, 2602, 2604, 2, 1069773968, 4, 121, '', 0);
INSERT INTO ezsearch_object_word_link VALUES (12888, 175, 2604, 0, 286, 2603, 2605, 2, 1069773968, 4, 121, '', 0);
INSERT INTO ezsearch_object_word_link VALUES (12889, 175, 2605, 0, 287, 2604, 2606, 2, 1069773968, 4, 121, '', 0);
INSERT INTO ezsearch_object_word_link VALUES (12890, 175, 2606, 0, 288, 2605, 2607, 2, 1069773968, 4, 121, '', 0);
INSERT INTO ezsearch_object_word_link VALUES (12891, 175, 2607, 0, 289, 2606, 2608, 2, 1069773968, 4, 121, '', 0);
INSERT INTO ezsearch_object_word_link VALUES (12892, 175, 2608, 0, 290, 2607, 2602, 2, 1069773968, 4, 121, '', 0);
INSERT INTO ezsearch_object_word_link VALUES (12893, 175, 2602, 0, 291, 2608, 2609, 2, 1069773968, 4, 121, '', 0);
INSERT INTO ezsearch_object_word_link VALUES (12894, 175, 2609, 0, 292, 2602, 2610, 2, 1069773968, 4, 121, '', 0);
INSERT INTO ezsearch_object_word_link VALUES (12895, 175, 2610, 0, 293, 2609, 2611, 2, 1069773968, 4, 121, '', 0);
INSERT INTO ezsearch_object_word_link VALUES (12896, 175, 2611, 0, 294, 2610, 2612, 2, 1069773968, 4, 121, '', 0);
INSERT INTO ezsearch_object_word_link VALUES (12897, 175, 2612, 0, 295, 2611, 2613, 2, 1069773968, 4, 121, '', 0);
INSERT INTO ezsearch_object_word_link VALUES (12898, 175, 2613, 0, 296, 2612, 2614, 2, 1069773968, 4, 121, '', 0);
INSERT INTO ezsearch_object_word_link VALUES (12899, 175, 2614, 0, 297, 2613, 2615, 2, 1069773968, 4, 121, '', 0);
INSERT INTO ezsearch_object_word_link VALUES (12900, 175, 2615, 0, 298, 2614, 2616, 2, 1069773968, 4, 121, '', 0);
INSERT INTO ezsearch_object_word_link VALUES (12901, 175, 2616, 0, 299, 2615, 2617, 2, 1069773968, 4, 121, '', 0);
INSERT INTO ezsearch_object_word_link VALUES (12902, 175, 2617, 0, 300, 2616, 2618, 2, 1069773968, 4, 121, '', 0);
INSERT INTO ezsearch_object_word_link VALUES (12903, 175, 2618, 0, 301, 2617, 2619, 2, 1069773968, 4, 121, '', 0);
INSERT INTO ezsearch_object_word_link VALUES (12904, 175, 2619, 0, 302, 2618, 2620, 2, 1069773968, 4, 121, '', 0);
INSERT INTO ezsearch_object_word_link VALUES (12905, 175, 2620, 0, 303, 2619, 2621, 2, 1069773968, 4, 121, '', 0);
INSERT INTO ezsearch_object_word_link VALUES (12906, 175, 2621, 0, 304, 2620, 2602, 2, 1069773968, 4, 121, '', 0);
INSERT INTO ezsearch_object_word_link VALUES (12907, 175, 2602, 0, 305, 2621, 2622, 2, 1069773968, 4, 121, '', 0);
INSERT INTO ezsearch_object_word_link VALUES (12908, 175, 2622, 0, 306, 2602, 2623, 2, 1069773968, 4, 121, '', 0);
INSERT INTO ezsearch_object_word_link VALUES (12909, 175, 2623, 0, 307, 2622, 2624, 2, 1069773968, 4, 121, '', 0);
INSERT INTO ezsearch_object_word_link VALUES (12910, 175, 2624, 0, 308, 2623, 2625, 2, 1069773968, 4, 121, '', 0);
INSERT INTO ezsearch_object_word_link VALUES (12911, 175, 2625, 0, 309, 2624, 2626, 2, 1069773968, 4, 121, '', 0);
INSERT INTO ezsearch_object_word_link VALUES (12912, 175, 2626, 0, 310, 2625, 2627, 2, 1069773968, 4, 121, '', 0);
INSERT INTO ezsearch_object_word_link VALUES (12913, 175, 2627, 0, 311, 2626, 2628, 2, 1069773968, 4, 121, '', 0);
INSERT INTO ezsearch_object_word_link VALUES (12914, 175, 2628, 0, 312, 2627, 2629, 2, 1069773968, 4, 121, '', 0);
INSERT INTO ezsearch_object_word_link VALUES (12915, 175, 2629, 0, 313, 2628, 2630, 2, 1069773968, 4, 121, '', 0);
INSERT INTO ezsearch_object_word_link VALUES (12916, 175, 2630, 0, 314, 2629, 2631, 2, 1069773968, 4, 121, '', 0);
INSERT INTO ezsearch_object_word_link VALUES (12917, 175, 2631, 0, 315, 2630, 2590, 2, 1069773968, 4, 121, '', 0);
INSERT INTO ezsearch_object_word_link VALUES (12918, 175, 2590, 0, 316, 2631, 2632, 2, 1069773968, 4, 121, '', 0);
INSERT INTO ezsearch_object_word_link VALUES (12919, 175, 2632, 0, 317, 2590, 2633, 2, 1069773968, 4, 121, '', 0);
INSERT INTO ezsearch_object_word_link VALUES (12920, 175, 2633, 0, 318, 2632, 2632, 2, 1069773968, 4, 121, '', 0);
INSERT INTO ezsearch_object_word_link VALUES (12921, 175, 2632, 0, 319, 2633, 2634, 2, 1069773968, 4, 121, '', 0);
INSERT INTO ezsearch_object_word_link VALUES (12922, 175, 2634, 0, 320, 2632, 2635, 2, 1069773968, 4, 121, '', 0);
INSERT INTO ezsearch_object_word_link VALUES (12923, 175, 2635, 0, 321, 2634, 2636, 2, 1069773968, 4, 121, '', 0);
INSERT INTO ezsearch_object_word_link VALUES (12924, 175, 2636, 0, 322, 2635, 2637, 2, 1069773968, 4, 121, '', 0);
INSERT INTO ezsearch_object_word_link VALUES (12925, 175, 2637, 0, 323, 2636, 2626, 2, 1069773968, 4, 121, '', 0);
INSERT INTO ezsearch_object_word_link VALUES (12926, 175, 2626, 0, 324, 2637, 2629, 2, 1069773968, 4, 121, '', 0);
INSERT INTO ezsearch_object_word_link VALUES (12927, 175, 2629, 0, 325, 2626, 2638, 2, 1069773968, 4, 121, '', 0);
INSERT INTO ezsearch_object_word_link VALUES (12928, 175, 2638, 0, 326, 2629, 2604, 2, 1069773968, 4, 121, '', 0);
INSERT INTO ezsearch_object_word_link VALUES (12929, 175, 2604, 0, 327, 2638, 2639, 2, 1069773968, 4, 121, '', 0);
INSERT INTO ezsearch_object_word_link VALUES (12930, 175, 2639, 0, 328, 2604, 2640, 2, 1069773968, 4, 121, '', 0);
INSERT INTO ezsearch_object_word_link VALUES (12931, 175, 2640, 0, 329, 2639, 2641, 2, 1069773968, 4, 121, '', 0);
INSERT INTO ezsearch_object_word_link VALUES (12932, 175, 2641, 0, 330, 2640, 2642, 2, 1069773968, 4, 121, '', 0);
INSERT INTO ezsearch_object_word_link VALUES (12933, 175, 2642, 0, 331, 2641, 2643, 2, 1069773968, 4, 121, '', 0);
INSERT INTO ezsearch_object_word_link VALUES (12934, 175, 2643, 0, 332, 2642, 2644, 2, 1069773968, 4, 121, '', 0);
INSERT INTO ezsearch_object_word_link VALUES (12935, 175, 2644, 0, 333, 2643, 2645, 2, 1069773968, 4, 121, '', 0);
INSERT INTO ezsearch_object_word_link VALUES (12936, 175, 2645, 0, 334, 2644, 2646, 2, 1069773968, 4, 121, '', 0);
INSERT INTO ezsearch_object_word_link VALUES (12937, 175, 2646, 0, 335, 2645, 2647, 2, 1069773968, 4, 121, '', 0);
INSERT INTO ezsearch_object_word_link VALUES (12938, 175, 2647, 0, 336, 2646, 2646, 2, 1069773968, 4, 121, '', 0);
INSERT INTO ezsearch_object_word_link VALUES (12939, 175, 2646, 0, 337, 2647, 2648, 2, 1069773968, 4, 121, '', 0);
INSERT INTO ezsearch_object_word_link VALUES (12940, 175, 2648, 0, 338, 2646, 2649, 2, 1069773968, 4, 121, '', 0);
INSERT INTO ezsearch_object_word_link VALUES (12941, 175, 2649, 0, 339, 2648, 2650, 2, 1069773968, 4, 121, '', 0);
INSERT INTO ezsearch_object_word_link VALUES (12942, 175, 2650, 0, 340, 2649, 2651, 2, 1069773968, 4, 121, '', 0);
INSERT INTO ezsearch_object_word_link VALUES (12943, 175, 2651, 0, 341, 2650, 2652, 2, 1069773968, 4, 121, '', 0);
INSERT INTO ezsearch_object_word_link VALUES (12944, 175, 2652, 0, 342, 2651, 2653, 2, 1069773968, 4, 121, '', 0);
INSERT INTO ezsearch_object_word_link VALUES (12945, 175, 2653, 0, 343, 2652, 2654, 2, 1069773968, 4, 121, '', 0);
INSERT INTO ezsearch_object_word_link VALUES (12946, 175, 2654, 0, 344, 2653, 2655, 2, 1069773968, 4, 121, '', 0);
INSERT INTO ezsearch_object_word_link VALUES (12947, 175, 2655, 0, 345, 2654, 2656, 2, 1069773968, 4, 121, '', 0);
INSERT INTO ezsearch_object_word_link VALUES (12948, 175, 2656, 0, 346, 2655, 2657, 2, 1069773968, 4, 121, '', 0);
INSERT INTO ezsearch_object_word_link VALUES (12949, 175, 2657, 0, 347, 2656, 2627, 2, 1069773968, 4, 121, '', 0);
INSERT INTO ezsearch_object_word_link VALUES (12950, 175, 2627, 0, 348, 2657, 2604, 2, 1069773968, 4, 121, '', 0);
INSERT INTO ezsearch_object_word_link VALUES (12951, 175, 2604, 0, 349, 2627, 2658, 2, 1069773968, 4, 121, '', 0);
INSERT INTO ezsearch_object_word_link VALUES (12952, 175, 2658, 0, 350, 2604, 2659, 2, 1069773968, 4, 121, '', 0);
INSERT INTO ezsearch_object_word_link VALUES (12953, 175, 2659, 0, 351, 2658, 2641, 2, 1069773968, 4, 121, '', 0);
INSERT INTO ezsearch_object_word_link VALUES (12954, 175, 2641, 0, 352, 2659, 2660, 2, 1069773968, 4, 121, '', 0);
INSERT INTO ezsearch_object_word_link VALUES (12955, 175, 2660, 0, 353, 2641, 0, 2, 1069773968, 4, 121, '', 0);
INSERT INTO ezsearch_object_word_link VALUES (12956, 61, 2667, 0, 0, 0, 2499, 1, 1066729258, 4, 4, '', 0);
INSERT INTO ezsearch_object_word_link VALUES (12957, 61, 2499, 0, 1, 2667, 2667, 1, 1066729258, 4, 4, '', 0);
INSERT INTO ezsearch_object_word_link VALUES (12958, 61, 2667, 0, 2, 2499, 2499, 1, 1066729258, 4, 4, '', 0);
INSERT INTO ezsearch_object_word_link VALUES (12959, 61, 2499, 0, 3, 2667, 0, 1, 1066729258, 4, 4, '', 0);
INSERT INTO ezsearch_object_word_link VALUES (12960, 165, 2668, 0, 0, 0, 2668, 13, 1069423490, 4, 149, '', 0);
INSERT INTO ezsearch_object_word_link VALUES (12961, 165, 2668, 0, 1, 2668, 2669, 13, 1069423490, 4, 149, '', 0);
INSERT INTO ezsearch_object_word_link VALUES (12962, 165, 2669, 0, 2, 2668, 2669, 13, 1069423490, 4, 150, '', 0);
INSERT INTO ezsearch_object_word_link VALUES (12963, 165, 2669, 0, 3, 2669, 2670, 13, 1069423490, 4, 150, '', 0);
INSERT INTO ezsearch_object_word_link VALUES (12964, 165, 2670, 0, 4, 2669, 2670, 13, 1069423490, 4, 151, '', 0);
INSERT INTO ezsearch_object_word_link VALUES (12965, 165, 2670, 0, 5, 2670, 0, 13, 1069423490, 4, 151, '', 0);
INSERT INTO ezsearch_object_word_link VALUES (12966, 166, 2671, 0, 0, 0, 2671, 13, 1069423957, 4, 149, '', 0);
INSERT INTO ezsearch_object_word_link VALUES (12967, 166, 2671, 0, 1, 2671, 2672, 13, 1069423957, 4, 149, '', 0);
INSERT INTO ezsearch_object_word_link VALUES (12968, 166, 2672, 0, 2, 2671, 2672, 13, 1069423957, 4, 150, '', 0);
INSERT INTO ezsearch_object_word_link VALUES (12969, 166, 2672, 0, 3, 2672, 2672, 13, 1069423957, 4, 150, '', 0);
INSERT INTO ezsearch_object_word_link VALUES (12970, 166, 2672, 0, 4, 2672, 2672, 13, 1069423957, 4, 151, '', 0);
INSERT INTO ezsearch_object_word_link VALUES (12971, 166, 2672, 0, 5, 2672, 0, 13, 1069423957, 4, 151, '', 0);
INSERT INTO ezsearch_object_word_link VALUES (12972, 176, 2582, 0, 0, 0, 2673, 2, 1069774043, 4, 1, '', 0);
INSERT INTO ezsearch_object_word_link VALUES (12973, 176, 2673, 0, 1, 2582, 2582, 2, 1069774043, 4, 1, '', 0);
INSERT INTO ezsearch_object_word_link VALUES (12974, 176, 2582, 0, 2, 2673, 2673, 2, 1069774043, 4, 1, '', 0);
INSERT INTO ezsearch_object_word_link VALUES (12975, 176, 2673, 0, 3, 2582, 2663, 2, 1069774043, 4, 1, '', 0);
INSERT INTO ezsearch_object_word_link VALUES (12976, 176, 2663, 0, 4, 2673, 2664, 2, 1069774043, 4, 120, '', 0);
INSERT INTO ezsearch_object_word_link VALUES (12977, 176, 2664, 0, 5, 2663, 2586, 2, 1069774043, 4, 120, '', 0);
INSERT INTO ezsearch_object_word_link VALUES (12978, 176, 2586, 0, 6, 2664, 2674, 2, 1069774043, 4, 120, '', 0);
INSERT INTO ezsearch_object_word_link VALUES (12979, 176, 2674, 0, 7, 2586, 2675, 2, 1069774043, 4, 120, '', 0);
INSERT INTO ezsearch_object_word_link VALUES (12980, 176, 2675, 0, 8, 2674, 2582, 2, 1069774043, 4, 120, '', 0);
INSERT INTO ezsearch_object_word_link VALUES (12981, 176, 2582, 0, 9, 2675, 2676, 2, 1069774043, 4, 120, '', 0);
INSERT INTO ezsearch_object_word_link VALUES (12982, 176, 2676, 0, 10, 2582, 2677, 2, 1069774043, 4, 120, '', 0);
INSERT INTO ezsearch_object_word_link VALUES (12983, 176, 2677, 0, 11, 2676, 2666, 2, 1069774043, 4, 120, '', 0);
INSERT INTO ezsearch_object_word_link VALUES (12984, 176, 2666, 0, 12, 2677, 2678, 2, 1069774043, 4, 120, '', 0);
INSERT INTO ezsearch_object_word_link VALUES (12985, 176, 2678, 0, 13, 2666, 2663, 2, 1069774043, 4, 120, '', 0);
INSERT INTO ezsearch_object_word_link VALUES (12986, 176, 2663, 0, 14, 2678, 2664, 2, 1069774043, 4, 120, '', 0);
INSERT INTO ezsearch_object_word_link VALUES (12987, 176, 2664, 0, 15, 2663, 2586, 2, 1069774043, 4, 120, '', 0);
INSERT INTO ezsearch_object_word_link VALUES (12988, 176, 2586, 0, 16, 2664, 2674, 2, 1069774043, 4, 120, '', 0);
INSERT INTO ezsearch_object_word_link VALUES (12989, 176, 2674, 0, 17, 2586, 2675, 2, 1069774043, 4, 120, '', 0);
INSERT INTO ezsearch_object_word_link VALUES (12990, 176, 2675, 0, 18, 2674, 2582, 2, 1069774043, 4, 120, '', 0);
INSERT INTO ezsearch_object_word_link VALUES (12991, 176, 2582, 0, 19, 2675, 2676, 2, 1069774043, 4, 120, '', 0);
INSERT INTO ezsearch_object_word_link VALUES (12992, 176, 2676, 0, 20, 2582, 2677, 2, 1069774043, 4, 120, '', 0);
INSERT INTO ezsearch_object_word_link VALUES (12993, 176, 2677, 0, 21, 2676, 2666, 2, 1069774043, 4, 120, '', 0);
INSERT INTO ezsearch_object_word_link VALUES (12994, 176, 2666, 0, 22, 2677, 2678, 2, 1069774043, 4, 120, '', 0);
INSERT INTO ezsearch_object_word_link VALUES (12995, 176, 2678, 0, 23, 2666, 2588, 2, 1069774043, 4, 120, '', 0);
INSERT INTO ezsearch_object_word_link VALUES (12996, 176, 2588, 0, 24, 2678, 2589, 2, 1069774043, 4, 121, '', 0);
INSERT INTO ezsearch_object_word_link VALUES (12997, 176, 2589, 0, 25, 2588, 2590, 2, 1069774043, 4, 121, '', 0);
INSERT INTO ezsearch_object_word_link VALUES (12998, 176, 2590, 0, 26, 2589, 2591, 2, 1069774043, 4, 121, '', 0);
INSERT INTO ezsearch_object_word_link VALUES (12999, 176, 2591, 0, 27, 2590, 2592, 2, 1069774043, 4, 121, '', 0);
INSERT INTO ezsearch_object_word_link VALUES (13000, 176, 2592, 0, 28, 2591, 2593, 2, 1069774043, 4, 121, '', 0);
INSERT INTO ezsearch_object_word_link VALUES (13001, 176, 2593, 0, 29, 2592, 2594, 2, 1069774043, 4, 121, '', 0);
INSERT INTO ezsearch_object_word_link VALUES (13002, 176, 2594, 0, 30, 2593, 2595, 2, 1069774043, 4, 121, '', 0);
INSERT INTO ezsearch_object_word_link VALUES (13003, 176, 2595, 0, 31, 2594, 2596, 2, 1069774043, 4, 121, '', 0);
INSERT INTO ezsearch_object_word_link VALUES (13004, 176, 2596, 0, 32, 2595, 2597, 2, 1069774043, 4, 121, '', 0);
INSERT INTO ezsearch_object_word_link VALUES (13005, 176, 2597, 0, 33, 2596, 2598, 2, 1069774043, 4, 121, '', 0);
INSERT INTO ezsearch_object_word_link VALUES (13006, 176, 2598, 0, 34, 2597, 2599, 2, 1069774043, 4, 121, '', 0);
INSERT INTO ezsearch_object_word_link VALUES (13007, 176, 2599, 0, 35, 2598, 2600, 2, 1069774043, 4, 121, '', 0);
INSERT INTO ezsearch_object_word_link VALUES (13008, 176, 2600, 0, 36, 2599, 2601, 2, 1069774043, 4, 121, '', 0);
INSERT INTO ezsearch_object_word_link VALUES (13009, 176, 2601, 0, 37, 2600, 2602, 2, 1069774043, 4, 121, '', 0);
INSERT INTO ezsearch_object_word_link VALUES (13010, 176, 2602, 0, 38, 2601, 2603, 2, 1069774043, 4, 121, '', 0);
INSERT INTO ezsearch_object_word_link VALUES (13011, 176, 2603, 0, 39, 2602, 2604, 2, 1069774043, 4, 121, '', 0);
INSERT INTO ezsearch_object_word_link VALUES (13012, 176, 2604, 0, 40, 2603, 2605, 2, 1069774043, 4, 121, '', 0);
INSERT INTO ezsearch_object_word_link VALUES (13013, 176, 2605, 0, 41, 2604, 2606, 2, 1069774043, 4, 121, '', 0);
INSERT INTO ezsearch_object_word_link VALUES (13014, 176, 2606, 0, 42, 2605, 2607, 2, 1069774043, 4, 121, '', 0);
INSERT INTO ezsearch_object_word_link VALUES (13015, 176, 2607, 0, 43, 2606, 2608, 2, 1069774043, 4, 121, '', 0);
INSERT INTO ezsearch_object_word_link VALUES (13016, 176, 2608, 0, 44, 2607, 2602, 2, 1069774043, 4, 121, '', 0);
INSERT INTO ezsearch_object_word_link VALUES (13017, 176, 2602, 0, 45, 2608, 2609, 2, 1069774043, 4, 121, '', 0);
INSERT INTO ezsearch_object_word_link VALUES (13018, 176, 2609, 0, 46, 2602, 2610, 2, 1069774043, 4, 121, '', 0);
INSERT INTO ezsearch_object_word_link VALUES (13019, 176, 2610, 0, 47, 2609, 2611, 2, 1069774043, 4, 121, '', 0);
INSERT INTO ezsearch_object_word_link VALUES (13020, 176, 2611, 0, 48, 2610, 2612, 2, 1069774043, 4, 121, '', 0);
INSERT INTO ezsearch_object_word_link VALUES (13021, 176, 2612, 0, 49, 2611, 2613, 2, 1069774043, 4, 121, '', 0);
INSERT INTO ezsearch_object_word_link VALUES (13022, 176, 2613, 0, 50, 2612, 2614, 2, 1069774043, 4, 121, '', 0);
INSERT INTO ezsearch_object_word_link VALUES (13023, 176, 2614, 0, 51, 2613, 2615, 2, 1069774043, 4, 121, '', 0);
INSERT INTO ezsearch_object_word_link VALUES (13024, 176, 2615, 0, 52, 2614, 2616, 2, 1069774043, 4, 121, '', 0);
INSERT INTO ezsearch_object_word_link VALUES (13025, 176, 2616, 0, 53, 2615, 2617, 2, 1069774043, 4, 121, '', 0);
INSERT INTO ezsearch_object_word_link VALUES (13026, 176, 2617, 0, 54, 2616, 2618, 2, 1069774043, 4, 121, '', 0);
INSERT INTO ezsearch_object_word_link VALUES (13027, 176, 2618, 0, 55, 2617, 2619, 2, 1069774043, 4, 121, '', 0);
INSERT INTO ezsearch_object_word_link VALUES (13028, 176, 2619, 0, 56, 2618, 2620, 2, 1069774043, 4, 121, '', 0);
INSERT INTO ezsearch_object_word_link VALUES (13029, 176, 2620, 0, 57, 2619, 2621, 2, 1069774043, 4, 121, '', 0);
INSERT INTO ezsearch_object_word_link VALUES (13030, 176, 2621, 0, 58, 2620, 2602, 2, 1069774043, 4, 121, '', 0);
INSERT INTO ezsearch_object_word_link VALUES (13031, 176, 2602, 0, 59, 2621, 2622, 2, 1069774043, 4, 121, '', 0);
INSERT INTO ezsearch_object_word_link VALUES (13032, 176, 2622, 0, 60, 2602, 2623, 2, 1069774043, 4, 121, '', 0);
INSERT INTO ezsearch_object_word_link VALUES (13033, 176, 2623, 0, 61, 2622, 2624, 2, 1069774043, 4, 121, '', 0);
INSERT INTO ezsearch_object_word_link VALUES (13034, 176, 2624, 0, 62, 2623, 2625, 2, 1069774043, 4, 121, '', 0);
INSERT INTO ezsearch_object_word_link VALUES (13035, 176, 2625, 0, 63, 2624, 2626, 2, 1069774043, 4, 121, '', 0);
INSERT INTO ezsearch_object_word_link VALUES (13036, 176, 2626, 0, 64, 2625, 2627, 2, 1069774043, 4, 121, '', 0);
INSERT INTO ezsearch_object_word_link VALUES (13037, 176, 2627, 0, 65, 2626, 2628, 2, 1069774043, 4, 121, '', 0);
INSERT INTO ezsearch_object_word_link VALUES (13038, 176, 2628, 0, 66, 2627, 2629, 2, 1069774043, 4, 121, '', 0);
INSERT INTO ezsearch_object_word_link VALUES (13039, 176, 2629, 0, 67, 2628, 2630, 2, 1069774043, 4, 121, '', 0);
INSERT INTO ezsearch_object_word_link VALUES (13040, 176, 2630, 0, 68, 2629, 2631, 2, 1069774043, 4, 121, '', 0);
INSERT INTO ezsearch_object_word_link VALUES (13041, 176, 2631, 0, 69, 2630, 2590, 2, 1069774043, 4, 121, '', 0);
INSERT INTO ezsearch_object_word_link VALUES (13042, 176, 2590, 0, 70, 2631, 2632, 2, 1069774043, 4, 121, '', 0);
INSERT INTO ezsearch_object_word_link VALUES (13043, 176, 2632, 0, 71, 2590, 2633, 2, 1069774043, 4, 121, '', 0);
INSERT INTO ezsearch_object_word_link VALUES (13044, 176, 2633, 0, 72, 2632, 2632, 2, 1069774043, 4, 121, '', 0);
INSERT INTO ezsearch_object_word_link VALUES (13045, 176, 2632, 0, 73, 2633, 2634, 2, 1069774043, 4, 121, '', 0);
INSERT INTO ezsearch_object_word_link VALUES (13046, 176, 2634, 0, 74, 2632, 2635, 2, 1069774043, 4, 121, '', 0);
INSERT INTO ezsearch_object_word_link VALUES (13047, 176, 2635, 0, 75, 2634, 2636, 2, 1069774043, 4, 121, '', 0);
INSERT INTO ezsearch_object_word_link VALUES (13048, 176, 2636, 0, 76, 2635, 2637, 2, 1069774043, 4, 121, '', 0);
INSERT INTO ezsearch_object_word_link VALUES (13049, 176, 2637, 0, 77, 2636, 2626, 2, 1069774043, 4, 121, '', 0);
INSERT INTO ezsearch_object_word_link VALUES (13050, 176, 2626, 0, 78, 2637, 2629, 2, 1069774043, 4, 121, '', 0);
INSERT INTO ezsearch_object_word_link VALUES (13051, 176, 2629, 0, 79, 2626, 2638, 2, 1069774043, 4, 121, '', 0);
INSERT INTO ezsearch_object_word_link VALUES (13052, 176, 2638, 0, 80, 2629, 2604, 2, 1069774043, 4, 121, '', 0);
INSERT INTO ezsearch_object_word_link VALUES (13053, 176, 2604, 0, 81, 2638, 2639, 2, 1069774043, 4, 121, '', 0);
INSERT INTO ezsearch_object_word_link VALUES (13054, 176, 2639, 0, 82, 2604, 2640, 2, 1069774043, 4, 121, '', 0);
INSERT INTO ezsearch_object_word_link VALUES (13055, 176, 2640, 0, 83, 2639, 2641, 2, 1069774043, 4, 121, '', 0);
INSERT INTO ezsearch_object_word_link VALUES (13056, 176, 2641, 0, 84, 2640, 2588, 2, 1069774043, 4, 121, '', 0);
INSERT INTO ezsearch_object_word_link VALUES (13057, 176, 2588, 0, 85, 2641, 2589, 2, 1069774043, 4, 121, '', 0);
INSERT INTO ezsearch_object_word_link VALUES (13058, 176, 2589, 0, 86, 2588, 2590, 2, 1069774043, 4, 121, '', 0);
INSERT INTO ezsearch_object_word_link VALUES (13059, 176, 2590, 0, 87, 2589, 2591, 2, 1069774043, 4, 121, '', 0);
INSERT INTO ezsearch_object_word_link VALUES (13060, 176, 2591, 0, 88, 2590, 2592, 2, 1069774043, 4, 121, '', 0);
INSERT INTO ezsearch_object_word_link VALUES (13061, 176, 2592, 0, 89, 2591, 2593, 2, 1069774043, 4, 121, '', 0);
INSERT INTO ezsearch_object_word_link VALUES (13062, 176, 2593, 0, 90, 2592, 2594, 2, 1069774043, 4, 121, '', 0);
INSERT INTO ezsearch_object_word_link VALUES (13063, 176, 2594, 0, 91, 2593, 2595, 2, 1069774043, 4, 121, '', 0);
INSERT INTO ezsearch_object_word_link VALUES (13064, 176, 2595, 0, 92, 2594, 2596, 2, 1069774043, 4, 121, '', 0);
INSERT INTO ezsearch_object_word_link VALUES (13065, 176, 2596, 0, 93, 2595, 2597, 2, 1069774043, 4, 121, '', 0);
INSERT INTO ezsearch_object_word_link VALUES (13066, 176, 2597, 0, 94, 2596, 2598, 2, 1069774043, 4, 121, '', 0);
INSERT INTO ezsearch_object_word_link VALUES (13067, 176, 2598, 0, 95, 2597, 2599, 2, 1069774043, 4, 121, '', 0);
INSERT INTO ezsearch_object_word_link VALUES (13068, 176, 2599, 0, 96, 2598, 2600, 2, 1069774043, 4, 121, '', 0);
INSERT INTO ezsearch_object_word_link VALUES (13069, 176, 2600, 0, 97, 2599, 2601, 2, 1069774043, 4, 121, '', 0);
INSERT INTO ezsearch_object_word_link VALUES (13070, 176, 2601, 0, 98, 2600, 2602, 2, 1069774043, 4, 121, '', 0);
INSERT INTO ezsearch_object_word_link VALUES (13071, 176, 2602, 0, 99, 2601, 2603, 2, 1069774043, 4, 121, '', 0);
INSERT INTO ezsearch_object_word_link VALUES (13072, 176, 2603, 0, 100, 2602, 2604, 2, 1069774043, 4, 121, '', 0);
INSERT INTO ezsearch_object_word_link VALUES (13073, 176, 2604, 0, 101, 2603, 2605, 2, 1069774043, 4, 121, '', 0);
INSERT INTO ezsearch_object_word_link VALUES (13074, 176, 2605, 0, 102, 2604, 2606, 2, 1069774043, 4, 121, '', 0);
INSERT INTO ezsearch_object_word_link VALUES (13075, 176, 2606, 0, 103, 2605, 2607, 2, 1069774043, 4, 121, '', 0);
INSERT INTO ezsearch_object_word_link VALUES (13076, 176, 2607, 0, 104, 2606, 2608, 2, 1069774043, 4, 121, '', 0);
INSERT INTO ezsearch_object_word_link VALUES (13077, 176, 2608, 0, 105, 2607, 2602, 2, 1069774043, 4, 121, '', 0);
INSERT INTO ezsearch_object_word_link VALUES (13078, 176, 2602, 0, 106, 2608, 2609, 2, 1069774043, 4, 121, '', 0);
INSERT INTO ezsearch_object_word_link VALUES (13079, 176, 2609, 0, 107, 2602, 2610, 2, 1069774043, 4, 121, '', 0);
INSERT INTO ezsearch_object_word_link VALUES (13080, 176, 2610, 0, 108, 2609, 2611, 2, 1069774043, 4, 121, '', 0);
INSERT INTO ezsearch_object_word_link VALUES (13081, 176, 2611, 0, 109, 2610, 2612, 2, 1069774043, 4, 121, '', 0);
INSERT INTO ezsearch_object_word_link VALUES (13082, 176, 2612, 0, 110, 2611, 2613, 2, 1069774043, 4, 121, '', 0);
INSERT INTO ezsearch_object_word_link VALUES (13083, 176, 2613, 0, 111, 2612, 2614, 2, 1069774043, 4, 121, '', 0);
INSERT INTO ezsearch_object_word_link VALUES (13084, 176, 2614, 0, 112, 2613, 2615, 2, 1069774043, 4, 121, '', 0);
INSERT INTO ezsearch_object_word_link VALUES (13085, 176, 2615, 0, 113, 2614, 2616, 2, 1069774043, 4, 121, '', 0);
INSERT INTO ezsearch_object_word_link VALUES (13086, 176, 2616, 0, 114, 2615, 2617, 2, 1069774043, 4, 121, '', 0);
INSERT INTO ezsearch_object_word_link VALUES (13087, 176, 2617, 0, 115, 2616, 2618, 2, 1069774043, 4, 121, '', 0);
INSERT INTO ezsearch_object_word_link VALUES (13088, 176, 2618, 0, 116, 2617, 2619, 2, 1069774043, 4, 121, '', 0);
INSERT INTO ezsearch_object_word_link VALUES (13089, 176, 2619, 0, 117, 2618, 2620, 2, 1069774043, 4, 121, '', 0);
INSERT INTO ezsearch_object_word_link VALUES (13090, 176, 2620, 0, 118, 2619, 2621, 2, 1069774043, 4, 121, '', 0);
INSERT INTO ezsearch_object_word_link VALUES (13091, 176, 2621, 0, 119, 2620, 2602, 2, 1069774043, 4, 121, '', 0);
INSERT INTO ezsearch_object_word_link VALUES (13092, 176, 2602, 0, 120, 2621, 2622, 2, 1069774043, 4, 121, '', 0);
INSERT INTO ezsearch_object_word_link VALUES (13093, 176, 2622, 0, 121, 2602, 2623, 2, 1069774043, 4, 121, '', 0);
INSERT INTO ezsearch_object_word_link VALUES (13094, 176, 2623, 0, 122, 2622, 2624, 2, 1069774043, 4, 121, '', 0);
INSERT INTO ezsearch_object_word_link VALUES (13095, 176, 2624, 0, 123, 2623, 2625, 2, 1069774043, 4, 121, '', 0);
INSERT INTO ezsearch_object_word_link VALUES (13096, 176, 2625, 0, 124, 2624, 2626, 2, 1069774043, 4, 121, '', 0);
INSERT INTO ezsearch_object_word_link VALUES (13097, 176, 2626, 0, 125, 2625, 2627, 2, 1069774043, 4, 121, '', 0);
INSERT INTO ezsearch_object_word_link VALUES (13098, 176, 2627, 0, 126, 2626, 2628, 2, 1069774043, 4, 121, '', 0);
INSERT INTO ezsearch_object_word_link VALUES (13099, 176, 2628, 0, 127, 2627, 2629, 2, 1069774043, 4, 121, '', 0);
INSERT INTO ezsearch_object_word_link VALUES (13100, 176, 2629, 0, 128, 2628, 2630, 2, 1069774043, 4, 121, '', 0);
INSERT INTO ezsearch_object_word_link VALUES (13101, 176, 2630, 0, 129, 2629, 2631, 2, 1069774043, 4, 121, '', 0);
INSERT INTO ezsearch_object_word_link VALUES (13102, 176, 2631, 0, 130, 2630, 2590, 2, 1069774043, 4, 121, '', 0);
INSERT INTO ezsearch_object_word_link VALUES (13103, 176, 2590, 0, 131, 2631, 2632, 2, 1069774043, 4, 121, '', 0);
INSERT INTO ezsearch_object_word_link VALUES (13104, 176, 2632, 0, 132, 2590, 2633, 2, 1069774043, 4, 121, '', 0);
INSERT INTO ezsearch_object_word_link VALUES (13105, 176, 2633, 0, 133, 2632, 2632, 2, 1069774043, 4, 121, '', 0);
INSERT INTO ezsearch_object_word_link VALUES (13106, 176, 2632, 0, 134, 2633, 2634, 2, 1069774043, 4, 121, '', 0);
INSERT INTO ezsearch_object_word_link VALUES (13107, 176, 2634, 0, 135, 2632, 2635, 2, 1069774043, 4, 121, '', 0);
INSERT INTO ezsearch_object_word_link VALUES (13108, 176, 2635, 0, 136, 2634, 2636, 2, 1069774043, 4, 121, '', 0);
INSERT INTO ezsearch_object_word_link VALUES (13109, 176, 2636, 0, 137, 2635, 2637, 2, 1069774043, 4, 121, '', 0);
INSERT INTO ezsearch_object_word_link VALUES (13110, 176, 2637, 0, 138, 2636, 2626, 2, 1069774043, 4, 121, '', 0);
INSERT INTO ezsearch_object_word_link VALUES (13111, 176, 2626, 0, 139, 2637, 2629, 2, 1069774043, 4, 121, '', 0);
INSERT INTO ezsearch_object_word_link VALUES (13112, 176, 2629, 0, 140, 2626, 2638, 2, 1069774043, 4, 121, '', 0);
INSERT INTO ezsearch_object_word_link VALUES (13113, 176, 2638, 0, 141, 2629, 2604, 2, 1069774043, 4, 121, '', 0);
INSERT INTO ezsearch_object_word_link VALUES (13114, 176, 2604, 0, 142, 2638, 2639, 2, 1069774043, 4, 121, '', 0);
INSERT INTO ezsearch_object_word_link VALUES (13115, 176, 2639, 0, 143, 2604, 2640, 2, 1069774043, 4, 121, '', 0);
INSERT INTO ezsearch_object_word_link VALUES (13116, 176, 2640, 0, 144, 2639, 2641, 2, 1069774043, 4, 121, '', 0);
INSERT INTO ezsearch_object_word_link VALUES (13117, 176, 2641, 0, 145, 2640, 0, 2, 1069774043, 4, 121, '', 0);
INSERT INTO ezsearch_object_word_link VALUES (13118, 57, 2679, 0, 0, 0, 2679, 1, 1066729137, 5, 4, '', 0);
INSERT INTO ezsearch_object_word_link VALUES (13119, 57, 2679, 0, 1, 2679, 0, 1, 1066729137, 5, 4, '', 0);
INSERT INTO ezsearch_object_word_link VALUES (13120, 62, 2680, 0, 0, 0, 2680, 1, 1066729284, 5, 4, '', 0);
INSERT INTO ezsearch_object_word_link VALUES (13121, 62, 2680, 0, 1, 2680, 0, 1, 1066729284, 5, 4, '', 0);
INSERT INTO ezsearch_object_word_link VALUES (13122, 171, 2681, 0, 0, 0, 2681, 17, 1069769945, 5, 170, '', 0);
INSERT INTO ezsearch_object_word_link VALUES (13123, 171, 2681, 0, 1, 2681, 2682, 17, 1069769945, 5, 170, '', 0);
INSERT INTO ezsearch_object_word_link VALUES (13124, 171, 2682, 0, 2, 2681, 2682, 17, 1069769945, 5, 169, '', 0);
INSERT INTO ezsearch_object_word_link VALUES (13125, 171, 2682, 0, 3, 2682, 2683, 17, 1069769945, 5, 169, '', 0);
INSERT INTO ezsearch_object_word_link VALUES (13126, 171, 2683, 0, 4, 2682, 2683, 17, 1069769945, 5, 171, '', 0);
INSERT INTO ezsearch_object_word_link VALUES (13127, 171, 2683, 0, 5, 2683, 2684, 17, 1069769945, 5, 171, '', 0);
INSERT INTO ezsearch_object_word_link VALUES (13128, 171, 2684, 0, 6, 2683, 2685, 17, 1069769945, 5, 172, 'contact_type', 0);
INSERT INTO ezsearch_object_word_link VALUES (13129, 171, 2685, 0, 7, 2684, 2686, 17, 1069769945, 5, 172, 'contact_type', 2);
INSERT INTO ezsearch_object_word_link VALUES (13130, 171, 2686, 0, 8, 2685, 2687, 17, 1069769945, 5, 172, 'contact_type', 3);
INSERT INTO ezsearch_object_word_link VALUES (13131, 171, 2687, 0, 9, 2686, 2688, 17, 1069769945, 5, 172, 'contact_value', 0);
INSERT INTO ezsearch_object_word_link VALUES (13132, 171, 2688, 0, 10, 2687, 2689, 17, 1069769945, 5, 172, 'contact_value', 0);
INSERT INTO ezsearch_object_word_link VALUES (13133, 171, 2689, 0, 11, 2688, 2690, 17, 1069769945, 5, 172, 'contact_value', 0);
INSERT INTO ezsearch_object_word_link VALUES (13134, 171, 2690, 0, 12, 2689, 2691, 17, 1069769945, 5, 172, 'contact_value', 0);
INSERT INTO ezsearch_object_word_link VALUES (13135, 171, 2691, 0, 13, 2690, 2684, 17, 1069769945, 5, 172, 'contact_value', 0);
INSERT INTO ezsearch_object_word_link VALUES (13136, 171, 2684, 0, 14, 2691, 2685, 17, 1069769945, 5, 172, 'contact_type', 0);
INSERT INTO ezsearch_object_word_link VALUES (13137, 171, 2685, 0, 15, 2684, 2686, 17, 1069769945, 5, 172, 'contact_type', 2);
INSERT INTO ezsearch_object_word_link VALUES (13138, 171, 2686, 0, 16, 2685, 2687, 17, 1069769945, 5, 172, 'contact_type', 3);
INSERT INTO ezsearch_object_word_link VALUES (13139, 171, 2687, 0, 17, 2686, 2688, 17, 1069769945, 5, 172, 'contact_value', 0);
INSERT INTO ezsearch_object_word_link VALUES (13140, 171, 2688, 0, 18, 2687, 2689, 17, 1069769945, 5, 172, 'contact_value', 0);
INSERT INTO ezsearch_object_word_link VALUES (13141, 171, 2689, 0, 19, 2688, 2690, 17, 1069769945, 5, 172, 'contact_value', 0);
INSERT INTO ezsearch_object_word_link VALUES (13142, 171, 2690, 0, 20, 2689, 2691, 17, 1069769945, 5, 172, 'contact_value', 0);
INSERT INTO ezsearch_object_word_link VALUES (13143, 171, 2691, 0, 21, 2690, 2675, 17, 1069769945, 5, 172, 'contact_value', 0);
INSERT INTO ezsearch_object_word_link VALUES (13144, 171, 2675, 0, 22, 2691, 2692, 17, 1069769945, 5, 179, '', 0);
INSERT INTO ezsearch_object_word_link VALUES (13145, 171, 2692, 0, 23, 2675, 2693, 17, 1069769945, 5, 179, '', 0);
INSERT INTO ezsearch_object_word_link VALUES (13146, 171, 2693, 0, 24, 2692, 2675, 17, 1069769945, 5, 179, '', 0);
INSERT INTO ezsearch_object_word_link VALUES (13147, 171, 2675, 0, 25, 2693, 2692, 17, 1069769945, 5, 179, '', 0);
INSERT INTO ezsearch_object_word_link VALUES (13148, 171, 2692, 0, 26, 2675, 2693, 17, 1069769945, 5, 179, '', 0);
INSERT INTO ezsearch_object_word_link VALUES (13149, 171, 2693, 0, 27, 2692, 0, 17, 1069769945, 5, 179, '', 0);
INSERT INTO ezsearch_object_word_link VALUES (13150, 172, 2694, 0, 0, 0, 2694, 17, 1069770002, 5, 170, '', 0);
INSERT INTO ezsearch_object_word_link VALUES (13151, 172, 2694, 0, 1, 2694, 2695, 17, 1069770002, 5, 170, '', 0);
INSERT INTO ezsearch_object_word_link VALUES (13152, 172, 2695, 0, 2, 2694, 2695, 17, 1069770002, 5, 169, '', 0);
INSERT INTO ezsearch_object_word_link VALUES (13153, 172, 2695, 0, 3, 2695, 2696, 17, 1069770002, 5, 169, '', 0);
INSERT INTO ezsearch_object_word_link VALUES (13154, 172, 2696, 0, 4, 2695, 2696, 17, 1069770002, 5, 171, '', 0);
INSERT INTO ezsearch_object_word_link VALUES (13155, 172, 2696, 0, 5, 2696, 2684, 17, 1069770002, 5, 171, '', 0);
INSERT INTO ezsearch_object_word_link VALUES (13156, 172, 2684, 0, 6, 2696, 2685, 17, 1069770002, 5, 172, 'contact_type', 0);
INSERT INTO ezsearch_object_word_link VALUES (13157, 172, 2685, 0, 7, 2684, 2687, 17, 1069770002, 5, 172, 'contact_type', 2);
INSERT INTO ezsearch_object_word_link VALUES (13158, 172, 2687, 0, 8, 2685, 2697, 17, 1069770002, 5, 172, 'contact_value', 0);
INSERT INTO ezsearch_object_word_link VALUES (13159, 172, 2697, 0, 9, 2687, 2698, 17, 1069770002, 5, 172, 'contact_value', 0);
INSERT INTO ezsearch_object_word_link VALUES (13160, 172, 2698, 0, 10, 2697, 2684, 17, 1069770002, 5, 172, 'contact_value', 0);
INSERT INTO ezsearch_object_word_link VALUES (13161, 172, 2684, 0, 11, 2698, 2685, 17, 1069770002, 5, 172, 'contact_type', 0);
INSERT INTO ezsearch_object_word_link VALUES (13162, 172, 2685, 0, 12, 2684, 2687, 17, 1069770002, 5, 172, 'contact_type', 2);
INSERT INTO ezsearch_object_word_link VALUES (13163, 172, 2687, 0, 13, 2685, 2697, 17, 1069770002, 5, 172, 'contact_value', 0);
INSERT INTO ezsearch_object_word_link VALUES (13164, 172, 2697, 0, 14, 2687, 2698, 17, 1069770002, 5, 172, 'contact_value', 0);
INSERT INTO ezsearch_object_word_link VALUES (13165, 172, 2698, 0, 15, 2697, 2694, 17, 1069770002, 5, 172, 'contact_value', 0);
INSERT INTO ezsearch_object_word_link VALUES (13166, 172, 2694, 0, 16, 2698, 2695, 17, 1069770002, 5, 179, '', 0);
INSERT INTO ezsearch_object_word_link VALUES (13167, 172, 2695, 0, 17, 2694, 2699, 17, 1069770002, 5, 179, '', 0);
INSERT INTO ezsearch_object_word_link VALUES (13168, 172, 2699, 0, 18, 2695, 2675, 17, 1069770002, 5, 179, '', 0);
INSERT INTO ezsearch_object_word_link VALUES (13169, 172, 2675, 0, 19, 2699, 2700, 17, 1069770002, 5, 179, '', 0);
INSERT INTO ezsearch_object_word_link VALUES (13170, 172, 2700, 0, 20, 2675, 2701, 17, 1069770002, 5, 179, '', 0);
INSERT INTO ezsearch_object_word_link VALUES (13171, 172, 2701, 0, 21, 2700, 2702, 17, 1069770002, 5, 179, '', 0);
INSERT INTO ezsearch_object_word_link VALUES (13172, 172, 2702, 0, 22, 2701, 2694, 17, 1069770002, 5, 179, '', 0);
INSERT INTO ezsearch_object_word_link VALUES (13173, 172, 2694, 0, 23, 2702, 2695, 17, 1069770002, 5, 179, '', 0);
INSERT INTO ezsearch_object_word_link VALUES (13174, 172, 2695, 0, 24, 2694, 2699, 17, 1069770002, 5, 179, '', 0);
INSERT INTO ezsearch_object_word_link VALUES (13175, 172, 2699, 0, 25, 2695, 2675, 17, 1069770002, 5, 179, '', 0);
INSERT INTO ezsearch_object_word_link VALUES (13176, 172, 2675, 0, 26, 2699, 2700, 17, 1069770002, 5, 179, '', 0);
INSERT INTO ezsearch_object_word_link VALUES (13177, 172, 2700, 0, 27, 2675, 2701, 17, 1069770002, 5, 179, '', 0);
INSERT INTO ezsearch_object_word_link VALUES (13178, 172, 2701, 0, 28, 2700, 2702, 17, 1069770002, 5, 179, '', 0);
INSERT INTO ezsearch_object_word_link VALUES (13179, 172, 2702, 0, 29, 2701, 0, 17, 1069770002, 5, 179, '', 0);
INSERT INTO ezsearch_object_word_link VALUES (13180, 63, 2703, 0, 0, 0, 2703, 1, 1066729298, 5, 4, '', 0);
INSERT INTO ezsearch_object_word_link VALUES (13181, 63, 2703, 0, 1, 2703, 0, 1, 1066729298, 5, 4, '', 0);
INSERT INTO ezsearch_object_word_link VALUES (13182, 173, 2704, 0, 0, 0, 2705, 16, 1069770749, 5, 162, '', 0);
INSERT INTO ezsearch_object_word_link VALUES (13183, 173, 2705, 0, 1, 2704, 2704, 16, 1069770749, 5, 162, '', 0);
INSERT INTO ezsearch_object_word_link VALUES (13184, 173, 2704, 0, 2, 2705, 2705, 16, 1069770749, 5, 162, '', 0);
INSERT INTO ezsearch_object_word_link VALUES (13185, 173, 2705, 0, 3, 2704, 2706, 16, 1069770749, 5, 162, '', 0);
INSERT INTO ezsearch_object_word_link VALUES (13186, 173, 2706, 0, 4, 2705, 2706, 16, 1069770749, 5, 163, '', 0);
INSERT INTO ezsearch_object_word_link VALUES (13187, 173, 2706, 0, 5, 2706, 2684, 16, 1069770749, 5, 163, '', 0);
INSERT INTO ezsearch_object_word_link VALUES (13188, 173, 2684, 0, 6, 2706, 2707, 16, 1069770749, 5, 164, 'address_type', 0);
INSERT INTO ezsearch_object_word_link VALUES (13189, 173, 2707, 0, 7, 2684, 2708, 16, 1069770749, 5, 164, 'address_type', 1);
INSERT INTO ezsearch_object_word_link VALUES (13190, 173, 2708, 0, 8, 2707, 2685, 16, 1069770749, 5, 164, 'address_value', 0);
INSERT INTO ezsearch_object_word_link VALUES (13191, 173, 2685, 0, 9, 2708, 2708, 16, 1069770749, 5, 164, 'address_value', 0);
INSERT INTO ezsearch_object_word_link VALUES (13192, 173, 2708, 0, 10, 2685, 2685, 16, 1069770749, 5, 164, 'address_value', 0);
INSERT INTO ezsearch_object_word_link VALUES (13193, 173, 2685, 0, 11, 2708, 2684, 16, 1069770749, 5, 164, 'address_value', 0);
INSERT INTO ezsearch_object_word_link VALUES (13194, 173, 2684, 0, 12, 2685, 2707, 16, 1069770749, 5, 164, 'address_type', 0);
INSERT INTO ezsearch_object_word_link VALUES (13195, 173, 2707, 0, 13, 2684, 2708, 16, 1069770749, 5, 164, 'address_type', 1);
INSERT INTO ezsearch_object_word_link VALUES (13196, 173, 2708, 0, 14, 2707, 2685, 16, 1069770749, 5, 164, 'address_value', 0);
INSERT INTO ezsearch_object_word_link VALUES (13197, 173, 2685, 0, 15, 2708, 2708, 16, 1069770749, 5, 164, 'address_value', 0);
INSERT INTO ezsearch_object_word_link VALUES (13198, 173, 2708, 0, 16, 2685, 2685, 16, 1069770749, 5, 164, 'address_value', 0);
INSERT INTO ezsearch_object_word_link VALUES (13199, 173, 2685, 0, 17, 2708, 2675, 16, 1069770749, 5, 164, 'address_value', 0);
INSERT INTO ezsearch_object_word_link VALUES (13200, 173, 2675, 0, 18, 2685, 2709, 16, 1069770749, 5, 166, '', 0);
INSERT INTO ezsearch_object_word_link VALUES (13201, 173, 2709, 0, 19, 2675, 2705, 16, 1069770749, 5, 166, '', 0);
INSERT INTO ezsearch_object_word_link VALUES (13202, 173, 2705, 0, 20, 2709, 2663, 16, 1069770749, 5, 166, '', 0);
INSERT INTO ezsearch_object_word_link VALUES (13203, 173, 2663, 0, 21, 2705, 2710, 16, 1069770749, 5, 166, '', 0);
INSERT INTO ezsearch_object_word_link VALUES (13204, 173, 2710, 0, 22, 2663, 2711, 16, 1069770749, 5, 166, '', 0);
INSERT INTO ezsearch_object_word_link VALUES (13205, 173, 2711, 0, 23, 2710, 2675, 16, 1069770749, 5, 166, '', 0);
INSERT INTO ezsearch_object_word_link VALUES (13206, 173, 2675, 0, 24, 2711, 2709, 16, 1069770749, 5, 166, '', 0);
INSERT INTO ezsearch_object_word_link VALUES (13207, 173, 2709, 0, 25, 2675, 2705, 16, 1069770749, 5, 166, '', 0);
INSERT INTO ezsearch_object_word_link VALUES (13208, 173, 2705, 0, 26, 2709, 2663, 16, 1069770749, 5, 166, '', 0);
INSERT INTO ezsearch_object_word_link VALUES (13209, 173, 2663, 0, 27, 2705, 2710, 16, 1069770749, 5, 166, '', 0);
INSERT INTO ezsearch_object_word_link VALUES (13210, 173, 2710, 0, 28, 2663, 2711, 16, 1069770749, 5, 166, '', 0);
INSERT INTO ezsearch_object_word_link VALUES (13211, 173, 2711, 0, 29, 2710, 2712, 16, 1069770749, 5, 166, '', 0);
INSERT INTO ezsearch_object_word_link VALUES (13212, 173, 2712, 0, 30, 2711, 2712, 16, 1069770749, 5, 167, '', 0);
INSERT INTO ezsearch_object_word_link VALUES (13213, 173, 2712, 0, 31, 2712, 2684, 16, 1069770749, 5, 167, '', 0);
INSERT INTO ezsearch_object_word_link VALUES (13214, 173, 2684, 0, 32, 2712, 2707, 16, 1069770749, 5, 168, 'contact_type', 0);
INSERT INTO ezsearch_object_word_link VALUES (13215, 173, 2707, 0, 33, 2684, 2687, 16, 1069770749, 5, 168, 'contact_type', 1);
INSERT INTO ezsearch_object_word_link VALUES (13216, 173, 2687, 0, 34, 2707, 2713, 16, 1069770749, 5, 168, 'contact_value', 0);
INSERT INTO ezsearch_object_word_link VALUES (13217, 173, 2713, 0, 35, 2687, 2687, 16, 1069770749, 5, 168, 'contact_value', 0);
INSERT INTO ezsearch_object_word_link VALUES (13218, 173, 2687, 0, 36, 2713, 2714, 16, 1069770749, 5, 168, 'contact_value', 0);
INSERT INTO ezsearch_object_word_link VALUES (13219, 173, 2714, 0, 37, 2687, 2684, 16, 1069770749, 5, 168, 'contact_value', 0);
INSERT INTO ezsearch_object_word_link VALUES (13220, 173, 2684, 0, 38, 2714, 2707, 16, 1069770749, 5, 168, 'contact_type', 0);
INSERT INTO ezsearch_object_word_link VALUES (13221, 173, 2707, 0, 39, 2684, 2687, 16, 1069770749, 5, 168, 'contact_type', 1);
INSERT INTO ezsearch_object_word_link VALUES (13222, 173, 2687, 0, 40, 2707, 2713, 16, 1069770749, 5, 168, 'contact_value', 0);
INSERT INTO ezsearch_object_word_link VALUES (13223, 173, 2713, 0, 41, 2687, 2687, 16, 1069770749, 5, 168, 'contact_value', 0);
INSERT INTO ezsearch_object_word_link VALUES (13224, 173, 2687, 0, 42, 2713, 2714, 16, 1069770749, 5, 168, 'contact_value', 0);
INSERT INTO ezsearch_object_word_link VALUES (13225, 173, 2714, 0, 43, 2687, 0, 16, 1069770749, 5, 168, 'contact_value', 0);
INSERT INTO ezsearch_object_word_link VALUES (13226, 64, 2715, 0, 0, 0, 2715, 1, 1066729319, 6, 4, '', 0);
INSERT INTO ezsearch_object_word_link VALUES (13227, 64, 2715, 0, 1, 2715, 2716, 1, 1066729319, 6, 4, '', 0);
INSERT INTO ezsearch_object_word_link VALUES (13228, 64, 2716, 0, 2, 2715, 2717, 1, 1066729319, 6, 119, '', 0);
INSERT INTO ezsearch_object_word_link VALUES (13229, 64, 2717, 0, 3, 2716, 2718, 1, 1066729319, 6, 119, '', 0);
INSERT INTO ezsearch_object_word_link VALUES (13230, 64, 2718, 0, 4, 2717, 2719, 1, 1066729319, 6, 119, '', 0);
INSERT INTO ezsearch_object_word_link VALUES (13231, 64, 2719, 0, 5, 2718, 2720, 1, 1066729319, 6, 119, '', 0);
INSERT INTO ezsearch_object_word_link VALUES (13232, 64, 2720, 0, 6, 2719, 2715, 1, 1066729319, 6, 119, '', 0);
INSERT INTO ezsearch_object_word_link VALUES (13233, 64, 2715, 0, 7, 2720, 2716, 1, 1066729319, 6, 119, '', 0);
INSERT INTO ezsearch_object_word_link VALUES (13234, 64, 2716, 0, 8, 2715, 2717, 1, 1066729319, 6, 119, '', 0);
INSERT INTO ezsearch_object_word_link VALUES (13235, 64, 2717, 0, 9, 2716, 2718, 1, 1066729319, 6, 119, '', 0);
INSERT INTO ezsearch_object_word_link VALUES (13236, 64, 2718, 0, 10, 2717, 2719, 1, 1066729319, 6, 119, '', 0);
INSERT INTO ezsearch_object_word_link VALUES (13237, 64, 2719, 0, 11, 2718, 2720, 1, 1066729319, 6, 119, '', 0);
INSERT INTO ezsearch_object_word_link VALUES (13238, 64, 2720, 0, 12, 2719, 2715, 1, 1066729319, 6, 119, '', 0);
INSERT INTO ezsearch_object_word_link VALUES (13239, 64, 2715, 0, 13, 2720, 0, 1, 1066729319, 6, 119, '', 0);
INSERT INTO ezsearch_object_word_link VALUES (13240, 66, 2721, 0, 0, 0, 2721, 1, 1066729356, 6, 4, '', 0);
INSERT INTO ezsearch_object_word_link VALUES (13241, 66, 2721, 0, 1, 2721, 0, 1, 1066729356, 6, 4, '', 0);
INSERT INTO ezsearch_object_word_link VALUES (13242, 67, 2722, 0, 0, 0, 2722, 1, 1066729371, 6, 4, '', 0);
INSERT INTO ezsearch_object_word_link VALUES (13243, 67, 2722, 0, 1, 2722, 0, 1, 1066729371, 6, 4, '', 0);
INSERT INTO ezsearch_object_word_link VALUES (13244, 68, 2705, 0, 0, 0, 2723, 1, 1066729385, 6, 4, '', 0);
INSERT INTO ezsearch_object_word_link VALUES (13245, 68, 2723, 0, 1, 2705, 2705, 1, 1066729385, 6, 4, '', 0);
INSERT INTO ezsearch_object_word_link VALUES (13246, 68, 2705, 0, 2, 2723, 2723, 1, 1066729385, 6, 4, '', 0);
INSERT INTO ezsearch_object_word_link VALUES (13247, 68, 2723, 0, 3, 2705, 0, 1, 1066729385, 6, 4, '', 0);
INSERT INTO ezsearch_object_word_link VALUES (13248, 69, 2724, 0, 0, 0, 2724, 1, 1066729400, 6, 4, '', 0);
INSERT INTO ezsearch_object_word_link VALUES (13249, 69, 2724, 0, 1, 2724, 0, 1, 1066729400, 6, 4, '', 0);
INSERT INTO ezsearch_object_word_link VALUES (13250, 112, 2725, 0, 0, 0, 2725, 1, 1066986270, 1, 4, '', 0);
INSERT INTO ezsearch_object_word_link VALUES (13251, 112, 2725, 0, 1, 2725, 2726, 1, 1066986270, 1, 4, '', 0);
INSERT INTO ezsearch_object_word_link VALUES (13252, 112, 2726, 0, 2, 2725, 2725, 1, 1066986270, 1, 119, '', 0);
INSERT INTO ezsearch_object_word_link VALUES (13253, 112, 2725, 0, 3, 2726, 2727, 1, 1066986270, 1, 119, '', 0);
INSERT INTO ezsearch_object_word_link VALUES (13254, 112, 2727, 0, 4, 2725, 2666, 1, 1066986270, 1, 119, '', 0);
INSERT INTO ezsearch_object_word_link VALUES (13255, 112, 2666, 0, 5, 2727, 2705, 1, 1066986270, 1, 119, '', 0);
INSERT INTO ezsearch_object_word_link VALUES (13256, 112, 2705, 0, 6, 2666, 2726, 1, 1066986270, 1, 119, '', 0);
INSERT INTO ezsearch_object_word_link VALUES (13257, 112, 2726, 0, 7, 2705, 2725, 1, 1066986270, 1, 119, '', 0);
INSERT INTO ezsearch_object_word_link VALUES (13258, 112, 2725, 0, 8, 2726, 2727, 1, 1066986270, 1, 119, '', 0);
INSERT INTO ezsearch_object_word_link VALUES (13259, 112, 2727, 0, 9, 2725, 2666, 1, 1066986270, 1, 119, '', 0);
INSERT INTO ezsearch_object_word_link VALUES (13260, 112, 2666, 0, 10, 2727, 2705, 1, 1066986270, 1, 119, '', 0);
INSERT INTO ezsearch_object_word_link VALUES (13261, 112, 2705, 0, 11, 2666, 0, 1, 1066986270, 1, 119, '', 0);
INSERT INTO ezsearch_object_word_link VALUES (13262, 170, 2728, 0, 0, 0, 2723, 10, 1069769718, 1, 140, '', 0);
INSERT INTO ezsearch_object_word_link VALUES (13263, 170, 2723, 0, 1, 2728, 2728, 10, 1069769718, 1, 140, '', 0);
INSERT INTO ezsearch_object_word_link VALUES (13264, 170, 2728, 0, 2, 2723, 2723, 10, 1069769718, 1, 140, '', 0);
INSERT INTO ezsearch_object_word_link VALUES (13265, 170, 2723, 0, 3, 2728, 2729, 10, 1069769718, 1, 140, '', 0);
INSERT INTO ezsearch_object_word_link VALUES (13266, 170, 2729, 0, 4, 2723, 2730, 10, 1069769718, 1, 141, '', 0);
INSERT INTO ezsearch_object_word_link VALUES (13267, 170, 2730, 0, 5, 2729, 2731, 10, 1069769718, 1, 141, '', 0);
INSERT INTO ezsearch_object_word_link VALUES (13268, 170, 2731, 0, 6, 2730, 2635, 10, 1069769718, 1, 141, '', 0);
INSERT INTO ezsearch_object_word_link VALUES (13269, 170, 2635, 0, 7, 2731, 2732, 10, 1069769718, 1, 141, '', 0);
INSERT INTO ezsearch_object_word_link VALUES (13270, 170, 2732, 0, 8, 2635, 2733, 10, 1069769718, 1, 141, '', 0);
INSERT INTO ezsearch_object_word_link VALUES (13271, 170, 2733, 0, 9, 2732, 2734, 10, 1069769718, 1, 141, '', 0);
INSERT INTO ezsearch_object_word_link VALUES (13272, 170, 2734, 0, 10, 2733, 2735, 10, 1069769718, 1, 141, '', 0);
INSERT INTO ezsearch_object_word_link VALUES (13273, 170, 2735, 0, 11, 2734, 2599, 10, 1069769718, 1, 141, '', 0);
INSERT INTO ezsearch_object_word_link VALUES (13274, 170, 2599, 0, 12, 2735, 2736, 10, 1069769718, 1, 141, '', 0);
INSERT INTO ezsearch_object_word_link VALUES (13275, 170, 2736, 0, 13, 2599, 2737, 10, 1069769718, 1, 141, '', 0);
INSERT INTO ezsearch_object_word_link VALUES (13276, 170, 2737, 0, 14, 2736, 2738, 10, 1069769718, 1, 141, '', 0);
INSERT INTO ezsearch_object_word_link VALUES (13277, 170, 2738, 0, 15, 2737, 2739, 10, 1069769718, 1, 141, '', 0);
INSERT INTO ezsearch_object_word_link VALUES (13278, 170, 2739, 0, 16, 2738, 2731, 10, 1069769718, 1, 141, '', 0);
INSERT INTO ezsearch_object_word_link VALUES (13279, 170, 2731, 0, 17, 2739, 2605, 10, 1069769718, 1, 141, '', 0);
INSERT INTO ezsearch_object_word_link VALUES (13280, 170, 2605, 0, 18, 2731, 2639, 10, 1069769718, 1, 141, '', 0);
INSERT INTO ezsearch_object_word_link VALUES (13281, 170, 2639, 0, 19, 2605, 2740, 10, 1069769718, 1, 141, '', 0);
INSERT INTO ezsearch_object_word_link VALUES (13282, 170, 2740, 0, 20, 2639, 2653, 10, 1069769718, 1, 141, '', 0);
INSERT INTO ezsearch_object_word_link VALUES (13283, 170, 2653, 0, 21, 2740, 2741, 10, 1069769718, 1, 141, '', 0);
INSERT INTO ezsearch_object_word_link VALUES (13284, 170, 2741, 0, 22, 2653, 2618, 10, 1069769718, 1, 141, '', 0);
INSERT INTO ezsearch_object_word_link VALUES (13285, 170, 2618, 0, 23, 2741, 2742, 10, 1069769718, 1, 141, '', 0);
INSERT INTO ezsearch_object_word_link VALUES (13286, 170, 2742, 0, 24, 2618, 2743, 10, 1069769718, 1, 141, '', 0);
INSERT INTO ezsearch_object_word_link VALUES (13287, 170, 2743, 0, 25, 2742, 2646, 10, 1069769718, 1, 141, '', 0);
INSERT INTO ezsearch_object_word_link VALUES (13288, 170, 2646, 0, 26, 2743, 2744, 10, 1069769718, 1, 141, '', 0);
INSERT INTO ezsearch_object_word_link VALUES (13289, 170, 2744, 0, 27, 2646, 2739, 10, 1069769718, 1, 141, '', 0);
INSERT INTO ezsearch_object_word_link VALUES (13290, 170, 2739, 0, 28, 2744, 2643, 10, 1069769718, 1, 141, '', 0);
INSERT INTO ezsearch_object_word_link VALUES (13291, 170, 2643, 0, 29, 2739, 2745, 10, 1069769718, 1, 141, '', 0);
INSERT INTO ezsearch_object_word_link VALUES (13292, 170, 2745, 0, 30, 2643, 2606, 10, 1069769718, 1, 141, '', 0);
INSERT INTO ezsearch_object_word_link VALUES (13293, 170, 2606, 0, 31, 2745, 2746, 10, 1069769718, 1, 141, '', 0);
INSERT INTO ezsearch_object_word_link VALUES (13294, 170, 2746, 0, 32, 2606, 2742, 10, 1069769718, 1, 141, '', 0);
INSERT INTO ezsearch_object_word_link VALUES (13295, 170, 2742, 0, 33, 2746, 2625, 10, 1069769718, 1, 141, '', 0);
INSERT INTO ezsearch_object_word_link VALUES (13296, 170, 2625, 0, 34, 2742, 2675, 10, 1069769718, 1, 141, '', 0);
INSERT INTO ezsearch_object_word_link VALUES (13297, 170, 2675, 0, 35, 2625, 2747, 10, 1069769718, 1, 141, '', 0);
INSERT INTO ezsearch_object_word_link VALUES (13298, 170, 2747, 0, 36, 2675, 2646, 10, 1069769718, 1, 141, '', 0);
INSERT INTO ezsearch_object_word_link VALUES (13299, 170, 2646, 0, 37, 2747, 2748, 10, 1069769718, 1, 141, '', 0);
INSERT INTO ezsearch_object_word_link VALUES (13300, 170, 2748, 0, 38, 2646, 2749, 10, 1069769718, 1, 141, '', 0);
INSERT INTO ezsearch_object_word_link VALUES (13301, 170, 2749, 0, 39, 2748, 2605, 10, 1069769718, 1, 141, '', 0);
INSERT INTO ezsearch_object_word_link VALUES (13302, 170, 2605, 0, 40, 2749, 2596, 10, 1069769718, 1, 141, '', 0);
INSERT INTO ezsearch_object_word_link VALUES (13303, 170, 2596, 0, 41, 2605, 2629, 10, 1069769718, 1, 141, '', 0);
INSERT INTO ezsearch_object_word_link VALUES (13304, 170, 2629, 0, 42, 2596, 2657, 10, 1069769718, 1, 141, '', 0);
INSERT INTO ezsearch_object_word_link VALUES (13305, 170, 2657, 0, 43, 2629, 2750, 10, 1069769718, 1, 141, '', 0);
INSERT INTO ezsearch_object_word_link VALUES (13306, 170, 2750, 0, 44, 2657, 2643, 10, 1069769718, 1, 141, '', 0);
INSERT INTO ezsearch_object_word_link VALUES (13307, 170, 2643, 0, 45, 2750, 2744, 10, 1069769718, 1, 141, '', 0);
INSERT INTO ezsearch_object_word_link VALUES (13308, 170, 2744, 0, 46, 2643, 2751, 10, 1069769718, 1, 141, '', 0);
INSERT INTO ezsearch_object_word_link VALUES (13309, 170, 2751, 0, 47, 2744, 2752, 10, 1069769718, 1, 141, '', 0);
INSERT INTO ezsearch_object_word_link VALUES (13310, 170, 2752, 0, 48, 2751, 2753, 10, 1069769718, 1, 141, '', 0);
INSERT INTO ezsearch_object_word_link VALUES (13311, 170, 2753, 0, 49, 2752, 2754, 10, 1069769718, 1, 141, '', 0);
INSERT INTO ezsearch_object_word_link VALUES (13312, 170, 2754, 0, 50, 2753, 2755, 10, 1069769718, 1, 141, '', 0);
INSERT INTO ezsearch_object_word_link VALUES (13313, 170, 2755, 0, 51, 2754, 2756, 10, 1069769718, 1, 141, '', 0);
INSERT INTO ezsearch_object_word_link VALUES (13314, 170, 2756, 0, 52, 2755, 2757, 10, 1069769718, 1, 141, '', 0);
INSERT INTO ezsearch_object_word_link VALUES (13315, 170, 2757, 0, 53, 2756, 2602, 10, 1069769718, 1, 141, '', 0);
INSERT INTO ezsearch_object_word_link VALUES (13316, 170, 2602, 0, 54, 2757, 2597, 10, 1069769718, 1, 141, '', 0);
INSERT INTO ezsearch_object_word_link VALUES (13317, 170, 2597, 0, 55, 2602, 2641, 10, 1069769718, 1, 141, '', 0);
INSERT INTO ezsearch_object_word_link VALUES (13318, 170, 2641, 0, 56, 2597, 2758, 10, 1069769718, 1, 141, '', 0);
INSERT INTO ezsearch_object_word_link VALUES (13319, 170, 2758, 0, 57, 2641, 2734, 10, 1069769718, 1, 141, '', 0);
INSERT INTO ezsearch_object_word_link VALUES (13320, 170, 2734, 0, 58, 2758, 2759, 10, 1069769718, 1, 141, '', 0);
INSERT INTO ezsearch_object_word_link VALUES (13321, 170, 2759, 0, 59, 2734, 2760, 10, 1069769718, 1, 141, '', 0);
INSERT INTO ezsearch_object_word_link VALUES (13322, 170, 2760, 0, 60, 2759, 2594, 10, 1069769718, 1, 141, '', 0);
INSERT INTO ezsearch_object_word_link VALUES (13323, 170, 2594, 0, 61, 2760, 2639, 10, 1069769718, 1, 141, '', 0);
INSERT INTO ezsearch_object_word_link VALUES (13324, 170, 2639, 0, 62, 2594, 2650, 10, 1069769718, 1, 141, '', 0);
INSERT INTO ezsearch_object_word_link VALUES (13325, 170, 2650, 0, 63, 2639, 2614, 10, 1069769718, 1, 141, '', 0);
INSERT INTO ezsearch_object_word_link VALUES (13326, 170, 2614, 0, 64, 2650, 2761, 10, 1069769718, 1, 141, '', 0);
INSERT INTO ezsearch_object_word_link VALUES (13327, 170, 2761, 0, 65, 2614, 2632, 10, 1069769718, 1, 141, '', 0);
INSERT INTO ezsearch_object_word_link VALUES (13328, 170, 2632, 0, 66, 2761, 2639, 10, 1069769718, 1, 141, '', 0);
INSERT INTO ezsearch_object_word_link VALUES (13329, 170, 2639, 0, 67, 2632, 2607, 10, 1069769718, 1, 141, '', 0);
INSERT INTO ezsearch_object_word_link VALUES (13330, 170, 2607, 0, 68, 2639, 2729, 10, 1069769718, 1, 141, '', 0);
INSERT INTO ezsearch_object_word_link VALUES (13331, 170, 2729, 0, 69, 2607, 2730, 10, 1069769718, 1, 141, '', 0);
INSERT INTO ezsearch_object_word_link VALUES (13332, 170, 2730, 0, 70, 2729, 2731, 10, 1069769718, 1, 141, '', 0);
INSERT INTO ezsearch_object_word_link VALUES (13333, 170, 2731, 0, 71, 2730, 2635, 10, 1069769718, 1, 141, '', 0);
INSERT INTO ezsearch_object_word_link VALUES (13334, 170, 2635, 0, 72, 2731, 2732, 10, 1069769718, 1, 141, '', 0);
INSERT INTO ezsearch_object_word_link VALUES (13335, 170, 2732, 0, 73, 2635, 2733, 10, 1069769718, 1, 141, '', 0);
INSERT INTO ezsearch_object_word_link VALUES (13336, 170, 2733, 0, 74, 2732, 2734, 10, 1069769718, 1, 141, '', 0);
INSERT INTO ezsearch_object_word_link VALUES (13337, 170, 2734, 0, 75, 2733, 2735, 10, 1069769718, 1, 141, '', 0);
INSERT INTO ezsearch_object_word_link VALUES (13338, 170, 2735, 0, 76, 2734, 2599, 10, 1069769718, 1, 141, '', 0);
INSERT INTO ezsearch_object_word_link VALUES (13339, 170, 2599, 0, 77, 2735, 2736, 10, 1069769718, 1, 141, '', 0);
INSERT INTO ezsearch_object_word_link VALUES (13340, 170, 2736, 0, 78, 2599, 2737, 10, 1069769718, 1, 141, '', 0);
INSERT INTO ezsearch_object_word_link VALUES (13341, 170, 2737, 0, 79, 2736, 2738, 10, 1069769718, 1, 141, '', 0);
INSERT INTO ezsearch_object_word_link VALUES (13342, 170, 2738, 0, 80, 2737, 2739, 10, 1069769718, 1, 141, '', 0);
INSERT INTO ezsearch_object_word_link VALUES (13343, 170, 2739, 0, 81, 2738, 2731, 10, 1069769718, 1, 141, '', 0);
INSERT INTO ezsearch_object_word_link VALUES (13344, 170, 2731, 0, 82, 2739, 2605, 10, 1069769718, 1, 141, '', 0);
INSERT INTO ezsearch_object_word_link VALUES (13345, 170, 2605, 0, 83, 2731, 2639, 10, 1069769718, 1, 141, '', 0);
INSERT INTO ezsearch_object_word_link VALUES (13346, 170, 2639, 0, 84, 2605, 2740, 10, 1069769718, 1, 141, '', 0);
INSERT INTO ezsearch_object_word_link VALUES (13347, 170, 2740, 0, 85, 2639, 2653, 10, 1069769718, 1, 141, '', 0);
INSERT INTO ezsearch_object_word_link VALUES (13348, 170, 2653, 0, 86, 2740, 2741, 10, 1069769718, 1, 141, '', 0);
INSERT INTO ezsearch_object_word_link VALUES (13349, 170, 2741, 0, 87, 2653, 2618, 10, 1069769718, 1, 141, '', 0);
INSERT INTO ezsearch_object_word_link VALUES (13350, 170, 2618, 0, 88, 2741, 2742, 10, 1069769718, 1, 141, '', 0);
INSERT INTO ezsearch_object_word_link VALUES (13351, 170, 2742, 0, 89, 2618, 2743, 10, 1069769718, 1, 141, '', 0);
INSERT INTO ezsearch_object_word_link VALUES (13352, 170, 2743, 0, 90, 2742, 2646, 10, 1069769718, 1, 141, '', 0);
INSERT INTO ezsearch_object_word_link VALUES (13353, 170, 2646, 0, 91, 2743, 2744, 10, 1069769718, 1, 141, '', 0);
INSERT INTO ezsearch_object_word_link VALUES (13354, 170, 2744, 0, 92, 2646, 2739, 10, 1069769718, 1, 141, '', 0);
INSERT INTO ezsearch_object_word_link VALUES (13355, 170, 2739, 0, 93, 2744, 2643, 10, 1069769718, 1, 141, '', 0);
INSERT INTO ezsearch_object_word_link VALUES (13356, 170, 2643, 0, 94, 2739, 2745, 10, 1069769718, 1, 141, '', 0);
INSERT INTO ezsearch_object_word_link VALUES (13357, 170, 2745, 0, 95, 2643, 2606, 10, 1069769718, 1, 141, '', 0);
INSERT INTO ezsearch_object_word_link VALUES (13358, 170, 2606, 0, 96, 2745, 2746, 10, 1069769718, 1, 141, '', 0);
INSERT INTO ezsearch_object_word_link VALUES (13359, 170, 2746, 0, 97, 2606, 2742, 10, 1069769718, 1, 141, '', 0);
INSERT INTO ezsearch_object_word_link VALUES (13360, 170, 2742, 0, 98, 2746, 2625, 10, 1069769718, 1, 141, '', 0);
INSERT INTO ezsearch_object_word_link VALUES (13361, 170, 2625, 0, 99, 2742, 2675, 10, 1069769718, 1, 141, '', 0);
INSERT INTO ezsearch_object_word_link VALUES (13362, 170, 2675, 0, 100, 2625, 2747, 10, 1069769718, 1, 141, '', 0);
INSERT INTO ezsearch_object_word_link VALUES (13363, 170, 2747, 0, 101, 2675, 2646, 10, 1069769718, 1, 141, '', 0);
INSERT INTO ezsearch_object_word_link VALUES (13364, 170, 2646, 0, 102, 2747, 2748, 10, 1069769718, 1, 141, '', 0);
INSERT INTO ezsearch_object_word_link VALUES (13365, 170, 2748, 0, 103, 2646, 2749, 10, 1069769718, 1, 141, '', 0);
INSERT INTO ezsearch_object_word_link VALUES (13366, 170, 2749, 0, 104, 2748, 2605, 10, 1069769718, 1, 141, '', 0);
INSERT INTO ezsearch_object_word_link VALUES (13367, 170, 2605, 0, 105, 2749, 2596, 10, 1069769718, 1, 141, '', 0);
INSERT INTO ezsearch_object_word_link VALUES (13368, 170, 2596, 0, 106, 2605, 2629, 10, 1069769718, 1, 141, '', 0);
INSERT INTO ezsearch_object_word_link VALUES (13369, 170, 2629, 0, 107, 2596, 2657, 10, 1069769718, 1, 141, '', 0);
INSERT INTO ezsearch_object_word_link VALUES (13370, 170, 2657, 0, 108, 2629, 2750, 10, 1069769718, 1, 141, '', 0);
INSERT INTO ezsearch_object_word_link VALUES (13371, 170, 2750, 0, 109, 2657, 2643, 10, 1069769718, 1, 141, '', 0);
INSERT INTO ezsearch_object_word_link VALUES (13372, 170, 2643, 0, 110, 2750, 2744, 10, 1069769718, 1, 141, '', 0);
INSERT INTO ezsearch_object_word_link VALUES (13373, 170, 2744, 0, 111, 2643, 2751, 10, 1069769718, 1, 141, '', 0);
INSERT INTO ezsearch_object_word_link VALUES (13374, 170, 2751, 0, 112, 2744, 2752, 10, 1069769718, 1, 141, '', 0);
INSERT INTO ezsearch_object_word_link VALUES (13375, 170, 2752, 0, 113, 2751, 2753, 10, 1069769718, 1, 141, '', 0);
INSERT INTO ezsearch_object_word_link VALUES (13376, 170, 2753, 0, 114, 2752, 2754, 10, 1069769718, 1, 141, '', 0);
INSERT INTO ezsearch_object_word_link VALUES (13377, 170, 2754, 0, 115, 2753, 2755, 10, 1069769718, 1, 141, '', 0);
INSERT INTO ezsearch_object_word_link VALUES (13378, 170, 2755, 0, 116, 2754, 2756, 10, 1069769718, 1, 141, '', 0);
INSERT INTO ezsearch_object_word_link VALUES (13379, 170, 2756, 0, 117, 2755, 2757, 10, 1069769718, 1, 141, '', 0);
INSERT INTO ezsearch_object_word_link VALUES (13380, 170, 2757, 0, 118, 2756, 2602, 10, 1069769718, 1, 141, '', 0);
INSERT INTO ezsearch_object_word_link VALUES (13381, 170, 2602, 0, 119, 2757, 2597, 10, 1069769718, 1, 141, '', 0);
INSERT INTO ezsearch_object_word_link VALUES (13382, 170, 2597, 0, 120, 2602, 2641, 10, 1069769718, 1, 141, '', 0);
INSERT INTO ezsearch_object_word_link VALUES (13383, 170, 2641, 0, 121, 2597, 2758, 10, 1069769718, 1, 141, '', 0);
INSERT INTO ezsearch_object_word_link VALUES (13384, 170, 2758, 0, 122, 2641, 2734, 10, 1069769718, 1, 141, '', 0);
INSERT INTO ezsearch_object_word_link VALUES (13385, 170, 2734, 0, 123, 2758, 2759, 10, 1069769718, 1, 141, '', 0);
INSERT INTO ezsearch_object_word_link VALUES (13386, 170, 2759, 0, 124, 2734, 2760, 10, 1069769718, 1, 141, '', 0);
INSERT INTO ezsearch_object_word_link VALUES (13387, 170, 2760, 0, 125, 2759, 2594, 10, 1069769718, 1, 141, '', 0);
INSERT INTO ezsearch_object_word_link VALUES (13388, 170, 2594, 0, 126, 2760, 2639, 10, 1069769718, 1, 141, '', 0);
INSERT INTO ezsearch_object_word_link VALUES (13389, 170, 2639, 0, 127, 2594, 2650, 10, 1069769718, 1, 141, '', 0);
INSERT INTO ezsearch_object_word_link VALUES (13390, 170, 2650, 0, 128, 2639, 2614, 10, 1069769718, 1, 141, '', 0);
INSERT INTO ezsearch_object_word_link VALUES (13391, 170, 2614, 0, 129, 2650, 2761, 10, 1069769718, 1, 141, '', 0);
INSERT INTO ezsearch_object_word_link VALUES (13392, 170, 2761, 0, 130, 2614, 2632, 10, 1069769718, 1, 141, '', 0);
INSERT INTO ezsearch_object_word_link VALUES (13393, 170, 2632, 0, 131, 2761, 2639, 10, 1069769718, 1, 141, '', 0);
INSERT INTO ezsearch_object_word_link VALUES (13394, 170, 2639, 0, 132, 2632, 2607, 10, 1069769718, 1, 141, '', 0);
INSERT INTO ezsearch_object_word_link VALUES (13395, 170, 2607, 0, 133, 2639, 2729, 10, 1069769718, 1, 141, '', 0);
INSERT INTO ezsearch_object_word_link VALUES (13396, 170, 2729, 0, 134, 2607, 2730, 10, 1069769718, 1, 141, '', 0);
INSERT INTO ezsearch_object_word_link VALUES (13397, 170, 2730, 0, 135, 2729, 2731, 10, 1069769718, 1, 141, '', 0);
INSERT INTO ezsearch_object_word_link VALUES (13398, 170, 2731, 0, 136, 2730, 2635, 10, 1069769718, 1, 141, '', 0);
INSERT INTO ezsearch_object_word_link VALUES (13399, 170, 2635, 0, 137, 2731, 2732, 10, 1069769718, 1, 141, '', 0);
INSERT INTO ezsearch_object_word_link VALUES (13400, 170, 2732, 0, 138, 2635, 2733, 10, 1069769718, 1, 141, '', 0);
INSERT INTO ezsearch_object_word_link VALUES (13401, 170, 2733, 0, 139, 2732, 2734, 10, 1069769718, 1, 141, '', 0);
INSERT INTO ezsearch_object_word_link VALUES (13402, 170, 2734, 0, 140, 2733, 2735, 10, 1069769718, 1, 141, '', 0);
INSERT INTO ezsearch_object_word_link VALUES (13403, 170, 2735, 0, 141, 2734, 2599, 10, 1069769718, 1, 141, '', 0);
INSERT INTO ezsearch_object_word_link VALUES (13404, 170, 2599, 0, 142, 2735, 2736, 10, 1069769718, 1, 141, '', 0);
INSERT INTO ezsearch_object_word_link VALUES (13405, 170, 2736, 0, 143, 2599, 2737, 10, 1069769718, 1, 141, '', 0);
INSERT INTO ezsearch_object_word_link VALUES (13406, 170, 2737, 0, 144, 2736, 2738, 10, 1069769718, 1, 141, '', 0);
INSERT INTO ezsearch_object_word_link VALUES (13407, 170, 2738, 0, 145, 2737, 2739, 10, 1069769718, 1, 141, '', 0);
INSERT INTO ezsearch_object_word_link VALUES (13408, 170, 2739, 0, 146, 2738, 2731, 10, 1069769718, 1, 141, '', 0);
INSERT INTO ezsearch_object_word_link VALUES (13409, 170, 2731, 0, 147, 2739, 2605, 10, 1069769718, 1, 141, '', 0);
INSERT INTO ezsearch_object_word_link VALUES (13410, 170, 2605, 0, 148, 2731, 2639, 10, 1069769718, 1, 141, '', 0);
INSERT INTO ezsearch_object_word_link VALUES (13411, 170, 2639, 0, 149, 2605, 2740, 10, 1069769718, 1, 141, '', 0);
INSERT INTO ezsearch_object_word_link VALUES (13412, 170, 2740, 0, 150, 2639, 2653, 10, 1069769718, 1, 141, '', 0);
INSERT INTO ezsearch_object_word_link VALUES (13413, 170, 2653, 0, 151, 2740, 2741, 10, 1069769718, 1, 141, '', 0);
INSERT INTO ezsearch_object_word_link VALUES (13414, 170, 2741, 0, 152, 2653, 2618, 10, 1069769718, 1, 141, '', 0);
INSERT INTO ezsearch_object_word_link VALUES (13415, 170, 2618, 0, 153, 2741, 2742, 10, 1069769718, 1, 141, '', 0);
INSERT INTO ezsearch_object_word_link VALUES (13416, 170, 2742, 0, 154, 2618, 2743, 10, 1069769718, 1, 141, '', 0);
INSERT INTO ezsearch_object_word_link VALUES (13417, 170, 2743, 0, 155, 2742, 2646, 10, 1069769718, 1, 141, '', 0);
INSERT INTO ezsearch_object_word_link VALUES (13418, 170, 2646, 0, 156, 2743, 2744, 10, 1069769718, 1, 141, '', 0);
INSERT INTO ezsearch_object_word_link VALUES (13419, 170, 2744, 0, 157, 2646, 2739, 10, 1069769718, 1, 141, '', 0);
INSERT INTO ezsearch_object_word_link VALUES (13420, 170, 2739, 0, 158, 2744, 2643, 10, 1069769718, 1, 141, '', 0);
INSERT INTO ezsearch_object_word_link VALUES (13421, 170, 2643, 0, 159, 2739, 2745, 10, 1069769718, 1, 141, '', 0);
INSERT INTO ezsearch_object_word_link VALUES (13422, 170, 2745, 0, 160, 2643, 2606, 10, 1069769718, 1, 141, '', 0);
INSERT INTO ezsearch_object_word_link VALUES (13423, 170, 2606, 0, 161, 2745, 2746, 10, 1069769718, 1, 141, '', 0);
INSERT INTO ezsearch_object_word_link VALUES (13424, 170, 2746, 0, 162, 2606, 2742, 10, 1069769718, 1, 141, '', 0);
INSERT INTO ezsearch_object_word_link VALUES (13425, 170, 2742, 0, 163, 2746, 2625, 10, 1069769718, 1, 141, '', 0);
INSERT INTO ezsearch_object_word_link VALUES (13426, 170, 2625, 0, 164, 2742, 2675, 10, 1069769718, 1, 141, '', 0);
INSERT INTO ezsearch_object_word_link VALUES (13427, 170, 2675, 0, 165, 2625, 2747, 10, 1069769718, 1, 141, '', 0);
INSERT INTO ezsearch_object_word_link VALUES (13428, 170, 2747, 0, 166, 2675, 2646, 10, 1069769718, 1, 141, '', 0);
INSERT INTO ezsearch_object_word_link VALUES (13429, 170, 2646, 0, 167, 2747, 2748, 10, 1069769718, 1, 141, '', 0);
INSERT INTO ezsearch_object_word_link VALUES (13430, 170, 2748, 0, 168, 2646, 2749, 10, 1069769718, 1, 141, '', 0);
INSERT INTO ezsearch_object_word_link VALUES (13431, 170, 2749, 0, 169, 2748, 2605, 10, 1069769718, 1, 141, '', 0);
INSERT INTO ezsearch_object_word_link VALUES (13432, 170, 2605, 0, 170, 2749, 2596, 10, 1069769718, 1, 141, '', 0);
INSERT INTO ezsearch_object_word_link VALUES (13433, 170, 2596, 0, 171, 2605, 2629, 10, 1069769718, 1, 141, '', 0);
INSERT INTO ezsearch_object_word_link VALUES (13434, 170, 2629, 0, 172, 2596, 2657, 10, 1069769718, 1, 141, '', 0);
INSERT INTO ezsearch_object_word_link VALUES (13435, 170, 2657, 0, 173, 2629, 2750, 10, 1069769718, 1, 141, '', 0);
INSERT INTO ezsearch_object_word_link VALUES (13436, 170, 2750, 0, 174, 2657, 2643, 10, 1069769718, 1, 141, '', 0);
INSERT INTO ezsearch_object_word_link VALUES (13437, 170, 2643, 0, 175, 2750, 2744, 10, 1069769718, 1, 141, '', 0);
INSERT INTO ezsearch_object_word_link VALUES (13438, 170, 2744, 0, 176, 2643, 2751, 10, 1069769718, 1, 141, '', 0);
INSERT INTO ezsearch_object_word_link VALUES (13439, 170, 2751, 0, 177, 2744, 2752, 10, 1069769718, 1, 141, '', 0);
INSERT INTO ezsearch_object_word_link VALUES (13440, 170, 2752, 0, 178, 2751, 2753, 10, 1069769718, 1, 141, '', 0);
INSERT INTO ezsearch_object_word_link VALUES (13441, 170, 2753, 0, 179, 2752, 2754, 10, 1069769718, 1, 141, '', 0);
INSERT INTO ezsearch_object_word_link VALUES (13442, 170, 2754, 0, 180, 2753, 2755, 10, 1069769718, 1, 141, '', 0);
INSERT INTO ezsearch_object_word_link VALUES (13443, 170, 2755, 0, 181, 2754, 2756, 10, 1069769718, 1, 141, '', 0);
INSERT INTO ezsearch_object_word_link VALUES (13444, 170, 2756, 0, 182, 2755, 2757, 10, 1069769718, 1, 141, '', 0);
INSERT INTO ezsearch_object_word_link VALUES (13445, 170, 2757, 0, 183, 2756, 2602, 10, 1069769718, 1, 141, '', 0);
INSERT INTO ezsearch_object_word_link VALUES (13446, 170, 2602, 0, 184, 2757, 2597, 10, 1069769718, 1, 141, '', 0);
INSERT INTO ezsearch_object_word_link VALUES (13447, 170, 2597, 0, 185, 2602, 2641, 10, 1069769718, 1, 141, '', 0);
INSERT INTO ezsearch_object_word_link VALUES (13448, 170, 2641, 0, 186, 2597, 2758, 10, 1069769718, 1, 141, '', 0);
INSERT INTO ezsearch_object_word_link VALUES (13449, 170, 2758, 0, 187, 2641, 2734, 10, 1069769718, 1, 141, '', 0);
INSERT INTO ezsearch_object_word_link VALUES (13450, 170, 2734, 0, 188, 2758, 2759, 10, 1069769718, 1, 141, '', 0);
INSERT INTO ezsearch_object_word_link VALUES (13451, 170, 2759, 0, 189, 2734, 2760, 10, 1069769718, 1, 141, '', 0);
INSERT INTO ezsearch_object_word_link VALUES (13452, 170, 2760, 0, 190, 2759, 2594, 10, 1069769718, 1, 141, '', 0);
INSERT INTO ezsearch_object_word_link VALUES (13453, 170, 2594, 0, 191, 2760, 2639, 10, 1069769718, 1, 141, '', 0);
INSERT INTO ezsearch_object_word_link VALUES (13454, 170, 2639, 0, 192, 2594, 2650, 10, 1069769718, 1, 141, '', 0);
INSERT INTO ezsearch_object_word_link VALUES (13455, 170, 2650, 0, 193, 2639, 2614, 10, 1069769718, 1, 141, '', 0);
INSERT INTO ezsearch_object_word_link VALUES (13456, 170, 2614, 0, 194, 2650, 2761, 10, 1069769718, 1, 141, '', 0);
INSERT INTO ezsearch_object_word_link VALUES (13457, 170, 2761, 0, 195, 2614, 2632, 10, 1069769718, 1, 141, '', 0);
INSERT INTO ezsearch_object_word_link VALUES (13458, 170, 2632, 0, 196, 2761, 2639, 10, 1069769718, 1, 141, '', 0);
INSERT INTO ezsearch_object_word_link VALUES (13459, 170, 2639, 0, 197, 2632, 2607, 10, 1069769718, 1, 141, '', 0);
INSERT INTO ezsearch_object_word_link VALUES (13460, 170, 2607, 0, 198, 2639, 2729, 10, 1069769718, 1, 141, '', 0);
INSERT INTO ezsearch_object_word_link VALUES (13461, 170, 2729, 0, 199, 2607, 2730, 10, 1069769718, 1, 141, '', 0);
INSERT INTO ezsearch_object_word_link VALUES (13462, 170, 2730, 0, 200, 2729, 2731, 10, 1069769718, 1, 141, '', 0);
INSERT INTO ezsearch_object_word_link VALUES (13463, 170, 2731, 0, 201, 2730, 2635, 10, 1069769718, 1, 141, '', 0);
INSERT INTO ezsearch_object_word_link VALUES (13464, 170, 2635, 0, 202, 2731, 2732, 10, 1069769718, 1, 141, '', 0);
INSERT INTO ezsearch_object_word_link VALUES (13465, 170, 2732, 0, 203, 2635, 2733, 10, 1069769718, 1, 141, '', 0);
INSERT INTO ezsearch_object_word_link VALUES (13466, 170, 2733, 0, 204, 2732, 2734, 10, 1069769718, 1, 141, '', 0);
INSERT INTO ezsearch_object_word_link VALUES (13467, 170, 2734, 0, 205, 2733, 2735, 10, 1069769718, 1, 141, '', 0);
INSERT INTO ezsearch_object_word_link VALUES (13468, 170, 2735, 0, 206, 2734, 2599, 10, 1069769718, 1, 141, '', 0);
INSERT INTO ezsearch_object_word_link VALUES (13469, 170, 2599, 0, 207, 2735, 2736, 10, 1069769718, 1, 141, '', 0);
INSERT INTO ezsearch_object_word_link VALUES (13470, 170, 2736, 0, 208, 2599, 2737, 10, 1069769718, 1, 141, '', 0);
INSERT INTO ezsearch_object_word_link VALUES (13471, 170, 2737, 0, 209, 2736, 2738, 10, 1069769718, 1, 141, '', 0);
INSERT INTO ezsearch_object_word_link VALUES (13472, 170, 2738, 0, 210, 2737, 2739, 10, 1069769718, 1, 141, '', 0);
INSERT INTO ezsearch_object_word_link VALUES (13473, 170, 2739, 0, 211, 2738, 2731, 10, 1069769718, 1, 141, '', 0);
INSERT INTO ezsearch_object_word_link VALUES (13474, 170, 2731, 0, 212, 2739, 2605, 10, 1069769718, 1, 141, '', 0);
INSERT INTO ezsearch_object_word_link VALUES (13475, 170, 2605, 0, 213, 2731, 2639, 10, 1069769718, 1, 141, '', 0);
INSERT INTO ezsearch_object_word_link VALUES (13476, 170, 2639, 0, 214, 2605, 2740, 10, 1069769718, 1, 141, '', 0);
INSERT INTO ezsearch_object_word_link VALUES (13477, 170, 2740, 0, 215, 2639, 2653, 10, 1069769718, 1, 141, '', 0);
INSERT INTO ezsearch_object_word_link VALUES (13478, 170, 2653, 0, 216, 2740, 2741, 10, 1069769718, 1, 141, '', 0);
INSERT INTO ezsearch_object_word_link VALUES (13479, 170, 2741, 0, 217, 2653, 2618, 10, 1069769718, 1, 141, '', 0);
INSERT INTO ezsearch_object_word_link VALUES (13480, 170, 2618, 0, 218, 2741, 2742, 10, 1069769718, 1, 141, '', 0);
INSERT INTO ezsearch_object_word_link VALUES (13481, 170, 2742, 0, 219, 2618, 2743, 10, 1069769718, 1, 141, '', 0);
INSERT INTO ezsearch_object_word_link VALUES (13482, 170, 2743, 0, 220, 2742, 2646, 10, 1069769718, 1, 141, '', 0);
INSERT INTO ezsearch_object_word_link VALUES (13483, 170, 2646, 0, 221, 2743, 2744, 10, 1069769718, 1, 141, '', 0);
INSERT INTO ezsearch_object_word_link VALUES (13484, 170, 2744, 0, 222, 2646, 2739, 10, 1069769718, 1, 141, '', 0);
INSERT INTO ezsearch_object_word_link VALUES (13485, 170, 2739, 0, 223, 2744, 2643, 10, 1069769718, 1, 141, '', 0);
INSERT INTO ezsearch_object_word_link VALUES (13486, 170, 2643, 0, 224, 2739, 2745, 10, 1069769718, 1, 141, '', 0);
INSERT INTO ezsearch_object_word_link VALUES (13487, 170, 2745, 0, 225, 2643, 2606, 10, 1069769718, 1, 141, '', 0);
INSERT INTO ezsearch_object_word_link VALUES (13488, 170, 2606, 0, 226, 2745, 2746, 10, 1069769718, 1, 141, '', 0);
INSERT INTO ezsearch_object_word_link VALUES (13489, 170, 2746, 0, 227, 2606, 2742, 10, 1069769718, 1, 141, '', 0);
INSERT INTO ezsearch_object_word_link VALUES (13490, 170, 2742, 0, 228, 2746, 2625, 10, 1069769718, 1, 141, '', 0);
INSERT INTO ezsearch_object_word_link VALUES (13491, 170, 2625, 0, 229, 2742, 2675, 10, 1069769718, 1, 141, '', 0);
INSERT INTO ezsearch_object_word_link VALUES (13492, 170, 2675, 0, 230, 2625, 2747, 10, 1069769718, 1, 141, '', 0);
INSERT INTO ezsearch_object_word_link VALUES (13493, 170, 2747, 0, 231, 2675, 2646, 10, 1069769718, 1, 141, '', 0);
INSERT INTO ezsearch_object_word_link VALUES (13494, 170, 2646, 0, 232, 2747, 2748, 10, 1069769718, 1, 141, '', 0);
INSERT INTO ezsearch_object_word_link VALUES (13495, 170, 2748, 0, 233, 2646, 2749, 10, 1069769718, 1, 141, '', 0);
INSERT INTO ezsearch_object_word_link VALUES (13496, 170, 2749, 0, 234, 2748, 2605, 10, 1069769718, 1, 141, '', 0);
INSERT INTO ezsearch_object_word_link VALUES (13497, 170, 2605, 0, 235, 2749, 2596, 10, 1069769718, 1, 141, '', 0);
INSERT INTO ezsearch_object_word_link VALUES (13498, 170, 2596, 0, 236, 2605, 2629, 10, 1069769718, 1, 141, '', 0);
INSERT INTO ezsearch_object_word_link VALUES (13499, 170, 2629, 0, 237, 2596, 2657, 10, 1069769718, 1, 141, '', 0);
INSERT INTO ezsearch_object_word_link VALUES (13500, 170, 2657, 0, 238, 2629, 2750, 10, 1069769718, 1, 141, '', 0);
INSERT INTO ezsearch_object_word_link VALUES (13501, 170, 2750, 0, 239, 2657, 2643, 10, 1069769718, 1, 141, '', 0);
INSERT INTO ezsearch_object_word_link VALUES (13502, 170, 2643, 0, 240, 2750, 2744, 10, 1069769718, 1, 141, '', 0);
INSERT INTO ezsearch_object_word_link VALUES (13503, 170, 2744, 0, 241, 2643, 2751, 10, 1069769718, 1, 141, '', 0);
INSERT INTO ezsearch_object_word_link VALUES (13504, 170, 2751, 0, 242, 2744, 2752, 10, 1069769718, 1, 141, '', 0);
INSERT INTO ezsearch_object_word_link VALUES (13505, 170, 2752, 0, 243, 2751, 2753, 10, 1069769718, 1, 141, '', 0);
INSERT INTO ezsearch_object_word_link VALUES (13506, 170, 2753, 0, 244, 2752, 2754, 10, 1069769718, 1, 141, '', 0);
INSERT INTO ezsearch_object_word_link VALUES (13507, 170, 2754, 0, 245, 2753, 2755, 10, 1069769718, 1, 141, '', 0);
INSERT INTO ezsearch_object_word_link VALUES (13508, 170, 2755, 0, 246, 2754, 2756, 10, 1069769718, 1, 141, '', 0);
INSERT INTO ezsearch_object_word_link VALUES (13509, 170, 2756, 0, 247, 2755, 2757, 10, 1069769718, 1, 141, '', 0);
INSERT INTO ezsearch_object_word_link VALUES (13510, 170, 2757, 0, 248, 2756, 2602, 10, 1069769718, 1, 141, '', 0);
INSERT INTO ezsearch_object_word_link VALUES (13511, 170, 2602, 0, 249, 2757, 2597, 10, 1069769718, 1, 141, '', 0);
INSERT INTO ezsearch_object_word_link VALUES (13512, 170, 2597, 0, 250, 2602, 2641, 10, 1069769718, 1, 141, '', 0);
INSERT INTO ezsearch_object_word_link VALUES (13513, 170, 2641, 0, 251, 2597, 2758, 10, 1069769718, 1, 141, '', 0);
INSERT INTO ezsearch_object_word_link VALUES (13514, 170, 2758, 0, 252, 2641, 2734, 10, 1069769718, 1, 141, '', 0);
INSERT INTO ezsearch_object_word_link VALUES (13515, 170, 2734, 0, 253, 2758, 2759, 10, 1069769718, 1, 141, '', 0);
INSERT INTO ezsearch_object_word_link VALUES (13516, 170, 2759, 0, 254, 2734, 2760, 10, 1069769718, 1, 141, '', 0);
INSERT INTO ezsearch_object_word_link VALUES (13517, 170, 2760, 0, 255, 2759, 2594, 10, 1069769718, 1, 141, '', 0);
INSERT INTO ezsearch_object_word_link VALUES (13518, 170, 2594, 0, 256, 2760, 2639, 10, 1069769718, 1, 141, '', 0);
INSERT INTO ezsearch_object_word_link VALUES (13519, 170, 2639, 0, 257, 2594, 2650, 10, 1069769718, 1, 141, '', 0);
INSERT INTO ezsearch_object_word_link VALUES (13520, 170, 2650, 0, 258, 2639, 2614, 10, 1069769718, 1, 141, '', 0);
INSERT INTO ezsearch_object_word_link VALUES (13521, 170, 2614, 0, 259, 2650, 2761, 10, 1069769718, 1, 141, '', 0);
INSERT INTO ezsearch_object_word_link VALUES (13522, 170, 2761, 0, 260, 2614, 2632, 10, 1069769718, 1, 141, '', 0);
INSERT INTO ezsearch_object_word_link VALUES (13523, 170, 2632, 0, 261, 2761, 2639, 10, 1069769718, 1, 141, '', 0);
INSERT INTO ezsearch_object_word_link VALUES (13524, 170, 2639, 0, 262, 2632, 2607, 10, 1069769718, 1, 141, '', 0);
INSERT INTO ezsearch_object_word_link VALUES (13525, 170, 2607, 0, 263, 2639, 0, 10, 1069769718, 1, 141, '', 0);
INSERT INTO ezsearch_object_word_link VALUES (13526, 113, 2723, 0, 0, 0, 2723, 10, 1066986541, 1, 140, '', 0);
INSERT INTO ezsearch_object_word_link VALUES (13527, 113, 2723, 0, 1, 2723, 2750, 10, 1066986541, 1, 140, '', 0);
INSERT INTO ezsearch_object_word_link VALUES (13528, 113, 2750, 0, 2, 2723, 2762, 10, 1066986541, 1, 141, '', 0);
INSERT INTO ezsearch_object_word_link VALUES (13529, 113, 2762, 0, 3, 2750, 2763, 10, 1066986541, 1, 141, '', 0);
INSERT INTO ezsearch_object_word_link VALUES (13530, 113, 2763, 0, 4, 2762, 2731, 10, 1066986541, 1, 141, '', 0);
INSERT INTO ezsearch_object_word_link VALUES (13531, 113, 2731, 0, 5, 2763, 2764, 10, 1066986541, 1, 141, '', 0);
INSERT INTO ezsearch_object_word_link VALUES (13532, 113, 2764, 0, 6, 2731, 2646, 10, 1066986541, 1, 141, '', 0);
INSERT INTO ezsearch_object_word_link VALUES (13533, 113, 2646, 0, 7, 2764, 2765, 10, 1066986541, 1, 141, '', 0);
INSERT INTO ezsearch_object_word_link VALUES (13534, 113, 2765, 0, 8, 2646, 2646, 10, 1066986541, 1, 141, '', 0);
INSERT INTO ezsearch_object_word_link VALUES (13535, 113, 2646, 0, 9, 2765, 2766, 10, 1066986541, 1, 141, '', 0);
INSERT INTO ezsearch_object_word_link VALUES (13536, 113, 2766, 0, 10, 2646, 2767, 10, 1066986541, 1, 141, '', 0);
INSERT INTO ezsearch_object_word_link VALUES (13537, 113, 2767, 0, 11, 2766, 2751, 10, 1066986541, 1, 141, '', 0);
INSERT INTO ezsearch_object_word_link VALUES (13538, 113, 2751, 0, 12, 2767, 2768, 10, 1066986541, 1, 141, '', 0);
INSERT INTO ezsearch_object_word_link VALUES (13539, 113, 2768, 0, 13, 2751, 2769, 10, 1066986541, 1, 141, '', 0);
INSERT INTO ezsearch_object_word_link VALUES (13540, 113, 2769, 0, 14, 2768, 2770, 10, 1066986541, 1, 141, '', 0);
INSERT INTO ezsearch_object_word_link VALUES (13541, 113, 2770, 0, 15, 2769, 2771, 10, 1066986541, 1, 141, '', 0);
INSERT INTO ezsearch_object_word_link VALUES (13542, 113, 2771, 0, 16, 2770, 2772, 10, 1066986541, 1, 141, '', 0);
INSERT INTO ezsearch_object_word_link VALUES (13543, 113, 2772, 0, 17, 2771, 2773, 10, 1066986541, 1, 141, '', 0);
INSERT INTO ezsearch_object_word_link VALUES (13544, 113, 2773, 0, 18, 2772, 2611, 10, 1066986541, 1, 141, '', 0);
INSERT INTO ezsearch_object_word_link VALUES (13545, 113, 2611, 0, 19, 2773, 2774, 10, 1066986541, 1, 141, '', 0);
INSERT INTO ezsearch_object_word_link VALUES (13546, 113, 2774, 0, 20, 2611, 2775, 10, 1066986541, 1, 141, '', 0);
INSERT INTO ezsearch_object_word_link VALUES (13547, 113, 2775, 0, 21, 2774, 2694, 10, 1066986541, 1, 141, '', 0);
INSERT INTO ezsearch_object_word_link VALUES (13548, 113, 2694, 0, 22, 2775, 2776, 10, 1066986541, 1, 141, '', 0);
INSERT INTO ezsearch_object_word_link VALUES (13549, 113, 2776, 0, 23, 2694, 2777, 10, 1066986541, 1, 141, '', 0);
INSERT INTO ezsearch_object_word_link VALUES (13550, 113, 2777, 0, 24, 2776, 2694, 10, 1066986541, 1, 141, '', 0);
INSERT INTO ezsearch_object_word_link VALUES (13551, 113, 2694, 0, 25, 2777, 2778, 10, 1066986541, 1, 141, '', 0);
INSERT INTO ezsearch_object_word_link VALUES (13552, 113, 2778, 0, 26, 2694, 2779, 10, 1066986541, 1, 141, '', 0);
INSERT INTO ezsearch_object_word_link VALUES (13553, 113, 2779, 0, 27, 2778, 2780, 10, 1066986541, 1, 141, '', 0);
INSERT INTO ezsearch_object_word_link VALUES (13554, 113, 2780, 0, 28, 2779, 2769, 10, 1066986541, 1, 141, '', 0);
INSERT INTO ezsearch_object_word_link VALUES (13555, 113, 2769, 0, 29, 2780, 2621, 10, 1066986541, 1, 141, '', 0);
INSERT INTO ezsearch_object_word_link VALUES (13556, 113, 2621, 0, 30, 2769, 2781, 10, 1066986541, 1, 141, '', 0);
INSERT INTO ezsearch_object_word_link VALUES (13557, 113, 2781, 0, 31, 2621, 2768, 10, 1066986541, 1, 141, '', 0);
INSERT INTO ezsearch_object_word_link VALUES (13558, 113, 2768, 0, 32, 2781, 2780, 10, 1066986541, 1, 141, '', 0);
INSERT INTO ezsearch_object_word_link VALUES (13559, 113, 2780, 0, 33, 2768, 2596, 10, 1066986541, 1, 141, '', 0);
INSERT INTO ezsearch_object_word_link VALUES (13560, 113, 2596, 0, 34, 2780, 2782, 10, 1066986541, 1, 141, '', 0);
INSERT INTO ezsearch_object_word_link VALUES (13561, 113, 2782, 0, 35, 2596, 2602, 10, 1066986541, 1, 141, '', 0);
INSERT INTO ezsearch_object_word_link VALUES (13562, 113, 2602, 0, 36, 2782, 2783, 10, 1066986541, 1, 141, '', 0);
INSERT INTO ezsearch_object_word_link VALUES (13563, 113, 2783, 0, 37, 2602, 2784, 10, 1066986541, 1, 141, '', 0);
INSERT INTO ezsearch_object_word_link VALUES (13564, 113, 2784, 0, 38, 2783, 2785, 10, 1066986541, 1, 141, '', 0);
INSERT INTO ezsearch_object_word_link VALUES (13565, 113, 2785, 0, 39, 2784, 2770, 10, 1066986541, 1, 141, '', 0);
INSERT INTO ezsearch_object_word_link VALUES (13566, 113, 2770, 0, 40, 2785, 2771, 10, 1066986541, 1, 141, '', 0);
INSERT INTO ezsearch_object_word_link VALUES (13567, 113, 2771, 0, 41, 2770, 2772, 10, 1066986541, 1, 141, '', 0);
INSERT INTO ezsearch_object_word_link VALUES (13568, 113, 2772, 0, 42, 2771, 2773, 10, 1066986541, 1, 141, '', 0);
INSERT INTO ezsearch_object_word_link VALUES (13569, 113, 2773, 0, 43, 2772, 2611, 10, 1066986541, 1, 141, '', 0);
INSERT INTO ezsearch_object_word_link VALUES (13570, 113, 2611, 0, 44, 2773, 2774, 10, 1066986541, 1, 141, '', 0);
INSERT INTO ezsearch_object_word_link VALUES (13571, 113, 2774, 0, 45, 2611, 2775, 10, 1066986541, 1, 141, '', 0);
INSERT INTO ezsearch_object_word_link VALUES (13572, 113, 2775, 0, 46, 2774, 2694, 10, 1066986541, 1, 141, '', 0);
INSERT INTO ezsearch_object_word_link VALUES (13573, 113, 2694, 0, 47, 2775, 2776, 10, 1066986541, 1, 141, '', 0);
INSERT INTO ezsearch_object_word_link VALUES (13574, 113, 2776, 0, 48, 2694, 2777, 10, 1066986541, 1, 141, '', 0);
INSERT INTO ezsearch_object_word_link VALUES (13575, 113, 2777, 0, 49, 2776, 2694, 10, 1066986541, 1, 141, '', 0);
INSERT INTO ezsearch_object_word_link VALUES (13576, 113, 2694, 0, 50, 2777, 2778, 10, 1066986541, 1, 141, '', 0);
INSERT INTO ezsearch_object_word_link VALUES (13577, 113, 2778, 0, 51, 2694, 2779, 10, 1066986541, 1, 141, '', 0);
INSERT INTO ezsearch_object_word_link VALUES (13578, 113, 2779, 0, 52, 2778, 2786, 10, 1066986541, 1, 141, '', 0);
INSERT INTO ezsearch_object_word_link VALUES (13579, 113, 2786, 0, 53, 2779, 2787, 10, 1066986541, 1, 141, '', 0);
INSERT INTO ezsearch_object_word_link VALUES (13580, 113, 2787, 0, 54, 2786, 2641, 10, 1066986541, 1, 141, '', 0);
INSERT INTO ezsearch_object_word_link VALUES (13581, 113, 2641, 0, 55, 2787, 2788, 10, 1066986541, 1, 141, '', 0);
INSERT INTO ezsearch_object_word_link VALUES (13582, 113, 2788, 0, 56, 2641, 2646, 10, 1066986541, 1, 141, '', 0);
INSERT INTO ezsearch_object_word_link VALUES (13583, 113, 2646, 0, 57, 2788, 2606, 10, 1066986541, 1, 141, '', 0);
INSERT INTO ezsearch_object_word_link VALUES (13584, 113, 2606, 0, 58, 2646, 2596, 10, 1066986541, 1, 141, '', 0);
INSERT INTO ezsearch_object_word_link VALUES (13585, 113, 2596, 0, 59, 2606, 2789, 10, 1066986541, 1, 141, '', 0);
INSERT INTO ezsearch_object_word_link VALUES (13586, 113, 2789, 0, 60, 2596, 2646, 10, 1066986541, 1, 141, '', 0);
INSERT INTO ezsearch_object_word_link VALUES (13587, 113, 2646, 0, 61, 2789, 2790, 10, 1066986541, 1, 141, '', 0);
INSERT INTO ezsearch_object_word_link VALUES (13588, 113, 2790, 0, 62, 2646, 2732, 10, 1066986541, 1, 141, '', 0);
INSERT INTO ezsearch_object_word_link VALUES (13589, 113, 2732, 0, 63, 2790, 2791, 10, 1066986541, 1, 141, '', 0);
INSERT INTO ezsearch_object_word_link VALUES (13590, 113, 2791, 0, 64, 2732, 2743, 10, 1066986541, 1, 141, '', 0);
INSERT INTO ezsearch_object_word_link VALUES (13591, 113, 2743, 0, 65, 2791, 2792, 10, 1066986541, 1, 141, '', 0);
INSERT INTO ezsearch_object_word_link VALUES (13592, 113, 2792, 0, 66, 2743, 2596, 10, 1066986541, 1, 141, '', 0);
INSERT INTO ezsearch_object_word_link VALUES (13593, 113, 2596, 0, 67, 2792, 2793, 10, 1066986541, 1, 141, '', 0);
INSERT INTO ezsearch_object_word_link VALUES (13594, 113, 2793, 0, 68, 2596, 2746, 10, 1066986541, 1, 141, '', 0);
INSERT INTO ezsearch_object_word_link VALUES (13595, 113, 2746, 0, 69, 2793, 2596, 10, 1066986541, 1, 141, '', 0);
INSERT INTO ezsearch_object_word_link VALUES (13596, 113, 2596, 0, 70, 2746, 2606, 10, 1066986541, 1, 141, '', 0);
INSERT INTO ezsearch_object_word_link VALUES (13597, 113, 2606, 0, 71, 2596, 2794, 10, 1066986541, 1, 141, '', 0);
INSERT INTO ezsearch_object_word_link VALUES (13598, 113, 2794, 0, 72, 2606, 2607, 10, 1066986541, 1, 141, '', 0);
INSERT INTO ezsearch_object_word_link VALUES (13599, 113, 2607, 0, 73, 2794, 2758, 10, 1066986541, 1, 141, '', 0);
INSERT INTO ezsearch_object_word_link VALUES (13600, 113, 2758, 0, 74, 2607, 2795, 10, 1066986541, 1, 141, '', 0);
INSERT INTO ezsearch_object_word_link VALUES (13601, 113, 2795, 0, 75, 2758, 2605, 10, 1066986541, 1, 141, '', 0);
INSERT INTO ezsearch_object_word_link VALUES (13602, 113, 2605, 0, 76, 2795, 2629, 10, 1066986541, 1, 141, '', 0);
INSERT INTO ezsearch_object_word_link VALUES (13603, 113, 2629, 0, 77, 2605, 2796, 10, 1066986541, 1, 141, '', 0);
INSERT INTO ezsearch_object_word_link VALUES (13604, 113, 2796, 0, 78, 2629, 2657, 10, 1066986541, 1, 141, '', 0);
INSERT INTO ezsearch_object_word_link VALUES (13605, 113, 2657, 0, 79, 2796, 2768, 10, 1066986541, 1, 141, '', 0);
INSERT INTO ezsearch_object_word_link VALUES (13606, 113, 2768, 0, 80, 2657, 2614, 10, 1066986541, 1, 141, '', 0);
INSERT INTO ezsearch_object_word_link VALUES (13607, 113, 2614, 0, 81, 2768, 2752, 10, 1066986541, 1, 141, '', 0);
INSERT INTO ezsearch_object_word_link VALUES (13608, 113, 2752, 0, 82, 2614, 2797, 10, 1066986541, 1, 141, '', 0);
INSERT INTO ezsearch_object_word_link VALUES (13609, 113, 2797, 0, 83, 2752, 2769, 10, 1066986541, 1, 141, '', 0);
INSERT INTO ezsearch_object_word_link VALUES (13610, 113, 2769, 0, 84, 2797, 2597, 10, 1066986541, 1, 141, '', 0);
INSERT INTO ezsearch_object_word_link VALUES (13611, 113, 2597, 0, 85, 2769, 2643, 10, 1066986541, 1, 141, '', 0);
INSERT INTO ezsearch_object_word_link VALUES (13612, 113, 2643, 0, 86, 2597, 2798, 10, 1066986541, 1, 141, '', 0);
INSERT INTO ezsearch_object_word_link VALUES (13613, 113, 2798, 0, 87, 2643, 2729, 10, 1066986541, 1, 141, '', 0);
INSERT INTO ezsearch_object_word_link VALUES (13614, 113, 2729, 0, 88, 2798, 2730, 10, 1066986541, 1, 141, '', 0);
INSERT INTO ezsearch_object_word_link VALUES (13615, 113, 2730, 0, 89, 2729, 2731, 10, 1066986541, 1, 141, '', 0);
INSERT INTO ezsearch_object_word_link VALUES (13616, 113, 2731, 0, 90, 2730, 2635, 10, 1066986541, 1, 141, '', 0);
INSERT INTO ezsearch_object_word_link VALUES (13617, 113, 2635, 0, 91, 2731, 2732, 10, 1066986541, 1, 141, '', 0);
INSERT INTO ezsearch_object_word_link VALUES (13618, 113, 2732, 0, 92, 2635, 2733, 10, 1066986541, 1, 141, '', 0);
INSERT INTO ezsearch_object_word_link VALUES (13619, 113, 2733, 0, 93, 2732, 2734, 10, 1066986541, 1, 141, '', 0);
INSERT INTO ezsearch_object_word_link VALUES (13620, 113, 2734, 0, 94, 2733, 2735, 10, 1066986541, 1, 141, '', 0);
INSERT INTO ezsearch_object_word_link VALUES (13621, 113, 2735, 0, 95, 2734, 2599, 10, 1066986541, 1, 141, '', 0);
INSERT INTO ezsearch_object_word_link VALUES (13622, 113, 2599, 0, 96, 2735, 2736, 10, 1066986541, 1, 141, '', 0);
INSERT INTO ezsearch_object_word_link VALUES (13623, 113, 2736, 0, 97, 2599, 2737, 10, 1066986541, 1, 141, '', 0);
INSERT INTO ezsearch_object_word_link VALUES (13624, 113, 2737, 0, 98, 2736, 2738, 10, 1066986541, 1, 141, '', 0);
INSERT INTO ezsearch_object_word_link VALUES (13625, 113, 2738, 0, 99, 2737, 2739, 10, 1066986541, 1, 141, '', 0);
INSERT INTO ezsearch_object_word_link VALUES (13626, 113, 2739, 0, 100, 2738, 2731, 10, 1066986541, 1, 141, '', 0);
INSERT INTO ezsearch_object_word_link VALUES (13627, 113, 2731, 0, 101, 2739, 2605, 10, 1066986541, 1, 141, '', 0);
INSERT INTO ezsearch_object_word_link VALUES (13628, 113, 2605, 0, 102, 2731, 2639, 10, 1066986541, 1, 141, '', 0);
INSERT INTO ezsearch_object_word_link VALUES (13629, 113, 2639, 0, 103, 2605, 2740, 10, 1066986541, 1, 141, '', 0);
INSERT INTO ezsearch_object_word_link VALUES (13630, 113, 2740, 0, 104, 2639, 2653, 10, 1066986541, 1, 141, '', 0);
INSERT INTO ezsearch_object_word_link VALUES (13631, 113, 2653, 0, 105, 2740, 2741, 10, 1066986541, 1, 141, '', 0);
INSERT INTO ezsearch_object_word_link VALUES (13632, 113, 2741, 0, 106, 2653, 2618, 10, 1066986541, 1, 141, '', 0);
INSERT INTO ezsearch_object_word_link VALUES (13633, 113, 2618, 0, 107, 2741, 2742, 10, 1066986541, 1, 141, '', 0);
INSERT INTO ezsearch_object_word_link VALUES (13634, 113, 2742, 0, 108, 2618, 2743, 10, 1066986541, 1, 141, '', 0);
INSERT INTO ezsearch_object_word_link VALUES (13635, 113, 2743, 0, 109, 2742, 2646, 10, 1066986541, 1, 141, '', 0);
INSERT INTO ezsearch_object_word_link VALUES (13636, 113, 2646, 0, 110, 2743, 2744, 10, 1066986541, 1, 141, '', 0);
INSERT INTO ezsearch_object_word_link VALUES (13637, 113, 2744, 0, 111, 2646, 2739, 10, 1066986541, 1, 141, '', 0);
INSERT INTO ezsearch_object_word_link VALUES (13638, 113, 2739, 0, 112, 2744, 2643, 10, 1066986541, 1, 141, '', 0);
INSERT INTO ezsearch_object_word_link VALUES (13639, 113, 2643, 0, 113, 2739, 2745, 10, 1066986541, 1, 141, '', 0);
INSERT INTO ezsearch_object_word_link VALUES (13640, 113, 2745, 0, 114, 2643, 2606, 10, 1066986541, 1, 141, '', 0);
INSERT INTO ezsearch_object_word_link VALUES (13641, 113, 2606, 0, 115, 2745, 2746, 10, 1066986541, 1, 141, '', 0);
INSERT INTO ezsearch_object_word_link VALUES (13642, 113, 2746, 0, 116, 2606, 2742, 10, 1066986541, 1, 141, '', 0);
INSERT INTO ezsearch_object_word_link VALUES (13643, 113, 2742, 0, 117, 2746, 2625, 10, 1066986541, 1, 141, '', 0);
INSERT INTO ezsearch_object_word_link VALUES (13644, 113, 2625, 0, 118, 2742, 2675, 10, 1066986541, 1, 141, '', 0);
INSERT INTO ezsearch_object_word_link VALUES (13645, 113, 2675, 0, 119, 2625, 2747, 10, 1066986541, 1, 141, '', 0);
INSERT INTO ezsearch_object_word_link VALUES (13646, 113, 2747, 0, 120, 2675, 2646, 10, 1066986541, 1, 141, '', 0);
INSERT INTO ezsearch_object_word_link VALUES (13647, 113, 2646, 0, 121, 2747, 2748, 10, 1066986541, 1, 141, '', 0);
INSERT INTO ezsearch_object_word_link VALUES (13648, 113, 2748, 0, 122, 2646, 2749, 10, 1066986541, 1, 141, '', 0);
INSERT INTO ezsearch_object_word_link VALUES (13649, 113, 2749, 0, 123, 2748, 2605, 10, 1066986541, 1, 141, '', 0);
INSERT INTO ezsearch_object_word_link VALUES (13650, 113, 2605, 0, 124, 2749, 2596, 10, 1066986541, 1, 141, '', 0);
INSERT INTO ezsearch_object_word_link VALUES (13651, 113, 2596, 0, 125, 2605, 2629, 10, 1066986541, 1, 141, '', 0);
INSERT INTO ezsearch_object_word_link VALUES (13652, 113, 2629, 0, 126, 2596, 2657, 10, 1066986541, 1, 141, '', 0);
INSERT INTO ezsearch_object_word_link VALUES (13653, 113, 2657, 0, 127, 2629, 2750, 10, 1066986541, 1, 141, '', 0);
INSERT INTO ezsearch_object_word_link VALUES (13654, 113, 2750, 0, 128, 2657, 2643, 10, 1066986541, 1, 141, '', 0);
INSERT INTO ezsearch_object_word_link VALUES (13655, 113, 2643, 0, 129, 2750, 2744, 10, 1066986541, 1, 141, '', 0);
INSERT INTO ezsearch_object_word_link VALUES (13656, 113, 2744, 0, 130, 2643, 2751, 10, 1066986541, 1, 141, '', 0);
INSERT INTO ezsearch_object_word_link VALUES (13657, 113, 2751, 0, 131, 2744, 2752, 10, 1066986541, 1, 141, '', 0);
INSERT INTO ezsearch_object_word_link VALUES (13658, 113, 2752, 0, 132, 2751, 2753, 10, 1066986541, 1, 141, '', 0);
INSERT INTO ezsearch_object_word_link VALUES (13659, 113, 2753, 0, 133, 2752, 2754, 10, 1066986541, 1, 141, '', 0);
INSERT INTO ezsearch_object_word_link VALUES (13660, 113, 2754, 0, 134, 2753, 2755, 10, 1066986541, 1, 141, '', 0);
INSERT INTO ezsearch_object_word_link VALUES (13661, 113, 2755, 0, 135, 2754, 2756, 10, 1066986541, 1, 141, '', 0);
INSERT INTO ezsearch_object_word_link VALUES (13662, 113, 2756, 0, 136, 2755, 2757, 10, 1066986541, 1, 141, '', 0);
INSERT INTO ezsearch_object_word_link VALUES (13663, 113, 2757, 0, 137, 2756, 2602, 10, 1066986541, 1, 141, '', 0);
INSERT INTO ezsearch_object_word_link VALUES (13664, 113, 2602, 0, 138, 2757, 2597, 10, 1066986541, 1, 141, '', 0);
INSERT INTO ezsearch_object_word_link VALUES (13665, 113, 2597, 0, 139, 2602, 2641, 10, 1066986541, 1, 141, '', 0);
INSERT INTO ezsearch_object_word_link VALUES (13666, 113, 2641, 0, 140, 2597, 2758, 10, 1066986541, 1, 141, '', 0);
INSERT INTO ezsearch_object_word_link VALUES (13667, 113, 2758, 0, 141, 2641, 2734, 10, 1066986541, 1, 141, '', 0);
INSERT INTO ezsearch_object_word_link VALUES (13668, 113, 2734, 0, 142, 2758, 2759, 10, 1066986541, 1, 141, '', 0);
INSERT INTO ezsearch_object_word_link VALUES (13669, 113, 2759, 0, 143, 2734, 2760, 10, 1066986541, 1, 141, '', 0);
INSERT INTO ezsearch_object_word_link VALUES (13670, 113, 2760, 0, 144, 2759, 2594, 10, 1066986541, 1, 141, '', 0);
INSERT INTO ezsearch_object_word_link VALUES (13671, 113, 2594, 0, 145, 2760, 2639, 10, 1066986541, 1, 141, '', 0);
INSERT INTO ezsearch_object_word_link VALUES (13672, 113, 2639, 0, 146, 2594, 2650, 10, 1066986541, 1, 141, '', 0);
INSERT INTO ezsearch_object_word_link VALUES (13673, 113, 2650, 0, 147, 2639, 2614, 10, 1066986541, 1, 141, '', 0);
INSERT INTO ezsearch_object_word_link VALUES (13674, 113, 2614, 0, 148, 2650, 2761, 10, 1066986541, 1, 141, '', 0);
INSERT INTO ezsearch_object_word_link VALUES (13675, 113, 2761, 0, 149, 2614, 2632, 10, 1066986541, 1, 141, '', 0);
INSERT INTO ezsearch_object_word_link VALUES (13676, 113, 2632, 0, 150, 2761, 2639, 10, 1066986541, 1, 141, '', 0);
INSERT INTO ezsearch_object_word_link VALUES (13677, 113, 2639, 0, 151, 2632, 2607, 10, 1066986541, 1, 141, '', 0);
INSERT INTO ezsearch_object_word_link VALUES (13678, 113, 2607, 0, 152, 2639, 2799, 10, 1066986541, 1, 141, '', 0);
INSERT INTO ezsearch_object_word_link VALUES (13679, 113, 2799, 0, 153, 2607, 2629, 10, 1066986541, 1, 141, '', 0);
INSERT INTO ezsearch_object_word_link VALUES (13680, 113, 2629, 0, 154, 2799, 2588, 10, 1066986541, 1, 141, '', 0);
INSERT INTO ezsearch_object_word_link VALUES (13681, 113, 2588, 0, 155, 2629, 2675, 10, 1066986541, 1, 141, '', 0);
INSERT INTO ezsearch_object_word_link VALUES (13682, 113, 2675, 0, 156, 2588, 2621, 10, 1066986541, 1, 141, '', 0);
INSERT INTO ezsearch_object_word_link VALUES (13683, 113, 2621, 0, 157, 2675, 2794, 10, 1066986541, 1, 141, '', 0);
INSERT INTO ezsearch_object_word_link VALUES (13684, 113, 2794, 0, 158, 2621, 2748, 10, 1066986541, 1, 141, '', 0);
INSERT INTO ezsearch_object_word_link VALUES (13685, 113, 2748, 0, 159, 2794, 2732, 10, 1066986541, 1, 141, '', 0);
INSERT INTO ezsearch_object_word_link VALUES (13686, 113, 2732, 0, 160, 2748, 2800, 10, 1066986541, 1, 141, '', 0);
INSERT INTO ezsearch_object_word_link VALUES (13687, 113, 2800, 0, 161, 2732, 2595, 10, 1066986541, 1, 141, '', 0);
INSERT INTO ezsearch_object_word_link VALUES (13688, 113, 2595, 0, 162, 2800, 2789, 10, 1066986541, 1, 141, '', 0);
INSERT INTO ezsearch_object_word_link VALUES (13689, 113, 2789, 0, 163, 2595, 2632, 10, 1066986541, 1, 141, '', 0);
INSERT INTO ezsearch_object_word_link VALUES (13690, 113, 2632, 0, 164, 2789, 2801, 10, 1066986541, 1, 141, '', 0);
INSERT INTO ezsearch_object_word_link VALUES (13691, 113, 2801, 0, 165, 2632, 2643, 10, 1066986541, 1, 141, '', 0);
INSERT INTO ezsearch_object_word_link VALUES (13692, 113, 2643, 0, 166, 2801, 2625, 10, 1066986541, 1, 141, '', 0);
INSERT INTO ezsearch_object_word_link VALUES (13693, 113, 2625, 0, 167, 2643, 2643, 10, 1066986541, 1, 141, '', 0);
INSERT INTO ezsearch_object_word_link VALUES (13694, 113, 2643, 0, 168, 2625, 2641, 10, 1066986541, 1, 141, '', 0);
INSERT INTO ezsearch_object_word_link VALUES (13695, 113, 2641, 0, 169, 2643, 2606, 10, 1066986541, 1, 141, '', 0);
INSERT INTO ezsearch_object_word_link VALUES (13696, 113, 2606, 0, 170, 2641, 2632, 10, 1066986541, 1, 141, '', 0);
INSERT INTO ezsearch_object_word_link VALUES (13697, 113, 2632, 0, 171, 2606, 2599, 10, 1066986541, 1, 141, '', 0);
INSERT INTO ezsearch_object_word_link VALUES (13698, 113, 2599, 0, 172, 2632, 2802, 10, 1066986541, 1, 141, '', 0);
INSERT INTO ezsearch_object_word_link VALUES (13699, 113, 2802, 0, 173, 2599, 2803, 10, 1066986541, 1, 141, '', 0);
INSERT INTO ezsearch_object_word_link VALUES (13700, 113, 2803, 0, 174, 2802, 2746, 10, 1066986541, 1, 141, '', 0);
INSERT INTO ezsearch_object_word_link VALUES (13701, 113, 2746, 0, 175, 2803, 2804, 10, 1066986541, 1, 141, '', 0);
INSERT INTO ezsearch_object_word_link VALUES (13702, 113, 2804, 0, 176, 2746, 2733, 10, 1066986541, 1, 141, '', 0);
INSERT INTO ezsearch_object_word_link VALUES (13703, 113, 2733, 0, 177, 2804, 2766, 10, 1066986541, 1, 141, '', 0);
INSERT INTO ezsearch_object_word_link VALUES (13704, 113, 2766, 0, 178, 2733, 2629, 10, 1066986541, 1, 141, '', 0);
INSERT INTO ezsearch_object_word_link VALUES (13705, 113, 2629, 0, 179, 2766, 2805, 10, 1066986541, 1, 141, '', 0);
INSERT INTO ezsearch_object_word_link VALUES (13706, 113, 2805, 0, 180, 2629, 2733, 10, 1066986541, 1, 141, '', 0);
INSERT INTO ezsearch_object_word_link VALUES (13707, 113, 2733, 0, 181, 2805, 2752, 10, 1066986541, 1, 141, '', 0);
INSERT INTO ezsearch_object_word_link VALUES (13708, 113, 2752, 0, 182, 2733, 2632, 10, 1066986541, 1, 141, '', 0);
INSERT INTO ezsearch_object_word_link VALUES (13709, 113, 2632, 0, 183, 2752, 2806, 10, 1066986541, 1, 141, '', 0);
INSERT INTO ezsearch_object_word_link VALUES (13710, 113, 2806, 0, 184, 2632, 2807, 10, 1066986541, 1, 141, '', 0);
INSERT INTO ezsearch_object_word_link VALUES (13711, 113, 2807, 0, 185, 2806, 2808, 10, 1066986541, 1, 141, '', 0);
INSERT INTO ezsearch_object_word_link VALUES (13712, 113, 2808, 0, 186, 2807, 2809, 10, 1066986541, 1, 141, '', 0);
INSERT INTO ezsearch_object_word_link VALUES (13713, 113, 2809, 0, 187, 2808, 2736, 10, 1066986541, 1, 141, '', 0);
INSERT INTO ezsearch_object_word_link VALUES (13714, 113, 2736, 0, 188, 2809, 2614, 10, 1066986541, 1, 141, '', 0);
INSERT INTO ezsearch_object_word_link VALUES (13715, 113, 2614, 0, 189, 2736, 2810, 10, 1066986541, 1, 141, '', 0);
INSERT INTO ezsearch_object_word_link VALUES (13716, 113, 2810, 0, 190, 2614, 2602, 10, 1066986541, 1, 141, '', 0);
INSERT INTO ezsearch_object_word_link VALUES (13717, 113, 2602, 0, 191, 2810, 2745, 10, 1066986541, 1, 141, '', 0);
INSERT INTO ezsearch_object_word_link VALUES (13718, 113, 2745, 0, 192, 2602, 2794, 10, 1066986541, 1, 141, '', 0);
INSERT INTO ezsearch_object_word_link VALUES (13719, 113, 2794, 0, 193, 2745, 2811, 10, 1066986541, 1, 141, '', 0);
INSERT INTO ezsearch_object_word_link VALUES (13720, 113, 2811, 0, 194, 2794, 2786, 10, 1066986541, 1, 141, '', 0);
INSERT INTO ezsearch_object_word_link VALUES (13721, 113, 2786, 0, 195, 2811, 2751, 10, 1066986541, 1, 141, '', 0);
INSERT INTO ezsearch_object_word_link VALUES (13722, 113, 2751, 0, 196, 2786, 2621, 10, 1066986541, 1, 141, '', 0);
INSERT INTO ezsearch_object_word_link VALUES (13723, 113, 2621, 0, 197, 2751, 2629, 10, 1066986541, 1, 141, '', 0);
INSERT INTO ezsearch_object_word_link VALUES (13724, 113, 2629, 0, 198, 2621, 2812, 10, 1066986541, 1, 141, '', 0);
INSERT INTO ezsearch_object_word_link VALUES (13725, 113, 2812, 0, 199, 2629, 2813, 10, 1066986541, 1, 141, '', 0);
INSERT INTO ezsearch_object_word_link VALUES (13726, 113, 2813, 0, 200, 2812, 2814, 10, 1066986541, 1, 141, '', 0);
INSERT INTO ezsearch_object_word_link VALUES (13727, 113, 2814, 0, 201, 2813, 2763, 10, 1066986541, 1, 141, '', 0);
INSERT INTO ezsearch_object_word_link VALUES (13728, 113, 2763, 0, 202, 2814, 2749, 10, 1066986541, 1, 141, '', 0);
INSERT INTO ezsearch_object_word_link VALUES (13729, 113, 2749, 0, 203, 2763, 2610, 10, 1066986541, 1, 141, '', 0);
INSERT INTO ezsearch_object_word_link VALUES (13730, 113, 2610, 0, 204, 2749, 2736, 10, 1066986541, 1, 141, '', 0);
INSERT INTO ezsearch_object_word_link VALUES (13731, 113, 2736, 0, 205, 2610, 2625, 10, 1066986541, 1, 141, '', 0);
INSERT INTO ezsearch_object_word_link VALUES (13732, 113, 2625, 0, 206, 2736, 2810, 10, 1066986541, 1, 141, '', 0);
INSERT INTO ezsearch_object_word_link VALUES (13733, 113, 2810, 0, 207, 2625, 2643, 10, 1066986541, 1, 141, '', 0);
INSERT INTO ezsearch_object_word_link VALUES (13734, 113, 2643, 0, 208, 2810, 2815, 10, 1066986541, 1, 141, '', 0);
INSERT INTO ezsearch_object_word_link VALUES (13735, 113, 2815, 0, 209, 2643, 2816, 10, 1066986541, 1, 141, '', 0);
INSERT INTO ezsearch_object_word_link VALUES (13736, 113, 2816, 0, 210, 2815, 2607, 10, 1066986541, 1, 141, '', 0);
INSERT INTO ezsearch_object_word_link VALUES (13737, 113, 2607, 0, 211, 2816, 2641, 10, 1066986541, 1, 141, '', 0);
INSERT INTO ezsearch_object_word_link VALUES (13738, 113, 2641, 0, 212, 2607, 2795, 10, 1066986541, 1, 141, '', 0);
INSERT INTO ezsearch_object_word_link VALUES (13739, 113, 2795, 0, 213, 2641, 2745, 10, 1066986541, 1, 141, '', 0);
INSERT INTO ezsearch_object_word_link VALUES (13740, 113, 2745, 0, 214, 2795, 2733, 10, 1066986541, 1, 141, '', 0);
INSERT INTO ezsearch_object_word_link VALUES (13741, 113, 2733, 0, 215, 2745, 2593, 10, 1066986541, 1, 141, '', 0);
INSERT INTO ezsearch_object_word_link VALUES (13742, 113, 2593, 0, 216, 2733, 2791, 10, 1066986541, 1, 141, '', 0);
INSERT INTO ezsearch_object_word_link VALUES (13743, 113, 2791, 0, 217, 2593, 2605, 10, 1066986541, 1, 141, '', 0);
INSERT INTO ezsearch_object_word_link VALUES (13744, 113, 2605, 0, 218, 2791, 2591, 10, 1066986541, 1, 141, '', 0);
INSERT INTO ezsearch_object_word_link VALUES (13745, 113, 2591, 0, 219, 2605, 2592, 10, 1066986541, 1, 141, '', 0);
INSERT INTO ezsearch_object_word_link VALUES (13746, 113, 2592, 0, 220, 2591, 2746, 10, 1066986541, 1, 141, '', 0);
INSERT INTO ezsearch_object_word_link VALUES (13747, 113, 2746, 0, 221, 2592, 2817, 10, 1066986541, 1, 141, '', 0);
INSERT INTO ezsearch_object_word_link VALUES (13748, 113, 2817, 0, 222, 2746, 2603, 10, 1066986541, 1, 141, '', 0);
INSERT INTO ezsearch_object_word_link VALUES (13749, 113, 2603, 0, 223, 2817, 2609, 10, 1066986541, 1, 141, '', 0);
INSERT INTO ezsearch_object_word_link VALUES (13750, 113, 2609, 0, 224, 2603, 2596, 10, 1066986541, 1, 141, '', 0);
INSERT INTO ezsearch_object_word_link VALUES (13751, 113, 2596, 0, 225, 2609, 2810, 10, 1066986541, 1, 141, '', 0);
INSERT INTO ezsearch_object_word_link VALUES (13752, 113, 2810, 0, 226, 2596, 2729, 10, 1066986541, 1, 141, '', 0);
INSERT INTO ezsearch_object_word_link VALUES (13753, 113, 2729, 0, 227, 2810, 2620, 10, 1066986541, 1, 141, '', 0);
INSERT INTO ezsearch_object_word_link VALUES (13754, 113, 2620, 0, 228, 2729, 2605, 10, 1066986541, 1, 141, '', 0);
INSERT INTO ezsearch_object_word_link VALUES (13755, 113, 2605, 0, 229, 2620, 2737, 10, 1066986541, 1, 141, '', 0);
INSERT INTO ezsearch_object_word_link VALUES (13756, 113, 2737, 0, 230, 2605, 2621, 10, 1066986541, 1, 141, '', 0);
INSERT INTO ezsearch_object_word_link VALUES (13757, 113, 2621, 0, 231, 2737, 2653, 10, 1066986541, 1, 141, '', 0);
INSERT INTO ezsearch_object_word_link VALUES (13758, 113, 2653, 0, 232, 2621, 2781, 10, 1066986541, 1, 141, '', 0);
INSERT INTO ezsearch_object_word_link VALUES (13759, 113, 2781, 0, 233, 2653, 2610, 10, 1066986541, 1, 141, '', 0);
INSERT INTO ezsearch_object_word_link VALUES (13760, 113, 2610, 0, 234, 2781, 2750, 10, 1066986541, 1, 141, '', 0);
INSERT INTO ezsearch_object_word_link VALUES (13761, 113, 2750, 0, 235, 2610, 2762, 10, 1066986541, 1, 141, '', 0);
INSERT INTO ezsearch_object_word_link VALUES (13762, 113, 2762, 0, 236, 2750, 2763, 10, 1066986541, 1, 141, '', 0);
INSERT INTO ezsearch_object_word_link VALUES (13763, 113, 2763, 0, 237, 2762, 2731, 10, 1066986541, 1, 141, '', 0);
INSERT INTO ezsearch_object_word_link VALUES (13764, 113, 2731, 0, 238, 2763, 2764, 10, 1066986541, 1, 141, '', 0);
INSERT INTO ezsearch_object_word_link VALUES (13765, 113, 2764, 0, 239, 2731, 2646, 10, 1066986541, 1, 141, '', 0);
INSERT INTO ezsearch_object_word_link VALUES (13766, 113, 2646, 0, 240, 2764, 2765, 10, 1066986541, 1, 141, '', 0);
INSERT INTO ezsearch_object_word_link VALUES (13767, 113, 2765, 0, 241, 2646, 2646, 10, 1066986541, 1, 141, '', 0);
INSERT INTO ezsearch_object_word_link VALUES (13768, 113, 2646, 0, 242, 2765, 2766, 10, 1066986541, 1, 141, '', 0);
INSERT INTO ezsearch_object_word_link VALUES (13769, 113, 2766, 0, 243, 2646, 2767, 10, 1066986541, 1, 141, '', 0);
INSERT INTO ezsearch_object_word_link VALUES (13770, 113, 2767, 0, 244, 2766, 2751, 10, 1066986541, 1, 141, '', 0);
INSERT INTO ezsearch_object_word_link VALUES (13771, 113, 2751, 0, 245, 2767, 2768, 10, 1066986541, 1, 141, '', 0);
INSERT INTO ezsearch_object_word_link VALUES (13772, 113, 2768, 0, 246, 2751, 2769, 10, 1066986541, 1, 141, '', 0);
INSERT INTO ezsearch_object_word_link VALUES (13773, 113, 2769, 0, 247, 2768, 2770, 10, 1066986541, 1, 141, '', 0);
INSERT INTO ezsearch_object_word_link VALUES (13774, 113, 2770, 0, 248, 2769, 2771, 10, 1066986541, 1, 141, '', 0);
INSERT INTO ezsearch_object_word_link VALUES (13775, 113, 2771, 0, 249, 2770, 2772, 10, 1066986541, 1, 141, '', 0);
INSERT INTO ezsearch_object_word_link VALUES (13776, 113, 2772, 0, 250, 2771, 2773, 10, 1066986541, 1, 141, '', 0);
INSERT INTO ezsearch_object_word_link VALUES (13777, 113, 2773, 0, 251, 2772, 2611, 10, 1066986541, 1, 141, '', 0);
INSERT INTO ezsearch_object_word_link VALUES (13778, 113, 2611, 0, 252, 2773, 2774, 10, 1066986541, 1, 141, '', 0);
INSERT INTO ezsearch_object_word_link VALUES (13779, 113, 2774, 0, 253, 2611, 2775, 10, 1066986541, 1, 141, '', 0);
INSERT INTO ezsearch_object_word_link VALUES (13780, 113, 2775, 0, 254, 2774, 2694, 10, 1066986541, 1, 141, '', 0);
INSERT INTO ezsearch_object_word_link VALUES (13781, 113, 2694, 0, 255, 2775, 2776, 10, 1066986541, 1, 141, '', 0);
INSERT INTO ezsearch_object_word_link VALUES (13782, 113, 2776, 0, 256, 2694, 2777, 10, 1066986541, 1, 141, '', 0);
INSERT INTO ezsearch_object_word_link VALUES (13783, 113, 2777, 0, 257, 2776, 2694, 10, 1066986541, 1, 141, '', 0);
INSERT INTO ezsearch_object_word_link VALUES (13784, 113, 2694, 0, 258, 2777, 2778, 10, 1066986541, 1, 141, '', 0);
INSERT INTO ezsearch_object_word_link VALUES (13785, 113, 2778, 0, 259, 2694, 2779, 10, 1066986541, 1, 141, '', 0);
INSERT INTO ezsearch_object_word_link VALUES (13786, 113, 2779, 0, 260, 2778, 2780, 10, 1066986541, 1, 141, '', 0);
INSERT INTO ezsearch_object_word_link VALUES (13787, 113, 2780, 0, 261, 2779, 2769, 10, 1066986541, 1, 141, '', 0);
INSERT INTO ezsearch_object_word_link VALUES (13788, 113, 2769, 0, 262, 2780, 2621, 10, 1066986541, 1, 141, '', 0);
INSERT INTO ezsearch_object_word_link VALUES (13789, 113, 2621, 0, 263, 2769, 2781, 10, 1066986541, 1, 141, '', 0);
INSERT INTO ezsearch_object_word_link VALUES (13790, 113, 2781, 0, 264, 2621, 2768, 10, 1066986541, 1, 141, '', 0);
INSERT INTO ezsearch_object_word_link VALUES (13791, 113, 2768, 0, 265, 2781, 2780, 10, 1066986541, 1, 141, '', 0);
INSERT INTO ezsearch_object_word_link VALUES (13792, 113, 2780, 0, 266, 2768, 2596, 10, 1066986541, 1, 141, '', 0);
INSERT INTO ezsearch_object_word_link VALUES (13793, 113, 2596, 0, 267, 2780, 2782, 10, 1066986541, 1, 141, '', 0);
INSERT INTO ezsearch_object_word_link VALUES (13794, 113, 2782, 0, 268, 2596, 2602, 10, 1066986541, 1, 141, '', 0);
INSERT INTO ezsearch_object_word_link VALUES (13795, 113, 2602, 0, 269, 2782, 2783, 10, 1066986541, 1, 141, '', 0);
INSERT INTO ezsearch_object_word_link VALUES (13796, 113, 2783, 0, 270, 2602, 2784, 10, 1066986541, 1, 141, '', 0);
INSERT INTO ezsearch_object_word_link VALUES (13797, 113, 2784, 0, 271, 2783, 2785, 10, 1066986541, 1, 141, '', 0);
INSERT INTO ezsearch_object_word_link VALUES (13798, 113, 2785, 0, 272, 2784, 2770, 10, 1066986541, 1, 141, '', 0);
INSERT INTO ezsearch_object_word_link VALUES (13799, 113, 2770, 0, 273, 2785, 2771, 10, 1066986541, 1, 141, '', 0);
INSERT INTO ezsearch_object_word_link VALUES (13800, 113, 2771, 0, 274, 2770, 2772, 10, 1066986541, 1, 141, '', 0);
INSERT INTO ezsearch_object_word_link VALUES (13801, 113, 2772, 0, 275, 2771, 2773, 10, 1066986541, 1, 141, '', 0);
INSERT INTO ezsearch_object_word_link VALUES (13802, 113, 2773, 0, 276, 2772, 2611, 10, 1066986541, 1, 141, '', 0);
INSERT INTO ezsearch_object_word_link VALUES (13803, 113, 2611, 0, 277, 2773, 2774, 10, 1066986541, 1, 141, '', 0);
INSERT INTO ezsearch_object_word_link VALUES (13804, 113, 2774, 0, 278, 2611, 2775, 10, 1066986541, 1, 141, '', 0);
INSERT INTO ezsearch_object_word_link VALUES (13805, 113, 2775, 0, 279, 2774, 2694, 10, 1066986541, 1, 141, '', 0);
INSERT INTO ezsearch_object_word_link VALUES (13806, 113, 2694, 0, 280, 2775, 2776, 10, 1066986541, 1, 141, '', 0);
INSERT INTO ezsearch_object_word_link VALUES (13807, 113, 2776, 0, 281, 2694, 2777, 10, 1066986541, 1, 141, '', 0);
INSERT INTO ezsearch_object_word_link VALUES (13808, 113, 2777, 0, 282, 2776, 2694, 10, 1066986541, 1, 141, '', 0);
INSERT INTO ezsearch_object_word_link VALUES (13809, 113, 2694, 0, 283, 2777, 2778, 10, 1066986541, 1, 141, '', 0);
INSERT INTO ezsearch_object_word_link VALUES (13810, 113, 2778, 0, 284, 2694, 2779, 10, 1066986541, 1, 141, '', 0);
INSERT INTO ezsearch_object_word_link VALUES (13811, 113, 2779, 0, 285, 2778, 2786, 10, 1066986541, 1, 141, '', 0);
INSERT INTO ezsearch_object_word_link VALUES (13812, 113, 2786, 0, 286, 2779, 2787, 10, 1066986541, 1, 141, '', 0);
INSERT INTO ezsearch_object_word_link VALUES (13813, 113, 2787, 0, 287, 2786, 2641, 10, 1066986541, 1, 141, '', 0);
INSERT INTO ezsearch_object_word_link VALUES (13814, 113, 2641, 0, 288, 2787, 2788, 10, 1066986541, 1, 141, '', 0);
INSERT INTO ezsearch_object_word_link VALUES (13815, 113, 2788, 0, 289, 2641, 2646, 10, 1066986541, 1, 141, '', 0);
INSERT INTO ezsearch_object_word_link VALUES (13816, 113, 2646, 0, 290, 2788, 2606, 10, 1066986541, 1, 141, '', 0);
INSERT INTO ezsearch_object_word_link VALUES (13817, 113, 2606, 0, 291, 2646, 2596, 10, 1066986541, 1, 141, '', 0);
INSERT INTO ezsearch_object_word_link VALUES (13818, 113, 2596, 0, 292, 2606, 2789, 10, 1066986541, 1, 141, '', 0);
INSERT INTO ezsearch_object_word_link VALUES (13819, 113, 2789, 0, 293, 2596, 2646, 10, 1066986541, 1, 141, '', 0);
INSERT INTO ezsearch_object_word_link VALUES (13820, 113, 2646, 0, 294, 2789, 2790, 10, 1066986541, 1, 141, '', 0);
INSERT INTO ezsearch_object_word_link VALUES (13821, 113, 2790, 0, 295, 2646, 2732, 10, 1066986541, 1, 141, '', 0);
INSERT INTO ezsearch_object_word_link VALUES (13822, 113, 2732, 0, 296, 2790, 2791, 10, 1066986541, 1, 141, '', 0);
INSERT INTO ezsearch_object_word_link VALUES (13823, 113, 2791, 0, 297, 2732, 2743, 10, 1066986541, 1, 141, '', 0);
INSERT INTO ezsearch_object_word_link VALUES (13824, 113, 2743, 0, 298, 2791, 2792, 10, 1066986541, 1, 141, '', 0);
INSERT INTO ezsearch_object_word_link VALUES (13825, 113, 2792, 0, 299, 2743, 2596, 10, 1066986541, 1, 141, '', 0);
INSERT INTO ezsearch_object_word_link VALUES (13826, 113, 2596, 0, 300, 2792, 2793, 10, 1066986541, 1, 141, '', 0);
INSERT INTO ezsearch_object_word_link VALUES (13827, 113, 2793, 0, 301, 2596, 2746, 10, 1066986541, 1, 141, '', 0);
INSERT INTO ezsearch_object_word_link VALUES (13828, 113, 2746, 0, 302, 2793, 2596, 10, 1066986541, 1, 141, '', 0);
INSERT INTO ezsearch_object_word_link VALUES (13829, 113, 2596, 0, 303, 2746, 2606, 10, 1066986541, 1, 141, '', 0);
INSERT INTO ezsearch_object_word_link VALUES (13830, 113, 2606, 0, 304, 2596, 2794, 10, 1066986541, 1, 141, '', 0);
INSERT INTO ezsearch_object_word_link VALUES (13831, 113, 2794, 0, 305, 2606, 2607, 10, 1066986541, 1, 141, '', 0);
INSERT INTO ezsearch_object_word_link VALUES (13832, 113, 2607, 0, 306, 2794, 2758, 10, 1066986541, 1, 141, '', 0);
INSERT INTO ezsearch_object_word_link VALUES (13833, 113, 2758, 0, 307, 2607, 2795, 10, 1066986541, 1, 141, '', 0);
INSERT INTO ezsearch_object_word_link VALUES (13834, 113, 2795, 0, 308, 2758, 2605, 10, 1066986541, 1, 141, '', 0);
INSERT INTO ezsearch_object_word_link VALUES (13835, 113, 2605, 0, 309, 2795, 2629, 10, 1066986541, 1, 141, '', 0);
INSERT INTO ezsearch_object_word_link VALUES (13836, 113, 2629, 0, 310, 2605, 2796, 10, 1066986541, 1, 141, '', 0);
INSERT INTO ezsearch_object_word_link VALUES (13837, 113, 2796, 0, 311, 2629, 2657, 10, 1066986541, 1, 141, '', 0);
INSERT INTO ezsearch_object_word_link VALUES (13838, 113, 2657, 0, 312, 2796, 2768, 10, 1066986541, 1, 141, '', 0);
INSERT INTO ezsearch_object_word_link VALUES (13839, 113, 2768, 0, 313, 2657, 2614, 10, 1066986541, 1, 141, '', 0);
INSERT INTO ezsearch_object_word_link VALUES (13840, 113, 2614, 0, 314, 2768, 2752, 10, 1066986541, 1, 141, '', 0);
INSERT INTO ezsearch_object_word_link VALUES (13841, 113, 2752, 0, 315, 2614, 2797, 10, 1066986541, 1, 141, '', 0);
INSERT INTO ezsearch_object_word_link VALUES (13842, 113, 2797, 0, 316, 2752, 2769, 10, 1066986541, 1, 141, '', 0);
INSERT INTO ezsearch_object_word_link VALUES (13843, 113, 2769, 0, 317, 2797, 2597, 10, 1066986541, 1, 141, '', 0);
INSERT INTO ezsearch_object_word_link VALUES (13844, 113, 2597, 0, 318, 2769, 2643, 10, 1066986541, 1, 141, '', 0);
INSERT INTO ezsearch_object_word_link VALUES (13845, 113, 2643, 0, 319, 2597, 2798, 10, 1066986541, 1, 141, '', 0);
INSERT INTO ezsearch_object_word_link VALUES (13846, 113, 2798, 0, 320, 2643, 2729, 10, 1066986541, 1, 141, '', 0);
INSERT INTO ezsearch_object_word_link VALUES (13847, 113, 2729, 0, 321, 2798, 2730, 10, 1066986541, 1, 141, '', 0);
INSERT INTO ezsearch_object_word_link VALUES (13848, 113, 2730, 0, 322, 2729, 2731, 10, 1066986541, 1, 141, '', 0);
INSERT INTO ezsearch_object_word_link VALUES (13849, 113, 2731, 0, 323, 2730, 2635, 10, 1066986541, 1, 141, '', 0);
INSERT INTO ezsearch_object_word_link VALUES (13850, 113, 2635, 0, 324, 2731, 2732, 10, 1066986541, 1, 141, '', 0);
INSERT INTO ezsearch_object_word_link VALUES (13851, 113, 2732, 0, 325, 2635, 2733, 10, 1066986541, 1, 141, '', 0);
INSERT INTO ezsearch_object_word_link VALUES (13852, 113, 2733, 0, 326, 2732, 2734, 10, 1066986541, 1, 141, '', 0);
INSERT INTO ezsearch_object_word_link VALUES (13853, 113, 2734, 0, 327, 2733, 2735, 10, 1066986541, 1, 141, '', 0);
INSERT INTO ezsearch_object_word_link VALUES (13854, 113, 2735, 0, 328, 2734, 2599, 10, 1066986541, 1, 141, '', 0);
INSERT INTO ezsearch_object_word_link VALUES (13855, 113, 2599, 0, 329, 2735, 2736, 10, 1066986541, 1, 141, '', 0);
INSERT INTO ezsearch_object_word_link VALUES (13856, 113, 2736, 0, 330, 2599, 2737, 10, 1066986541, 1, 141, '', 0);
INSERT INTO ezsearch_object_word_link VALUES (13857, 113, 2737, 0, 331, 2736, 2738, 10, 1066986541, 1, 141, '', 0);
INSERT INTO ezsearch_object_word_link VALUES (13858, 113, 2738, 0, 332, 2737, 2739, 10, 1066986541, 1, 141, '', 0);
INSERT INTO ezsearch_object_word_link VALUES (13859, 113, 2739, 0, 333, 2738, 2731, 10, 1066986541, 1, 141, '', 0);
INSERT INTO ezsearch_object_word_link VALUES (13860, 113, 2731, 0, 334, 2739, 2605, 10, 1066986541, 1, 141, '', 0);
INSERT INTO ezsearch_object_word_link VALUES (13861, 113, 2605, 0, 335, 2731, 2639, 10, 1066986541, 1, 141, '', 0);
INSERT INTO ezsearch_object_word_link VALUES (13862, 113, 2639, 0, 336, 2605, 2740, 10, 1066986541, 1, 141, '', 0);
INSERT INTO ezsearch_object_word_link VALUES (13863, 113, 2740, 0, 337, 2639, 2653, 10, 1066986541, 1, 141, '', 0);
INSERT INTO ezsearch_object_word_link VALUES (13864, 113, 2653, 0, 338, 2740, 2741, 10, 1066986541, 1, 141, '', 0);
INSERT INTO ezsearch_object_word_link VALUES (13865, 113, 2741, 0, 339, 2653, 2618, 10, 1066986541, 1, 141, '', 0);
INSERT INTO ezsearch_object_word_link VALUES (13866, 113, 2618, 0, 340, 2741, 2742, 10, 1066986541, 1, 141, '', 0);
INSERT INTO ezsearch_object_word_link VALUES (13867, 113, 2742, 0, 341, 2618, 2743, 10, 1066986541, 1, 141, '', 0);
INSERT INTO ezsearch_object_word_link VALUES (13868, 113, 2743, 0, 342, 2742, 2646, 10, 1066986541, 1, 141, '', 0);
INSERT INTO ezsearch_object_word_link VALUES (13869, 113, 2646, 0, 343, 2743, 2744, 10, 1066986541, 1, 141, '', 0);
INSERT INTO ezsearch_object_word_link VALUES (13870, 113, 2744, 0, 344, 2646, 2739, 10, 1066986541, 1, 141, '', 0);
INSERT INTO ezsearch_object_word_link VALUES (13871, 113, 2739, 0, 345, 2744, 2643, 10, 1066986541, 1, 141, '', 0);
INSERT INTO ezsearch_object_word_link VALUES (13872, 113, 2643, 0, 346, 2739, 2745, 10, 1066986541, 1, 141, '', 0);
INSERT INTO ezsearch_object_word_link VALUES (13873, 113, 2745, 0, 347, 2643, 2606, 10, 1066986541, 1, 141, '', 0);
INSERT INTO ezsearch_object_word_link VALUES (13874, 113, 2606, 0, 348, 2745, 2746, 10, 1066986541, 1, 141, '', 0);
INSERT INTO ezsearch_object_word_link VALUES (13875, 113, 2746, 0, 349, 2606, 2742, 10, 1066986541, 1, 141, '', 0);
INSERT INTO ezsearch_object_word_link VALUES (13876, 113, 2742, 0, 350, 2746, 2625, 10, 1066986541, 1, 141, '', 0);
INSERT INTO ezsearch_object_word_link VALUES (13877, 113, 2625, 0, 351, 2742, 2675, 10, 1066986541, 1, 141, '', 0);
INSERT INTO ezsearch_object_word_link VALUES (13878, 113, 2675, 0, 352, 2625, 2747, 10, 1066986541, 1, 141, '', 0);
INSERT INTO ezsearch_object_word_link VALUES (13879, 113, 2747, 0, 353, 2675, 2646, 10, 1066986541, 1, 141, '', 0);
INSERT INTO ezsearch_object_word_link VALUES (13880, 113, 2646, 0, 354, 2747, 2748, 10, 1066986541, 1, 141, '', 0);
INSERT INTO ezsearch_object_word_link VALUES (13881, 113, 2748, 0, 355, 2646, 2749, 10, 1066986541, 1, 141, '', 0);
INSERT INTO ezsearch_object_word_link VALUES (13882, 113, 2749, 0, 356, 2748, 2605, 10, 1066986541, 1, 141, '', 0);
INSERT INTO ezsearch_object_word_link VALUES (13883, 113, 2605, 0, 357, 2749, 2596, 10, 1066986541, 1, 141, '', 0);
INSERT INTO ezsearch_object_word_link VALUES (13884, 113, 2596, 0, 358, 2605, 2629, 10, 1066986541, 1, 141, '', 0);
INSERT INTO ezsearch_object_word_link VALUES (13885, 113, 2629, 0, 359, 2596, 2657, 10, 1066986541, 1, 141, '', 0);
INSERT INTO ezsearch_object_word_link VALUES (13886, 113, 2657, 0, 360, 2629, 2750, 10, 1066986541, 1, 141, '', 0);
INSERT INTO ezsearch_object_word_link VALUES (13887, 113, 2750, 0, 361, 2657, 2643, 10, 1066986541, 1, 141, '', 0);
INSERT INTO ezsearch_object_word_link VALUES (13888, 113, 2643, 0, 362, 2750, 2744, 10, 1066986541, 1, 141, '', 0);
INSERT INTO ezsearch_object_word_link VALUES (13889, 113, 2744, 0, 363, 2643, 2751, 10, 1066986541, 1, 141, '', 0);
INSERT INTO ezsearch_object_word_link VALUES (13890, 113, 2751, 0, 364, 2744, 2752, 10, 1066986541, 1, 141, '', 0);
INSERT INTO ezsearch_object_word_link VALUES (13891, 113, 2752, 0, 365, 2751, 2753, 10, 1066986541, 1, 141, '', 0);
INSERT INTO ezsearch_object_word_link VALUES (13892, 113, 2753, 0, 366, 2752, 2754, 10, 1066986541, 1, 141, '', 0);
INSERT INTO ezsearch_object_word_link VALUES (13893, 113, 2754, 0, 367, 2753, 2755, 10, 1066986541, 1, 141, '', 0);
INSERT INTO ezsearch_object_word_link VALUES (13894, 113, 2755, 0, 368, 2754, 2756, 10, 1066986541, 1, 141, '', 0);
INSERT INTO ezsearch_object_word_link VALUES (13895, 113, 2756, 0, 369, 2755, 2757, 10, 1066986541, 1, 141, '', 0);
INSERT INTO ezsearch_object_word_link VALUES (13896, 113, 2757, 0, 370, 2756, 2602, 10, 1066986541, 1, 141, '', 0);
INSERT INTO ezsearch_object_word_link VALUES (13897, 113, 2602, 0, 371, 2757, 2597, 10, 1066986541, 1, 141, '', 0);
INSERT INTO ezsearch_object_word_link VALUES (13898, 113, 2597, 0, 372, 2602, 2641, 10, 1066986541, 1, 141, '', 0);
INSERT INTO ezsearch_object_word_link VALUES (13899, 113, 2641, 0, 373, 2597, 2758, 10, 1066986541, 1, 141, '', 0);
INSERT INTO ezsearch_object_word_link VALUES (13900, 113, 2758, 0, 374, 2641, 2734, 10, 1066986541, 1, 141, '', 0);
INSERT INTO ezsearch_object_word_link VALUES (13901, 113, 2734, 0, 375, 2758, 2759, 10, 1066986541, 1, 141, '', 0);
INSERT INTO ezsearch_object_word_link VALUES (13902, 113, 2759, 0, 376, 2734, 2760, 10, 1066986541, 1, 141, '', 0);
INSERT INTO ezsearch_object_word_link VALUES (13903, 113, 2760, 0, 377, 2759, 2594, 10, 1066986541, 1, 141, '', 0);
INSERT INTO ezsearch_object_word_link VALUES (13904, 113, 2594, 0, 378, 2760, 2639, 10, 1066986541, 1, 141, '', 0);
INSERT INTO ezsearch_object_word_link VALUES (13905, 113, 2639, 0, 379, 2594, 2650, 10, 1066986541, 1, 141, '', 0);
INSERT INTO ezsearch_object_word_link VALUES (13906, 113, 2650, 0, 380, 2639, 2614, 10, 1066986541, 1, 141, '', 0);
INSERT INTO ezsearch_object_word_link VALUES (13907, 113, 2614, 0, 381, 2650, 2761, 10, 1066986541, 1, 141, '', 0);
INSERT INTO ezsearch_object_word_link VALUES (13908, 113, 2761, 0, 382, 2614, 2632, 10, 1066986541, 1, 141, '', 0);
INSERT INTO ezsearch_object_word_link VALUES (13909, 113, 2632, 0, 383, 2761, 2639, 10, 1066986541, 1, 141, '', 0);
INSERT INTO ezsearch_object_word_link VALUES (13910, 113, 2639, 0, 384, 2632, 2607, 10, 1066986541, 1, 141, '', 0);
INSERT INTO ezsearch_object_word_link VALUES (13911, 113, 2607, 0, 385, 2639, 2799, 10, 1066986541, 1, 141, '', 0);
INSERT INTO ezsearch_object_word_link VALUES (13912, 113, 2799, 0, 386, 2607, 2629, 10, 1066986541, 1, 141, '', 0);
INSERT INTO ezsearch_object_word_link VALUES (13913, 113, 2629, 0, 387, 2799, 2588, 10, 1066986541, 1, 141, '', 0);
INSERT INTO ezsearch_object_word_link VALUES (13914, 113, 2588, 0, 388, 2629, 2675, 10, 1066986541, 1, 141, '', 0);
INSERT INTO ezsearch_object_word_link VALUES (13915, 113, 2675, 0, 389, 2588, 2621, 10, 1066986541, 1, 141, '', 0);
INSERT INTO ezsearch_object_word_link VALUES (13916, 113, 2621, 0, 390, 2675, 2794, 10, 1066986541, 1, 141, '', 0);
INSERT INTO ezsearch_object_word_link VALUES (13917, 113, 2794, 0, 391, 2621, 2748, 10, 1066986541, 1, 141, '', 0);
INSERT INTO ezsearch_object_word_link VALUES (13918, 113, 2748, 0, 392, 2794, 2732, 10, 1066986541, 1, 141, '', 0);
INSERT INTO ezsearch_object_word_link VALUES (13919, 113, 2732, 0, 393, 2748, 2800, 10, 1066986541, 1, 141, '', 0);
INSERT INTO ezsearch_object_word_link VALUES (13920, 113, 2800, 0, 394, 2732, 2595, 10, 1066986541, 1, 141, '', 0);
INSERT INTO ezsearch_object_word_link VALUES (13921, 113, 2595, 0, 395, 2800, 2789, 10, 1066986541, 1, 141, '', 0);
INSERT INTO ezsearch_object_word_link VALUES (13922, 113, 2789, 0, 396, 2595, 2632, 10, 1066986541, 1, 141, '', 0);
INSERT INTO ezsearch_object_word_link VALUES (13923, 113, 2632, 0, 397, 2789, 2801, 10, 1066986541, 1, 141, '', 0);
INSERT INTO ezsearch_object_word_link VALUES (13924, 113, 2801, 0, 398, 2632, 2643, 10, 1066986541, 1, 141, '', 0);
INSERT INTO ezsearch_object_word_link VALUES (13925, 113, 2643, 0, 399, 2801, 2625, 10, 1066986541, 1, 141, '', 0);
INSERT INTO ezsearch_object_word_link VALUES (13926, 113, 2625, 0, 400, 2643, 2643, 10, 1066986541, 1, 141, '', 0);
INSERT INTO ezsearch_object_word_link VALUES (13927, 113, 2643, 0, 401, 2625, 2641, 10, 1066986541, 1, 141, '', 0);
INSERT INTO ezsearch_object_word_link VALUES (13928, 113, 2641, 0, 402, 2643, 2606, 10, 1066986541, 1, 141, '', 0);
INSERT INTO ezsearch_object_word_link VALUES (13929, 113, 2606, 0, 403, 2641, 2632, 10, 1066986541, 1, 141, '', 0);
INSERT INTO ezsearch_object_word_link VALUES (13930, 113, 2632, 0, 404, 2606, 2599, 10, 1066986541, 1, 141, '', 0);
INSERT INTO ezsearch_object_word_link VALUES (13931, 113, 2599, 0, 405, 2632, 2802, 10, 1066986541, 1, 141, '', 0);
INSERT INTO ezsearch_object_word_link VALUES (13932, 113, 2802, 0, 406, 2599, 2803, 10, 1066986541, 1, 141, '', 0);
INSERT INTO ezsearch_object_word_link VALUES (13933, 113, 2803, 0, 407, 2802, 2746, 10, 1066986541, 1, 141, '', 0);
INSERT INTO ezsearch_object_word_link VALUES (13934, 113, 2746, 0, 408, 2803, 2804, 10, 1066986541, 1, 141, '', 0);
INSERT INTO ezsearch_object_word_link VALUES (13935, 113, 2804, 0, 409, 2746, 2733, 10, 1066986541, 1, 141, '', 0);
INSERT INTO ezsearch_object_word_link VALUES (13936, 113, 2733, 0, 410, 2804, 2766, 10, 1066986541, 1, 141, '', 0);
INSERT INTO ezsearch_object_word_link VALUES (13937, 113, 2766, 0, 411, 2733, 2629, 10, 1066986541, 1, 141, '', 0);
INSERT INTO ezsearch_object_word_link VALUES (13938, 113, 2629, 0, 412, 2766, 2805, 10, 1066986541, 1, 141, '', 0);
INSERT INTO ezsearch_object_word_link VALUES (13939, 113, 2805, 0, 413, 2629, 2733, 10, 1066986541, 1, 141, '', 0);
INSERT INTO ezsearch_object_word_link VALUES (13940, 113, 2733, 0, 414, 2805, 2752, 10, 1066986541, 1, 141, '', 0);
INSERT INTO ezsearch_object_word_link VALUES (13941, 113, 2752, 0, 415, 2733, 2632, 10, 1066986541, 1, 141, '', 0);
INSERT INTO ezsearch_object_word_link VALUES (13942, 113, 2632, 0, 416, 2752, 2806, 10, 1066986541, 1, 141, '', 0);
INSERT INTO ezsearch_object_word_link VALUES (13943, 113, 2806, 0, 417, 2632, 2807, 10, 1066986541, 1, 141, '', 0);
INSERT INTO ezsearch_object_word_link VALUES (13944, 113, 2807, 0, 418, 2806, 2808, 10, 1066986541, 1, 141, '', 0);
INSERT INTO ezsearch_object_word_link VALUES (13945, 113, 2808, 0, 419, 2807, 2809, 10, 1066986541, 1, 141, '', 0);
INSERT INTO ezsearch_object_word_link VALUES (13946, 113, 2809, 0, 420, 2808, 2736, 10, 1066986541, 1, 141, '', 0);
INSERT INTO ezsearch_object_word_link VALUES (13947, 113, 2736, 0, 421, 2809, 2614, 10, 1066986541, 1, 141, '', 0);
INSERT INTO ezsearch_object_word_link VALUES (13948, 113, 2614, 0, 422, 2736, 2810, 10, 1066986541, 1, 141, '', 0);
INSERT INTO ezsearch_object_word_link VALUES (13949, 113, 2810, 0, 423, 2614, 2602, 10, 1066986541, 1, 141, '', 0);
INSERT INTO ezsearch_object_word_link VALUES (13950, 113, 2602, 0, 424, 2810, 2745, 10, 1066986541, 1, 141, '', 0);
INSERT INTO ezsearch_object_word_link VALUES (13951, 113, 2745, 0, 425, 2602, 2794, 10, 1066986541, 1, 141, '', 0);
INSERT INTO ezsearch_object_word_link VALUES (13952, 113, 2794, 0, 426, 2745, 2811, 10, 1066986541, 1, 141, '', 0);
INSERT INTO ezsearch_object_word_link VALUES (13953, 113, 2811, 0, 427, 2794, 2786, 10, 1066986541, 1, 141, '', 0);
INSERT INTO ezsearch_object_word_link VALUES (13954, 113, 2786, 0, 428, 2811, 2751, 10, 1066986541, 1, 141, '', 0);
INSERT INTO ezsearch_object_word_link VALUES (13955, 113, 2751, 0, 429, 2786, 2621, 10, 1066986541, 1, 141, '', 0);
INSERT INTO ezsearch_object_word_link VALUES (13956, 113, 2621, 0, 430, 2751, 2629, 10, 1066986541, 1, 141, '', 0);
INSERT INTO ezsearch_object_word_link VALUES (13957, 113, 2629, 0, 431, 2621, 2812, 10, 1066986541, 1, 141, '', 0);
INSERT INTO ezsearch_object_word_link VALUES (13958, 113, 2812, 0, 432, 2629, 2813, 10, 1066986541, 1, 141, '', 0);
INSERT INTO ezsearch_object_word_link VALUES (13959, 113, 2813, 0, 433, 2812, 2814, 10, 1066986541, 1, 141, '', 0);
INSERT INTO ezsearch_object_word_link VALUES (13960, 113, 2814, 0, 434, 2813, 2763, 10, 1066986541, 1, 141, '', 0);
INSERT INTO ezsearch_object_word_link VALUES (13961, 113, 2763, 0, 435, 2814, 2749, 10, 1066986541, 1, 141, '', 0);
INSERT INTO ezsearch_object_word_link VALUES (13962, 113, 2749, 0, 436, 2763, 2610, 10, 1066986541, 1, 141, '', 0);
INSERT INTO ezsearch_object_word_link VALUES (13963, 113, 2610, 0, 437, 2749, 2736, 10, 1066986541, 1, 141, '', 0);
INSERT INTO ezsearch_object_word_link VALUES (13964, 113, 2736, 0, 438, 2610, 2625, 10, 1066986541, 1, 141, '', 0);
INSERT INTO ezsearch_object_word_link VALUES (13965, 113, 2625, 0, 439, 2736, 2810, 10, 1066986541, 1, 141, '', 0);
INSERT INTO ezsearch_object_word_link VALUES (13966, 113, 2810, 0, 440, 2625, 2643, 10, 1066986541, 1, 141, '', 0);
INSERT INTO ezsearch_object_word_link VALUES (13967, 113, 2643, 0, 441, 2810, 2815, 10, 1066986541, 1, 141, '', 0);
INSERT INTO ezsearch_object_word_link VALUES (13968, 113, 2815, 0, 442, 2643, 2816, 10, 1066986541, 1, 141, '', 0);
INSERT INTO ezsearch_object_word_link VALUES (13969, 113, 2816, 0, 443, 2815, 2607, 10, 1066986541, 1, 141, '', 0);
INSERT INTO ezsearch_object_word_link VALUES (13970, 113, 2607, 0, 444, 2816, 2641, 10, 1066986541, 1, 141, '', 0);
INSERT INTO ezsearch_object_word_link VALUES (13971, 113, 2641, 0, 445, 2607, 2795, 10, 1066986541, 1, 141, '', 0);
INSERT INTO ezsearch_object_word_link VALUES (13972, 113, 2795, 0, 446, 2641, 2745, 10, 1066986541, 1, 141, '', 0);
INSERT INTO ezsearch_object_word_link VALUES (13973, 113, 2745, 0, 447, 2795, 2733, 10, 1066986541, 1, 141, '', 0);
INSERT INTO ezsearch_object_word_link VALUES (13974, 113, 2733, 0, 448, 2745, 2593, 10, 1066986541, 1, 141, '', 0);
INSERT INTO ezsearch_object_word_link VALUES (13975, 113, 2593, 0, 449, 2733, 2791, 10, 1066986541, 1, 141, '', 0);
INSERT INTO ezsearch_object_word_link VALUES (13976, 113, 2791, 0, 450, 2593, 2605, 10, 1066986541, 1, 141, '', 0);
INSERT INTO ezsearch_object_word_link VALUES (13977, 113, 2605, 0, 451, 2791, 2591, 10, 1066986541, 1, 141, '', 0);
INSERT INTO ezsearch_object_word_link VALUES (13978, 113, 2591, 0, 452, 2605, 2592, 10, 1066986541, 1, 141, '', 0);
INSERT INTO ezsearch_object_word_link VALUES (13979, 113, 2592, 0, 453, 2591, 2746, 10, 1066986541, 1, 141, '', 0);
INSERT INTO ezsearch_object_word_link VALUES (13980, 113, 2746, 0, 454, 2592, 2817, 10, 1066986541, 1, 141, '', 0);
INSERT INTO ezsearch_object_word_link VALUES (13981, 113, 2817, 0, 455, 2746, 2603, 10, 1066986541, 1, 141, '', 0);
INSERT INTO ezsearch_object_word_link VALUES (13982, 113, 2603, 0, 456, 2817, 2609, 10, 1066986541, 1, 141, '', 0);
INSERT INTO ezsearch_object_word_link VALUES (13983, 113, 2609, 0, 457, 2603, 2596, 10, 1066986541, 1, 141, '', 0);
INSERT INTO ezsearch_object_word_link VALUES (13984, 113, 2596, 0, 458, 2609, 2810, 10, 1066986541, 1, 141, '', 0);
INSERT INTO ezsearch_object_word_link VALUES (13985, 113, 2810, 0, 459, 2596, 2729, 10, 1066986541, 1, 141, '', 0);
INSERT INTO ezsearch_object_word_link VALUES (13986, 113, 2729, 0, 460, 2810, 2620, 10, 1066986541, 1, 141, '', 0);
INSERT INTO ezsearch_object_word_link VALUES (13987, 113, 2620, 0, 461, 2729, 2605, 10, 1066986541, 1, 141, '', 0);
INSERT INTO ezsearch_object_word_link VALUES (13988, 113, 2605, 0, 462, 2620, 2737, 10, 1066986541, 1, 141, '', 0);
INSERT INTO ezsearch_object_word_link VALUES (13989, 113, 2737, 0, 463, 2605, 2621, 10, 1066986541, 1, 141, '', 0);
INSERT INTO ezsearch_object_word_link VALUES (13990, 113, 2621, 0, 464, 2737, 2653, 10, 1066986541, 1, 141, '', 0);
INSERT INTO ezsearch_object_word_link VALUES (13991, 113, 2653, 0, 465, 2621, 2781, 10, 1066986541, 1, 141, '', 0);
INSERT INTO ezsearch_object_word_link VALUES (13992, 113, 2781, 0, 466, 2653, 2610, 10, 1066986541, 1, 141, '', 0);
INSERT INTO ezsearch_object_word_link VALUES (13993, 113, 2610, 0, 467, 2781, 0, 10, 1066986541, 1, 141, '', 0);
INSERT INTO ezsearch_object_word_link VALUES (13994, 11, 2818, 0, 0, 0, 2819, 3, 1033920746, 2, 6, '', 0);
INSERT INTO ezsearch_object_word_link VALUES (13995, 11, 2819, 0, 1, 2818, 2818, 3, 1033920746, 2, 6, '', 0);
INSERT INTO ezsearch_object_word_link VALUES (13996, 11, 2818, 0, 2, 2819, 2819, 3, 1033920746, 2, 6, '', 0);
INSERT INTO ezsearch_object_word_link VALUES (13997, 11, 2819, 0, 3, 2818, 0, 3, 1033920746, 2, 6, '', 0);
INSERT INTO ezsearch_object_word_link VALUES (13998, 12, 2696, 0, 0, 0, 2820, 3, 1033920775, 2, 6, '', 0);
INSERT INTO ezsearch_object_word_link VALUES (13999, 12, 2820, 0, 1, 2696, 2696, 3, 1033920775, 2, 6, '', 0);
INSERT INTO ezsearch_object_word_link VALUES (14000, 12, 2696, 0, 2, 2820, 2820, 3, 1033920775, 2, 6, '', 0);
INSERT INTO ezsearch_object_word_link VALUES (14001, 12, 2820, 0, 3, 2696, 0, 3, 1033920775, 2, 6, '', 0);
INSERT INTO ezsearch_object_word_link VALUES (14002, 14, 2696, 0, 0, 0, 2696, 4, 1033920830, 2, 8, '', 0);
INSERT INTO ezsearch_object_word_link VALUES (14003, 14, 2696, 0, 1, 2696, 2821, 4, 1033920830, 2, 8, '', 0);
INSERT INTO ezsearch_object_word_link VALUES (14004, 14, 2821, 0, 2, 2696, 2821, 4, 1033920830, 2, 9, '', 0);
INSERT INTO ezsearch_object_word_link VALUES (14005, 14, 2821, 0, 3, 2821, 0, 4, 1033920830, 2, 9, '', 0);
INSERT INTO ezsearch_object_word_link VALUES (14006, 13, 2822, 0, 0, 0, 2822, 3, 1033920794, 2, 6, '', 0);
INSERT INTO ezsearch_object_word_link VALUES (14007, 13, 2822, 0, 1, 2822, 0, 3, 1033920794, 2, 6, '', 0);
INSERT INTO ezsearch_object_word_link VALUES (14008, 177, 2823, 0, 0, 0, 2820, 3, 1072186898, 2, 6, '', 0);
INSERT INTO ezsearch_object_word_link VALUES (14009, 177, 2820, 0, 1, 2823, 2823, 3, 1072186898, 2, 6, '', 0);
INSERT INTO ezsearch_object_word_link VALUES (14010, 177, 2823, 0, 2, 2820, 2820, 3, 1072186898, 2, 6, '', 0);
INSERT INTO ezsearch_object_word_link VALUES (14011, 177, 2820, 0, 3, 2823, 2821, 3, 1072186898, 2, 6, '', 0);
INSERT INTO ezsearch_object_word_link VALUES (14012, 177, 2821, 0, 4, 2820, 2824, 3, 1072186898, 2, 7, '', 0);
INSERT INTO ezsearch_object_word_link VALUES (14013, 177, 2824, 0, 5, 2821, 2825, 3, 1072186898, 2, 7, '', 0);
INSERT INTO ezsearch_object_word_link VALUES (14014, 177, 2825, 0, 6, 2824, 2585, 3, 1072186898, 2, 7, '', 0);
INSERT INTO ezsearch_object_word_link VALUES (14015, 177, 2585, 0, 7, 2825, 2823, 3, 1072186898, 2, 7, '', 0);
INSERT INTO ezsearch_object_word_link VALUES (14016, 177, 2823, 0, 8, 2585, 2821, 3, 1072186898, 2, 7, '', 0);
INSERT INTO ezsearch_object_word_link VALUES (14017, 177, 2821, 0, 9, 2823, 2821, 3, 1072186898, 2, 7, '', 0);
INSERT INTO ezsearch_object_word_link VALUES (14018, 177, 2821, 0, 10, 2821, 2824, 3, 1072186898, 2, 7, '', 0);
INSERT INTO ezsearch_object_word_link VALUES (14019, 177, 2824, 0, 11, 2821, 2825, 3, 1072186898, 2, 7, '', 0);
INSERT INTO ezsearch_object_word_link VALUES (14020, 177, 2825, 0, 12, 2824, 2585, 3, 1072186898, 2, 7, '', 0);
INSERT INTO ezsearch_object_word_link VALUES (14021, 177, 2585, 0, 13, 2825, 2823, 3, 1072186898, 2, 7, '', 0);
INSERT INTO ezsearch_object_word_link VALUES (14022, 177, 2823, 0, 14, 2585, 2821, 3, 1072186898, 2, 7, '', 0);
INSERT INTO ezsearch_object_word_link VALUES (14023, 177, 2821, 0, 15, 2823, 0, 3, 1072186898, 2, 7, '', 0);
INSERT INTO ezsearch_object_word_link VALUES (14024, 10, 2823, 0, 0, 0, 2823, 4, 1033920665, 2, 8, '', 0);
INSERT INTO ezsearch_object_word_link VALUES (14025, 10, 2823, 0, 1, 2823, 2821, 4, 1033920665, 2, 8, '', 0);
INSERT INTO ezsearch_object_word_link VALUES (14026, 10, 2821, 0, 2, 2823, 2821, 4, 1033920665, 2, 9, '', 0);
INSERT INTO ezsearch_object_word_link VALUES (14027, 10, 2821, 0, 3, 2821, 0, 4, 1033920665, 2, 9, '', 0);
INSERT INTO ezsearch_object_word_link VALUES (14028, 44, 2826, 0, 0, 0, 2827, 1, 1066384457, 11, 4, '', 0);
INSERT INTO ezsearch_object_word_link VALUES (14029, 44, 2827, 0, 1, 2826, 2826, 1, 1066384457, 11, 4, '', 0);
INSERT INTO ezsearch_object_word_link VALUES (14030, 44, 2826, 0, 2, 2827, 2827, 1, 1066384457, 11, 4, '', 0);
INSERT INTO ezsearch_object_word_link VALUES (14031, 44, 2827, 0, 3, 2826, 0, 1, 1066384457, 11, 4, '', 0);
INSERT INTO ezsearch_object_word_link VALUES (14032, 43, 2828, 0, 0, 0, 2828, 14, 1066384365, 11, 152, '', 0);
INSERT INTO ezsearch_object_word_link VALUES (14033, 43, 2828, 0, 1, 2828, 2770, 14, 1066384365, 11, 152, '', 0);
INSERT INTO ezsearch_object_word_link VALUES (14034, 43, 2770, 0, 2, 2828, 2829, 14, 1066384365, 11, 155, '', 0);
INSERT INTO ezsearch_object_word_link VALUES (14035, 43, 2829, 0, 3, 2770, 2770, 14, 1066384365, 11, 155, '', 0);
INSERT INTO ezsearch_object_word_link VALUES (14036, 43, 2770, 0, 4, 2829, 2829, 14, 1066384365, 11, 155, '', 0);
INSERT INTO ezsearch_object_word_link VALUES (14037, 43, 2829, 0, 5, 2770, 0, 14, 1066384365, 11, 155, '', 0);
INSERT INTO ezsearch_object_word_link VALUES (14038, 45, 2830, 0, 0, 0, 2831, 14, 1066388816, 11, 152, '', 0);
INSERT INTO ezsearch_object_word_link VALUES (14039, 45, 2831, 0, 1, 2830, 2832, 14, 1066388816, 11, 152, '', 0);
INSERT INTO ezsearch_object_word_link VALUES (14040, 45, 2832, 0, 2, 2831, 2830, 14, 1066388816, 11, 152, '', 0);
INSERT INTO ezsearch_object_word_link VALUES (14041, 45, 2830, 0, 3, 2832, 2831, 14, 1066388816, 11, 152, '', 0);
INSERT INTO ezsearch_object_word_link VALUES (14042, 45, 2831, 0, 4, 2830, 2832, 14, 1066388816, 11, 152, '', 0);
INSERT INTO ezsearch_object_word_link VALUES (14043, 45, 2832, 0, 5, 2831, 2833, 14, 1066388816, 11, 152, '', 0);
INSERT INTO ezsearch_object_word_link VALUES (14044, 45, 2833, 0, 6, 2832, 2834, 14, 1066388816, 11, 155, '', 0);
INSERT INTO ezsearch_object_word_link VALUES (14045, 45, 2834, 0, 7, 2833, 2835, 14, 1066388816, 11, 155, '', 0);
INSERT INTO ezsearch_object_word_link VALUES (14046, 45, 2835, 0, 8, 2834, 2833, 14, 1066388816, 11, 155, '', 0);
INSERT INTO ezsearch_object_word_link VALUES (14047, 45, 2833, 0, 9, 2835, 2834, 14, 1066388816, 11, 155, '', 0);
INSERT INTO ezsearch_object_word_link VALUES (14048, 45, 2834, 0, 10, 2833, 2835, 14, 1066388816, 11, 155, '', 0);
INSERT INTO ezsearch_object_word_link VALUES (14049, 45, 2835, 0, 11, 2834, 0, 14, 1066388816, 11, 155, '', 0);
INSERT INTO ezsearch_object_word_link VALUES (14050, 115, 2836, 0, 0, 0, 2836, 14, 1066991725, 11, 152, '', 0);
INSERT INTO ezsearch_object_word_link VALUES (14051, 115, 2836, 0, 1, 2836, 2826, 14, 1066991725, 11, 152, '', 0);
INSERT INTO ezsearch_object_word_link VALUES (14052, 115, 2826, 0, 2, 2836, 2836, 14, 1066991725, 11, 155, '', 0);
INSERT INTO ezsearch_object_word_link VALUES (14053, 115, 2836, 0, 3, 2826, 2826, 14, 1066991725, 11, 155, '', 0);
INSERT INTO ezsearch_object_word_link VALUES (14054, 115, 2826, 0, 4, 2836, 2836, 14, 1066991725, 11, 155, '', 0);
INSERT INTO ezsearch_object_word_link VALUES (14055, 115, 2836, 0, 5, 2826, 0, 14, 1066991725, 11, 155, '', 0);
INSERT INTO ezsearch_object_word_link VALUES (14056, 116, 2837, 0, 0, 0, 2838, 14, 1066992054, 11, 152, '', 0);
INSERT INTO ezsearch_object_word_link VALUES (14057, 116, 2838, 0, 1, 2837, 2837, 14, 1066992054, 11, 152, '', 0);
INSERT INTO ezsearch_object_word_link VALUES (14058, 116, 2837, 0, 2, 2838, 2838, 14, 1066992054, 11, 152, '', 0);
INSERT INTO ezsearch_object_word_link VALUES (14059, 116, 2838, 0, 3, 2837, 2833, 14, 1066992054, 11, 152, '', 0);
INSERT INTO ezsearch_object_word_link VALUES (14060, 116, 2833, 0, 4, 2838, 2839, 14, 1066992054, 11, 155, '', 0);
INSERT INTO ezsearch_object_word_link VALUES (14061, 116, 2839, 0, 5, 2833, 2833, 14, 1066992054, 11, 155, '', 0);
INSERT INTO ezsearch_object_word_link VALUES (14062, 116, 2833, 0, 6, 2839, 2839, 14, 1066992054, 11, 155, '', 0);
INSERT INTO ezsearch_object_word_link VALUES (14063, 116, 2839, 0, 7, 2833, 0, 14, 1066992054, 11, 155, '', 0);
INSERT INTO ezsearch_object_word_link VALUES (14064, 46, 2830, 0, 0, 0, 2831, 1, 1066389805, 11, 4, '', 0);
INSERT INTO ezsearch_object_word_link VALUES (14065, 46, 2831, 0, 1, 2830, 2832, 1, 1066389805, 11, 4, '', 0);
INSERT INTO ezsearch_object_word_link VALUES (14066, 46, 2832, 0, 2, 2831, 2830, 1, 1066389805, 11, 4, '', 0);
INSERT INTO ezsearch_object_word_link VALUES (14067, 46, 2830, 0, 3, 2832, 2831, 1, 1066389805, 11, 4, '', 0);
INSERT INTO ezsearch_object_word_link VALUES (14068, 46, 2831, 0, 4, 2830, 2832, 1, 1066389805, 11, 4, '', 0);
INSERT INTO ezsearch_object_word_link VALUES (14069, 46, 2832, 0, 5, 2831, 0, 1, 1066389805, 11, 4, '', 0);
INSERT INTO ezsearch_object_word_link VALUES (14070, 136, 2840, 0, 0, 0, 2840, 15, 1069164104, 11, 161, '', 0);
INSERT INTO ezsearch_object_word_link VALUES (14071, 136, 2840, 0, 1, 2840, 2841, 15, 1069164104, 11, 161, '', 0);
INSERT INTO ezsearch_object_word_link VALUES (14072, 136, 2841, 0, 2, 2840, 2842, 15, 1069164104, 11, 182, '', 0);
INSERT INTO ezsearch_object_word_link VALUES (14073, 136, 2842, 0, 3, 2841, 2843, 15, 1069164104, 11, 182, '', 0);
INSERT INTO ezsearch_object_word_link VALUES (14074, 136, 2843, 0, 4, 2842, 2844, 15, 1069164104, 11, 182, '', 0);
INSERT INTO ezsearch_object_word_link VALUES (14075, 136, 2844, 0, 5, 2843, 2845, 15, 1069164104, 11, 182, '', 0);
INSERT INTO ezsearch_object_word_link VALUES (14076, 136, 2845, 0, 6, 2844, 2846, 15, 1069164104, 11, 182, '', 0);
INSERT INTO ezsearch_object_word_link VALUES (14077, 136, 2846, 0, 7, 2845, 2847, 15, 1069164104, 11, 182, '', 0);
INSERT INTO ezsearch_object_word_link VALUES (14078, 136, 2847, 0, 8, 2846, 2841, 15, 1069164104, 11, 182, '', 0);
INSERT INTO ezsearch_object_word_link VALUES (14079, 136, 2841, 0, 9, 2847, 2842, 15, 1069164104, 11, 182, '', 0);
INSERT INTO ezsearch_object_word_link VALUES (14080, 136, 2842, 0, 10, 2841, 2843, 15, 1069164104, 11, 182, '', 0);
INSERT INTO ezsearch_object_word_link VALUES (14081, 136, 2843, 0, 11, 2842, 2844, 15, 1069164104, 11, 182, '', 0);
INSERT INTO ezsearch_object_word_link VALUES (14082, 136, 2844, 0, 12, 2843, 2845, 15, 1069164104, 11, 182, '', 0);
INSERT INTO ezsearch_object_word_link VALUES (14083, 136, 2845, 0, 13, 2844, 2846, 15, 1069164104, 11, 182, '', 0);
INSERT INTO ezsearch_object_word_link VALUES (14084, 136, 2846, 0, 14, 2845, 2847, 15, 1069164104, 11, 182, '', 0);
INSERT INTO ezsearch_object_word_link VALUES (14085, 136, 2847, 0, 15, 2846, 0, 15, 1069164104, 11, 182, '', 0);





















INSERT INTO ezsearch_word VALUES (2500, 'off', 1);
INSERT INTO ezsearch_word VALUES (2501, 'topic', 1);
INSERT INTO ezsearch_word VALUES (2581, 'reports', 1);
INSERT INTO ezsearch_word VALUES (2583, 'business', 1);
INSERT INTO ezsearch_word VALUES (2584, 'cards', 1);
INSERT INTO ezsearch_word VALUES (2587, 'arrived', 1);
INSERT INTO ezsearch_word VALUES (2661, 'annual', 1);
INSERT INTO ezsearch_word VALUES (2662, 'report', 1);
INSERT INTO ezsearch_word VALUES (2665, 'released', 1);
INSERT INTO ezsearch_word VALUES (2642, 'facilisis', 2);
INSERT INTO ezsearch_word VALUES (2644, 'vero', 2);
INSERT INTO ezsearch_word VALUES (2645, 'eros', 2);
INSERT INTO ezsearch_word VALUES (2647, 'accumsan', 2);
INSERT INTO ezsearch_word VALUES (2648, 'iusto', 2);
INSERT INTO ezsearch_word VALUES (2649, 'odio', 2);
INSERT INTO ezsearch_word VALUES (2651, 'qui', 2);
INSERT INTO ezsearch_word VALUES (2652, 'blandit', 2);
INSERT INTO ezsearch_word VALUES (2654, 'luptatum', 2);
INSERT INTO ezsearch_word VALUES (2655, 'zzril', 2);
INSERT INTO ezsearch_word VALUES (2656, 'delenit', 2);
INSERT INTO ezsearch_word VALUES (2658, 'te', 2);
INSERT INTO ezsearch_word VALUES (2659, 'feugait', 2);
INSERT INTO ezsearch_word VALUES (2660, 'facilisi', 2);
INSERT INTO ezsearch_word VALUES (2667, 'staff', 1);
INSERT INTO ezsearch_word VALUES (2499, 'news', 2);
INSERT INTO ezsearch_word VALUES (2668, 'jkhkjh', 1);
INSERT INTO ezsearch_word VALUES (2669, 'kjhjkh', 1);
INSERT INTO ezsearch_word VALUES (2670, 'jkhjkh', 1);
INSERT INTO ezsearch_word VALUES (2671, 'kljjkl', 1);
INSERT INTO ezsearch_word VALUES (2672, 'lkjlkj', 1);
INSERT INTO ezsearch_word VALUES (2582, 'new', 2);
INSERT INTO ezsearch_word VALUES (2673, 'employee', 1);
INSERT INTO ezsearch_word VALUES (2664, 've', 2);
INSERT INTO ezsearch_word VALUES (2586, 'just', 3);
INSERT INTO ezsearch_word VALUES (2674, 'got', 1);
INSERT INTO ezsearch_word VALUES (2676, 'member', 1);
INSERT INTO ezsearch_word VALUES (2677, 'of', 1);
INSERT INTO ezsearch_word VALUES (2678, 'team', 1);
INSERT INTO ezsearch_word VALUES (2589, 'ipsum', 3);
INSERT INTO ezsearch_word VALUES (2590, 'dolor', 3);
INSERT INTO ezsearch_word VALUES (2598, 'nonummy', 3);
INSERT INTO ezsearch_word VALUES (2600, 'euismod', 3);
INSERT INTO ezsearch_word VALUES (2601, 'tincidunt', 3);
INSERT INTO ezsearch_word VALUES (2604, 'dolore', 3);
INSERT INTO ezsearch_word VALUES (2608, 'volutpat', 3);
INSERT INTO ezsearch_word VALUES (2612, 'minim', 3);
INSERT INTO ezsearch_word VALUES (2613, 'veniam', 3);
INSERT INTO ezsearch_word VALUES (2615, 'nostrud', 3);
INSERT INTO ezsearch_word VALUES (2616, 'exerci', 3);
INSERT INTO ezsearch_word VALUES (2617, 'tation', 3);
INSERT INTO ezsearch_word VALUES (2619, 'suscipit', 3);
INSERT INTO ezsearch_word VALUES (2622, 'aliquip', 3);
INSERT INTO ezsearch_word VALUES (2623, 'ex', 3);
INSERT INTO ezsearch_word VALUES (2624, 'ea', 3);
INSERT INTO ezsearch_word VALUES (2626, 'consequat', 3);
INSERT INTO ezsearch_word VALUES (2627, 'duis', 3);
INSERT INTO ezsearch_word VALUES (2628, 'autem', 3);
INSERT INTO ezsearch_word VALUES (2630, 'eum', 3);
INSERT INTO ezsearch_word VALUES (2631, 'iriure', 3);
INSERT INTO ezsearch_word VALUES (2633, 'hendrerit', 3);
INSERT INTO ezsearch_word VALUES (2634, 'vulputate', 3);
INSERT INTO ezsearch_word VALUES (2636, 'esse', 3);
INSERT INTO ezsearch_word VALUES (2637, 'molestie', 3);
INSERT INTO ezsearch_word VALUES (2638, 'illum', 3);
INSERT INTO ezsearch_word VALUES (2640, 'feugiat', 3);
INSERT INTO ezsearch_word VALUES (2679, 'contact', 1);
INSERT INTO ezsearch_word VALUES (2680, 'persons', 1);
INSERT INTO ezsearch_word VALUES (2681, 'john', 1);
INSERT INTO ezsearch_word VALUES (2682, 'doe', 1);
INSERT INTO ezsearch_word VALUES (2683, 'developer', 1);
INSERT INTO ezsearch_word VALUES (2686, '3', 1);
INSERT INTO ezsearch_word VALUES (2688, '1234', 1);
INSERT INTO ezsearch_word VALUES (2689, 'doe@example.com', 1);
INSERT INTO ezsearch_word VALUES (2690, 'http', 1);
INSERT INTO ezsearch_word VALUES (2691, 'www.example.com', 1);
INSERT INTO ezsearch_word VALUES (2692, 'nice', 1);
INSERT INTO ezsearch_word VALUES (2693, 'guy', 1);
INSERT INTO ezsearch_word VALUES (2695, 'son', 1);
INSERT INTO ezsearch_word VALUES (2697, '1236', 1);
INSERT INTO ezsearch_word VALUES (2698, 'per.son@example.com', 1);
INSERT INTO ezsearch_word VALUES (2699, 'is', 1);
INSERT INTO ezsearch_word VALUES (2700, 'very', 1);
INSERT INTO ezsearch_word VALUES (2701, 'active', 1);
INSERT INTO ezsearch_word VALUES (2702, 'person', 1);
INSERT INTO ezsearch_word VALUES (2703, 'companies', 1);
INSERT INTO ezsearch_word VALUES (2704, 'my', 1);
INSERT INTO ezsearch_word VALUES (2706, 'c100', 1);
INSERT INTO ezsearch_word VALUES (2684, '0', 3);
INSERT INTO ezsearch_word VALUES (2707, '1', 1);
INSERT INTO ezsearch_word VALUES (2708, 'mystreet', 1);
INSERT INTO ezsearch_word VALUES (2685, '2', 3);
INSERT INTO ezsearch_word VALUES (2709, 'small', 1);
INSERT INTO ezsearch_word VALUES (2663, 'we', 3);
INSERT INTO ezsearch_word VALUES (2710, 'work', 1);
INSERT INTO ezsearch_word VALUES (2711, 'with', 1);
INSERT INTO ezsearch_word VALUES (2712, 'partner', 1);
INSERT INTO ezsearch_word VALUES (2687, '555', 3);
INSERT INTO ezsearch_word VALUES (2713, '2345', 1);
INSERT INTO ezsearch_word VALUES (2714, '2344', 1);
INSERT INTO ezsearch_word VALUES (2715, 'files', 1);
INSERT INTO ezsearch_word VALUES (2716, 'here', 1);
INSERT INTO ezsearch_word VALUES (2717, 'you', 1);
INSERT INTO ezsearch_word VALUES (2718, 'can', 1);
INSERT INTO ezsearch_word VALUES (2719, 'download', 1);
INSERT INTO ezsearch_word VALUES (2720, 'all', 1);
INSERT INTO ezsearch_word VALUES (2721, 'handbooks', 1);
INSERT INTO ezsearch_word VALUES (2722, 'documents', 1);
INSERT INTO ezsearch_word VALUES (2724, 'logos', 1);
INSERT INTO ezsearch_word VALUES (2725, 'information', 1);
INSERT INTO ezsearch_word VALUES (2726, 'general', 1);
INSERT INTO ezsearch_word VALUES (2727, 'about', 1);
INSERT INTO ezsearch_word VALUES (2666, 'our', 3);
INSERT INTO ezsearch_word VALUES (2705, 'company', 3);
INSERT INTO ezsearch_word VALUES (2728, 'vacation', 1);
INSERT INTO ezsearch_word VALUES (2723, 'routines', 3);
INSERT INTO ezsearch_word VALUES (2750, 'pellentesque', 2);
INSERT INTO ezsearch_word VALUES (2762, 'habitant', 1);
INSERT INTO ezsearch_word VALUES (2763, 'morbi', 1);
INSERT INTO ezsearch_word VALUES (2731, 'tristique', 2);
INSERT INTO ezsearch_word VALUES (2764, 'senectus', 1);
INSERT INTO ezsearch_word VALUES (2646, 'et', 4);
INSERT INTO ezsearch_word VALUES (2765, 'netus', 1);
INSERT INTO ezsearch_word VALUES (2766, 'malesuada', 1);
INSERT INTO ezsearch_word VALUES (2767, 'fames', 1);
INSERT INTO ezsearch_word VALUES (2751, 'ac', 2);
INSERT INTO ezsearch_word VALUES (2768, 'turpis', 1);
INSERT INTO ezsearch_word VALUES (2769, 'egestas', 1);
INSERT INTO ezsearch_word VALUES (2771, 'aptent', 1);
INSERT INTO ezsearch_word VALUES (2772, 'taciti', 1);
INSERT INTO ezsearch_word VALUES (2773, 'sociosqu', 1);
INSERT INTO ezsearch_word VALUES (2611, 'ad', 4);
INSERT INTO ezsearch_word VALUES (2774, 'litora', 1);
INSERT INTO ezsearch_word VALUES (2775, 'torquent', 1);
INSERT INTO ezsearch_word VALUES (2694, 'per', 2);
INSERT INTO ezsearch_word VALUES (2776, 'conubia', 1);
INSERT INTO ezsearch_word VALUES (2777, 'nostra', 1);
INSERT INTO ezsearch_word VALUES (2778, 'inceptos', 1);
INSERT INTO ezsearch_word VALUES (2779, 'hymenaeos', 1);
INSERT INTO ezsearch_word VALUES (2780, 'cras', 1);
INSERT INTO ezsearch_word VALUES (2621, 'nisl', 4);
INSERT INTO ezsearch_word VALUES (2781, 'non', 1);
INSERT INTO ezsearch_word VALUES (2596, 'sed', 5);
INSERT INTO ezsearch_word VALUES (2782, 'leo', 1);
INSERT INTO ezsearch_word VALUES (2602, 'ut', 5);
INSERT INTO ezsearch_word VALUES (2783, 'dui', 1);
INSERT INTO ezsearch_word VALUES (2784, 'iaculis', 1);
INSERT INTO ezsearch_word VALUES (2785, 'pharetra', 1);
INSERT INTO ezsearch_word VALUES (2786, 'donec', 1);
INSERT INTO ezsearch_word VALUES (2787, 'felis', 1);
INSERT INTO ezsearch_word VALUES (2641, 'nulla', 5);
INSERT INTO ezsearch_word VALUES (2788, 'aliquet', 1);
INSERT INTO ezsearch_word VALUES (2606, 'aliquam', 5);
INSERT INTO ezsearch_word VALUES (2789, 'ultricies', 1);
INSERT INTO ezsearch_word VALUES (2790, 'urna', 1);
INSERT INTO ezsearch_word VALUES (2732, 'vivamus', 2);
INSERT INTO ezsearch_word VALUES (2791, 'risus', 1);
INSERT INTO ezsearch_word VALUES (2743, 'fusce', 2);
INSERT INTO ezsearch_word VALUES (2792, 'pede', 1);
INSERT INTO ezsearch_word VALUES (2793, 'ornare', 1);
INSERT INTO ezsearch_word VALUES (2746, 'lectus', 2);
INSERT INTO ezsearch_word VALUES (2794, 'auctor', 1);
INSERT INTO ezsearch_word VALUES (2607, 'erat', 5);
INSERT INTO ezsearch_word VALUES (2758, 'purus', 2);
INSERT INTO ezsearch_word VALUES (2795, 'elementum', 1);
INSERT INTO ezsearch_word VALUES (2605, 'magna', 5);
INSERT INTO ezsearch_word VALUES (2629, 'vel', 5);
INSERT INTO ezsearch_word VALUES (2796, 'luctus', 1);
INSERT INTO ezsearch_word VALUES (2657, 'augue', 4);
INSERT INTO ezsearch_word VALUES (2614, 'quis', 5);
INSERT INTO ezsearch_word VALUES (2752, 'massa', 2);
INSERT INTO ezsearch_word VALUES (2797, 'nullam', 1);
INSERT INTO ezsearch_word VALUES (2597, 'diam', 5);
INSERT INTO ezsearch_word VALUES (2643, 'at', 4);
INSERT INTO ezsearch_word VALUES (2798, 'mi', 1);
INSERT INTO ezsearch_word VALUES (2729, 'vestibulum', 2);
INSERT INTO ezsearch_word VALUES (2730, 'viverra', 2);
INSERT INTO ezsearch_word VALUES (2635, 'velit', 5);
INSERT INTO ezsearch_word VALUES (2733, 'vitae', 2);
INSERT INTO ezsearch_word VALUES (2734, 'quam', 2);
INSERT INTO ezsearch_word VALUES (2735, 'mauris', 2);
INSERT INTO ezsearch_word VALUES (2599, 'nibh', 5);
INSERT INTO ezsearch_word VALUES (2736, 'phasellus', 2);
INSERT INTO ezsearch_word VALUES (2737, 'nec', 2);
INSERT INTO ezsearch_word VALUES (2738, 'metus', 2);
INSERT INTO ezsearch_word VALUES (2739, 'integer', 2);
INSERT INTO ezsearch_word VALUES (2639, 'eu', 5);
INSERT INTO ezsearch_word VALUES (2740, 'sem', 2);
INSERT INTO ezsearch_word VALUES (2653, 'praesent', 4);
INSERT INTO ezsearch_word VALUES (2741, 'rutrum', 2);
INSERT INTO ezsearch_word VALUES (2618, 'ullamcorper', 5);
INSERT INTO ezsearch_word VALUES (2742, 'ligula', 2);
INSERT INTO ezsearch_word VALUES (2744, 'est', 2);
INSERT INTO ezsearch_word VALUES (2745, 'orci', 2);
INSERT INTO ezsearch_word VALUES (2625, 'commodo', 5);
INSERT INTO ezsearch_word VALUES (2675, 'a', 6);
INSERT INTO ezsearch_word VALUES (2747, 'rhoncus', 2);
INSERT INTO ezsearch_word VALUES (2748, 'semper', 2);
INSERT INTO ezsearch_word VALUES (2749, 'eget', 2);
INSERT INTO ezsearch_word VALUES (2753, 'gravida', 2);
INSERT INTO ezsearch_word VALUES (2754, 'vehicula', 2);
INSERT INTO ezsearch_word VALUES (2755, 'suspendisse', 2);
INSERT INTO ezsearch_word VALUES (2756, 'potenti', 2);
INSERT INTO ezsearch_word VALUES (2757, 'aenean', 2);
INSERT INTO ezsearch_word VALUES (2759, 'sodales', 2);
INSERT INTO ezsearch_word VALUES (2760, 'id', 2);
INSERT INTO ezsearch_word VALUES (2594, 'adipiscing', 5);
INSERT INTO ezsearch_word VALUES (2650, 'dignissim', 4);
INSERT INTO ezsearch_word VALUES (2761, 'libero', 2);
INSERT INTO ezsearch_word VALUES (2632, 'in', 5);
INSERT INTO ezsearch_word VALUES (2799, 'maecenas', 1);
INSERT INTO ezsearch_word VALUES (2588, 'lorem', 4);
INSERT INTO ezsearch_word VALUES (2800, 'arcu', 1);
INSERT INTO ezsearch_word VALUES (2595, 'elit', 4);
INSERT INTO ezsearch_word VALUES (2801, 'congue', 1);
INSERT INTO ezsearch_word VALUES (2802, 'etiam', 1);
INSERT INTO ezsearch_word VALUES (2803, 'sapien', 1);
INSERT INTO ezsearch_word VALUES (2804, 'mollis', 1);
INSERT INTO ezsearch_word VALUES (2805, 'fermentum', 1);
INSERT INTO ezsearch_word VALUES (2806, 'hac', 1);
INSERT INTO ezsearch_word VALUES (2807, 'habitasse', 1);
INSERT INTO ezsearch_word VALUES (2808, 'platea', 1);
INSERT INTO ezsearch_word VALUES (2809, 'dictumst', 1);
INSERT INTO ezsearch_word VALUES (2810, 'neque', 1);
INSERT INTO ezsearch_word VALUES (2811, 'posuere', 1);
INSERT INTO ezsearch_word VALUES (2812, 'nunc', 1);
INSERT INTO ezsearch_word VALUES (2813, 'porttitor', 1);
INSERT INTO ezsearch_word VALUES (2814, 'venenatis', 1);
INSERT INTO ezsearch_word VALUES (2610, 'enim', 4);
INSERT INTO ezsearch_word VALUES (2815, 'sagittis', 1);
INSERT INTO ezsearch_word VALUES (2816, 'scelerisque', 1);
INSERT INTO ezsearch_word VALUES (2593, 'consectetuer', 4);
INSERT INTO ezsearch_word VALUES (2591, 'sit', 4);
INSERT INTO ezsearch_word VALUES (2592, 'amet', 4);
INSERT INTO ezsearch_word VALUES (2817, 'curabitur', 1);
INSERT INTO ezsearch_word VALUES (2603, 'laoreet', 4);
INSERT INTO ezsearch_word VALUES (2609, 'wisi', 4);
INSERT INTO ezsearch_word VALUES (2620, 'lobortis', 4);
INSERT INTO ezsearch_word VALUES (2818, 'guest', 1);
INSERT INTO ezsearch_word VALUES (2819, 'accounts', 1);
INSERT INTO ezsearch_word VALUES (2696, 'administrator', 3);
INSERT INTO ezsearch_word VALUES (2822, 'editors', 1);
INSERT INTO ezsearch_word VALUES (2820, 'users', 2);
INSERT INTO ezsearch_word VALUES (2824, 'group', 1);
INSERT INTO ezsearch_word VALUES (2825, 'for', 1);
INSERT INTO ezsearch_word VALUES (2585, 'the', 2);
INSERT INTO ezsearch_word VALUES (2823, 'anonymous', 2);
INSERT INTO ezsearch_word VALUES (2821, 'user', 3);
INSERT INTO ezsearch_word VALUES (2827, 'links', 1);
INSERT INTO ezsearch_word VALUES (2828, 'classes', 1);
INSERT INTO ezsearch_word VALUES (2770, 'class', 2);
INSERT INTO ezsearch_word VALUES (2829, 'grouplist', 1);
INSERT INTO ezsearch_word VALUES (2834, 'edit', 1);
INSERT INTO ezsearch_word VALUES (2835, '136', 1);
INSERT INTO ezsearch_word VALUES (2836, 'cache', 1);
INSERT INTO ezsearch_word VALUES (2826, 'setup', 2);
INSERT INTO ezsearch_word VALUES (2837, 'url', 1);
INSERT INTO ezsearch_word VALUES (2838, 'translator', 1);
INSERT INTO ezsearch_word VALUES (2833, 'content', 2);
INSERT INTO ezsearch_word VALUES (2839, 'urltranslator', 1);
INSERT INTO ezsearch_word VALUES (2830, 'look', 2);
INSERT INTO ezsearch_word VALUES (2831, 'and', 2);
INSERT INTO ezsearch_word VALUES (2832, 'feel', 2);
INSERT INTO ezsearch_word VALUES (2840, 'intranet_package', 1);
INSERT INTO ezsearch_word VALUES (2841, 'copyright', 1);
INSERT INTO ezsearch_word VALUES (2842, '&copy', 1);
INSERT INTO ezsearch_word VALUES (2843, 'ez', 1);
INSERT INTO ezsearch_word VALUES (2844, 'systems', 1);
INSERT INTO ezsearch_word VALUES (2845, 'as', 1);
INSERT INTO ezsearch_word VALUES (2846, '1999', 1);
INSERT INTO ezsearch_word VALUES (2847, '2004', 1);







INSERT INTO ezsection VALUES (1, 'Standard section', 'nor-NO', 'ezcontentnavigationpart');
INSERT INTO ezsection VALUES (2, 'Users', '', 'ezusernavigationpart');
INSERT INTO ezsection VALUES (3, 'Media', '', 'ezmedianavigationpart');
INSERT INTO ezsection VALUES (4, 'News', '', 'ezcontentnavigationpart');
INSERT INTO ezsection VALUES (5, 'Contact', '', 'ezcontentnavigationpart');
INSERT INTO ezsection VALUES (6, 'Files', '', 'ezcontentnavigationpart');
INSERT INTO ezsection VALUES (11, 'Set up object', '', 'ezsetupnavigationpart');



































INSERT INTO ezurlalias VALUES (22, 'setup/classes', '9e8c46c1357285763cd49ea56c57312d', 'content/view/full/45', 1, 24, 0);
INSERT INTO ezurlalias VALUES (25, 'setup/setup_links/setup_objects', 'a695bd42e59634b44441ca4e4548e94a', 'content/view/full/47', 1, 80, 0);
INSERT INTO ezurlalias VALUES (26, 'setup/fonts_and_colors', 'db4641c5ea979dba4cfd99ea3267a456', 'content/view/full/48', 1, 27, 0);
INSERT INTO ezurlalias VALUES (38, 'news/reports_', 'ac624940baa3e037e0467bf2db2743cb', 'content/view/full/58', 1, 39, 0);
INSERT INTO ezurlalias VALUES (65, 'munich1', '3a6e2f1cb7b127c4984af22780094240', 'content/view/full/84', 1, 69, 0);
INSERT INTO ezurlalias VALUES (69, 'media/images/news/munich1', '0492853131729dac783e4c4dc6e7a676', 'content/view/full/84', 1, 0, 0);
INSERT INTO ezurlalias VALUES (108, 'contact/persons/jh_jh', 'cf01f10bebd4f9aec52a6778c36c8233', 'content/view/full/118', 1, 0, 0);
INSERT INTO ezurlalias VALUES (71, 'media/images/contact/mr_xxx', 'e613416ebc175f81b5660d2e1758d1d0', 'content/view/full/89', 1, 0, 0);
INSERT INTO ezurlalias VALUES (72, 'l', '2db95e8e1a9267b7a1188556b2013b33', 'user/logout', 0, 0, 0);
INSERT INTO ezurlalias VALUES (82, 'images/*', '04e9ea07da46830b94f38285ba6ea065', 'media/images/{1}', 1, 0, 1);
INSERT INTO ezurlalias VALUES (104, 'news/staff_news/mnb', 'e816c1fe1795536e6896953fa5249ef7', 'content/view/full/114', 1, 0, 0);
INSERT INTO ezurlalias VALUES (106, 'news/reports/fdhjkldfhj', '5928e1cce21ba84ed7f29cc0e00136be', 'content/view/full/116', 1, 0, 0);
INSERT INTO ezurlalias VALUES (110, 'news/off_topic/dfsdfg', '3933dd18ca8b2e509b8b45118a8eaad4', 'content/view/full/120', 1, 0, 0);
INSERT INTO ezurlalias VALUES (112, 'news/staff_news/sdifgksdjfgkjgh', '524539c61399ed93fc9fa090da54ec9d', 'content/view/full/122', 1, 0, 0);
INSERT INTO ezurlalias VALUES (114, 'news/reports/kre_test', '2dc61bac93b13af1aae5a92ac15c55e7', 'content/view/full/124', 1, 0, 0);
INSERT INTO ezurlalias VALUES (122, 'news/reports/utuytuy', '863350595188c49f4925dba8a66d1a18', 'content/view/full/132', 1, 0, 0);
INSERT INTO ezurlalias VALUES (126, 'files/products/jkhkjh', '09f9658056d40e65ae3521fd02f89fe1', 'content/view/full/136', 1, 0, 0);
INSERT INTO ezurlalias VALUES (128, 'contact/persons/per_son', '547056bbe8097664a20631c40f020e22', 'content/view/full/138', 1, 0, 0);
INSERT INTO ezurlalias VALUES (131, 'news/staff_news/lkj', '76ca99cb194260eb47ec5d697473b0a2', 'content/view/full/141', 1, 0, 0);
INSERT INTO ezurlalias VALUES (133, 'news/staff_news/lkj/jkhkjh', '0ab56a1b16594b117f45bb7797574a9c', 'content/view/full/143', 1, 0, 0);
INSERT INTO ezurlalias VALUES (134, 'news/staff_news/lkj/kljjkl', 'c3ffa06697cf122974c26a55bb1e64f7', 'content/view/full/144', 1, 0, 0);
INSERT INTO ezurlalias VALUES (135, 'news/reports/jkljlkj', '079e3d5ad55d498fae54a21fe49b57b5', 'content/view/full/145', 1, 0, 0);
INSERT INTO ezurlalias VALUES (14, 'users/anonymous_user', 'a37b7463e2c21098fa1a729dad4b4437', 'content/view/full/11', 1, 2, 0);
INSERT INTO ezurlalias VALUES (12, '', 'd41d8cd98f00b204e9800998ecf8427e', 'content/view/full/2', 1, 0, 0);
INSERT INTO ezurlalias VALUES (29, 'news', '508c75c8507a2ae5223dfd2faeb98122', 'content/view/full/50', 1, 0, 0);
INSERT INTO ezurlalias VALUES (37, 'news/off_topic', 'c77d3081eac3bee15b0213bcc89b369b', 'content/view/full/57', 1, 0, 0);
INSERT INTO ezurlalias VALUES (142, 'news/off_topic/new_business_cards', '101bdc76d2a9e0fcc0dff8ca415709c4', 'content/view/full/152', 1, 0, 0);
INSERT INTO ezurlalias VALUES (39, 'news/reports', 'f3cbeafbd5dbf7477a9a803d47d4dcbb', 'content/view/full/58', 1, 0, 0);
INSERT INTO ezurlalias VALUES (141, 'news/reports/new_business_cards', '9f643832f26db5a0599cab139e7729d6', 'content/view/full/151', 1, 0, 0);
INSERT INTO ezurlalias VALUES (143, 'news/reports/annual_report', '7d71ac68f1f9c9f03c530add2b18f8d7', 'content/view/full/153', 1, 0, 0);
INSERT INTO ezurlalias VALUES (40, 'news/staff_news', 'c50e4a6eb10a499c098857026282ceb4', 'content/view/full/59', 1, 0, 0);
INSERT INTO ezurlalias VALUES (3, 'jkhkjh', '44158f924344d45790cd4e0e16dec3f3', 'content/view/full/143', 1, 0, 0);
INSERT INTO ezurlalias VALUES (4, 'kljjkl', '9150c54211d08c8eb959c22b2773371e', 'content/view/full/144', 1, 0, 0);
INSERT INTO ezurlalias VALUES (144, 'news/staff_news/new_employee', '9e18db101f2d057531652aba88e141a3', 'content/view/full/154', 1, 0, 0);
INSERT INTO ezurlalias VALUES (35, 'contact', '2f8a6bf31f3bd67bd2d9720c58b19c9a', 'content/view/full/55', 1, 0, 0);
INSERT INTO ezurlalias VALUES (41, 'contact/persons', '8d26f497abc489a9566eab966cbfe3ed', 'content/view/full/60', 1, 0, 0);
INSERT INTO ezurlalias VALUES (138, 'contact/persons/john_doe', '7945048c2293246f22831f5df43ea531', 'content/view/full/148', 1, 0, 0);
INSERT INTO ezurlalias VALUES (139, 'contact/persons/per_son__1', '929374712dd2595e1423fd3e5a1fabb6', 'content/view/full/149', 1, 0, 0);
INSERT INTO ezurlalias VALUES (42, 'contact/companies', '7b84a445a156acf3dd455ea6f585d78f', 'content/view/full/61', 1, 0, 0);
INSERT INTO ezurlalias VALUES (140, 'contact/companies/my_company', '01fb086b461ff9993a7494aacdb4e1d0', 'content/view/full/150', 1, 0, 0);
INSERT INTO ezurlalias VALUES (43, 'files', '45b963397aa40d4a0063e0d85e4fe7a1', 'content/view/full/62', 1, 0, 0);
INSERT INTO ezurlalias VALUES (45, 'files/handbooks', '7b18bc03d154e9c0643a86d3d2b7d68f', 'content/view/full/64', 1, 0, 0);
INSERT INTO ezurlalias VALUES (46, 'files/documents', '2d30f25cef1a92db784bc537e8bf128d', 'content/view/full/65', 1, 0, 0);
INSERT INTO ezurlalias VALUES (47, 'files/company_routines', '7ffaba1db587b80e9767abd0ceb00df7', 'content/view/full/66', 1, 0, 0);
INSERT INTO ezurlalias VALUES (48, 'files/logos', 'ab4749ddb9d45855d2431d2341c1c14e', 'content/view/full/67', 1, 0, 0);
INSERT INTO ezurlalias VALUES (76, 'information', 'bb3ccd5881d651448ded1dac904054ac', 'content/view/full/93', 1, 0, 0);
INSERT INTO ezurlalias VALUES (137, 'information/vacation_routines', '59e579c66a21dc175d202e5ceafc9068', 'content/view/full/147', 1, 0, 0);
INSERT INTO ezurlalias VALUES (77, 'information/routines', 'ed84b3909be89ec2c730ddc2fa7b7a46', 'content/view/full/94', 1, 0, 0);
INSERT INTO ezurlalias VALUES (13, 'users', '9bc65c2abec141778ffaa729489f3e87', 'content/view/full/5', 1, 0, 0);
INSERT INTO ezurlalias VALUES (15, 'users/guest_accounts', '02d4e844e3a660857a3f81585995ffe1', 'content/view/full/12', 1, 0, 0);
INSERT INTO ezurlalias VALUES (16, 'users/administrator_users', '1b1d79c16700fd6003ea7be233e754ba', 'content/view/full/13', 1, 0, 0);
INSERT INTO ezurlalias VALUES (18, 'users/administrator_users/administrator_user', 'f1305ac5f327a19b451d82719e0c3f5d', 'content/view/full/15', 1, 0, 0);
INSERT INTO ezurlalias VALUES (17, 'users/editors', '0bb9dd665c96bbc1cf36b79180786dea', 'content/view/full/14', 1, 0, 0);
INSERT INTO ezurlalias VALUES (1, 'users/anonymous_users', '3ae1aac958e1c82013689d917d34967a', 'content/view/full/155', 1, 0, 0);
INSERT INTO ezurlalias VALUES (2, 'users/anonymous_users/anonymous_user', 'aad93975f09371695ba08292fd9698db', 'content/view/full/11', 1, 0, 0);
INSERT INTO ezurlalias VALUES (20, 'media', '62933a2951ef01f4eafd9bdf4d3cd2f0', 'content/view/full/43', 1, 0, 0);
INSERT INTO ezurlalias VALUES (21, 'setup', 'a0f848942ce863cf53c0fa6cc684007d', 'content/view/full/44', 1, 0, 0);
INSERT INTO ezurlalias VALUES (23, 'setup/setup_links', '675a9c5ab6fb3f5fdfaa609b7ef9d997', 'content/view/full/46', 1, 0, 0);
INSERT INTO ezurlalias VALUES (24, 'setup/setup_links/classes', '75b3e86b0bb8a74fcb38f10fd02945e8', 'content/view/full/45', 1, 0, 0);
INSERT INTO ezurlalias VALUES (80, 'setup/setup_links/look_and_feel', '37986c863618270fa0fa6936ba217c7b', 'content/view/full/47', 1, 0, 0);
INSERT INTO ezurlalias VALUES (78, 'setup/setup_links/cache', '1f2374cab6280ecfca991a7b6e5119c6', 'content/view/full/95', 1, 0, 0);
INSERT INTO ezurlalias VALUES (79, 'setup/setup_links/url_translator', '7b226327c99e6fd78ad40eb66892d7ae', 'content/view/full/96', 1, 0, 0);
INSERT INTO ezurlalias VALUES (27, 'setup/look_and_feel', '11f42026b65f2d1801679ba58e443944', 'content/view/full/48', 1, 0, 0);
INSERT INTO ezurlalias VALUES (96, 'setup/look_and_feel/intranet', '6d6a9d6e8f6cadb080fffb1276dd1e5e', 'content/view/full/107', 1, 0, 0);







INSERT INTO ezuser VALUES (14, 'admin', 'nospam@ez.no', 2, 'c78e3b0f3d9244ed8c6d1c29464bdff9');
INSERT INTO ezuser VALUES (108, '', '', 2, 'b909d5bf76b64b7a6fac03f7eda11ee3');
INSERT INTO ezuser VALUES (109, '', '', 2, 'e4ab2f05e418842bb3abf148f9d06c1c');
INSERT INTO ezuser VALUES (130, '', '', 2, '4ccb7125baf19de015388c99893fbb4d');
INSERT INTO ezuser VALUES (10, 'anonymous', 'nospam@ez.no', 2, '4e6f6184135228ccd45f8233d72a0363');





















INSERT INTO ezuser_role VALUES (29, 1, 10);
INSERT INTO ezuser_role VALUES (25, 2, 12);
INSERT INTO ezuser_role VALUES (32, 24, 13);
INSERT INTO ezuser_role VALUES (28, 1, 11);
INSERT INTO ezuser_role VALUES (34, 1, 13);







INSERT INTO ezuser_setting VALUES (10, 1, 1000);
INSERT INTO ezuser_setting VALUES (14, 1, 10);
INSERT INTO ezuser_setting VALUES (23, 1, 0);
INSERT INTO ezuser_setting VALUES (40, 1, 0);
INSERT INTO ezuser_setting VALUES (107, 1, 0);
INSERT INTO ezuser_setting VALUES (108, 1, 0);
INSERT INTO ezuser_setting VALUES (109, 1, 0);
INSERT INTO ezuser_setting VALUES (111, 1, 0);
INSERT INTO ezuser_setting VALUES (130, 1, 0);







INSERT INTO ezvattype VALUES (1, 'Std', 0);










































INSERT INTO ezworkflow_group VALUES (1, 'Standard', 14, 14, 1024392098, 1024392098);







INSERT INTO ezworkflow_group_link VALUES (1, 1, 0, 'Standard');














INSERT INTO ezsite_data VALUES ('ezpublish-version', '3.3');
INSERT INTO ezsite_data VALUES ('ezpublish-release', '4');



































INSERT INTO ezimagefile VALUES (50, 661, 'var/intranet/storage/images/news/reports/annual_report/661-1-eng-GB/annual_report.');
INSERT INTO ezimagefile VALUES (51, 656, 'var/intranet/storage/images/news/off_topic/new_business_cards/656-2-eng-GB/new_business_cards.');
INSERT INTO ezimagefile VALUES (19, 463, 'var/intranet/storage/images/setup/look_and_feel/intranet/463-9-eng-GB/intranet.gif');
INSERT INTO ezimagefile VALUES (63, 463, 'var/intranet/storage/images/setup/look_and_feel/intranet/463-15-eng-GB/intranet_reference.gif');
INSERT INTO ezimagefile VALUES (62, 463, 'var/intranet/storage/images/setup/look_and_feel/intranet/463-15-eng-GB/intranet.gif');
INSERT INTO ezimagefile VALUES (56, 463, 'var/intranet/storage/images/setup/look_and_feel/intranet/463-13-eng-GB/intranet_medium.gif');
INSERT INTO ezimagefile VALUES (54, 463, 'var/intranet/storage/images/setup/look_and_feel/intranet/463-13-eng-GB/intranet.gif');
INSERT INTO ezimagefile VALUES (55, 463, 'var/intranet/storage/images/setup/look_and_feel/intranet/463-13-eng-GB/intranet_reference.gif');
INSERT INTO ezimagefile VALUES (57, 463, 'var/intranet/storage/images/setup/look_and_feel/intranet/463-14-eng-GB/intranet.gif');
INSERT INTO ezimagefile VALUES (58, 463, 'var/intranet/storage/images/setup/look_and_feel/intranet/463-14-eng-GB/intranet_reference.gif');
INSERT INTO ezimagefile VALUES (59, 463, 'var/intranet/storage/images/setup/look_and_feel/intranet/463-14-eng-GB/intranet_medium.gif');
INSERT INTO ezimagefile VALUES (60, 463, 'var/intranet/storage/images/setup/look_and_feel/intranet/463-14-eng-GB/intranet_logo.gif');
INSERT INTO ezimagefile VALUES (20, 463, 'var/intranet/storage/images/setup/look_and_feel/intranet/463-9-eng-GB/intranet_reference.gif');
INSERT INTO ezimagefile VALUES (21, 463, 'var/intranet/storage/images/setup/look_and_feel/intranet/463-9-eng-GB/intranet_medium.gif');
INSERT INTO ezimagefile VALUES (53, 463, 'var/intranet/storage/images/setup/look_and_feel/intranet/463-11-eng-GB/intranet_logo.gif');
INSERT INTO ezimagefile VALUES (52, 666, 'var/intranet/storage/images/news/staff_news/new_employee/666-1-eng-GB/new_employee.');
INSERT INTO ezimagefile VALUES (45, 633, 'var/intranet/storage/images/information/vacation_routines/633-1-eng-GB/vacation_routines.');
INSERT INTO ezimagefile VALUES (46, 638, 'var/intranet/storage/images/contact/persons/john_doe/638-1-eng-GB/john_doe.');
INSERT INTO ezimagefile VALUES (47, 644, 'var/intranet/storage/images/contact/persons/per_son__1/644-1-eng-GB/per_son.');
INSERT INTO ezimagefile VALUES (64, 463, 'var/intranet/storage/images/setup/look_and_feel/intranet/463-15-eng-GB/intranet_medium.gif');
INSERT INTO ezimagefile VALUES (65, 463, 'var/intranet/storage/images/setup/look_and_feel/intranet/463-15-eng-GB/intranet_logo.gif');
INSERT INTO ezimagefile VALUES (48, 649, 'var/intranet/storage/images/contact/companies/my_company/649-1-eng-GB/my_company.');
INSERT INTO ezimagefile VALUES (49, 656, 'var/intranet/storage/images/news/off_topic/new_business_cards/656-1-eng-GB/new_business_cards.');
INSERT INTO ezimagefile VALUES (36, 463, 'var/intranet/storage/images/setup/look_and_feel/intranet/463-9-eng-GB/intranet_logo.gif');
INSERT INTO ezimagefile VALUES (38, 463, 'var/intranet/storage/images/setup/look_and_feel/intranet/463-10-eng-GB/intranet.gif');
INSERT INTO ezimagefile VALUES (39, 463, 'var/intranet/storage/images/setup/look_and_feel/intranet/463-10-eng-GB/intranet_reference.gif');
INSERT INTO ezimagefile VALUES (40, 463, 'var/intranet/storage/images/setup/look_and_feel/intranet/463-10-eng-GB/intranet_medium.gif');
INSERT INTO ezimagefile VALUES (41, 463, 'var/intranet/storage/images/setup/look_and_feel/intranet/463-10-eng-GB/intranet_logo.gif');
INSERT INTO ezimagefile VALUES (42, 463, 'var/intranet/storage/images/setup/look_and_feel/intranet/463-11-eng-GB/intranet.gif');
INSERT INTO ezimagefile VALUES (43, 463, 'var/intranet/storage/images/setup/look_and_feel/intranet/463-11-eng-GB/intranet_reference.gif');
INSERT INTO ezimagefile VALUES (44, 463, 'var/intranet/storage/images/setup/look_and_feel/intranet/463-11-eng-GB/intranet_medium.gif');
INSERT INTO ezimagefile VALUES (66, 463, 'var/intranet/storage/images/setup/look_and_feel/intranet/463-16-eng-GB/intranet.gif');
INSERT INTO ezimagefile VALUES (67, 463, 'var/intranet/storage/images/setup/look_and_feel/intranet/463-16-eng-GB/intranet_reference.gif');
INSERT INTO ezimagefile VALUES (68, 463, 'var/intranet/storage/images/setup/look_and_feel/intranet/463-16-eng-GB/intranet_medium.gif');
INSERT INTO ezimagefile VALUES (69, 463, 'var/intranet/storage/images/setup/look_and_feel/intranet/463-16-eng-GB/intranet_logo.gif');
INSERT INTO ezimagefile VALUES (70, 109, 'var/storage/original/image/phpvzmRGW.png');
INSERT INTO ezimagefile VALUES (71, 109, 'var/storage/original/image/phppIJtoa.jpg');
INSERT INTO ezimagefile VALUES (72, 109, 'var/storage/original/image/phpAhcEu9.png');
INSERT INTO ezimagefile VALUES (73, 103, 'var/storage/original/image/phpWJgae7.png');
INSERT INTO ezimagefile VALUES (74, 109, 'var/storage/original/image/phpbVfzkm.png');
INSERT INTO ezimagefile VALUES (75, 103, 'var/storage/original/image/php7ZhvcB.png');
INSERT INTO ezimagefile VALUES (76, 103, 'var/storage/original/image/phpXz5esv.jpg');




























CREATE INDEX ezcollab_group_path62 ON ezcollab_group USING btree (path_string);







CREATE INDEX ezcollab_group_depth63 ON ezcollab_group USING btree (depth);







CREATE INDEX ezcontentbrowsebookmark_user228 ON ezcontentbrowsebookmark USING btree (user_id);







CREATE INDEX ezcontentbrowserecent_user243 ON ezcontentbrowserecent USING btree (user_id);







CREATE INDEX ezcontentclass_version262 ON ezcontentclass USING btree ("version");







CREATE INDEX ezcontentobject_attribute_contentobject_id364 ON ezcontentobject_attribute USING btree (contentobject_id);







CREATE INDEX ezcontentobject_attribute_language_code365 ON ezcontentobject_attribute USING btree (language_code);







CREATE INDEX sort_key_int366 ON ezcontentobject_attribute USING btree (sort_key_int);







CREATE INDEX sort_key_string367 ON ezcontentobject_attribute USING btree (sort_key_string);







CREATE INDEX ezcontentobject_tree_path416 ON ezcontentobject_tree USING btree (path_string);







CREATE INDEX ezcontentobject_tree_p_node_id417 ON ezcontentobject_tree USING btree (parent_node_id);







CREATE INDEX ezcontentobject_tree_co_id418 ON ezcontentobject_tree USING btree (contentobject_id);







CREATE INDEX ezcontentobject_tree_depth419 ON ezcontentobject_tree USING btree (depth);







CREATE INDEX ezenumobjectvalue_co_attr_id_co_attr_ver489 ON ezenumobjectvalue USING btree (contentobject_attribute_id, contentobject_attribute_version);







CREATE INDEX ezenumvalue_co_cl_attr_id_co_class_att_ver505 ON ezenumvalue USING btree (contentclass_attribute_id, contentclass_attribute_version);







CREATE UNIQUE INDEX ezmodule_run_workflow_process_id_s670 ON ezmodule_run USING btree (workflow_process_id);







CREATE INDEX ezpreferences_name839 ON ezpreferences USING btree (name);







CREATE INDEX ezsearch_object_word_link_object919 ON ezsearch_object_word_link USING btree (contentobject_id);







CREATE INDEX ezsearch_object_word_link_word920 ON ezsearch_object_word_link USING btree (word_id);







CREATE INDEX ezsearch_object_word_link_frequency921 ON ezsearch_object_word_link USING btree (frequency);







CREATE INDEX ezsearch_object_word_link_identifier922 ON ezsearch_object_word_link USING btree (identifier);







CREATE INDEX ezsearch_object_word_link_integer_value923 ON ezsearch_object_word_link USING btree (integer_value);







CREATE INDEX ezsearch_word960 ON ezsearch_word USING btree (word);







CREATE INDEX expiration_time986 ON ezsession USING btree (expiration_time);







CREATE UNIQUE INDEX eztrigger_def_id1015 ON eztrigger USING btree (module_name, function_name, connect_type);







CREATE INDEX ezurlalias_source_md51059 ON ezurlalias USING btree (source_md5);







CREATE INDEX ezuser_role_contentobject_id1112 ON ezuser_role USING btree (contentobject_id);







CREATE INDEX ezwaituntildateevalue_wf_ev_id_wf_ver1151 ON ezwaituntildatevalue USING btree (workflow_event_id, workflow_event_version);







CREATE INDEX ezorder_item_order_id ON ezorder_item USING btree (order_id);







CREATE INDEX ezproductcollection_item_productcollection_id ON ezproductcollection_item USING btree (productcollection_id);







CREATE INDEX ezurlalias_source_url ON ezurlalias USING btree (source_url);







CREATE INDEX ezcontentobject_attribute_co_id_ver_lang_code ON ezcontentobject_attribute USING btree (contentobject_id, "version", language_code);







CREATE INDEX ezproductcollection_item_opt_item_id ON ezproductcollection_item_opt USING btree (item_id);







CREATE INDEX ezproductcollection_item_contentobject_id ON ezproductcollection_item USING btree (productcollection_id);







CREATE INDEX ezbasket_session_id ON ezbasket USING btree (session_id);







CREATE INDEX ezoperation_memento_memento_key_main ON ezoperation_memento USING btree (memento_key, main);







CREATE INDEX eztrigger_fetch ON eztrigger USING btree (name, module_name, function_name);







CREATE INDEX ezworkflow_process_process_key ON ezworkflow_process USING btree (process_key);







CREATE INDEX ezurlalias_desturl ON ezurlalias USING btree (destination_url);







CREATE INDEX ezrss_export_rsseid ON ezrss_export_item USING btree (rssexport_id);







CREATE INDEX ezimagefile_coid ON ezimagefile USING btree (contentobject_attribute_id);







CREATE INDEX ezimagefile_file ON ezimagefile USING btree (filepath);







CREATE INDEX ezsubtree_notification_rule_id ON ezsubtree_notification_rule USING btree (id);







CREATE INDEX ezsubtree_notification_rule_user_id ON ezsubtree_notification_rule USING btree (user_id);







ALTER TABLE ONLY ezapprove_items
    ADD CONSTRAINT ezapprove_items12_key PRIMARY KEY (id);







ALTER TABLE ONLY ezbasket
    ADD CONSTRAINT ezbasket24_key PRIMARY KEY (id);







ALTER TABLE ONLY ezbinaryfile
    ADD CONSTRAINT ezbinaryfile36_key PRIMARY KEY (contentobject_attribute_id, "version");







ALTER TABLE ONLY ezcollab_group
    ADD CONSTRAINT ezcollab_group50_key PRIMARY KEY (id);







ALTER TABLE ONLY ezcollab_item
    ADD CONSTRAINT ezcollab_item71_key PRIMARY KEY (id);







ALTER TABLE ONLY ezcollab_item_group_link
    ADD CONSTRAINT ezcollab_item_group_link95_key PRIMARY KEY (collaboration_id, group_id, user_id);







ALTER TABLE ONLY ezcollab_item_message_link
    ADD CONSTRAINT ezcollab_item_message_link112_key PRIMARY KEY (id);







ALTER TABLE ONLY ezcollab_item_participant_link
    ADD CONSTRAINT ezcollab_item_participant_link128_key PRIMARY KEY (collaboration_id, participant_id);







ALTER TABLE ONLY ezcollab_item_status
    ADD CONSTRAINT ezcollab_item_status146_key PRIMARY KEY (collaboration_id, user_id);







ALTER TABLE ONLY ezcollab_notification_rule
    ADD CONSTRAINT ezcollab_notification_rule160_key PRIMARY KEY (id);







ALTER TABLE ONLY ezcollab_profile
    ADD CONSTRAINT ezcollab_profile172_key PRIMARY KEY (id);







ALTER TABLE ONLY ezcollab_simple_message
    ADD CONSTRAINT ezcollab_simple_message187_key PRIMARY KEY (id);







ALTER TABLE ONLY ezcontent_translation
    ADD CONSTRAINT ezcontent_translation210_key PRIMARY KEY (id);







ALTER TABLE ONLY ezcontentbrowsebookmark
    ADD CONSTRAINT ezcontentbrowsebookmark222_key PRIMARY KEY (id);







ALTER TABLE ONLY ezcontentbrowserecent
    ADD CONSTRAINT ezcontentbrowserecent236_key PRIMARY KEY (id);







ALTER TABLE ONLY ezcontentclass
    ADD CONSTRAINT ezcontentclass251_key PRIMARY KEY (id, "version");







ALTER TABLE ONLY ezcontentclass_attribute
    ADD CONSTRAINT ezcontentclass_attribute270_key PRIMARY KEY (id, "version");







ALTER TABLE ONLY ezcontentclass_classgroup
    ADD CONSTRAINT ezcontentclass_classgroup303_key PRIMARY KEY (contentclass_id, contentclass_version, group_id);







ALTER TABLE ONLY ezcontentclassgroup
    ADD CONSTRAINT ezcontentclassgroup316_key PRIMARY KEY (id);







ALTER TABLE ONLY ezcontentobject
    ADD CONSTRAINT ezcontentobject331_key PRIMARY KEY (id);







ALTER TABLE ONLY ezcontentobject_attribute
    ADD CONSTRAINT ezcontentobject_attribute351_key PRIMARY KEY (id, "version");







ALTER TABLE ONLY ezcontentobject_link
    ADD CONSTRAINT ezcontentobject_link375_key PRIMARY KEY (id);







ALTER TABLE ONLY ezcontentobject_name
    ADD CONSTRAINT ezcontentobject_name388_key PRIMARY KEY (contentobject_id, content_version, content_translation);







ALTER TABLE ONLY ezcontentobject_tree
    ADD CONSTRAINT ezcontentobject_tree402_key PRIMARY KEY (node_id);







ALTER TABLE ONLY ezcontentobject_version
    ADD CONSTRAINT ezcontentobject_version427_key PRIMARY KEY (id);







ALTER TABLE ONLY ezdiscountrule
    ADD CONSTRAINT ezdiscountrule445_key PRIMARY KEY (id);







ALTER TABLE ONLY ezdiscountsubrule
    ADD CONSTRAINT ezdiscountsubrule456_key PRIMARY KEY (id);







ALTER TABLE ONLY ezdiscountsubrule_value
    ADD CONSTRAINT ezdiscountsubrule_value470_key PRIMARY KEY (discountsubrule_id, value, issection);







ALTER TABLE ONLY ezenumobjectvalue
    ADD CONSTRAINT ezenumobjectvalue482_key PRIMARY KEY (contentobject_attribute_id, contentobject_attribute_version, enumid);







ALTER TABLE ONLY ezenumvalue
    ADD CONSTRAINT ezenumvalue497_key PRIMARY KEY (id, contentclass_attribute_id, contentclass_attribute_version);







ALTER TABLE ONLY ezforgot_password
    ADD CONSTRAINT ezforgot_password513_key PRIMARY KEY (id);







ALTER TABLE ONLY ezgeneral_digest_user_settings
    ADD CONSTRAINT ezgeneral_digest_user_settings526_key PRIMARY KEY (id);







ALTER TABLE ONLY ezimage
    ADD CONSTRAINT ezimage541_key PRIMARY KEY (contentobject_attribute_id, "version");







ALTER TABLE ONLY ezimagevariation
    ADD CONSTRAINT ezimagevariation556_key PRIMARY KEY (contentobject_attribute_id, "version", requested_width, requested_height);







ALTER TABLE ONLY ezinfocollection
    ADD CONSTRAINT ezinfocollection573_key PRIMARY KEY (id);







ALTER TABLE ONLY ezinfocollection_attribute
    ADD CONSTRAINT ezinfocollection_attribute585_key PRIMARY KEY (id);







ALTER TABLE ONLY ezkeyword
    ADD CONSTRAINT ezkeyword600_key PRIMARY KEY (id);







ALTER TABLE ONLY ezkeyword_attribute_link
    ADD CONSTRAINT ezkeyword_attribute_link612_key PRIMARY KEY (id);







ALTER TABLE ONLY ezmedia
    ADD CONSTRAINT ezmedia624_key PRIMARY KEY (contentobject_attribute_id, "version");







ALTER TABLE ONLY ezmessage
    ADD CONSTRAINT ezmessage646_key PRIMARY KEY (id);







ALTER TABLE ONLY ezmodule_run
    ADD CONSTRAINT ezmodule_run663_key PRIMARY KEY (id);







ALTER TABLE ONLY eznode_assignment
    ADD CONSTRAINT eznode_assignment678_key PRIMARY KEY (id);







ALTER TABLE ONLY eznotificationcollection
    ADD CONSTRAINT eznotificationcollection696_key PRIMARY KEY (id);







ALTER TABLE ONLY eznotificationcollection_item
    ADD CONSTRAINT eznotificationcollection_item711_key PRIMARY KEY (id);







ALTER TABLE ONLY eznotificationevent
    ADD CONSTRAINT eznotificationevent725_key PRIMARY KEY (id);







ALTER TABLE ONLY ezoperation_memento
    ADD CONSTRAINT ezoperation_memento745_key PRIMARY KEY (id, memento_key);







ALTER TABLE ONLY ezorder
    ADD CONSTRAINT ezorder759_key PRIMARY KEY (id);







ALTER TABLE ONLY ezorder_item
    ADD CONSTRAINT ezorder_item778_key PRIMARY KEY (id);







ALTER TABLE ONLY ezpolicy
    ADD CONSTRAINT ezpolicy792_key PRIMARY KEY (id);







ALTER TABLE ONLY ezpolicy_limitation
    ADD CONSTRAINT ezpolicy_limitation806_key PRIMARY KEY (id);







ALTER TABLE ONLY ezpolicy_limitation_value
    ADD CONSTRAINT ezpolicy_limitation_value821_key PRIMARY KEY (id);







ALTER TABLE ONLY ezpreferences
    ADD CONSTRAINT ezpreferences833_key PRIMARY KEY (id);







ALTER TABLE ONLY ezproductcollection
    ADD CONSTRAINT ezproductcollection847_key PRIMARY KEY (id);







ALTER TABLE ONLY ezproductcollection_item
    ADD CONSTRAINT ezproductcollection_item858_key PRIMARY KEY (id);







ALTER TABLE ONLY ezproductcollection_item_opt
    ADD CONSTRAINT ezproductcollection_item_opt875_key PRIMARY KEY (id);







ALTER TABLE ONLY ezrole
    ADD CONSTRAINT ezrole891_key PRIMARY KEY (id);







ALTER TABLE ONLY ezsearch_object_word_link
    ADD CONSTRAINT ezsearch_object_word_link904_key PRIMARY KEY (id);







ALTER TABLE ONLY ezsearch_return_count
    ADD CONSTRAINT ezsearch_return_count931_key PRIMARY KEY (id);







ALTER TABLE ONLY ezsearch_search_phrase
    ADD CONSTRAINT ezsearch_search_phrase944_key PRIMARY KEY (id);







ALTER TABLE ONLY ezsearch_word
    ADD CONSTRAINT ezsearch_word955_key PRIMARY KEY (id);







ALTER TABLE ONLY ezsection
    ADD CONSTRAINT ezsection968_key PRIMARY KEY (id);







ALTER TABLE ONLY ezsession
    ADD CONSTRAINT ezsession981_key PRIMARY KEY (session_key);







ALTER TABLE ONLY eztrigger
    ADD CONSTRAINT eztrigger1007_key PRIMARY KEY (id);







ALTER TABLE ONLY ezurl
    ADD CONSTRAINT ezurl1023_key PRIMARY KEY (id);







ALTER TABLE ONLY ezurl_object_link
    ADD CONSTRAINT ezurl_object_link1039_key PRIMARY KEY (url_id, contentobject_attribute_id, contentobject_attribute_version);







ALTER TABLE ONLY ezurlalias
    ADD CONSTRAINT ezurlalias1051_key PRIMARY KEY (id);







ALTER TABLE ONLY ezuser
    ADD CONSTRAINT ezuser1067_key PRIMARY KEY (contentobject_id);







ALTER TABLE ONLY ezuser_accountkey
    ADD CONSTRAINT ezuser_accountkey1081_key PRIMARY KEY (id);







ALTER TABLE ONLY ezuser_discountrule
    ADD CONSTRAINT ezuser_discountrule1094_key PRIMARY KEY (id);







ALTER TABLE ONLY ezuser_role
    ADD CONSTRAINT ezuser_role1107_key PRIMARY KEY (id);







ALTER TABLE ONLY ezuser_setting
    ADD CONSTRAINT ezuser_setting1120_key PRIMARY KEY (user_id);







ALTER TABLE ONLY ezvattype
    ADD CONSTRAINT ezvattype1132_key PRIMARY KEY (id);







ALTER TABLE ONLY ezwaituntildatevalue
    ADD CONSTRAINT ezwaituntildatevalue1144_key PRIMARY KEY (id, workflow_event_id, workflow_event_version);







ALTER TABLE ONLY ezwishlist
    ADD CONSTRAINT ezwishlist1159_key PRIMARY KEY (id);







ALTER TABLE ONLY ezworkflow
    ADD CONSTRAINT ezworkflow1171_key PRIMARY KEY (id, "version");







ALTER TABLE ONLY ezworkflow_assign
    ADD CONSTRAINT ezworkflow_assign1189_key PRIMARY KEY (id);







ALTER TABLE ONLY ezworkflow_event
    ADD CONSTRAINT ezworkflow_event1203_key PRIMARY KEY (id, "version");







ALTER TABLE ONLY ezworkflow_group
    ADD CONSTRAINT ezworkflow_group1226_key PRIMARY KEY (id);







ALTER TABLE ONLY ezworkflow_group_link
    ADD CONSTRAINT ezworkflow_group_link1241_key PRIMARY KEY (workflow_id, group_id, workflow_version);







ALTER TABLE ONLY ezworkflow_process
    ADD CONSTRAINT ezworkflow_process1254_key PRIMARY KEY (id);







ALTER TABLE ONLY ezsite_data
    ADD CONSTRAINT ezsite_data_pkey PRIMARY KEY (name);







ALTER TABLE ONLY ezpdf_export
    ADD CONSTRAINT ezpdf_export_pkey PRIMARY KEY (id);







ALTER TABLE ONLY ezrss_export
    ADD CONSTRAINT ezrss_export_pkey PRIMARY KEY (id);







ALTER TABLE ONLY ezrss_export_item
    ADD CONSTRAINT ezrss_export_item_pkey PRIMARY KEY (id);







ALTER TABLE ONLY ezrss_import
    ADD CONSTRAINT ezrss_import_pkey PRIMARY KEY (id);







ALTER TABLE ONLY ezimagefile
    ADD CONSTRAINT ezimagefile_pkey PRIMARY KEY (id);







ALTER TABLE ONLY eztipafriend_counter
    ADD CONSTRAINT eztipafriend_counter_pkey PRIMARY KEY (node_id);







ALTER TABLE ONLY ezview_counter
    ADD CONSTRAINT ezview_counter_pkey PRIMARY KEY (node_id);







ALTER TABLE ONLY ezsubtree_notification_rule
    ADD CONSTRAINT tmp_notification_rule_pkey PRIMARY KEY (id);







SELECT pg_catalog.setval ('ezapprove_items_s', 1, false);







SELECT pg_catalog.setval ('ezbasket_s', 1, false);







SELECT pg_catalog.setval ('ezcollab_group_s', 1, false);







SELECT pg_catalog.setval ('ezcollab_item_s', 1, false);







SELECT pg_catalog.setval ('ezcollab_item_message_link_s', 1, false);







SELECT pg_catalog.setval ('ezcollab_notification_rule_s', 1, false);







SELECT pg_catalog.setval ('ezcollab_profile_s', 1, false);







SELECT pg_catalog.setval ('ezcollab_simple_message_s', 1, false);







SELECT pg_catalog.setval ('ezcontent_translation_s', 1, true);







SELECT pg_catalog.setval ('ezcontentbrowsebookmark_s', 1, false);







SELECT pg_catalog.setval ('ezcontentbrowserecent_s', 84, true);







SELECT pg_catalog.setval ('ezcontentclass_s', 19, false);







SELECT pg_catalog.setval ('ezcontentclass_attribute_s', 182, true);







SELECT pg_catalog.setval ('ezcontentclassgroup_s', 4, true);







SELECT pg_catalog.setval ('ezcontentobject_s', 177, true);







SELECT pg_catalog.setval ('ezcontentobject_attribute_s', 669, true);







SELECT pg_catalog.setval ('ezcontentobject_link_s', 1, false);







SELECT pg_catalog.setval ('ezcontentobject_tree_s', 155, true);







SELECT pg_catalog.setval ('ezcontentobject_version_s', 750, true);







SELECT pg_catalog.setval ('ezdiscountrule_s', 1, false);







SELECT pg_catalog.setval ('ezdiscountsubrule_s', 1, false);







SELECT pg_catalog.setval ('ezenumvalue_s', 3, true);







SELECT pg_catalog.setval ('ezforgot_password_s', 1, false);







SELECT pg_catalog.setval ('ezgeneral_digest_user_settings_s', 1, false);







SELECT pg_catalog.setval ('ezinfocollection_s', 1, false);







SELECT pg_catalog.setval ('ezinfocollection_attribute_s', 1, false);







SELECT pg_catalog.setval ('ezkeyword_s', 1, false);







SELECT pg_catalog.setval ('ezkeyword_attribute_link_s', 1, false);







SELECT pg_catalog.setval ('ezmessage_s', 1, false);







SELECT pg_catalog.setval ('ezmodule_run_s', 1, false);







SELECT pg_catalog.setval ('eznode_assignment_s', 486, true);







SELECT pg_catalog.setval ('eznotificationcollection_s', 1, false);







SELECT pg_catalog.setval ('eznotificationcollection_item_s', 1, false);







SELECT pg_catalog.setval ('eznotificationevent_s', 198, true);







SELECT pg_catalog.setval ('ezoperation_memento_s', 1, false);







SELECT pg_catalog.setval ('ezorder_s', 1, false);







SELECT pg_catalog.setval ('ezorder_item_s', 1, false);







SELECT pg_catalog.setval ('ezpolicy_s', 375, true);







SELECT pg_catalog.setval ('ezpolicy_limitation_s', 295, true);







SELECT pg_catalog.setval ('ezpolicy_limitation_value_s', 568, true);







SELECT pg_catalog.setval ('ezpreferences_s', 1, false);







SELECT pg_catalog.setval ('ezproductcollection_s', 1, false);







SELECT pg_catalog.setval ('ezproductcollection_item_s', 1, false);







SELECT pg_catalog.setval ('ezproductcollection_item_opt_s', 1, false);







SELECT pg_catalog.setval ('ezrole_s', 30, true);







SELECT pg_catalog.setval ('ezsearch_object_word_link_s', 14085, true);







SELECT pg_catalog.setval ('ezsearch_return_count_s', 1, false);







SELECT pg_catalog.setval ('ezsearch_search_phrase_s', 1, false);







SELECT pg_catalog.setval ('ezsearch_word_s', 2847, true);







SELECT pg_catalog.setval ('ezsection_s', 11, true);







SELECT pg_catalog.setval ('ezsubtree_notification_rule_s', 1, false);







SELECT pg_catalog.setval ('eztrigger_s', 1, false);







SELECT pg_catalog.setval ('ezurl_s', 1, false);







SELECT pg_catalog.setval ('ezurlalias_s', 4, true);







SELECT pg_catalog.setval ('ezuser_accountkey_s', 1, false);







SELECT pg_catalog.setval ('ezuser_discountrule_s', 1, false);







SELECT pg_catalog.setval ('ezuser_role_s', 34, true);







SELECT pg_catalog.setval ('ezvattype_s', 1, true);







SELECT pg_catalog.setval ('ezwaituntildatevalue_s', 1, false);







SELECT pg_catalog.setval ('ezwishlist_s', 1, false);







SELECT pg_catalog.setval ('ezworkflow_s', 1, false);







SELECT pg_catalog.setval ('ezworkflow_assign_s', 1, false);







SELECT pg_catalog.setval ('ezworkflow_event_s', 1, false);







SELECT pg_catalog.setval ('ezworkflow_group_s', 1, true);







SELECT pg_catalog.setval ('ezworkflow_process_s', 1, false);







SELECT pg_catalog.setval ('ezpdf_export_s', 1, false);







SELECT pg_catalog.setval ('ezrss_export_s', 1, false);







SELECT pg_catalog.setval ('ezrss_export_item_s', 1, false);







SELECT pg_catalog.setval ('ezrss_import_s', 1, false);







SELECT pg_catalog.setval ('ezimagefile_s', 76, true);


