INSERT INTO ezisbn_group (description, group_number, id) VALUES ('English speaking area',0,1);
INSERT INTO ezisbn_group (description, group_number, id) VALUES ('English speaking area',1,2);
INSERT INTO ezisbn_group (description, group_number, id) VALUES ('French speaking area',2,3);
INSERT INTO ezisbn_group (description, group_number, id) VALUES ('German speaking area',3,4);
INSERT INTO ezisbn_group (description, group_number, id) VALUES ('Japan',4,5);
INSERT INTO ezisbn_group (description, group_number, id) VALUES ('Russian Federation',5,6);
INSERT INTO ezisbn_group (description, group_number, id) VALUES ('Iran',600,7);
INSERT INTO ezisbn_group (description, group_number, id) VALUES ('Kazakhstan',601,8);
INSERT INTO ezisbn_group (description, group_number, id) VALUES ('Indonesia',602,9);
INSERT INTO ezisbn_group (description, group_number, id) VALUES ('Saudi Arabia',603,10);
INSERT INTO ezisbn_group (description, group_number, id) VALUES ('Vietnam',604,11);
INSERT INTO ezisbn_group (description, group_number, id) VALUES ('China, People\'s Republic',7,12);
INSERT INTO ezisbn_group (description, group_number, id) VALUES ('Czech Republic; Slovakia',80,13);
INSERT INTO ezisbn_group (description, group_number, id) VALUES ('India',81,14);
INSERT INTO ezisbn_group (description, group_number, id) VALUES ('Norway',82,15);
INSERT INTO ezisbn_group (description, group_number, id) VALUES ('Poland',83,16);
INSERT INTO ezisbn_group (description, group_number, id) VALUES ('Spain',84,17);
INSERT INTO ezisbn_group (description, group_number, id) VALUES ('Brazil',85,18);
INSERT INTO ezisbn_group (description, group_number, id) VALUES ('Serbia and Montenegro',86,19);
INSERT INTO ezisbn_group (description, group_number, id) VALUES ('Denmark',87,20);
INSERT INTO ezisbn_group (description, group_number, id) VALUES ('Italian speaking area',88,21);
INSERT INTO ezisbn_group (description, group_number, id) VALUES ('Korea',89,22);
INSERT INTO ezisbn_group (description, group_number, id) VALUES ('Netherlands, Belgium (Flemish)',90,23);
INSERT INTO ezisbn_group (description, group_number, id) VALUES ('Sweden',91,24);
INSERT INTO ezisbn_group (description, group_number, id) VALUES ('International Publishers (Unesco, EU), European Community Organizations',92,25);
INSERT INTO ezisbn_group (description, group_number, id) VALUES ('India - no ranges fixed yet',93,26);
INSERT INTO ezisbn_group (description, group_number, id) VALUES ('Argentina',950,27);
INSERT INTO ezisbn_group (description, group_number, id) VALUES ('Finland',951,28);
INSERT INTO ezisbn_group (description, group_number, id) VALUES ('Finland',952,29);
INSERT INTO ezisbn_group (description, group_number, id) VALUES ('Croatia',953,30);
INSERT INTO ezisbn_group (description, group_number, id) VALUES ('Bulgaria',954,31);
INSERT INTO ezisbn_group (description, group_number, id) VALUES ('Sri Lanka',955,32);
INSERT INTO ezisbn_group (description, group_number, id) VALUES ('Chile',956,33);
INSERT INTO ezisbn_group (description, group_number, id) VALUES ('Taiwan, China',957,34);
INSERT INTO ezisbn_group (description, group_number, id) VALUES ('Colombia',958,35);
INSERT INTO ezisbn_group (description, group_number, id) VALUES ('Cuba',959,36);
INSERT INTO ezisbn_group (description, group_number, id) VALUES ('Greece',960,37);
INSERT INTO ezisbn_group (description, group_number, id) VALUES ('Slovenia',961,38);
INSERT INTO ezisbn_group (description, group_number, id) VALUES ('Hong Kong',962,39);
INSERT INTO ezisbn_group (description, group_number, id) VALUES ('Hungary',963,40);
INSERT INTO ezisbn_group (description, group_number, id) VALUES ('Iran',964,41);
INSERT INTO ezisbn_group (description, group_number, id) VALUES ('Israel',965,42);
INSERT INTO ezisbn_group (description, group_number, id) VALUES ('Ukraine',966,43);
INSERT INTO ezisbn_group (description, group_number, id) VALUES ('Malaysia',967,44);
INSERT INTO ezisbn_group (description, group_number, id) VALUES ('Mexico',968,45);
INSERT INTO ezisbn_group (description, group_number, id) VALUES ('Pakistan',969,46);
INSERT INTO ezisbn_group (description, group_number, id) VALUES ('Mexico',970,47);
INSERT INTO ezisbn_group (description, group_number, id) VALUES ('Philippines?',971,48);
INSERT INTO ezisbn_group (description, group_number, id) VALUES ('Portugal',972,49);
INSERT INTO ezisbn_group (description, group_number, id) VALUES ('Romania',973,50);
INSERT INTO ezisbn_group (description, group_number, id) VALUES ('Thailand',974,51);
INSERT INTO ezisbn_group (description, group_number, id) VALUES ('Turkey',975,52);
INSERT INTO ezisbn_group (description, group_number, id) VALUES ('Caribbean Community',976,53);
INSERT INTO ezisbn_group (description, group_number, id) VALUES ('Egypr',977,54);
INSERT INTO ezisbn_group (description, group_number, id) VALUES ('Nigeria',978,55);
INSERT INTO ezisbn_group (description, group_number, id) VALUES ('Indonesia',979,56);
INSERT INTO ezisbn_group (description, group_number, id) VALUES ('Venezuela',980,57);
INSERT INTO ezisbn_group (description, group_number, id) VALUES ('Singapore',981,58);
INSERT INTO ezisbn_group (description, group_number, id) VALUES ('South Pacific',982,59);
INSERT INTO ezisbn_group (description, group_number, id) VALUES ('Malaysia',983,60);
INSERT INTO ezisbn_group (description, group_number, id) VALUES ('Bangladesh',984,61);
INSERT INTO ezisbn_group (description, group_number, id) VALUES ('Belarus',985,62);
INSERT INTO ezisbn_group (description, group_number, id) VALUES ('Taiwan, China',986,63);
INSERT INTO ezisbn_group (description, group_number, id) VALUES ('Argentina',987,64);
INSERT INTO ezisbn_group (description, group_number, id) VALUES ('Hongkong',988,65);
INSERT INTO ezisbn_group (description, group_number, id) VALUES ('Portugal',989,66);
INSERT INTO ezisbn_group (description, group_number, id) VALUES ('Nepal',9937,67);
INSERT INTO ezisbn_group (description, group_number, id) VALUES ('Tunisia',9938,68);
INSERT INTO ezisbn_group (description, group_number, id) VALUES ('Armenia',9939,69);
INSERT INTO ezisbn_group (description, group_number, id) VALUES ('Montenegro',9940,70);
INSERT INTO ezisbn_group (description, group_number, id) VALUES ('Georgia',9941,71);
INSERT INTO ezisbn_group (description, group_number, id) VALUES ('Ecuador',9942,72);
INSERT INTO ezisbn_group (description, group_number, id) VALUES ('Uzbekistan',9943,73);
INSERT INTO ezisbn_group (description, group_number, id) VALUES ('Turkey',9944,74);
INSERT INTO ezisbn_group (description, group_number, id) VALUES ('Dominican Republic',9945,75);
INSERT INTO ezisbn_group (description, group_number, id) VALUES ('Korea, P.D.R.',9946,76);
INSERT INTO ezisbn_group (description, group_number, id) VALUES ('Algeria',9947,77);
INSERT INTO ezisbn_group (description, group_number, id) VALUES ('United Arab Emirates',9948,78);
INSERT INTO ezisbn_group (description, group_number, id) VALUES ('Estonia',9949,79);
INSERT INTO ezisbn_group (description, group_number, id) VALUES ('Palestine',9950,80);
INSERT INTO ezisbn_group (description, group_number, id) VALUES ('Kosova',9951,81);
INSERT INTO ezisbn_group (description, group_number, id) VALUES ('Azerbaijan',9952,82);
INSERT INTO ezisbn_group (description, group_number, id) VALUES ('Lebanon',9953,83);
INSERT INTO ezisbn_group (description, group_number, id) VALUES ('Morocco',9954,84);
INSERT INTO ezisbn_group (description, group_number, id) VALUES ('Lithuania',9955,85);
INSERT INTO ezisbn_group (description, group_number, id) VALUES ('Cameroon',9956,86);
INSERT INTO ezisbn_group (description, group_number, id) VALUES ('Jordan',9957,87);
INSERT INTO ezisbn_group (description, group_number, id) VALUES ('Bosnia and Herzegovina',9958,88);
INSERT INTO ezisbn_group (description, group_number, id) VALUES ('Libya',9959,89);
INSERT INTO ezisbn_group (description, group_number, id) VALUES ('Saudi Arabia',9960,90);
INSERT INTO ezisbn_group (description, group_number, id) VALUES ('Algeria',9961,91);
INSERT INTO ezisbn_group (description, group_number, id) VALUES ('Panama',9962,92);
INSERT INTO ezisbn_group (description, group_number, id) VALUES ('Cyprus',9963,93);
INSERT INTO ezisbn_group (description, group_number, id) VALUES ('Ghana',9964,94);
INSERT INTO ezisbn_group (description, group_number, id) VALUES ('Kazakhstan',9965,95);
INSERT INTO ezisbn_group (description, group_number, id) VALUES ('Kenya',9966,96);
INSERT INTO ezisbn_group (description, group_number, id) VALUES ('Kyrgyzstan',9967,97);
INSERT INTO ezisbn_group (description, group_number, id) VALUES ('Costa Rica',9968,98);
INSERT INTO ezisbn_group (description, group_number, id) VALUES ('Uganda',9970,99);
INSERT INTO ezisbn_group (description, group_number, id) VALUES ('Singapore',9971,100);
INSERT INTO ezisbn_group (description, group_number, id) VALUES ('Peru',9972,101);
INSERT INTO ezisbn_group (description, group_number, id) VALUES ('Tunisia',9973,102);
INSERT INTO ezisbn_group (description, group_number, id) VALUES ('Uruguay',9974,103);
INSERT INTO ezisbn_group (description, group_number, id) VALUES ('Moldova',9975,104);
INSERT INTO ezisbn_group (description, group_number, id) VALUES ('Tanzania',9976,105);
INSERT INTO ezisbn_group (description, group_number, id) VALUES ('Costa Rica',9977,106);
INSERT INTO ezisbn_group (description, group_number, id) VALUES ('Ecuador',9978,107);
INSERT INTO ezisbn_group (description, group_number, id) VALUES ('Iceland',9979,108);
INSERT INTO ezisbn_group (description, group_number, id) VALUES ('Papua New Guinea',9980,109);
INSERT INTO ezisbn_group (description, group_number, id) VALUES ('Morocco',9981,110);
INSERT INTO ezisbn_group (description, group_number, id) VALUES ('Zambia',9982,111);
INSERT INTO ezisbn_group (description, group_number, id) VALUES ('Gambia',9983,112);
INSERT INTO ezisbn_group (description, group_number, id) VALUES ('Latvia',9984,113);
INSERT INTO ezisbn_group (description, group_number, id) VALUES ('Estonia',9985,114);
INSERT INTO ezisbn_group (description, group_number, id) VALUES ('Lithuania',9986,115);
INSERT INTO ezisbn_group (description, group_number, id) VALUES ('Tanzania',9987,116);
INSERT INTO ezisbn_group (description, group_number, id) VALUES ('Ghana',9988,117);
INSERT INTO ezisbn_group (description, group_number, id) VALUES ('Macedonia',9989,118);
INSERT INTO ezisbn_group (description, group_number, id) VALUES ('Bahrain',99901,119);
INSERT INTO ezisbn_group (description, group_number, id) VALUES ('Gabon - no ranges fixed yet',99902,120);
INSERT INTO ezisbn_group (description, group_number, id) VALUES ('Mauritius',99903,121);
INSERT INTO ezisbn_group (description, group_number, id) VALUES ('Netherlands Antilles; Aruba, Neth. Ant',99904,122);
INSERT INTO ezisbn_group (description, group_number, id) VALUES ('Bolivia',99905,123);
INSERT INTO ezisbn_group (description, group_number, id) VALUES ('Kuwait',99906,124);
INSERT INTO ezisbn_group (description, group_number, id) VALUES ('Malawi',99908,125);
INSERT INTO ezisbn_group (description, group_number, id) VALUES ('Malta',99909,126);
INSERT INTO ezisbn_group (description, group_number, id) VALUES ('Sierra Leone',99910,127);
INSERT INTO ezisbn_group (description, group_number, id) VALUES ('Lesotho',99911,128);
INSERT INTO ezisbn_group (description, group_number, id) VALUES ('Botswana',99912,129);
INSERT INTO ezisbn_group (description, group_number, id) VALUES ('Andorra',99913,130);
INSERT INTO ezisbn_group (description, group_number, id) VALUES ('Suriname',99914,131);
INSERT INTO ezisbn_group (description, group_number, id) VALUES ('Maldives',99915,132);
INSERT INTO ezisbn_group (description, group_number, id) VALUES ('Namibia',99916,133);
INSERT INTO ezisbn_group (description, group_number, id) VALUES ('Brunei Darussalam',99917,134);
INSERT INTO ezisbn_group (description, group_number, id) VALUES ('Faroe Islands',99918,135);
INSERT INTO ezisbn_group (description, group_number, id) VALUES ('Benin',99919,136);
INSERT INTO ezisbn_group (description, group_number, id) VALUES ('Andorra',99920,137);
INSERT INTO ezisbn_group (description, group_number, id) VALUES ('Qatar',99921,138);
INSERT INTO ezisbn_group (description, group_number, id) VALUES ('Guatemala',99922,139);
INSERT INTO ezisbn_group (description, group_number, id) VALUES ('El Salvador',99923,140);
INSERT INTO ezisbn_group (description, group_number, id) VALUES ('Nicaragua',99924,141);
INSERT INTO ezisbn_group (description, group_number, id) VALUES ('Paraguay',99925,142);
INSERT INTO ezisbn_group (description, group_number, id) VALUES ('Honduras',99926,143);
INSERT INTO ezisbn_group (description, group_number, id) VALUES ('Albania',99927,144);
INSERT INTO ezisbn_group (description, group_number, id) VALUES ('Georgia',99928,145);
INSERT INTO ezisbn_group (description, group_number, id) VALUES ('Mongolia',99929,146);
INSERT INTO ezisbn_group (description, group_number, id) VALUES ('Armenia',99930,147);
INSERT INTO ezisbn_group (description, group_number, id) VALUES ('Seychelles',99931,148);
INSERT INTO ezisbn_group (description, group_number, id) VALUES ('Malta',99932,149);
INSERT INTO ezisbn_group (description, group_number, id) VALUES ('Nepal',99933,150);
INSERT INTO ezisbn_group (description, group_number, id) VALUES ('Dominican Republic',99934,151);
INSERT INTO ezisbn_group (description, group_number, id) VALUES ('Haiti',99935,152);
INSERT INTO ezisbn_group (description, group_number, id) VALUES ('Bhutan',99936,153);
INSERT INTO ezisbn_group (description, group_number, id) VALUES ('Macau',99937,154);
INSERT INTO ezisbn_group (description, group_number, id) VALUES ('Srpska',99938,155);
INSERT INTO ezisbn_group (description, group_number, id) VALUES ('Guatemala',99939,156);
INSERT INTO ezisbn_group (description, group_number, id) VALUES ('Georgia',99940,157);
INSERT INTO ezisbn_group (description, group_number, id) VALUES ('Armenia',99941,158);
INSERT INTO ezisbn_group (description, group_number, id) VALUES ('Sudan',99942,159);
INSERT INTO ezisbn_group (description, group_number, id) VALUES ('Alsbania',99943,160);
INSERT INTO ezisbn_group (description, group_number, id) VALUES ('Ethiopia',99944,161);
INSERT INTO ezisbn_group (description, group_number, id) VALUES ('Namibia',99945,162);
INSERT INTO ezisbn_group (description, group_number, id) VALUES ('Nepal',99946,163);
INSERT INTO ezisbn_group (description, group_number, id) VALUES ('Tajikistan',99947,164);
INSERT INTO ezisbn_group (description, group_number, id) VALUES ('Eritrea',99948,165);
INSERT INTO ezisbn_group (description, group_number, id) VALUES ('Mauritius',99949,166);
INSERT INTO ezisbn_group (description, group_number, id) VALUES ('Cambodia',99950,167);
INSERT INTO ezisbn_group (description, group_number, id) VALUES ('Congo - no ranges fixed yet',99951,168);
INSERT INTO ezisbn_group (description, group_number, id) VALUES ('Mali',99952,169);
INSERT INTO ezisbn_group (description, group_number, id) VALUES ('Paraguay',99953,170);
INSERT INTO ezisbn_group (description, group_number, id) VALUES ('Bolivia',99954,171);
INSERT INTO ezisbn_group (description, group_number, id) VALUES ('Srpska',99955,172);
INSERT INTO ezisbn_group (description, group_number, id) VALUES ('Albania',99956,173);
SELECT setval('ezisbn_group_s',max(id)+1) FROM ezisbn_group;

INSERT INTO ezisbn_group_range (from_number, group_from, group_length, group_to, id, to_number) VALUES (0,'0',1,'5',1,59999);
INSERT INTO ezisbn_group_range (from_number, group_from, group_length, group_to, id, to_number) VALUES (70000,'7',1,'7',2,79999);
INSERT INTO ezisbn_group_range (from_number, group_from, group_length, group_to, id, to_number) VALUES (60000,'600',3,'604',3,60499);
INSERT INTO ezisbn_group_range (from_number, group_from, group_length, group_to, id, to_number) VALUES (95000,'950',3,'989',4,98999);
INSERT INTO ezisbn_group_range (from_number, group_from, group_length, group_to, id, to_number) VALUES (80000,'80',2,'93',5,93999);
INSERT INTO ezisbn_group_range (from_number, group_from, group_length, group_to, id, to_number) VALUES (99370,'9937',4,'9968',6,99689);
INSERT INTO ezisbn_group_range (from_number, group_from, group_length, group_to, id, to_number) VALUES (99700,'9970',4,'9989',7,99899);
INSERT INTO ezisbn_group_range (from_number, group_from, group_length, group_to, id, to_number) VALUES (99901,'99901',5,'99906',8,99906);
INSERT INTO ezisbn_group_range (from_number, group_from, group_length, group_to, id, to_number) VALUES (99908,'99908',5,'99956',9,99956);
SELECT setval('ezisbn_group_range_s',max(id)+1) FROM ezisbn_group_range;

INSERT INTO ezisbn_registrant_range (from_number, id, isbn_group_id, registrant_from, registrant_length, registrant_to, to_number) VALUES (0,1,1,'00',2,'19',19999);
INSERT INTO ezisbn_registrant_range (from_number, id, isbn_group_id, registrant_from, registrant_length, registrant_to, to_number) VALUES (20000,2,1,'200',3,'699',69999);
INSERT INTO ezisbn_registrant_range (from_number, id, isbn_group_id, registrant_from, registrant_length, registrant_to, to_number) VALUES (70000,3,1,'7000',4,'8499',84999);
INSERT INTO ezisbn_registrant_range (from_number, id, isbn_group_id, registrant_from, registrant_length, registrant_to, to_number) VALUES (85000,4,1,'85000',5,'89999',89999);
INSERT INTO ezisbn_registrant_range (from_number, id, isbn_group_id, registrant_from, registrant_length, registrant_to, to_number) VALUES (90000,5,1,'900000',6,'949999',94999);
INSERT INTO ezisbn_registrant_range (from_number, id, isbn_group_id, registrant_from, registrant_length, registrant_to, to_number) VALUES (95000,6,1,'9500000',7,'9999999',99999);
INSERT INTO ezisbn_registrant_range (from_number, id, isbn_group_id, registrant_from, registrant_length, registrant_to, to_number) VALUES (0,7,2,'00',2,'09',9999);
INSERT INTO ezisbn_registrant_range (from_number, id, isbn_group_id, registrant_from, registrant_length, registrant_to, to_number) VALUES (10000,8,2,'100',3,'399',39999);
INSERT INTO ezisbn_registrant_range (from_number, id, isbn_group_id, registrant_from, registrant_length, registrant_to, to_number) VALUES (40000,9,2,'4000',4,'5499',54999);
INSERT INTO ezisbn_registrant_range (from_number, id, isbn_group_id, registrant_from, registrant_length, registrant_to, to_number) VALUES (55000,10,2,'55000',5,'86979',86979);
INSERT INTO ezisbn_registrant_range (from_number, id, isbn_group_id, registrant_from, registrant_length, registrant_to, to_number) VALUES (86980,11,2,'869800',6,'998999',99899);
INSERT INTO ezisbn_registrant_range (from_number, id, isbn_group_id, registrant_from, registrant_length, registrant_to, to_number) VALUES (0,12,3,'00',2,'19',19999);
INSERT INTO ezisbn_registrant_range (from_number, id, isbn_group_id, registrant_from, registrant_length, registrant_to, to_number) VALUES (20000,13,3,'200',3,'349',34999);
INSERT INTO ezisbn_registrant_range (from_number, id, isbn_group_id, registrant_from, registrant_length, registrant_to, to_number) VALUES (35000,14,3,'35000',5,'39999',39999);
INSERT INTO ezisbn_registrant_range (from_number, id, isbn_group_id, registrant_from, registrant_length, registrant_to, to_number) VALUES (40000,15,3,'400',3,'699',69999);
INSERT INTO ezisbn_registrant_range (from_number, id, isbn_group_id, registrant_from, registrant_length, registrant_to, to_number) VALUES (70000,16,3,'7000',4,'8399',83999);
INSERT INTO ezisbn_registrant_range (from_number, id, isbn_group_id, registrant_from, registrant_length, registrant_to, to_number) VALUES (84000,17,3,'84000',5,'89999',89999);
INSERT INTO ezisbn_registrant_range (from_number, id, isbn_group_id, registrant_from, registrant_length, registrant_to, to_number) VALUES (90000,18,3,'900000',6,'949999',94999);
INSERT INTO ezisbn_registrant_range (from_number, id, isbn_group_id, registrant_from, registrant_length, registrant_to, to_number) VALUES (95000,19,3,'9500000',7,'9999999',99999);
INSERT INTO ezisbn_registrant_range (from_number, id, isbn_group_id, registrant_from, registrant_length, registrant_to, to_number) VALUES (0,20,4,'00',2,'02',2999);
INSERT INTO ezisbn_registrant_range (from_number, id, isbn_group_id, registrant_from, registrant_length, registrant_to, to_number) VALUES (3000,21,4,'030',3,'033',3399);
INSERT INTO ezisbn_registrant_range (from_number, id, isbn_group_id, registrant_from, registrant_length, registrant_to, to_number) VALUES (3400,22,4,'0340',4,'0369',3699);
INSERT INTO ezisbn_registrant_range (from_number, id, isbn_group_id, registrant_from, registrant_length, registrant_to, to_number) VALUES (3700,23,4,'03700',5,'03999',3999);
INSERT INTO ezisbn_registrant_range (from_number, id, isbn_group_id, registrant_from, registrant_length, registrant_to, to_number) VALUES (4000,24,4,'04',2,'19',19999);
INSERT INTO ezisbn_registrant_range (from_number, id, isbn_group_id, registrant_from, registrant_length, registrant_to, to_number) VALUES (20000,25,4,'200',3,'699',69999);
INSERT INTO ezisbn_registrant_range (from_number, id, isbn_group_id, registrant_from, registrant_length, registrant_to, to_number) VALUES (70000,26,4,'7000',4,'8499',84999);
INSERT INTO ezisbn_registrant_range (from_number, id, isbn_group_id, registrant_from, registrant_length, registrant_to, to_number) VALUES (85000,27,4,'85000',5,'89999',89999);
INSERT INTO ezisbn_registrant_range (from_number, id, isbn_group_id, registrant_from, registrant_length, registrant_to, to_number) VALUES (90000,28,4,'900000',6,'949999',94999);
INSERT INTO ezisbn_registrant_range (from_number, id, isbn_group_id, registrant_from, registrant_length, registrant_to, to_number) VALUES (95000,29,4,'9500000',7,'9999999',99999);
INSERT INTO ezisbn_registrant_range (from_number, id, isbn_group_id, registrant_from, registrant_length, registrant_to, to_number) VALUES (0,30,5,'00',2,'19',19999);
INSERT INTO ezisbn_registrant_range (from_number, id, isbn_group_id, registrant_from, registrant_length, registrant_to, to_number) VALUES (20000,31,5,'200',3,'699',69999);
INSERT INTO ezisbn_registrant_range (from_number, id, isbn_group_id, registrant_from, registrant_length, registrant_to, to_number) VALUES (70000,32,5,'7000',4,'8499',84999);
INSERT INTO ezisbn_registrant_range (from_number, id, isbn_group_id, registrant_from, registrant_length, registrant_to, to_number) VALUES (85000,33,5,'85000',5,'89999',89999);
INSERT INTO ezisbn_registrant_range (from_number, id, isbn_group_id, registrant_from, registrant_length, registrant_to, to_number) VALUES (90000,34,5,'900000',6,'949999',94999);
INSERT INTO ezisbn_registrant_range (from_number, id, isbn_group_id, registrant_from, registrant_length, registrant_to, to_number) VALUES (95000,35,5,'9500000',7,'9999999',99999);
INSERT INTO ezisbn_registrant_range (from_number, id, isbn_group_id, registrant_from, registrant_length, registrant_to, to_number) VALUES (0,36,6,'00',2,'19',19999);
INSERT INTO ezisbn_registrant_range (from_number, id, isbn_group_id, registrant_from, registrant_length, registrant_to, to_number) VALUES (20000,37,6,'200',3,'699',69999);
INSERT INTO ezisbn_registrant_range (from_number, id, isbn_group_id, registrant_from, registrant_length, registrant_to, to_number) VALUES (70000,38,6,'7000',4,'8499',84999);
INSERT INTO ezisbn_registrant_range (from_number, id, isbn_group_id, registrant_from, registrant_length, registrant_to, to_number) VALUES (85000,39,6,'85000',5,'89999',89999);
INSERT INTO ezisbn_registrant_range (from_number, id, isbn_group_id, registrant_from, registrant_length, registrant_to, to_number) VALUES (90000,40,6,'900000',6,'909999',90999);
INSERT INTO ezisbn_registrant_range (from_number, id, isbn_group_id, registrant_from, registrant_length, registrant_to, to_number) VALUES (91000,41,6,'91000',5,'91999',91999);
INSERT INTO ezisbn_registrant_range (from_number, id, isbn_group_id, registrant_from, registrant_length, registrant_to, to_number) VALUES (92000,42,6,'9200',4,'9299',92999);
INSERT INTO ezisbn_registrant_range (from_number, id, isbn_group_id, registrant_from, registrant_length, registrant_to, to_number) VALUES (93000,43,6,'93000',5,'94999',94999);
INSERT INTO ezisbn_registrant_range (from_number, id, isbn_group_id, registrant_from, registrant_length, registrant_to, to_number) VALUES (95000,44,6,'9500',4,'9799',97999);
INSERT INTO ezisbn_registrant_range (from_number, id, isbn_group_id, registrant_from, registrant_length, registrant_to, to_number) VALUES (98000,45,6,'98000',5,'98999',98999);
INSERT INTO ezisbn_registrant_range (from_number, id, isbn_group_id, registrant_from, registrant_length, registrant_to, to_number) VALUES (99000,46,6,'9900000',7,'9909999',99099);
INSERT INTO ezisbn_registrant_range (from_number, id, isbn_group_id, registrant_from, registrant_length, registrant_to, to_number) VALUES (99100,47,6,'9910',4,'9999',99999);
INSERT INTO ezisbn_registrant_range (from_number, id, isbn_group_id, registrant_from, registrant_length, registrant_to, to_number) VALUES (0,48,7,'00',2,'09',9999);
INSERT INTO ezisbn_registrant_range (from_number, id, isbn_group_id, registrant_from, registrant_length, registrant_to, to_number) VALUES (10000,49,7,'100',3,'499',49999);
INSERT INTO ezisbn_registrant_range (from_number, id, isbn_group_id, registrant_from, registrant_length, registrant_to, to_number) VALUES (50000,50,7,'5000',4,'8999',89999);
INSERT INTO ezisbn_registrant_range (from_number, id, isbn_group_id, registrant_from, registrant_length, registrant_to, to_number) VALUES (90000,51,7,'90000',5,'99999',99999);
INSERT INTO ezisbn_registrant_range (from_number, id, isbn_group_id, registrant_from, registrant_length, registrant_to, to_number) VALUES (0,52,8,'00',2,'19',19999);
INSERT INTO ezisbn_registrant_range (from_number, id, isbn_group_id, registrant_from, registrant_length, registrant_to, to_number) VALUES (20000,53,8,'200',3,'699',69999);
INSERT INTO ezisbn_registrant_range (from_number, id, isbn_group_id, registrant_from, registrant_length, registrant_to, to_number) VALUES (70000,54,8,'7000',4,'7999',79999);
INSERT INTO ezisbn_registrant_range (from_number, id, isbn_group_id, registrant_from, registrant_length, registrant_to, to_number) VALUES (80000,55,8,'80000',5,'84999',84999);
INSERT INTO ezisbn_registrant_range (from_number, id, isbn_group_id, registrant_from, registrant_length, registrant_to, to_number) VALUES (85000,56,8,'85',2,'99',99999);
INSERT INTO ezisbn_registrant_range (from_number, id, isbn_group_id, registrant_from, registrant_length, registrant_to, to_number) VALUES (0,57,9,'00',2,'19',19999);
INSERT INTO ezisbn_registrant_range (from_number, id, isbn_group_id, registrant_from, registrant_length, registrant_to, to_number) VALUES (20000,58,9,'200',3,'799',79999);
INSERT INTO ezisbn_registrant_range (from_number, id, isbn_group_id, registrant_from, registrant_length, registrant_to, to_number) VALUES (80000,59,9,'8000',4,'9499',94999);
INSERT INTO ezisbn_registrant_range (from_number, id, isbn_group_id, registrant_from, registrant_length, registrant_to, to_number) VALUES (95000,60,9,'95000',5,'99999',99999);
INSERT INTO ezisbn_registrant_range (from_number, id, isbn_group_id, registrant_from, registrant_length, registrant_to, to_number) VALUES (0,61,10,'00',2,'04',4999);
INSERT INTO ezisbn_registrant_range (from_number, id, isbn_group_id, registrant_from, registrant_length, registrant_to, to_number) VALUES (50000,62,10,'500',3,'799',79999);
INSERT INTO ezisbn_registrant_range (from_number, id, isbn_group_id, registrant_from, registrant_length, registrant_to, to_number) VALUES (80000,63,10,'8000',4,'8999',89999);
INSERT INTO ezisbn_registrant_range (from_number, id, isbn_group_id, registrant_from, registrant_length, registrant_to, to_number) VALUES (90000,64,10,'90000',5,'99999',99999);
INSERT INTO ezisbn_registrant_range (from_number, id, isbn_group_id, registrant_from, registrant_length, registrant_to, to_number) VALUES (0,65,11,'0',1,'4',49999);
INSERT INTO ezisbn_registrant_range (from_number, id, isbn_group_id, registrant_from, registrant_length, registrant_to, to_number) VALUES (50000,66,11,'50',2,'89',89999);
INSERT INTO ezisbn_registrant_range (from_number, id, isbn_group_id, registrant_from, registrant_length, registrant_to, to_number) VALUES (90000,67,11,'900',3,'979',97999);
INSERT INTO ezisbn_registrant_range (from_number, id, isbn_group_id, registrant_from, registrant_length, registrant_to, to_number) VALUES (98000,68,11,'9800',4,'9999',99999);
INSERT INTO ezisbn_registrant_range (from_number, id, isbn_group_id, registrant_from, registrant_length, registrant_to, to_number) VALUES (0,69,12,'00',2,'09',9999);
INSERT INTO ezisbn_registrant_range (from_number, id, isbn_group_id, registrant_from, registrant_length, registrant_to, to_number) VALUES (10000,70,12,'100',3,'499',49999);
INSERT INTO ezisbn_registrant_range (from_number, id, isbn_group_id, registrant_from, registrant_length, registrant_to, to_number) VALUES (50000,71,12,'5000',4,'7999',79999);
INSERT INTO ezisbn_registrant_range (from_number, id, isbn_group_id, registrant_from, registrant_length, registrant_to, to_number) VALUES (80000,72,12,'80000',5,'89999',89999);
INSERT INTO ezisbn_registrant_range (from_number, id, isbn_group_id, registrant_from, registrant_length, registrant_to, to_number) VALUES (90000,73,12,'900000',6,'999999',99999);
INSERT INTO ezisbn_registrant_range (from_number, id, isbn_group_id, registrant_from, registrant_length, registrant_to, to_number) VALUES (0,74,13,'00',2,'19',19999);
INSERT INTO ezisbn_registrant_range (from_number, id, isbn_group_id, registrant_from, registrant_length, registrant_to, to_number) VALUES (20000,75,13,'200',3,'699',69999);
INSERT INTO ezisbn_registrant_range (from_number, id, isbn_group_id, registrant_from, registrant_length, registrant_to, to_number) VALUES (70000,76,13,'7000',4,'8499',84999);
INSERT INTO ezisbn_registrant_range (from_number, id, isbn_group_id, registrant_from, registrant_length, registrant_to, to_number) VALUES (85000,77,13,'85000',5,'89999',89999);
INSERT INTO ezisbn_registrant_range (from_number, id, isbn_group_id, registrant_from, registrant_length, registrant_to, to_number) VALUES (90000,78,13,'900000',6,'999999',99999);
INSERT INTO ezisbn_registrant_range (from_number, id, isbn_group_id, registrant_from, registrant_length, registrant_to, to_number) VALUES (0,79,14,'00',2,'19',19999);
INSERT INTO ezisbn_registrant_range (from_number, id, isbn_group_id, registrant_from, registrant_length, registrant_to, to_number) VALUES (20000,80,14,'200',3,'699',69999);
INSERT INTO ezisbn_registrant_range (from_number, id, isbn_group_id, registrant_from, registrant_length, registrant_to, to_number) VALUES (70000,81,14,'7000',4,'8499',84999);
INSERT INTO ezisbn_registrant_range (from_number, id, isbn_group_id, registrant_from, registrant_length, registrant_to, to_number) VALUES (85000,82,14,'85000',5,'89999',89999);
INSERT INTO ezisbn_registrant_range (from_number, id, isbn_group_id, registrant_from, registrant_length, registrant_to, to_number) VALUES (90000,83,14,'900000',6,'999999',99999);
INSERT INTO ezisbn_registrant_range (from_number, id, isbn_group_id, registrant_from, registrant_length, registrant_to, to_number) VALUES (0,84,15,'00',2,'19',19999);
INSERT INTO ezisbn_registrant_range (from_number, id, isbn_group_id, registrant_from, registrant_length, registrant_to, to_number) VALUES (20000,85,15,'200',3,'699',69999);
INSERT INTO ezisbn_registrant_range (from_number, id, isbn_group_id, registrant_from, registrant_length, registrant_to, to_number) VALUES (70000,86,15,'7000',4,'8999',89999);
INSERT INTO ezisbn_registrant_range (from_number, id, isbn_group_id, registrant_from, registrant_length, registrant_to, to_number) VALUES (90000,87,15,'90000',5,'98999',98999);
INSERT INTO ezisbn_registrant_range (from_number, id, isbn_group_id, registrant_from, registrant_length, registrant_to, to_number) VALUES (99000,88,15,'990000',6,'999999',99999);
INSERT INTO ezisbn_registrant_range (from_number, id, isbn_group_id, registrant_from, registrant_length, registrant_to, to_number) VALUES (0,89,16,'00',2,'19',19999);
INSERT INTO ezisbn_registrant_range (from_number, id, isbn_group_id, registrant_from, registrant_length, registrant_to, to_number) VALUES (20000,90,16,'200',3,'599',59999);
INSERT INTO ezisbn_registrant_range (from_number, id, isbn_group_id, registrant_from, registrant_length, registrant_to, to_number) VALUES (60000,91,16,'60000',5,'69999',69999);
INSERT INTO ezisbn_registrant_range (from_number, id, isbn_group_id, registrant_from, registrant_length, registrant_to, to_number) VALUES (70000,92,16,'7000',4,'8499',84999);
INSERT INTO ezisbn_registrant_range (from_number, id, isbn_group_id, registrant_from, registrant_length, registrant_to, to_number) VALUES (85000,93,16,'85000',5,'89999',89999);
INSERT INTO ezisbn_registrant_range (from_number, id, isbn_group_id, registrant_from, registrant_length, registrant_to, to_number) VALUES (90000,94,16,'900000',6,'999999',99999);
INSERT INTO ezisbn_registrant_range (from_number, id, isbn_group_id, registrant_from, registrant_length, registrant_to, to_number) VALUES (0,95,17,'00',2,'19',19999);
INSERT INTO ezisbn_registrant_range (from_number, id, isbn_group_id, registrant_from, registrant_length, registrant_to, to_number) VALUES (20000,96,17,'200',3,'699',69999);
INSERT INTO ezisbn_registrant_range (from_number, id, isbn_group_id, registrant_from, registrant_length, registrant_to, to_number) VALUES (70000,97,17,'7000',4,'8499',84999);
INSERT INTO ezisbn_registrant_range (from_number, id, isbn_group_id, registrant_from, registrant_length, registrant_to, to_number) VALUES (85000,98,17,'85000',5,'89999',89999);
INSERT INTO ezisbn_registrant_range (from_number, id, isbn_group_id, registrant_from, registrant_length, registrant_to, to_number) VALUES (90000,99,17,'9000',4,'9199',91999);
INSERT INTO ezisbn_registrant_range (from_number, id, isbn_group_id, registrant_from, registrant_length, registrant_to, to_number) VALUES (92000,100,17,'920000',6,'923999',92399);
INSERT INTO ezisbn_registrant_range (from_number, id, isbn_group_id, registrant_from, registrant_length, registrant_to, to_number) VALUES (92400,101,17,'92400',5,'92999',92999);
INSERT INTO ezisbn_registrant_range (from_number, id, isbn_group_id, registrant_from, registrant_length, registrant_to, to_number) VALUES (93000,102,17,'930000',6,'949999',94999);
INSERT INTO ezisbn_registrant_range (from_number, id, isbn_group_id, registrant_from, registrant_length, registrant_to, to_number) VALUES (95000,103,17,'95000',5,'96999',96999);
INSERT INTO ezisbn_registrant_range (from_number, id, isbn_group_id, registrant_from, registrant_length, registrant_to, to_number) VALUES (97000,104,17,'9700',4,'9999',99999);
INSERT INTO ezisbn_registrant_range (from_number, id, isbn_group_id, registrant_from, registrant_length, registrant_to, to_number) VALUES (0,105,18,'00',2,'19',19999);
INSERT INTO ezisbn_registrant_range (from_number, id, isbn_group_id, registrant_from, registrant_length, registrant_to, to_number) VALUES (20000,106,18,'200',3,'599',59999);
INSERT INTO ezisbn_registrant_range (from_number, id, isbn_group_id, registrant_from, registrant_length, registrant_to, to_number) VALUES (60000,107,18,'60000',5,'69999',69999);
INSERT INTO ezisbn_registrant_range (from_number, id, isbn_group_id, registrant_from, registrant_length, registrant_to, to_number) VALUES (70000,108,18,'7000',4,'8499',84999);
INSERT INTO ezisbn_registrant_range (from_number, id, isbn_group_id, registrant_from, registrant_length, registrant_to, to_number) VALUES (85000,109,18,'85000',5,'89999',89999);
INSERT INTO ezisbn_registrant_range (from_number, id, isbn_group_id, registrant_from, registrant_length, registrant_to, to_number) VALUES (90000,110,18,'900000',6,'979999',97999);
INSERT INTO ezisbn_registrant_range (from_number, id, isbn_group_id, registrant_from, registrant_length, registrant_to, to_number) VALUES (98000,111,18,'98000',5,'99999',99999);
INSERT INTO ezisbn_registrant_range (from_number, id, isbn_group_id, registrant_from, registrant_length, registrant_to, to_number) VALUES (0,112,19,'00',2,'29',29999);
INSERT INTO ezisbn_registrant_range (from_number, id, isbn_group_id, registrant_from, registrant_length, registrant_to, to_number) VALUES (30000,113,19,'300',3,'599',59999);
INSERT INTO ezisbn_registrant_range (from_number, id, isbn_group_id, registrant_from, registrant_length, registrant_to, to_number) VALUES (60000,114,19,'6000',4,'7999',79999);
INSERT INTO ezisbn_registrant_range (from_number, id, isbn_group_id, registrant_from, registrant_length, registrant_to, to_number) VALUES (80000,115,19,'80000',5,'89999',89999);
INSERT INTO ezisbn_registrant_range (from_number, id, isbn_group_id, registrant_from, registrant_length, registrant_to, to_number) VALUES (90000,116,19,'900000',6,'999999',99999);
INSERT INTO ezisbn_registrant_range (from_number, id, isbn_group_id, registrant_from, registrant_length, registrant_to, to_number) VALUES (0,117,20,'00',2,'29',29999);
INSERT INTO ezisbn_registrant_range (from_number, id, isbn_group_id, registrant_from, registrant_length, registrant_to, to_number) VALUES (40000,118,20,'400',3,'649',64999);
INSERT INTO ezisbn_registrant_range (from_number, id, isbn_group_id, registrant_from, registrant_length, registrant_to, to_number) VALUES (70000,119,20,'7000',4,'7999',79999);
INSERT INTO ezisbn_registrant_range (from_number, id, isbn_group_id, registrant_from, registrant_length, registrant_to, to_number) VALUES (85000,120,20,'85000',5,'94999',94999);
INSERT INTO ezisbn_registrant_range (from_number, id, isbn_group_id, registrant_from, registrant_length, registrant_to, to_number) VALUES (97000,121,20,'970000',6,'999999',99999);
INSERT INTO ezisbn_registrant_range (from_number, id, isbn_group_id, registrant_from, registrant_length, registrant_to, to_number) VALUES (0,122,21,'00',2,'19',19999);
INSERT INTO ezisbn_registrant_range (from_number, id, isbn_group_id, registrant_from, registrant_length, registrant_to, to_number) VALUES (20000,123,21,'200',3,'599',59999);
INSERT INTO ezisbn_registrant_range (from_number, id, isbn_group_id, registrant_from, registrant_length, registrant_to, to_number) VALUES (60000,124,21,'6000',4,'8499',84999);
INSERT INTO ezisbn_registrant_range (from_number, id, isbn_group_id, registrant_from, registrant_length, registrant_to, to_number) VALUES (85000,125,21,'85000',5,'89999',89999);
INSERT INTO ezisbn_registrant_range (from_number, id, isbn_group_id, registrant_from, registrant_length, registrant_to, to_number) VALUES (90000,126,21,'900000',6,'949999',94999);
INSERT INTO ezisbn_registrant_range (from_number, id, isbn_group_id, registrant_from, registrant_length, registrant_to, to_number) VALUES (95000,127,21,'95000',5,'99999',99999);
INSERT INTO ezisbn_registrant_range (from_number, id, isbn_group_id, registrant_from, registrant_length, registrant_to, to_number) VALUES (0,128,22,'00',2,'24',24999);
INSERT INTO ezisbn_registrant_range (from_number, id, isbn_group_id, registrant_from, registrant_length, registrant_to, to_number) VALUES (25000,129,22,'250',3,'549',54999);
INSERT INTO ezisbn_registrant_range (from_number, id, isbn_group_id, registrant_from, registrant_length, registrant_to, to_number) VALUES (55000,130,22,'5500',4,'8499',84999);
INSERT INTO ezisbn_registrant_range (from_number, id, isbn_group_id, registrant_from, registrant_length, registrant_to, to_number) VALUES (85000,131,22,'85000',5,'94999',94999);
INSERT INTO ezisbn_registrant_range (from_number, id, isbn_group_id, registrant_from, registrant_length, registrant_to, to_number) VALUES (95000,132,22,'950000',6,'999999',99999);
INSERT INTO ezisbn_registrant_range (from_number, id, isbn_group_id, registrant_from, registrant_length, registrant_to, to_number) VALUES (0,133,23,'00',2,'19',19999);
INSERT INTO ezisbn_registrant_range (from_number, id, isbn_group_id, registrant_from, registrant_length, registrant_to, to_number) VALUES (20000,134,23,'200',3,'499',49999);
INSERT INTO ezisbn_registrant_range (from_number, id, isbn_group_id, registrant_from, registrant_length, registrant_to, to_number) VALUES (50000,135,23,'5000',4,'6999',69999);
INSERT INTO ezisbn_registrant_range (from_number, id, isbn_group_id, registrant_from, registrant_length, registrant_to, to_number) VALUES (70000,136,23,'70000',5,'79999',79999);
INSERT INTO ezisbn_registrant_range (from_number, id, isbn_group_id, registrant_from, registrant_length, registrant_to, to_number) VALUES (80000,137,23,'800000',6,'849999',84999);
INSERT INTO ezisbn_registrant_range (from_number, id, isbn_group_id, registrant_from, registrant_length, registrant_to, to_number) VALUES (85000,138,23,'8500',4,'8999',89999);
INSERT INTO ezisbn_registrant_range (from_number, id, isbn_group_id, registrant_from, registrant_length, registrant_to, to_number) VALUES (90000,139,23,'900000',6,'909999',90999);
INSERT INTO ezisbn_registrant_range (from_number, id, isbn_group_id, registrant_from, registrant_length, registrant_to, to_number) VALUES (94000,140,23,'940000',6,'949999',94999);
INSERT INTO ezisbn_registrant_range (from_number, id, isbn_group_id, registrant_from, registrant_length, registrant_to, to_number) VALUES (0,141,24,'0',1,'1',19999);
INSERT INTO ezisbn_registrant_range (from_number, id, isbn_group_id, registrant_from, registrant_length, registrant_to, to_number) VALUES (20000,142,24,'20',2,'49',49999);
INSERT INTO ezisbn_registrant_range (from_number, id, isbn_group_id, registrant_from, registrant_length, registrant_to, to_number) VALUES (50000,143,24,'500',3,'649',64999);
INSERT INTO ezisbn_registrant_range (from_number, id, isbn_group_id, registrant_from, registrant_length, registrant_to, to_number) VALUES (70000,144,24,'7000',4,'7999',79999);
INSERT INTO ezisbn_registrant_range (from_number, id, isbn_group_id, registrant_from, registrant_length, registrant_to, to_number) VALUES (85000,145,24,'85000',5,'94999',94999);
INSERT INTO ezisbn_registrant_range (from_number, id, isbn_group_id, registrant_from, registrant_length, registrant_to, to_number) VALUES (97000,146,24,'970000',6,'999999',99999);
INSERT INTO ezisbn_registrant_range (from_number, id, isbn_group_id, registrant_from, registrant_length, registrant_to, to_number) VALUES (0,147,25,'0',1,'5',59999);
INSERT INTO ezisbn_registrant_range (from_number, id, isbn_group_id, registrant_from, registrant_length, registrant_to, to_number) VALUES (60000,148,25,'60',2,'79',79999);
INSERT INTO ezisbn_registrant_range (from_number, id, isbn_group_id, registrant_from, registrant_length, registrant_to, to_number) VALUES (80000,149,25,'800',3,'899',89999);
INSERT INTO ezisbn_registrant_range (from_number, id, isbn_group_id, registrant_from, registrant_length, registrant_to, to_number) VALUES (90000,150,25,'9000',4,'9499',94999);
INSERT INTO ezisbn_registrant_range (from_number, id, isbn_group_id, registrant_from, registrant_length, registrant_to, to_number) VALUES (95000,151,25,'95000',5,'98999',98999);
INSERT INTO ezisbn_registrant_range (from_number, id, isbn_group_id, registrant_from, registrant_length, registrant_to, to_number) VALUES (99000,152,25,'990000',6,'999999',99999);
INSERT INTO ezisbn_registrant_range (from_number, id, isbn_group_id, registrant_from, registrant_length, registrant_to, to_number) VALUES (0,153,27,'00',2,'49',49999);
INSERT INTO ezisbn_registrant_range (from_number, id, isbn_group_id, registrant_from, registrant_length, registrant_to, to_number) VALUES (50000,154,27,'500',3,'899',89999);
INSERT INTO ezisbn_registrant_range (from_number, id, isbn_group_id, registrant_from, registrant_length, registrant_to, to_number) VALUES (90000,155,27,'9000',4,'9899',98999);
INSERT INTO ezisbn_registrant_range (from_number, id, isbn_group_id, registrant_from, registrant_length, registrant_to, to_number) VALUES (99000,156,27,'99000',5,'99999',99999);
INSERT INTO ezisbn_registrant_range (from_number, id, isbn_group_id, registrant_from, registrant_length, registrant_to, to_number) VALUES (0,157,28,'0',1,'1',19999);
INSERT INTO ezisbn_registrant_range (from_number, id, isbn_group_id, registrant_from, registrant_length, registrant_to, to_number) VALUES (20000,158,28,'20',2,'54',54999);
INSERT INTO ezisbn_registrant_range (from_number, id, isbn_group_id, registrant_from, registrant_length, registrant_to, to_number) VALUES (55000,159,28,'550',3,'889',88999);
INSERT INTO ezisbn_registrant_range (from_number, id, isbn_group_id, registrant_from, registrant_length, registrant_to, to_number) VALUES (89000,160,28,'8900',4,'9499',94999);
INSERT INTO ezisbn_registrant_range (from_number, id, isbn_group_id, registrant_from, registrant_length, registrant_to, to_number) VALUES (95000,161,28,'95000',5,'99999',99999);
INSERT INTO ezisbn_registrant_range (from_number, id, isbn_group_id, registrant_from, registrant_length, registrant_to, to_number) VALUES (0,162,29,'00',2,'19',19999);
INSERT INTO ezisbn_registrant_range (from_number, id, isbn_group_id, registrant_from, registrant_length, registrant_to, to_number) VALUES (20000,163,29,'200',3,'499',49999);
INSERT INTO ezisbn_registrant_range (from_number, id, isbn_group_id, registrant_from, registrant_length, registrant_to, to_number) VALUES (50000,164,29,'5000',4,'5999',59999);
INSERT INTO ezisbn_registrant_range (from_number, id, isbn_group_id, registrant_from, registrant_length, registrant_to, to_number) VALUES (60000,165,29,'60',2,'65',65999);
INSERT INTO ezisbn_registrant_range (from_number, id, isbn_group_id, registrant_from, registrant_length, registrant_to, to_number) VALUES (66000,166,29,'6600',4,'6699',66999);
INSERT INTO ezisbn_registrant_range (from_number, id, isbn_group_id, registrant_from, registrant_length, registrant_to, to_number) VALUES (67000,167,29,'67000',5,'69999',69999);
INSERT INTO ezisbn_registrant_range (from_number, id, isbn_group_id, registrant_from, registrant_length, registrant_to, to_number) VALUES (70000,168,29,'7000',4,'7999',79999);
INSERT INTO ezisbn_registrant_range (from_number, id, isbn_group_id, registrant_from, registrant_length, registrant_to, to_number) VALUES (80000,169,29,'80',2,'94',94999);
INSERT INTO ezisbn_registrant_range (from_number, id, isbn_group_id, registrant_from, registrant_length, registrant_to, to_number) VALUES (95000,170,29,'9500',4,'9899',98999);
INSERT INTO ezisbn_registrant_range (from_number, id, isbn_group_id, registrant_from, registrant_length, registrant_to, to_number) VALUES (99000,171,29,'99000',5,'99999',99999);
INSERT INTO ezisbn_registrant_range (from_number, id, isbn_group_id, registrant_from, registrant_length, registrant_to, to_number) VALUES (0,172,30,'0',1,'0',9999);
INSERT INTO ezisbn_registrant_range (from_number, id, isbn_group_id, registrant_from, registrant_length, registrant_to, to_number) VALUES (10000,173,30,'10',2,'14',14999);
INSERT INTO ezisbn_registrant_range (from_number, id, isbn_group_id, registrant_from, registrant_length, registrant_to, to_number) VALUES (15000,174,30,'150',3,'549',54999);
INSERT INTO ezisbn_registrant_range (from_number, id, isbn_group_id, registrant_from, registrant_length, registrant_to, to_number) VALUES (55000,175,30,'55000',5,'59999',59999);
INSERT INTO ezisbn_registrant_range (from_number, id, isbn_group_id, registrant_from, registrant_length, registrant_to, to_number) VALUES (60000,176,30,'6000',4,'9499',94999);
INSERT INTO ezisbn_registrant_range (from_number, id, isbn_group_id, registrant_from, registrant_length, registrant_to, to_number) VALUES (95000,177,30,'95000',5,'99999',99999);
INSERT INTO ezisbn_registrant_range (from_number, id, isbn_group_id, registrant_from, registrant_length, registrant_to, to_number) VALUES (0,178,31,'00',2,'29',29999);
INSERT INTO ezisbn_registrant_range (from_number, id, isbn_group_id, registrant_from, registrant_length, registrant_to, to_number) VALUES (30000,179,31,'300',3,'799',79999);
INSERT INTO ezisbn_registrant_range (from_number, id, isbn_group_id, registrant_from, registrant_length, registrant_to, to_number) VALUES (80000,180,31,'8000',4,'8999',89999);
INSERT INTO ezisbn_registrant_range (from_number, id, isbn_group_id, registrant_from, registrant_length, registrant_to, to_number) VALUES (90000,181,31,'90000',5,'92999',92999);
INSERT INTO ezisbn_registrant_range (from_number, id, isbn_group_id, registrant_from, registrant_length, registrant_to, to_number) VALUES (93000,182,31,'9300',4,'9999',99999);
INSERT INTO ezisbn_registrant_range (from_number, id, isbn_group_id, registrant_from, registrant_length, registrant_to, to_number) VALUES (0,183,32,'0',1,'0',9999);
INSERT INTO ezisbn_registrant_range (from_number, id, isbn_group_id, registrant_from, registrant_length, registrant_to, to_number) VALUES (10000,184,32,'1000',4,'1999',19999);
INSERT INTO ezisbn_registrant_range (from_number, id, isbn_group_id, registrant_from, registrant_length, registrant_to, to_number) VALUES (20000,185,32,'20',2,'54',54999);
INSERT INTO ezisbn_registrant_range (from_number, id, isbn_group_id, registrant_from, registrant_length, registrant_to, to_number) VALUES (55000,186,32,'550',3,'799',79999);
INSERT INTO ezisbn_registrant_range (from_number, id, isbn_group_id, registrant_from, registrant_length, registrant_to, to_number) VALUES (80000,187,32,'8000',4,'9499',94999);
INSERT INTO ezisbn_registrant_range (from_number, id, isbn_group_id, registrant_from, registrant_length, registrant_to, to_number) VALUES (95000,188,32,'95000',5,'99999',99999);
INSERT INTO ezisbn_registrant_range (from_number, id, isbn_group_id, registrant_from, registrant_length, registrant_to, to_number) VALUES (0,189,33,'00',2,'19',19999);
INSERT INTO ezisbn_registrant_range (from_number, id, isbn_group_id, registrant_from, registrant_length, registrant_to, to_number) VALUES (20000,190,33,'200',3,'699',69999);
INSERT INTO ezisbn_registrant_range (from_number, id, isbn_group_id, registrant_from, registrant_length, registrant_to, to_number) VALUES (70000,191,33,'7000',4,'9999',99999);
INSERT INTO ezisbn_registrant_range (from_number, id, isbn_group_id, registrant_from, registrant_length, registrant_to, to_number) VALUES (0,192,34,'00',2,'02',2999);
INSERT INTO ezisbn_registrant_range (from_number, id, isbn_group_id, registrant_from, registrant_length, registrant_to, to_number) VALUES (3000,193,34,'0300',4,'0499',4999);
INSERT INTO ezisbn_registrant_range (from_number, id, isbn_group_id, registrant_from, registrant_length, registrant_to, to_number) VALUES (5000,194,34,'05',2,'19',19999);
INSERT INTO ezisbn_registrant_range (from_number, id, isbn_group_id, registrant_from, registrant_length, registrant_to, to_number) VALUES (20000,195,34,'2000',4,'2099',20999);
INSERT INTO ezisbn_registrant_range (from_number, id, isbn_group_id, registrant_from, registrant_length, registrant_to, to_number) VALUES (21000,196,34,'21',2,'27',27999);
INSERT INTO ezisbn_registrant_range (from_number, id, isbn_group_id, registrant_from, registrant_length, registrant_to, to_number) VALUES (28000,197,34,'28000',5,'30999',30999);
INSERT INTO ezisbn_registrant_range (from_number, id, isbn_group_id, registrant_from, registrant_length, registrant_to, to_number) VALUES (31000,198,34,'31',2,'43',43999);
INSERT INTO ezisbn_registrant_range (from_number, id, isbn_group_id, registrant_from, registrant_length, registrant_to, to_number) VALUES (44000,199,34,'440',3,'819',81999);
INSERT INTO ezisbn_registrant_range (from_number, id, isbn_group_id, registrant_from, registrant_length, registrant_to, to_number) VALUES (82000,200,34,'8200',4,'9699',96999);
INSERT INTO ezisbn_registrant_range (from_number, id, isbn_group_id, registrant_from, registrant_length, registrant_to, to_number) VALUES (97000,201,34,'97000',5,'99999',99999);
INSERT INTO ezisbn_registrant_range (from_number, id, isbn_group_id, registrant_from, registrant_length, registrant_to, to_number) VALUES (0,202,35,'00',2,'59',59999);
INSERT INTO ezisbn_registrant_range (from_number, id, isbn_group_id, registrant_from, registrant_length, registrant_to, to_number) VALUES (60000,203,35,'600',3,'799',79999);
INSERT INTO ezisbn_registrant_range (from_number, id, isbn_group_id, registrant_from, registrant_length, registrant_to, to_number) VALUES (80000,204,35,'8000',4,'9499',94999);
INSERT INTO ezisbn_registrant_range (from_number, id, isbn_group_id, registrant_from, registrant_length, registrant_to, to_number) VALUES (95000,205,35,'95000',5,'99999',99999);
INSERT INTO ezisbn_registrant_range (from_number, id, isbn_group_id, registrant_from, registrant_length, registrant_to, to_number) VALUES (0,206,36,'00',2,'19',19999);
INSERT INTO ezisbn_registrant_range (from_number, id, isbn_group_id, registrant_from, registrant_length, registrant_to, to_number) VALUES (20000,207,36,'200',3,'699',69999);
INSERT INTO ezisbn_registrant_range (from_number, id, isbn_group_id, registrant_from, registrant_length, registrant_to, to_number) VALUES (70000,208,36,'7000',4,'8499',84999);
INSERT INTO ezisbn_registrant_range (from_number, id, isbn_group_id, registrant_from, registrant_length, registrant_to, to_number) VALUES (0,209,37,'00',2,'19',19999);
INSERT INTO ezisbn_registrant_range (from_number, id, isbn_group_id, registrant_from, registrant_length, registrant_to, to_number) VALUES (20000,210,37,'200',3,'659',65999);
INSERT INTO ezisbn_registrant_range (from_number, id, isbn_group_id, registrant_from, registrant_length, registrant_to, to_number) VALUES (66000,211,37,'6600',4,'6899',68999);
INSERT INTO ezisbn_registrant_range (from_number, id, isbn_group_id, registrant_from, registrant_length, registrant_to, to_number) VALUES (69000,212,37,'690',3,'699',69999);
INSERT INTO ezisbn_registrant_range (from_number, id, isbn_group_id, registrant_from, registrant_length, registrant_to, to_number) VALUES (70000,213,37,'7000',4,'8499',84999);
INSERT INTO ezisbn_registrant_range (from_number, id, isbn_group_id, registrant_from, registrant_length, registrant_to, to_number) VALUES (85000,214,37,'85000',5,'99999',99999);
INSERT INTO ezisbn_registrant_range (from_number, id, isbn_group_id, registrant_from, registrant_length, registrant_to, to_number) VALUES (0,215,38,'00',2,'19',19999);
INSERT INTO ezisbn_registrant_range (from_number, id, isbn_group_id, registrant_from, registrant_length, registrant_to, to_number) VALUES (20000,216,38,'200',3,'599',59999);
INSERT INTO ezisbn_registrant_range (from_number, id, isbn_group_id, registrant_from, registrant_length, registrant_to, to_number) VALUES (60000,217,38,'6000',4,'8999',89999);
INSERT INTO ezisbn_registrant_range (from_number, id, isbn_group_id, registrant_from, registrant_length, registrant_to, to_number) VALUES (90000,218,38,'90000',5,'94999',94999);
INSERT INTO ezisbn_registrant_range (from_number, id, isbn_group_id, registrant_from, registrant_length, registrant_to, to_number) VALUES (0,219,39,'00',2,'19',19999);
INSERT INTO ezisbn_registrant_range (from_number, id, isbn_group_id, registrant_from, registrant_length, registrant_to, to_number) VALUES (20000,220,39,'200',3,'699',69999);
INSERT INTO ezisbn_registrant_range (from_number, id, isbn_group_id, registrant_from, registrant_length, registrant_to, to_number) VALUES (70000,221,39,'7000',4,'8499',84999);
INSERT INTO ezisbn_registrant_range (from_number, id, isbn_group_id, registrant_from, registrant_length, registrant_to, to_number) VALUES (85000,222,39,'85000',5,'86999',86999);
INSERT INTO ezisbn_registrant_range (from_number, id, isbn_group_id, registrant_from, registrant_length, registrant_to, to_number) VALUES (87000,223,39,'8700',4,'8999',89999);
INSERT INTO ezisbn_registrant_range (from_number, id, isbn_group_id, registrant_from, registrant_length, registrant_to, to_number) VALUES (90000,224,39,'900',3,'999',99999);
INSERT INTO ezisbn_registrant_range (from_number, id, isbn_group_id, registrant_from, registrant_length, registrant_to, to_number) VALUES (0,225,40,'00',2,'19',19999);
INSERT INTO ezisbn_registrant_range (from_number, id, isbn_group_id, registrant_from, registrant_length, registrant_to, to_number) VALUES (20000,226,40,'200',3,'699',69999);
INSERT INTO ezisbn_registrant_range (from_number, id, isbn_group_id, registrant_from, registrant_length, registrant_to, to_number) VALUES (70000,227,40,'7000',4,'8499',84999);
INSERT INTO ezisbn_registrant_range (from_number, id, isbn_group_id, registrant_from, registrant_length, registrant_to, to_number) VALUES (85000,228,40,'85000',5,'89999',89999);
INSERT INTO ezisbn_registrant_range (from_number, id, isbn_group_id, registrant_from, registrant_length, registrant_to, to_number) VALUES (90000,229,40,'9000',4,'9999',99999);
INSERT INTO ezisbn_registrant_range (from_number, id, isbn_group_id, registrant_from, registrant_length, registrant_to, to_number) VALUES (0,230,41,'00',2,'14',14999);
INSERT INTO ezisbn_registrant_range (from_number, id, isbn_group_id, registrant_from, registrant_length, registrant_to, to_number) VALUES (15000,231,41,'150',3,'249',24999);
INSERT INTO ezisbn_registrant_range (from_number, id, isbn_group_id, registrant_from, registrant_length, registrant_to, to_number) VALUES (25000,232,41,'2500',4,'2999',29999);
INSERT INTO ezisbn_registrant_range (from_number, id, isbn_group_id, registrant_from, registrant_length, registrant_to, to_number) VALUES (30000,233,41,'300',3,'549',54999);
INSERT INTO ezisbn_registrant_range (from_number, id, isbn_group_id, registrant_from, registrant_length, registrant_to, to_number) VALUES (55000,234,41,'5500',4,'8999',89999);
INSERT INTO ezisbn_registrant_range (from_number, id, isbn_group_id, registrant_from, registrant_length, registrant_to, to_number) VALUES (90000,235,41,'90000',5,'96999',96999);
INSERT INTO ezisbn_registrant_range (from_number, id, isbn_group_id, registrant_from, registrant_length, registrant_to, to_number) VALUES (97000,236,41,'970',3,'989',98999);
INSERT INTO ezisbn_registrant_range (from_number, id, isbn_group_id, registrant_from, registrant_length, registrant_to, to_number) VALUES (99000,237,41,'9900',4,'9999',99999);
INSERT INTO ezisbn_registrant_range (from_number, id, isbn_group_id, registrant_from, registrant_length, registrant_to, to_number) VALUES (0,238,42,'00',2,'19',19999);
INSERT INTO ezisbn_registrant_range (from_number, id, isbn_group_id, registrant_from, registrant_length, registrant_to, to_number) VALUES (20000,239,42,'200',3,'599',59999);
INSERT INTO ezisbn_registrant_range (from_number, id, isbn_group_id, registrant_from, registrant_length, registrant_to, to_number) VALUES (70000,240,42,'7000',4,'7999',79999);
INSERT INTO ezisbn_registrant_range (from_number, id, isbn_group_id, registrant_from, registrant_length, registrant_to, to_number) VALUES (90000,241,42,'90000',5,'99999',99999);
INSERT INTO ezisbn_registrant_range (from_number, id, isbn_group_id, registrant_from, registrant_length, registrant_to, to_number) VALUES (0,242,43,'00',2,'19',19999);
INSERT INTO ezisbn_registrant_range (from_number, id, isbn_group_id, registrant_from, registrant_length, registrant_to, to_number) VALUES (20000,243,43,'2000',4,'2999',29999);
INSERT INTO ezisbn_registrant_range (from_number, id, isbn_group_id, registrant_from, registrant_length, registrant_to, to_number) VALUES (30000,244,43,'300',3,'699',69999);
INSERT INTO ezisbn_registrant_range (from_number, id, isbn_group_id, registrant_from, registrant_length, registrant_to, to_number) VALUES (70000,245,43,'7000',4,'8999',89999);
INSERT INTO ezisbn_registrant_range (from_number, id, isbn_group_id, registrant_from, registrant_length, registrant_to, to_number) VALUES (90000,246,43,'90000',5,'99999',99999);
INSERT INTO ezisbn_registrant_range (from_number, id, isbn_group_id, registrant_from, registrant_length, registrant_to, to_number) VALUES (0,247,44,'00',2,'29',29999);
INSERT INTO ezisbn_registrant_range (from_number, id, isbn_group_id, registrant_from, registrant_length, registrant_to, to_number) VALUES (30000,248,44,'300',3,'499',49999);
INSERT INTO ezisbn_registrant_range (from_number, id, isbn_group_id, registrant_from, registrant_length, registrant_to, to_number) VALUES (50000,249,44,'5000',4,'5999',59999);
INSERT INTO ezisbn_registrant_range (from_number, id, isbn_group_id, registrant_from, registrant_length, registrant_to, to_number) VALUES (60000,250,44,'60',2,'89',89999);
INSERT INTO ezisbn_registrant_range (from_number, id, isbn_group_id, registrant_from, registrant_length, registrant_to, to_number) VALUES (90000,251,44,'900',3,'989',98999);
INSERT INTO ezisbn_registrant_range (from_number, id, isbn_group_id, registrant_from, registrant_length, registrant_to, to_number) VALUES (99000,252,44,'9900',4,'9989',99899);
INSERT INTO ezisbn_registrant_range (from_number, id, isbn_group_id, registrant_from, registrant_length, registrant_to, to_number) VALUES (99900,253,44,'99900',5,'99999',99999);
INSERT INTO ezisbn_registrant_range (from_number, id, isbn_group_id, registrant_from, registrant_length, registrant_to, to_number) VALUES (1000,254,45,'01',2,'39',39999);
INSERT INTO ezisbn_registrant_range (from_number, id, isbn_group_id, registrant_from, registrant_length, registrant_to, to_number) VALUES (40000,255,45,'400',3,'499',49999);
INSERT INTO ezisbn_registrant_range (from_number, id, isbn_group_id, registrant_from, registrant_length, registrant_to, to_number) VALUES (50000,256,45,'5000',4,'7999',79999);
INSERT INTO ezisbn_registrant_range (from_number, id, isbn_group_id, registrant_from, registrant_length, registrant_to, to_number) VALUES (80000,257,45,'800',3,'899',89999);
INSERT INTO ezisbn_registrant_range (from_number, id, isbn_group_id, registrant_from, registrant_length, registrant_to, to_number) VALUES (90000,258,45,'9000',4,'9999',99999);
INSERT INTO ezisbn_registrant_range (from_number, id, isbn_group_id, registrant_from, registrant_length, registrant_to, to_number) VALUES (0,259,46,'0',1,'1',19999);
INSERT INTO ezisbn_registrant_range (from_number, id, isbn_group_id, registrant_from, registrant_length, registrant_to, to_number) VALUES (20000,260,46,'20',2,'39',39999);
INSERT INTO ezisbn_registrant_range (from_number, id, isbn_group_id, registrant_from, registrant_length, registrant_to, to_number) VALUES (40000,261,46,'400',3,'799',79999);
INSERT INTO ezisbn_registrant_range (from_number, id, isbn_group_id, registrant_from, registrant_length, registrant_to, to_number) VALUES (80000,262,46,'8000',4,'9999',99999);
INSERT INTO ezisbn_registrant_range (from_number, id, isbn_group_id, registrant_from, registrant_length, registrant_to, to_number) VALUES (1000,263,47,'01',2,'59',59999);
INSERT INTO ezisbn_registrant_range (from_number, id, isbn_group_id, registrant_from, registrant_length, registrant_to, to_number) VALUES (60000,264,47,'600',3,'899',89999);
INSERT INTO ezisbn_registrant_range (from_number, id, isbn_group_id, registrant_from, registrant_length, registrant_to, to_number) VALUES (90000,265,47,'9000',4,'9099',90999);
INSERT INTO ezisbn_registrant_range (from_number, id, isbn_group_id, registrant_from, registrant_length, registrant_to, to_number) VALUES (91000,266,47,'91000',5,'96999',96999);
INSERT INTO ezisbn_registrant_range (from_number, id, isbn_group_id, registrant_from, registrant_length, registrant_to, to_number) VALUES (97000,267,47,'9700',4,'9999',99999);
INSERT INTO ezisbn_registrant_range (from_number, id, isbn_group_id, registrant_from, registrant_length, registrant_to, to_number) VALUES (0,268,48,'000',3,'019',1999);
INSERT INTO ezisbn_registrant_range (from_number, id, isbn_group_id, registrant_from, registrant_length, registrant_to, to_number) VALUES (2000,269,48,'02',2,'02',2999);
INSERT INTO ezisbn_registrant_range (from_number, id, isbn_group_id, registrant_from, registrant_length, registrant_to, to_number) VALUES (3000,270,48,'0300',4,'0599',5999);
INSERT INTO ezisbn_registrant_range (from_number, id, isbn_group_id, registrant_from, registrant_length, registrant_to, to_number) VALUES (6000,271,48,'06',2,'09',9999);
INSERT INTO ezisbn_registrant_range (from_number, id, isbn_group_id, registrant_from, registrant_length, registrant_to, to_number) VALUES (10000,272,48,'10',2,'49',49999);
INSERT INTO ezisbn_registrant_range (from_number, id, isbn_group_id, registrant_from, registrant_length, registrant_to, to_number) VALUES (50000,273,48,'500',3,'849',84999);
INSERT INTO ezisbn_registrant_range (from_number, id, isbn_group_id, registrant_from, registrant_length, registrant_to, to_number) VALUES (85000,274,48,'8500',4,'9099',90999);
INSERT INTO ezisbn_registrant_range (from_number, id, isbn_group_id, registrant_from, registrant_length, registrant_to, to_number) VALUES (91000,275,48,'91000',5,'99999',99999);
INSERT INTO ezisbn_registrant_range (from_number, id, isbn_group_id, registrant_from, registrant_length, registrant_to, to_number) VALUES (0,276,49,'0',1,'1',19999);
INSERT INTO ezisbn_registrant_range (from_number, id, isbn_group_id, registrant_from, registrant_length, registrant_to, to_number) VALUES (20000,277,49,'20',2,'54',54999);
INSERT INTO ezisbn_registrant_range (from_number, id, isbn_group_id, registrant_from, registrant_length, registrant_to, to_number) VALUES (55000,278,49,'550',3,'799',79999);
INSERT INTO ezisbn_registrant_range (from_number, id, isbn_group_id, registrant_from, registrant_length, registrant_to, to_number) VALUES (80000,279,49,'8000',4,'9499',94999);
INSERT INTO ezisbn_registrant_range (from_number, id, isbn_group_id, registrant_from, registrant_length, registrant_to, to_number) VALUES (95000,280,49,'95000',5,'99999',99999);
INSERT INTO ezisbn_registrant_range (from_number, id, isbn_group_id, registrant_from, registrant_length, registrant_to, to_number) VALUES (0,281,50,'0',1,'0',9999);
INSERT INTO ezisbn_registrant_range (from_number, id, isbn_group_id, registrant_from, registrant_length, registrant_to, to_number) VALUES (10000,282,50,'100',3,'169',16999);
INSERT INTO ezisbn_registrant_range (from_number, id, isbn_group_id, registrant_from, registrant_length, registrant_to, to_number) VALUES (17000,283,50,'1700',4,'1999',19999);
INSERT INTO ezisbn_registrant_range (from_number, id, isbn_group_id, registrant_from, registrant_length, registrant_to, to_number) VALUES (20000,284,50,'20',2,'54',54999);
INSERT INTO ezisbn_registrant_range (from_number, id, isbn_group_id, registrant_from, registrant_length, registrant_to, to_number) VALUES (55000,285,50,'550',3,'759',75999);
INSERT INTO ezisbn_registrant_range (from_number, id, isbn_group_id, registrant_from, registrant_length, registrant_to, to_number) VALUES (76000,286,50,'7600',4,'8499',84999);
INSERT INTO ezisbn_registrant_range (from_number, id, isbn_group_id, registrant_from, registrant_length, registrant_to, to_number) VALUES (85000,287,50,'85000',5,'88999',88999);
INSERT INTO ezisbn_registrant_range (from_number, id, isbn_group_id, registrant_from, registrant_length, registrant_to, to_number) VALUES (89000,288,50,'8900',4,'9499',94999);
INSERT INTO ezisbn_registrant_range (from_number, id, isbn_group_id, registrant_from, registrant_length, registrant_to, to_number) VALUES (95000,289,50,'95000',5,'99999',99999);
INSERT INTO ezisbn_registrant_range (from_number, id, isbn_group_id, registrant_from, registrant_length, registrant_to, to_number) VALUES (0,290,51,'00',2,'19',19999);
INSERT INTO ezisbn_registrant_range (from_number, id, isbn_group_id, registrant_from, registrant_length, registrant_to, to_number) VALUES (20000,291,51,'200',3,'699',69999);
INSERT INTO ezisbn_registrant_range (from_number, id, isbn_group_id, registrant_from, registrant_length, registrant_to, to_number) VALUES (70000,292,51,'7000',4,'8499',84999);
INSERT INTO ezisbn_registrant_range (from_number, id, isbn_group_id, registrant_from, registrant_length, registrant_to, to_number) VALUES (85000,293,51,'85000',5,'89999',89999);
INSERT INTO ezisbn_registrant_range (from_number, id, isbn_group_id, registrant_from, registrant_length, registrant_to, to_number) VALUES (90000,294,51,'90000',5,'94999',94999);
INSERT INTO ezisbn_registrant_range (from_number, id, isbn_group_id, registrant_from, registrant_length, registrant_to, to_number) VALUES (95000,295,51,'9500',4,'9999',99999);
INSERT INTO ezisbn_registrant_range (from_number, id, isbn_group_id, registrant_from, registrant_length, registrant_to, to_number) VALUES (0,296,52,'00000',5,'00999',999);
INSERT INTO ezisbn_registrant_range (from_number, id, isbn_group_id, registrant_from, registrant_length, registrant_to, to_number) VALUES (1000,297,52,'01',2,'24',24999);
INSERT INTO ezisbn_registrant_range (from_number, id, isbn_group_id, registrant_from, registrant_length, registrant_to, to_number) VALUES (25000,298,52,'250',3,'599',59999);
INSERT INTO ezisbn_registrant_range (from_number, id, isbn_group_id, registrant_from, registrant_length, registrant_to, to_number) VALUES (60000,299,52,'6000',4,'9199',91999);
INSERT INTO ezisbn_registrant_range (from_number, id, isbn_group_id, registrant_from, registrant_length, registrant_to, to_number) VALUES (92000,300,52,'92000',5,'98999',98999);
INSERT INTO ezisbn_registrant_range (from_number, id, isbn_group_id, registrant_from, registrant_length, registrant_to, to_number) VALUES (99000,301,52,'990',3,'999',99999);
INSERT INTO ezisbn_registrant_range (from_number, id, isbn_group_id, registrant_from, registrant_length, registrant_to, to_number) VALUES (0,302,53,'0',1,'3',39999);
INSERT INTO ezisbn_registrant_range (from_number, id, isbn_group_id, registrant_from, registrant_length, registrant_to, to_number) VALUES (40000,303,53,'40',2,'59',59999);
INSERT INTO ezisbn_registrant_range (from_number, id, isbn_group_id, registrant_from, registrant_length, registrant_to, to_number) VALUES (60000,304,53,'600',3,'799',79999);
INSERT INTO ezisbn_registrant_range (from_number, id, isbn_group_id, registrant_from, registrant_length, registrant_to, to_number) VALUES (80000,305,53,'8000',4,'9499',94999);
INSERT INTO ezisbn_registrant_range (from_number, id, isbn_group_id, registrant_from, registrant_length, registrant_to, to_number) VALUES (95000,306,53,'95000',5,'99999',99999);
INSERT INTO ezisbn_registrant_range (from_number, id, isbn_group_id, registrant_from, registrant_length, registrant_to, to_number) VALUES (0,307,54,'00',2,'19',19999);
INSERT INTO ezisbn_registrant_range (from_number, id, isbn_group_id, registrant_from, registrant_length, registrant_to, to_number) VALUES (20000,308,54,'200',3,'499',49999);
INSERT INTO ezisbn_registrant_range (from_number, id, isbn_group_id, registrant_from, registrant_length, registrant_to, to_number) VALUES (50000,309,54,'5000',4,'6999',69999);
INSERT INTO ezisbn_registrant_range (from_number, id, isbn_group_id, registrant_from, registrant_length, registrant_to, to_number) VALUES (70000,310,54,'700',3,'999',99999);
INSERT INTO ezisbn_registrant_range (from_number, id, isbn_group_id, registrant_from, registrant_length, registrant_to, to_number) VALUES (0,311,55,'000',3,'199',19999);
INSERT INTO ezisbn_registrant_range (from_number, id, isbn_group_id, registrant_from, registrant_length, registrant_to, to_number) VALUES (20000,312,55,'2000',4,'2999',29999);
INSERT INTO ezisbn_registrant_range (from_number, id, isbn_group_id, registrant_from, registrant_length, registrant_to, to_number) VALUES (30000,313,55,'30000',5,'79999',79999);
INSERT INTO ezisbn_registrant_range (from_number, id, isbn_group_id, registrant_from, registrant_length, registrant_to, to_number) VALUES (80000,314,55,'8000',4,'8999',89999);
INSERT INTO ezisbn_registrant_range (from_number, id, isbn_group_id, registrant_from, registrant_length, registrant_to, to_number) VALUES (90000,315,55,'900',3,'999',99999);
INSERT INTO ezisbn_registrant_range (from_number, id, isbn_group_id, registrant_from, registrant_length, registrant_to, to_number) VALUES (0,316,56,'000',3,'099',9999);
INSERT INTO ezisbn_registrant_range (from_number, id, isbn_group_id, registrant_from, registrant_length, registrant_to, to_number) VALUES (10000,317,56,'1000',4,'1499',14999);
INSERT INTO ezisbn_registrant_range (from_number, id, isbn_group_id, registrant_from, registrant_length, registrant_to, to_number) VALUES (15000,318,56,'15000',5,'19999',19999);
INSERT INTO ezisbn_registrant_range (from_number, id, isbn_group_id, registrant_from, registrant_length, registrant_to, to_number) VALUES (20000,319,56,'20',2,'29',29999);
INSERT INTO ezisbn_registrant_range (from_number, id, isbn_group_id, registrant_from, registrant_length, registrant_to, to_number) VALUES (30000,320,56,'3000',4,'3999',39999);
INSERT INTO ezisbn_registrant_range (from_number, id, isbn_group_id, registrant_from, registrant_length, registrant_to, to_number) VALUES (40000,321,56,'400',3,'799',79999);
INSERT INTO ezisbn_registrant_range (from_number, id, isbn_group_id, registrant_from, registrant_length, registrant_to, to_number) VALUES (80000,322,56,'8000',4,'9499',94999);
INSERT INTO ezisbn_registrant_range (from_number, id, isbn_group_id, registrant_from, registrant_length, registrant_to, to_number) VALUES (95000,323,56,'95000',5,'99999',99999);
INSERT INTO ezisbn_registrant_range (from_number, id, isbn_group_id, registrant_from, registrant_length, registrant_to, to_number) VALUES (0,324,57,'00',2,'19',19999);
INSERT INTO ezisbn_registrant_range (from_number, id, isbn_group_id, registrant_from, registrant_length, registrant_to, to_number) VALUES (20000,325,57,'200',3,'599',59999);
INSERT INTO ezisbn_registrant_range (from_number, id, isbn_group_id, registrant_from, registrant_length, registrant_to, to_number) VALUES (60000,326,57,'6000',4,'9999',99999);
INSERT INTO ezisbn_registrant_range (from_number, id, isbn_group_id, registrant_from, registrant_length, registrant_to, to_number) VALUES (0,327,58,'00',2,'19',19999);
INSERT INTO ezisbn_registrant_range (from_number, id, isbn_group_id, registrant_from, registrant_length, registrant_to, to_number) VALUES (20000,328,58,'200',3,'299',29999);
INSERT INTO ezisbn_registrant_range (from_number, id, isbn_group_id, registrant_from, registrant_length, registrant_to, to_number) VALUES (30000,329,58,'3000',4,'9999',99999);
INSERT INTO ezisbn_registrant_range (from_number, id, isbn_group_id, registrant_from, registrant_length, registrant_to, to_number) VALUES (0,330,59,'00',2,'09',9999);
INSERT INTO ezisbn_registrant_range (from_number, id, isbn_group_id, registrant_from, registrant_length, registrant_to, to_number) VALUES (10000,331,59,'100',3,'699',69999);
INSERT INTO ezisbn_registrant_range (from_number, id, isbn_group_id, registrant_from, registrant_length, registrant_to, to_number) VALUES (70000,332,59,'70',2,'89',89999);
INSERT INTO ezisbn_registrant_range (from_number, id, isbn_group_id, registrant_from, registrant_length, registrant_to, to_number) VALUES (90000,333,59,'9000',4,'9999',99999);
INSERT INTO ezisbn_registrant_range (from_number, id, isbn_group_id, registrant_from, registrant_length, registrant_to, to_number) VALUES (0,334,60,'00',2,'01',1999);
INSERT INTO ezisbn_registrant_range (from_number, id, isbn_group_id, registrant_from, registrant_length, registrant_to, to_number) VALUES (2000,335,60,'020',3,'199',19999);
INSERT INTO ezisbn_registrant_range (from_number, id, isbn_group_id, registrant_from, registrant_length, registrant_to, to_number) VALUES (20000,336,60,'2000',4,'3999',39999);
INSERT INTO ezisbn_registrant_range (from_number, id, isbn_group_id, registrant_from, registrant_length, registrant_to, to_number) VALUES (40000,337,60,'40000',5,'44999',44999);
INSERT INTO ezisbn_registrant_range (from_number, id, isbn_group_id, registrant_from, registrant_length, registrant_to, to_number) VALUES (45000,338,60,'45',2,'49',49999);
INSERT INTO ezisbn_registrant_range (from_number, id, isbn_group_id, registrant_from, registrant_length, registrant_to, to_number) VALUES (50000,339,60,'50',2,'79',79999);
INSERT INTO ezisbn_registrant_range (from_number, id, isbn_group_id, registrant_from, registrant_length, registrant_to, to_number) VALUES (80000,340,60,'800',3,'899',89999);
INSERT INTO ezisbn_registrant_range (from_number, id, isbn_group_id, registrant_from, registrant_length, registrant_to, to_number) VALUES (90000,341,60,'9000',4,'9899',98999);
INSERT INTO ezisbn_registrant_range (from_number, id, isbn_group_id, registrant_from, registrant_length, registrant_to, to_number) VALUES (99000,342,60,'99000',5,'99999',99999);
INSERT INTO ezisbn_registrant_range (from_number, id, isbn_group_id, registrant_from, registrant_length, registrant_to, to_number) VALUES (0,343,61,'00',2,'39',39999);
INSERT INTO ezisbn_registrant_range (from_number, id, isbn_group_id, registrant_from, registrant_length, registrant_to, to_number) VALUES (40000,344,61,'400',3,'799',79999);
INSERT INTO ezisbn_registrant_range (from_number, id, isbn_group_id, registrant_from, registrant_length, registrant_to, to_number) VALUES (80000,345,61,'8000',4,'8999',89999);
INSERT INTO ezisbn_registrant_range (from_number, id, isbn_group_id, registrant_from, registrant_length, registrant_to, to_number) VALUES (90000,346,61,'90000',5,'99999',99999);
INSERT INTO ezisbn_registrant_range (from_number, id, isbn_group_id, registrant_from, registrant_length, registrant_to, to_number) VALUES (0,347,62,'00',2,'39',39999);
INSERT INTO ezisbn_registrant_range (from_number, id, isbn_group_id, registrant_from, registrant_length, registrant_to, to_number) VALUES (40000,348,62,'400',3,'599',59999);
INSERT INTO ezisbn_registrant_range (from_number, id, isbn_group_id, registrant_from, registrant_length, registrant_to, to_number) VALUES (60000,349,62,'6000',4,'8999',89999);
INSERT INTO ezisbn_registrant_range (from_number, id, isbn_group_id, registrant_from, registrant_length, registrant_to, to_number) VALUES (90000,350,62,'90000',5,'99999',99999);
INSERT INTO ezisbn_registrant_range (from_number, id, isbn_group_id, registrant_from, registrant_length, registrant_to, to_number) VALUES (0,351,63,'00',2,'11',11999);
INSERT INTO ezisbn_registrant_range (from_number, id, isbn_group_id, registrant_from, registrant_length, registrant_to, to_number) VALUES (12000,352,63,'120',3,'559',55999);
INSERT INTO ezisbn_registrant_range (from_number, id, isbn_group_id, registrant_from, registrant_length, registrant_to, to_number) VALUES (56000,353,63,'5600',4,'7999',79999);
INSERT INTO ezisbn_registrant_range (from_number, id, isbn_group_id, registrant_from, registrant_length, registrant_to, to_number) VALUES (80000,354,63,'80000',5,'99999',99999);
INSERT INTO ezisbn_registrant_range (from_number, id, isbn_group_id, registrant_from, registrant_length, registrant_to, to_number) VALUES (0,355,64,'00',2,'09',9999);
INSERT INTO ezisbn_registrant_range (from_number, id, isbn_group_id, registrant_from, registrant_length, registrant_to, to_number) VALUES (10000,356,64,'1000',4,'1999',19999);
INSERT INTO ezisbn_registrant_range (from_number, id, isbn_group_id, registrant_from, registrant_length, registrant_to, to_number) VALUES (20000,357,64,'20000',5,'29999',29999);
INSERT INTO ezisbn_registrant_range (from_number, id, isbn_group_id, registrant_from, registrant_length, registrant_to, to_number) VALUES (30000,358,64,'30',2,'49',49999);
INSERT INTO ezisbn_registrant_range (from_number, id, isbn_group_id, registrant_from, registrant_length, registrant_to, to_number) VALUES (50000,359,64,'500',3,'899',89999);
INSERT INTO ezisbn_registrant_range (from_number, id, isbn_group_id, registrant_from, registrant_length, registrant_to, to_number) VALUES (90000,360,64,'9000',4,'9499',94999);
INSERT INTO ezisbn_registrant_range (from_number, id, isbn_group_id, registrant_from, registrant_length, registrant_to, to_number) VALUES (95000,361,64,'95000',5,'99999',99999);
INSERT INTO ezisbn_registrant_range (from_number, id, isbn_group_id, registrant_from, registrant_length, registrant_to, to_number) VALUES (0,362,65,'00',2,'16',16999);
INSERT INTO ezisbn_registrant_range (from_number, id, isbn_group_id, registrant_from, registrant_length, registrant_to, to_number) VALUES (17000,363,65,'17000',5,'19999',19999);
INSERT INTO ezisbn_registrant_range (from_number, id, isbn_group_id, registrant_from, registrant_length, registrant_to, to_number) VALUES (20000,364,65,'200',3,'799',79999);
INSERT INTO ezisbn_registrant_range (from_number, id, isbn_group_id, registrant_from, registrant_length, registrant_to, to_number) VALUES (80000,365,65,'8000',4,'9699',96999);
INSERT INTO ezisbn_registrant_range (from_number, id, isbn_group_id, registrant_from, registrant_length, registrant_to, to_number) VALUES (97000,366,65,'97000',5,'99999',99999);
INSERT INTO ezisbn_registrant_range (from_number, id, isbn_group_id, registrant_from, registrant_length, registrant_to, to_number) VALUES (0,367,66,'0',1,'1',19999);
INSERT INTO ezisbn_registrant_range (from_number, id, isbn_group_id, registrant_from, registrant_length, registrant_to, to_number) VALUES (20000,368,66,'20',2,'54',54999);
INSERT INTO ezisbn_registrant_range (from_number, id, isbn_group_id, registrant_from, registrant_length, registrant_to, to_number) VALUES (55000,369,66,'550',3,'799',79999);
INSERT INTO ezisbn_registrant_range (from_number, id, isbn_group_id, registrant_from, registrant_length, registrant_to, to_number) VALUES (80000,370,66,'8000',4,'9499',94999);
INSERT INTO ezisbn_registrant_range (from_number, id, isbn_group_id, registrant_from, registrant_length, registrant_to, to_number) VALUES (95000,371,66,'95000',5,'99999',99999);
INSERT INTO ezisbn_registrant_range (from_number, id, isbn_group_id, registrant_from, registrant_length, registrant_to, to_number) VALUES (0,372,67,'0',1,'2',29999);
INSERT INTO ezisbn_registrant_range (from_number, id, isbn_group_id, registrant_from, registrant_length, registrant_to, to_number) VALUES (30000,373,67,'30',2,'49',49999);
INSERT INTO ezisbn_registrant_range (from_number, id, isbn_group_id, registrant_from, registrant_length, registrant_to, to_number) VALUES (50000,374,67,'500',3,'799',79999);
INSERT INTO ezisbn_registrant_range (from_number, id, isbn_group_id, registrant_from, registrant_length, registrant_to, to_number) VALUES (80000,375,67,'8000',4,'9999',99999);
INSERT INTO ezisbn_registrant_range (from_number, id, isbn_group_id, registrant_from, registrant_length, registrant_to, to_number) VALUES (0,376,68,'00',2,'79',79999);
INSERT INTO ezisbn_registrant_range (from_number, id, isbn_group_id, registrant_from, registrant_length, registrant_to, to_number) VALUES (80000,377,68,'800',3,'949',94999);
INSERT INTO ezisbn_registrant_range (from_number, id, isbn_group_id, registrant_from, registrant_length, registrant_to, to_number) VALUES (95000,378,68,'9500',4,'9999',99999);
INSERT INTO ezisbn_registrant_range (from_number, id, isbn_group_id, registrant_from, registrant_length, registrant_to, to_number) VALUES (0,379,69,'0',1,'4',49999);
INSERT INTO ezisbn_registrant_range (from_number, id, isbn_group_id, registrant_from, registrant_length, registrant_to, to_number) VALUES (50000,380,69,'50',2,'79',79999);
INSERT INTO ezisbn_registrant_range (from_number, id, isbn_group_id, registrant_from, registrant_length, registrant_to, to_number) VALUES (80000,381,69,'800',3,'899',89999);
INSERT INTO ezisbn_registrant_range (from_number, id, isbn_group_id, registrant_from, registrant_length, registrant_to, to_number) VALUES (90000,382,69,'9000',4,'9999',99999);
INSERT INTO ezisbn_registrant_range (from_number, id, isbn_group_id, registrant_from, registrant_length, registrant_to, to_number) VALUES (0,383,70,'0',1,'1',19999);
INSERT INTO ezisbn_registrant_range (from_number, id, isbn_group_id, registrant_from, registrant_length, registrant_to, to_number) VALUES (20000,384,70,'20',2,'49',49999);
INSERT INTO ezisbn_registrant_range (from_number, id, isbn_group_id, registrant_from, registrant_length, registrant_to, to_number) VALUES (50000,385,70,'500',3,'899',89999);
INSERT INTO ezisbn_registrant_range (from_number, id, isbn_group_id, registrant_from, registrant_length, registrant_to, to_number) VALUES (90000,386,70,'9000',4,'9999',99999);
INSERT INTO ezisbn_registrant_range (from_number, id, isbn_group_id, registrant_from, registrant_length, registrant_to, to_number) VALUES (0,387,71,'0',1,'0',9999);
INSERT INTO ezisbn_registrant_range (from_number, id, isbn_group_id, registrant_from, registrant_length, registrant_to, to_number) VALUES (10000,388,71,'10',2,'39',39999);
INSERT INTO ezisbn_registrant_range (from_number, id, isbn_group_id, registrant_from, registrant_length, registrant_to, to_number) VALUES (40000,389,71,'400',3,'899',89999);
INSERT INTO ezisbn_registrant_range (from_number, id, isbn_group_id, registrant_from, registrant_length, registrant_to, to_number) VALUES (90000,390,71,'9000',4,'9999',99999);
INSERT INTO ezisbn_registrant_range (from_number, id, isbn_group_id, registrant_from, registrant_length, registrant_to, to_number) VALUES (0,391,72,'00',2,'89',89999);
INSERT INTO ezisbn_registrant_range (from_number, id, isbn_group_id, registrant_from, registrant_length, registrant_to, to_number) VALUES (90000,392,72,'900',3,'994',99499);
INSERT INTO ezisbn_registrant_range (from_number, id, isbn_group_id, registrant_from, registrant_length, registrant_to, to_number) VALUES (99500,393,72,'9950',4,'9999',99999);
INSERT INTO ezisbn_registrant_range (from_number, id, isbn_group_id, registrant_from, registrant_length, registrant_to, to_number) VALUES (0,394,73,'00',2,'29',29999);
INSERT INTO ezisbn_registrant_range (from_number, id, isbn_group_id, registrant_from, registrant_length, registrant_to, to_number) VALUES (30000,395,73,'300',3,'399',39999);
INSERT INTO ezisbn_registrant_range (from_number, id, isbn_group_id, registrant_from, registrant_length, registrant_to, to_number) VALUES (40000,396,73,'4000',4,'9999',99999);
INSERT INTO ezisbn_registrant_range (from_number, id, isbn_group_id, registrant_from, registrant_length, registrant_to, to_number) VALUES (0,397,74,'0',1,'2',29999);
INSERT INTO ezisbn_registrant_range (from_number, id, isbn_group_id, registrant_from, registrant_length, registrant_to, to_number) VALUES (30000,398,74,'300',3,'499',49999);
INSERT INTO ezisbn_registrant_range (from_number, id, isbn_group_id, registrant_from, registrant_length, registrant_to, to_number) VALUES (50000,399,74,'5000',4,'5999',59999);
INSERT INTO ezisbn_registrant_range (from_number, id, isbn_group_id, registrant_from, registrant_length, registrant_to, to_number) VALUES (60000,400,74,'60',2,'89',89999);
INSERT INTO ezisbn_registrant_range (from_number, id, isbn_group_id, registrant_from, registrant_length, registrant_to, to_number) VALUES (90000,401,74,'900',3,'999',99999);
INSERT INTO ezisbn_registrant_range (from_number, id, isbn_group_id, registrant_from, registrant_length, registrant_to, to_number) VALUES (0,402,75,'00',2,'00',999);
INSERT INTO ezisbn_registrant_range (from_number, id, isbn_group_id, registrant_from, registrant_length, registrant_to, to_number) VALUES (1000,403,75,'010',3,'079',7999);
INSERT INTO ezisbn_registrant_range (from_number, id, isbn_group_id, registrant_from, registrant_length, registrant_to, to_number) VALUES (8000,404,75,'08',2,'39',39999);
INSERT INTO ezisbn_registrant_range (from_number, id, isbn_group_id, registrant_from, registrant_length, registrant_to, to_number) VALUES (40000,405,75,'400',3,'569',56999);
INSERT INTO ezisbn_registrant_range (from_number, id, isbn_group_id, registrant_from, registrant_length, registrant_to, to_number) VALUES (57000,406,75,'57',2,'57',57999);
INSERT INTO ezisbn_registrant_range (from_number, id, isbn_group_id, registrant_from, registrant_length, registrant_to, to_number) VALUES (58000,407,75,'580',3,'849',84999);
INSERT INTO ezisbn_registrant_range (from_number, id, isbn_group_id, registrant_from, registrant_length, registrant_to, to_number) VALUES (85000,408,75,'8500',4,'9999',99999);
INSERT INTO ezisbn_registrant_range (from_number, id, isbn_group_id, registrant_from, registrant_length, registrant_to, to_number) VALUES (0,409,76,'0',1,'1',19999);
INSERT INTO ezisbn_registrant_range (from_number, id, isbn_group_id, registrant_from, registrant_length, registrant_to, to_number) VALUES (20000,410,76,'20',2,'39',39999);
INSERT INTO ezisbn_registrant_range (from_number, id, isbn_group_id, registrant_from, registrant_length, registrant_to, to_number) VALUES (40000,411,76,'400',3,'899',89999);
INSERT INTO ezisbn_registrant_range (from_number, id, isbn_group_id, registrant_from, registrant_length, registrant_to, to_number) VALUES (90000,412,76,'9000',4,'9999',99999);
INSERT INTO ezisbn_registrant_range (from_number, id, isbn_group_id, registrant_from, registrant_length, registrant_to, to_number) VALUES (0,413,77,'0',1,'1',19999);
INSERT INTO ezisbn_registrant_range (from_number, id, isbn_group_id, registrant_from, registrant_length, registrant_to, to_number) VALUES (20000,414,77,'20',2,'79',79999);
INSERT INTO ezisbn_registrant_range (from_number, id, isbn_group_id, registrant_from, registrant_length, registrant_to, to_number) VALUES (80000,415,77,'800',3,'999',99999);
INSERT INTO ezisbn_registrant_range (from_number, id, isbn_group_id, registrant_from, registrant_length, registrant_to, to_number) VALUES (0,416,78,'00',2,'39',39999);
INSERT INTO ezisbn_registrant_range (from_number, id, isbn_group_id, registrant_from, registrant_length, registrant_to, to_number) VALUES (40000,417,78,'400',3,'849',84999);
INSERT INTO ezisbn_registrant_range (from_number, id, isbn_group_id, registrant_from, registrant_length, registrant_to, to_number) VALUES (85000,418,78,'8500',4,'9999',99999);
INSERT INTO ezisbn_registrant_range (from_number, id, isbn_group_id, registrant_from, registrant_length, registrant_to, to_number) VALUES (0,419,79,'0',1,'0',9999);
INSERT INTO ezisbn_registrant_range (from_number, id, isbn_group_id, registrant_from, registrant_length, registrant_to, to_number) VALUES (10000,420,79,'10',2,'39',39999);
INSERT INTO ezisbn_registrant_range (from_number, id, isbn_group_id, registrant_from, registrant_length, registrant_to, to_number) VALUES (40000,421,79,'400',3,'899',89999);
INSERT INTO ezisbn_registrant_range (from_number, id, isbn_group_id, registrant_from, registrant_length, registrant_to, to_number) VALUES (90000,422,79,'9000',4,'9999',99999);
INSERT INTO ezisbn_registrant_range (from_number, id, isbn_group_id, registrant_from, registrant_length, registrant_to, to_number) VALUES (0,423,80,'00',2,'29',29999);
INSERT INTO ezisbn_registrant_range (from_number, id, isbn_group_id, registrant_from, registrant_length, registrant_to, to_number) VALUES (30000,424,80,'300',3,'840',84099);
INSERT INTO ezisbn_registrant_range (from_number, id, isbn_group_id, registrant_from, registrant_length, registrant_to, to_number) VALUES (85000,425,80,'8500',4,'9999',99999);
INSERT INTO ezisbn_registrant_range (from_number, id, isbn_group_id, registrant_from, registrant_length, registrant_to, to_number) VALUES (0,426,81,'00',2,'39',39999);
INSERT INTO ezisbn_registrant_range (from_number, id, isbn_group_id, registrant_from, registrant_length, registrant_to, to_number) VALUES (40000,427,81,'400',3,'849',84999);
INSERT INTO ezisbn_registrant_range (from_number, id, isbn_group_id, registrant_from, registrant_length, registrant_to, to_number) VALUES (85000,428,81,'8500',4,'9999',99999);
INSERT INTO ezisbn_registrant_range (from_number, id, isbn_group_id, registrant_from, registrant_length, registrant_to, to_number) VALUES (0,429,82,'0',1,'1',19999);
INSERT INTO ezisbn_registrant_range (from_number, id, isbn_group_id, registrant_from, registrant_length, registrant_to, to_number) VALUES (20000,430,82,'20',2,'39',39999);
INSERT INTO ezisbn_registrant_range (from_number, id, isbn_group_id, registrant_from, registrant_length, registrant_to, to_number) VALUES (40000,431,82,'400',3,'799',79999);
INSERT INTO ezisbn_registrant_range (from_number, id, isbn_group_id, registrant_from, registrant_length, registrant_to, to_number) VALUES (80000,432,82,'8000',4,'9999',99999);
INSERT INTO ezisbn_registrant_range (from_number, id, isbn_group_id, registrant_from, registrant_length, registrant_to, to_number) VALUES (0,433,83,'0',1,'0',9999);
INSERT INTO ezisbn_registrant_range (from_number, id, isbn_group_id, registrant_from, registrant_length, registrant_to, to_number) VALUES (10000,434,83,'10',2,'39',39999);
INSERT INTO ezisbn_registrant_range (from_number, id, isbn_group_id, registrant_from, registrant_length, registrant_to, to_number) VALUES (40000,435,83,'400',3,'599',59999);
INSERT INTO ezisbn_registrant_range (from_number, id, isbn_group_id, registrant_from, registrant_length, registrant_to, to_number) VALUES (60000,436,83,'60',2,'89',89999);
INSERT INTO ezisbn_registrant_range (from_number, id, isbn_group_id, registrant_from, registrant_length, registrant_to, to_number) VALUES (90000,437,83,'9000',4,'9999',99999);
INSERT INTO ezisbn_registrant_range (from_number, id, isbn_group_id, registrant_from, registrant_length, registrant_to, to_number) VALUES (0,438,84,'0',1,'1',19999);
INSERT INTO ezisbn_registrant_range (from_number, id, isbn_group_id, registrant_from, registrant_length, registrant_to, to_number) VALUES (20000,439,84,'20',2,'39',39999);
INSERT INTO ezisbn_registrant_range (from_number, id, isbn_group_id, registrant_from, registrant_length, registrant_to, to_number) VALUES (40000,440,84,'400',3,'799',79999);
INSERT INTO ezisbn_registrant_range (from_number, id, isbn_group_id, registrant_from, registrant_length, registrant_to, to_number) VALUES (80000,441,84,'8000',4,'9999',99999);
INSERT INTO ezisbn_registrant_range (from_number, id, isbn_group_id, registrant_from, registrant_length, registrant_to, to_number) VALUES (0,442,85,'00',2,'39',39999);
INSERT INTO ezisbn_registrant_range (from_number, id, isbn_group_id, registrant_from, registrant_length, registrant_to, to_number) VALUES (40000,443,85,'400',3,'929',92999);
INSERT INTO ezisbn_registrant_range (from_number, id, isbn_group_id, registrant_from, registrant_length, registrant_to, to_number) VALUES (93000,444,85,'9300',4,'9999',99999);
INSERT INTO ezisbn_registrant_range (from_number, id, isbn_group_id, registrant_from, registrant_length, registrant_to, to_number) VALUES (0,445,86,'0',1,'0',9999);
INSERT INTO ezisbn_registrant_range (from_number, id, isbn_group_id, registrant_from, registrant_length, registrant_to, to_number) VALUES (10000,446,86,'10',2,'39',39999);
INSERT INTO ezisbn_registrant_range (from_number, id, isbn_group_id, registrant_from, registrant_length, registrant_to, to_number) VALUES (40000,447,86,'400',3,'899',89999);
INSERT INTO ezisbn_registrant_range (from_number, id, isbn_group_id, registrant_from, registrant_length, registrant_to, to_number) VALUES (90000,448,86,'9000',4,'9999',99999);
INSERT INTO ezisbn_registrant_range (from_number, id, isbn_group_id, registrant_from, registrant_length, registrant_to, to_number) VALUES (0,449,87,'00',2,'39',39999);
INSERT INTO ezisbn_registrant_range (from_number, id, isbn_group_id, registrant_from, registrant_length, registrant_to, to_number) VALUES (40000,450,87,'400',3,'699',69999);
INSERT INTO ezisbn_registrant_range (from_number, id, isbn_group_id, registrant_from, registrant_length, registrant_to, to_number) VALUES (70000,451,87,'70',2,'84',84999);
INSERT INTO ezisbn_registrant_range (from_number, id, isbn_group_id, registrant_from, registrant_length, registrant_to, to_number) VALUES (85000,452,87,'8500',4,'9999',99999);
INSERT INTO ezisbn_registrant_range (from_number, id, isbn_group_id, registrant_from, registrant_length, registrant_to, to_number) VALUES (0,453,88,'0',1,'0',9999);
INSERT INTO ezisbn_registrant_range (from_number, id, isbn_group_id, registrant_from, registrant_length, registrant_to, to_number) VALUES (10000,454,88,'10',2,'49',49999);
INSERT INTO ezisbn_registrant_range (from_number, id, isbn_group_id, registrant_from, registrant_length, registrant_to, to_number) VALUES (50000,455,88,'500',3,'899',89999);
INSERT INTO ezisbn_registrant_range (from_number, id, isbn_group_id, registrant_from, registrant_length, registrant_to, to_number) VALUES (90000,456,88,'9000',4,'9999',99999);
INSERT INTO ezisbn_registrant_range (from_number, id, isbn_group_id, registrant_from, registrant_length, registrant_to, to_number) VALUES (0,457,89,'0',1,'1',19999);
INSERT INTO ezisbn_registrant_range (from_number, id, isbn_group_id, registrant_from, registrant_length, registrant_to, to_number) VALUES (20000,458,89,'20',2,'79',79999);
INSERT INTO ezisbn_registrant_range (from_number, id, isbn_group_id, registrant_from, registrant_length, registrant_to, to_number) VALUES (80000,459,89,'800',3,'949',94999);
INSERT INTO ezisbn_registrant_range (from_number, id, isbn_group_id, registrant_from, registrant_length, registrant_to, to_number) VALUES (95000,460,89,'9500',4,'9999',99999);
INSERT INTO ezisbn_registrant_range (from_number, id, isbn_group_id, registrant_from, registrant_length, registrant_to, to_number) VALUES (0,461,90,'00',2,'59',59999);
INSERT INTO ezisbn_registrant_range (from_number, id, isbn_group_id, registrant_from, registrant_length, registrant_to, to_number) VALUES (60000,462,90,'600',3,'899',89999);
INSERT INTO ezisbn_registrant_range (from_number, id, isbn_group_id, registrant_from, registrant_length, registrant_to, to_number) VALUES (90000,463,90,'9000',4,'9999',99999);
INSERT INTO ezisbn_registrant_range (from_number, id, isbn_group_id, registrant_from, registrant_length, registrant_to, to_number) VALUES (0,464,91,'0',1,'2',29999);
INSERT INTO ezisbn_registrant_range (from_number, id, isbn_group_id, registrant_from, registrant_length, registrant_to, to_number) VALUES (30000,465,91,'30',2,'69',69999);
INSERT INTO ezisbn_registrant_range (from_number, id, isbn_group_id, registrant_from, registrant_length, registrant_to, to_number) VALUES (70000,466,91,'700',3,'949',94999);
INSERT INTO ezisbn_registrant_range (from_number, id, isbn_group_id, registrant_from, registrant_length, registrant_to, to_number) VALUES (95000,467,91,'9500',4,'9999',99999);
INSERT INTO ezisbn_registrant_range (from_number, id, isbn_group_id, registrant_from, registrant_length, registrant_to, to_number) VALUES (0,468,92,'00',2,'54',54999);
INSERT INTO ezisbn_registrant_range (from_number, id, isbn_group_id, registrant_from, registrant_length, registrant_to, to_number) VALUES (55000,469,92,'5500',4,'5599',55999);
INSERT INTO ezisbn_registrant_range (from_number, id, isbn_group_id, registrant_from, registrant_length, registrant_to, to_number) VALUES (56000,470,92,'56',2,'59',59999);
INSERT INTO ezisbn_registrant_range (from_number, id, isbn_group_id, registrant_from, registrant_length, registrant_to, to_number) VALUES (60000,471,92,'600',3,'849',84999);
INSERT INTO ezisbn_registrant_range (from_number, id, isbn_group_id, registrant_from, registrant_length, registrant_to, to_number) VALUES (85000,472,92,'8500',4,'9999',99999);
INSERT INTO ezisbn_registrant_range (from_number, id, isbn_group_id, registrant_from, registrant_length, registrant_to, to_number) VALUES (0,473,93,'0',1,'2',29999);
INSERT INTO ezisbn_registrant_range (from_number, id, isbn_group_id, registrant_from, registrant_length, registrant_to, to_number) VALUES (30000,474,93,'30',2,'54',54999);
INSERT INTO ezisbn_registrant_range (from_number, id, isbn_group_id, registrant_from, registrant_length, registrant_to, to_number) VALUES (55000,475,93,'550',3,'749',74999);
INSERT INTO ezisbn_registrant_range (from_number, id, isbn_group_id, registrant_from, registrant_length, registrant_to, to_number) VALUES (75000,476,93,'7500',4,'9999',99999);
INSERT INTO ezisbn_registrant_range (from_number, id, isbn_group_id, registrant_from, registrant_length, registrant_to, to_number) VALUES (0,477,94,'0',1,'6',69999);
INSERT INTO ezisbn_registrant_range (from_number, id, isbn_group_id, registrant_from, registrant_length, registrant_to, to_number) VALUES (70000,478,94,'70',2,'94',94999);
INSERT INTO ezisbn_registrant_range (from_number, id, isbn_group_id, registrant_from, registrant_length, registrant_to, to_number) VALUES (95000,479,94,'950',3,'999',99999);
INSERT INTO ezisbn_registrant_range (from_number, id, isbn_group_id, registrant_from, registrant_length, registrant_to, to_number) VALUES (0,480,95,'00',2,'39',39999);
INSERT INTO ezisbn_registrant_range (from_number, id, isbn_group_id, registrant_from, registrant_length, registrant_to, to_number) VALUES (40000,481,95,'400',3,'899',89999);
INSERT INTO ezisbn_registrant_range (from_number, id, isbn_group_id, registrant_from, registrant_length, registrant_to, to_number) VALUES (90000,482,95,'9000',4,'9999',99999);
INSERT INTO ezisbn_registrant_range (from_number, id, isbn_group_id, registrant_from, registrant_length, registrant_to, to_number) VALUES (0,483,96,'00',2,'69',69999);
INSERT INTO ezisbn_registrant_range (from_number, id, isbn_group_id, registrant_from, registrant_length, registrant_to, to_number) VALUES (70000,484,96,'7000',4,'7499',74999);
INSERT INTO ezisbn_registrant_range (from_number, id, isbn_group_id, registrant_from, registrant_length, registrant_to, to_number) VALUES (75000,485,96,'750',3,'959',95999);
INSERT INTO ezisbn_registrant_range (from_number, id, isbn_group_id, registrant_from, registrant_length, registrant_to, to_number) VALUES (96000,486,96,'9600',4,'9999',99999);
INSERT INTO ezisbn_registrant_range (from_number, id, isbn_group_id, registrant_from, registrant_length, registrant_to, to_number) VALUES (0,487,97,'00',2,'39',39999);
INSERT INTO ezisbn_registrant_range (from_number, id, isbn_group_id, registrant_from, registrant_length, registrant_to, to_number) VALUES (40000,488,97,'400',3,'899',89999);
INSERT INTO ezisbn_registrant_range (from_number, id, isbn_group_id, registrant_from, registrant_length, registrant_to, to_number) VALUES (90000,489,97,'9000',4,'9999',99999);
INSERT INTO ezisbn_registrant_range (from_number, id, isbn_group_id, registrant_from, registrant_length, registrant_to, to_number) VALUES (0,490,98,'00',2,'49',49999);
INSERT INTO ezisbn_registrant_range (from_number, id, isbn_group_id, registrant_from, registrant_length, registrant_to, to_number) VALUES (50000,491,98,'500',3,'939',93999);
INSERT INTO ezisbn_registrant_range (from_number, id, isbn_group_id, registrant_from, registrant_length, registrant_to, to_number) VALUES (94000,492,98,'9400',4,'9999',99999);
INSERT INTO ezisbn_registrant_range (from_number, id, isbn_group_id, registrant_from, registrant_length, registrant_to, to_number) VALUES (0,493,99,'00',2,'39',39999);
INSERT INTO ezisbn_registrant_range (from_number, id, isbn_group_id, registrant_from, registrant_length, registrant_to, to_number) VALUES (40000,494,99,'400',3,'899',89999);
INSERT INTO ezisbn_registrant_range (from_number, id, isbn_group_id, registrant_from, registrant_length, registrant_to, to_number) VALUES (90000,495,99,'9000',4,'9999',99999);
INSERT INTO ezisbn_registrant_range (from_number, id, isbn_group_id, registrant_from, registrant_length, registrant_to, to_number) VALUES (0,496,100,'0',1,'5',59999);
INSERT INTO ezisbn_registrant_range (from_number, id, isbn_group_id, registrant_from, registrant_length, registrant_to, to_number) VALUES (60000,497,100,'60',2,'89',89999);
INSERT INTO ezisbn_registrant_range (from_number, id, isbn_group_id, registrant_from, registrant_length, registrant_to, to_number) VALUES (90000,498,100,'900',3,'989',98999);
INSERT INTO ezisbn_registrant_range (from_number, id, isbn_group_id, registrant_from, registrant_length, registrant_to, to_number) VALUES (99000,499,100,'9900',4,'9999',99999);
INSERT INTO ezisbn_registrant_range (from_number, id, isbn_group_id, registrant_from, registrant_length, registrant_to, to_number) VALUES (0,500,101,'00',2,'09',9999);
INSERT INTO ezisbn_registrant_range (from_number, id, isbn_group_id, registrant_from, registrant_length, registrant_to, to_number) VALUES (10000,501,101,'1',1,'1',19999);
INSERT INTO ezisbn_registrant_range (from_number, id, isbn_group_id, registrant_from, registrant_length, registrant_to, to_number) VALUES (20000,502,101,'200',3,'249',24999);
INSERT INTO ezisbn_registrant_range (from_number, id, isbn_group_id, registrant_from, registrant_length, registrant_to, to_number) VALUES (25000,503,101,'2500',4,'2999',29999);
INSERT INTO ezisbn_registrant_range (from_number, id, isbn_group_id, registrant_from, registrant_length, registrant_to, to_number) VALUES (30000,504,101,'30',2,'59',59999);
INSERT INTO ezisbn_registrant_range (from_number, id, isbn_group_id, registrant_from, registrant_length, registrant_to, to_number) VALUES (60000,505,101,'600',3,'899',89999);
INSERT INTO ezisbn_registrant_range (from_number, id, isbn_group_id, registrant_from, registrant_length, registrant_to, to_number) VALUES (90000,506,101,'9000',4,'9999',99999);
INSERT INTO ezisbn_registrant_range (from_number, id, isbn_group_id, registrant_from, registrant_length, registrant_to, to_number) VALUES (0,507,102,'0',1,'05',5999);
INSERT INTO ezisbn_registrant_range (from_number, id, isbn_group_id, registrant_from, registrant_length, registrant_to, to_number) VALUES (6000,508,102,'060',3,'089',8999);
INSERT INTO ezisbn_registrant_range (from_number, id, isbn_group_id, registrant_from, registrant_length, registrant_to, to_number) VALUES (9000,509,102,'0900',4,'0999',9999);
INSERT INTO ezisbn_registrant_range (from_number, id, isbn_group_id, registrant_from, registrant_length, registrant_to, to_number) VALUES (10000,510,102,'10',2,'69',69999);
INSERT INTO ezisbn_registrant_range (from_number, id, isbn_group_id, registrant_from, registrant_length, registrant_to, to_number) VALUES (70000,511,102,'700',3,'969',96999);
INSERT INTO ezisbn_registrant_range (from_number, id, isbn_group_id, registrant_from, registrant_length, registrant_to, to_number) VALUES (97000,512,102,'9700',4,'9999',99999);
INSERT INTO ezisbn_registrant_range (from_number, id, isbn_group_id, registrant_from, registrant_length, registrant_to, to_number) VALUES (0,513,103,'0',1,'2',29999);
INSERT INTO ezisbn_registrant_range (from_number, id, isbn_group_id, registrant_from, registrant_length, registrant_to, to_number) VALUES (30000,514,103,'30',2,'54',54999);
INSERT INTO ezisbn_registrant_range (from_number, id, isbn_group_id, registrant_from, registrant_length, registrant_to, to_number) VALUES (55000,515,103,'550',3,'749',74999);
INSERT INTO ezisbn_registrant_range (from_number, id, isbn_group_id, registrant_from, registrant_length, registrant_to, to_number) VALUES (75000,516,103,'7500',4,'9499',94999);
INSERT INTO ezisbn_registrant_range (from_number, id, isbn_group_id, registrant_from, registrant_length, registrant_to, to_number) VALUES (95000,517,103,'95',2,'99',99999);
INSERT INTO ezisbn_registrant_range (from_number, id, isbn_group_id, registrant_from, registrant_length, registrant_to, to_number) VALUES (0,518,104,'0',1,'0',9999);
INSERT INTO ezisbn_registrant_range (from_number, id, isbn_group_id, registrant_from, registrant_length, registrant_to, to_number) VALUES (10000,519,104,'100',3,'399',39999);
INSERT INTO ezisbn_registrant_range (from_number, id, isbn_group_id, registrant_from, registrant_length, registrant_to, to_number) VALUES (40000,520,104,'4000',4,'4499',44999);
INSERT INTO ezisbn_registrant_range (from_number, id, isbn_group_id, registrant_from, registrant_length, registrant_to, to_number) VALUES (45000,521,104,'45',2,'89',89999);
INSERT INTO ezisbn_registrant_range (from_number, id, isbn_group_id, registrant_from, registrant_length, registrant_to, to_number) VALUES (90000,522,104,'900',3,'949',94999);
INSERT INTO ezisbn_registrant_range (from_number, id, isbn_group_id, registrant_from, registrant_length, registrant_to, to_number) VALUES (95000,523,104,'9500',4,'9999',99999);
INSERT INTO ezisbn_registrant_range (from_number, id, isbn_group_id, registrant_from, registrant_length, registrant_to, to_number) VALUES (0,524,105,'0',1,'5',59999);
INSERT INTO ezisbn_registrant_range (from_number, id, isbn_group_id, registrant_from, registrant_length, registrant_to, to_number) VALUES (60000,525,105,'60',2,'89',89999);
INSERT INTO ezisbn_registrant_range (from_number, id, isbn_group_id, registrant_from, registrant_length, registrant_to, to_number) VALUES (90000,526,105,'900',3,'989',98999);
INSERT INTO ezisbn_registrant_range (from_number, id, isbn_group_id, registrant_from, registrant_length, registrant_to, to_number) VALUES (99900,527,105,'9990',4,'9999',99999);
INSERT INTO ezisbn_registrant_range (from_number, id, isbn_group_id, registrant_from, registrant_length, registrant_to, to_number) VALUES (0,528,106,'00',2,'89',89999);
INSERT INTO ezisbn_registrant_range (from_number, id, isbn_group_id, registrant_from, registrant_length, registrant_to, to_number) VALUES (90000,529,106,'900',3,'989',98999);
INSERT INTO ezisbn_registrant_range (from_number, id, isbn_group_id, registrant_from, registrant_length, registrant_to, to_number) VALUES (99000,530,106,'9900',4,'9999',99999);
INSERT INTO ezisbn_registrant_range (from_number, id, isbn_group_id, registrant_from, registrant_length, registrant_to, to_number) VALUES (0,531,107,'00',2,'29',29999);
INSERT INTO ezisbn_registrant_range (from_number, id, isbn_group_id, registrant_from, registrant_length, registrant_to, to_number) VALUES (30000,532,107,'300',3,'399',39999);
INSERT INTO ezisbn_registrant_range (from_number, id, isbn_group_id, registrant_from, registrant_length, registrant_to, to_number) VALUES (40000,533,107,'40',2,'94',94999);
INSERT INTO ezisbn_registrant_range (from_number, id, isbn_group_id, registrant_from, registrant_length, registrant_to, to_number) VALUES (95000,534,107,'950',3,'989',98999);
INSERT INTO ezisbn_registrant_range (from_number, id, isbn_group_id, registrant_from, registrant_length, registrant_to, to_number) VALUES (99000,535,107,'9900',4,'9999',99999);
INSERT INTO ezisbn_registrant_range (from_number, id, isbn_group_id, registrant_from, registrant_length, registrant_to, to_number) VALUES (0,536,108,'0',1,'4',49999);
INSERT INTO ezisbn_registrant_range (from_number, id, isbn_group_id, registrant_from, registrant_length, registrant_to, to_number) VALUES (50000,537,108,'50',2,'64',64999);
INSERT INTO ezisbn_registrant_range (from_number, id, isbn_group_id, registrant_from, registrant_length, registrant_to, to_number) VALUES (65000,538,108,'650',3,'659',65999);
INSERT INTO ezisbn_registrant_range (from_number, id, isbn_group_id, registrant_from, registrant_length, registrant_to, to_number) VALUES (66000,539,108,'66',2,'75',75999);
INSERT INTO ezisbn_registrant_range (from_number, id, isbn_group_id, registrant_from, registrant_length, registrant_to, to_number) VALUES (76000,540,108,'760',3,'899',89999);
INSERT INTO ezisbn_registrant_range (from_number, id, isbn_group_id, registrant_from, registrant_length, registrant_to, to_number) VALUES (90000,541,108,'9000',4,'9999',99999);
INSERT INTO ezisbn_registrant_range (from_number, id, isbn_group_id, registrant_from, registrant_length, registrant_to, to_number) VALUES (0,542,109,'0',1,'3',39999);
INSERT INTO ezisbn_registrant_range (from_number, id, isbn_group_id, registrant_from, registrant_length, registrant_to, to_number) VALUES (40000,543,109,'40',2,'89',89999);
INSERT INTO ezisbn_registrant_range (from_number, id, isbn_group_id, registrant_from, registrant_length, registrant_to, to_number) VALUES (90000,544,109,'900',3,'989',98999);
INSERT INTO ezisbn_registrant_range (from_number, id, isbn_group_id, registrant_from, registrant_length, registrant_to, to_number) VALUES (99000,545,109,'9900',4,'9999',99999);
INSERT INTO ezisbn_registrant_range (from_number, id, isbn_group_id, registrant_from, registrant_length, registrant_to, to_number) VALUES (0,546,110,'00',2,'09',9999);
INSERT INTO ezisbn_registrant_range (from_number, id, isbn_group_id, registrant_from, registrant_length, registrant_to, to_number) VALUES (10000,547,110,'100',3,'159',15999);
INSERT INTO ezisbn_registrant_range (from_number, id, isbn_group_id, registrant_from, registrant_length, registrant_to, to_number) VALUES (16000,548,110,'1600',4,'1999',19999);
INSERT INTO ezisbn_registrant_range (from_number, id, isbn_group_id, registrant_from, registrant_length, registrant_to, to_number) VALUES (20000,549,110,'20',2,'79',79999);
INSERT INTO ezisbn_registrant_range (from_number, id, isbn_group_id, registrant_from, registrant_length, registrant_to, to_number) VALUES (80000,550,110,'800',3,'949',94999);
INSERT INTO ezisbn_registrant_range (from_number, id, isbn_group_id, registrant_from, registrant_length, registrant_to, to_number) VALUES (95000,551,110,'9500',4,'9999',99999);
INSERT INTO ezisbn_registrant_range (from_number, id, isbn_group_id, registrant_from, registrant_length, registrant_to, to_number) VALUES (0,552,111,'00',2,'79',79999);
INSERT INTO ezisbn_registrant_range (from_number, id, isbn_group_id, registrant_from, registrant_length, registrant_to, to_number) VALUES (80000,553,111,'800',3,'989',98999);
INSERT INTO ezisbn_registrant_range (from_number, id, isbn_group_id, registrant_from, registrant_length, registrant_to, to_number) VALUES (99000,554,111,'9900',4,'9999',99999);
INSERT INTO ezisbn_registrant_range (from_number, id, isbn_group_id, registrant_from, registrant_length, registrant_to, to_number) VALUES (80000,555,112,'80',2,'94',94999);
INSERT INTO ezisbn_registrant_range (from_number, id, isbn_group_id, registrant_from, registrant_length, registrant_to, to_number) VALUES (95000,556,112,'950',3,'989',98999);
INSERT INTO ezisbn_registrant_range (from_number, id, isbn_group_id, registrant_from, registrant_length, registrant_to, to_number) VALUES (99000,557,112,'9900',4,'9999',99999);
INSERT INTO ezisbn_registrant_range (from_number, id, isbn_group_id, registrant_from, registrant_length, registrant_to, to_number) VALUES (0,558,113,'00',2,'49',49999);
INSERT INTO ezisbn_registrant_range (from_number, id, isbn_group_id, registrant_from, registrant_length, registrant_to, to_number) VALUES (50000,559,113,'500',3,'899',89999);
INSERT INTO ezisbn_registrant_range (from_number, id, isbn_group_id, registrant_from, registrant_length, registrant_to, to_number) VALUES (90000,560,113,'9000',4,'9999',99999);
INSERT INTO ezisbn_registrant_range (from_number, id, isbn_group_id, registrant_from, registrant_length, registrant_to, to_number) VALUES (0,561,114,'0',1,'4',49999);
INSERT INTO ezisbn_registrant_range (from_number, id, isbn_group_id, registrant_from, registrant_length, registrant_to, to_number) VALUES (50000,562,114,'50',2,'79',79999);
INSERT INTO ezisbn_registrant_range (from_number, id, isbn_group_id, registrant_from, registrant_length, registrant_to, to_number) VALUES (80000,563,114,'800',3,'899',89999);
INSERT INTO ezisbn_registrant_range (from_number, id, isbn_group_id, registrant_from, registrant_length, registrant_to, to_number) VALUES (90000,564,114,'9000',4,'9999',99999);
INSERT INTO ezisbn_registrant_range (from_number, id, isbn_group_id, registrant_from, registrant_length, registrant_to, to_number) VALUES (0,565,115,'00',2,'39',39999);
INSERT INTO ezisbn_registrant_range (from_number, id, isbn_group_id, registrant_from, registrant_length, registrant_to, to_number) VALUES (40000,566,115,'400',3,'899',89999);
INSERT INTO ezisbn_registrant_range (from_number, id, isbn_group_id, registrant_from, registrant_length, registrant_to, to_number) VALUES (90000,567,115,'9000',4,'9399',93999);
INSERT INTO ezisbn_registrant_range (from_number, id, isbn_group_id, registrant_from, registrant_length, registrant_to, to_number) VALUES (94000,568,115,'940',3,'969',96999);
INSERT INTO ezisbn_registrant_range (from_number, id, isbn_group_id, registrant_from, registrant_length, registrant_to, to_number) VALUES (97000,569,115,'97',2,'99',99999);
INSERT INTO ezisbn_registrant_range (from_number, id, isbn_group_id, registrant_from, registrant_length, registrant_to, to_number) VALUES (0,570,116,'00',2,'39',39999);
INSERT INTO ezisbn_registrant_range (from_number, id, isbn_group_id, registrant_from, registrant_length, registrant_to, to_number) VALUES (40000,571,116,'400',3,'879',87999);
INSERT INTO ezisbn_registrant_range (from_number, id, isbn_group_id, registrant_from, registrant_length, registrant_to, to_number) VALUES (88000,572,116,'8800',4,'9999',99999);
INSERT INTO ezisbn_registrant_range (from_number, id, isbn_group_id, registrant_from, registrant_length, registrant_to, to_number) VALUES (0,573,117,'0',1,'2',29999);
INSERT INTO ezisbn_registrant_range (from_number, id, isbn_group_id, registrant_from, registrant_length, registrant_to, to_number) VALUES (30000,574,117,'30',2,'54',54999);
INSERT INTO ezisbn_registrant_range (from_number, id, isbn_group_id, registrant_from, registrant_length, registrant_to, to_number) VALUES (55000,575,117,'550',3,'749',74999);
INSERT INTO ezisbn_registrant_range (from_number, id, isbn_group_id, registrant_from, registrant_length, registrant_to, to_number) VALUES (75000,576,117,'7500',4,'9999',99999);
INSERT INTO ezisbn_registrant_range (from_number, id, isbn_group_id, registrant_from, registrant_length, registrant_to, to_number) VALUES (0,577,118,'0',1,'0',9999);
INSERT INTO ezisbn_registrant_range (from_number, id, isbn_group_id, registrant_from, registrant_length, registrant_to, to_number) VALUES (10000,578,118,'100',3,'199',19999);
INSERT INTO ezisbn_registrant_range (from_number, id, isbn_group_id, registrant_from, registrant_length, registrant_to, to_number) VALUES (20000,579,118,'2000',4,'2999',29999);
INSERT INTO ezisbn_registrant_range (from_number, id, isbn_group_id, registrant_from, registrant_length, registrant_to, to_number) VALUES (30000,580,118,'30',2,'59',59999);
INSERT INTO ezisbn_registrant_range (from_number, id, isbn_group_id, registrant_from, registrant_length, registrant_to, to_number) VALUES (60000,581,118,'600',3,'949',94999);
INSERT INTO ezisbn_registrant_range (from_number, id, isbn_group_id, registrant_from, registrant_length, registrant_to, to_number) VALUES (95000,582,118,'9500',4,'9999',99999);
INSERT INTO ezisbn_registrant_range (from_number, id, isbn_group_id, registrant_from, registrant_length, registrant_to, to_number) VALUES (0,583,119,'00',2,'49',49999);
INSERT INTO ezisbn_registrant_range (from_number, id, isbn_group_id, registrant_from, registrant_length, registrant_to, to_number) VALUES (50000,584,119,'500',3,'799',79999);
INSERT INTO ezisbn_registrant_range (from_number, id, isbn_group_id, registrant_from, registrant_length, registrant_to, to_number) VALUES (80000,585,119,'80',2,'99',99999);
INSERT INTO ezisbn_registrant_range (from_number, id, isbn_group_id, registrant_from, registrant_length, registrant_to, to_number) VALUES (0,586,121,'0',1,'1',19999);
INSERT INTO ezisbn_registrant_range (from_number, id, isbn_group_id, registrant_from, registrant_length, registrant_to, to_number) VALUES (20000,587,121,'20',2,'89',89999);
INSERT INTO ezisbn_registrant_range (from_number, id, isbn_group_id, registrant_from, registrant_length, registrant_to, to_number) VALUES (90000,588,121,'900',3,'999',99999);
INSERT INTO ezisbn_registrant_range (from_number, id, isbn_group_id, registrant_from, registrant_length, registrant_to, to_number) VALUES (0,589,122,'0',1,'5',59999);
INSERT INTO ezisbn_registrant_range (from_number, id, isbn_group_id, registrant_from, registrant_length, registrant_to, to_number) VALUES (60000,590,122,'60',2,'89',89999);
INSERT INTO ezisbn_registrant_range (from_number, id, isbn_group_id, registrant_from, registrant_length, registrant_to, to_number) VALUES (90000,591,122,'900',3,'999',99999);
INSERT INTO ezisbn_registrant_range (from_number, id, isbn_group_id, registrant_from, registrant_length, registrant_to, to_number) VALUES (0,592,123,'0',1,'3',39999);
INSERT INTO ezisbn_registrant_range (from_number, id, isbn_group_id, registrant_from, registrant_length, registrant_to, to_number) VALUES (40000,593,123,'40',2,'79',79999);
INSERT INTO ezisbn_registrant_range (from_number, id, isbn_group_id, registrant_from, registrant_length, registrant_to, to_number) VALUES (80000,594,123,'800',3,'999',99999);
INSERT INTO ezisbn_registrant_range (from_number, id, isbn_group_id, registrant_from, registrant_length, registrant_to, to_number) VALUES (0,595,124,'0',1,'2',29999);
INSERT INTO ezisbn_registrant_range (from_number, id, isbn_group_id, registrant_from, registrant_length, registrant_to, to_number) VALUES (30000,596,124,'30',2,'59',59999);
INSERT INTO ezisbn_registrant_range (from_number, id, isbn_group_id, registrant_from, registrant_length, registrant_to, to_number) VALUES (60000,597,124,'600',3,'699',69999);
INSERT INTO ezisbn_registrant_range (from_number, id, isbn_group_id, registrant_from, registrant_length, registrant_to, to_number) VALUES (70000,598,124,'70',2,'89',89999);
INSERT INTO ezisbn_registrant_range (from_number, id, isbn_group_id, registrant_from, registrant_length, registrant_to, to_number) VALUES (90000,599,124,'9',1,'9',99999);
INSERT INTO ezisbn_registrant_range (from_number, id, isbn_group_id, registrant_from, registrant_length, registrant_to, to_number) VALUES (0,600,125,'0',1,'0',9999);
INSERT INTO ezisbn_registrant_range (from_number, id, isbn_group_id, registrant_from, registrant_length, registrant_to, to_number) VALUES (10000,601,125,'10',2,'89',89999);
INSERT INTO ezisbn_registrant_range (from_number, id, isbn_group_id, registrant_from, registrant_length, registrant_to, to_number) VALUES (90000,602,125,'900',3,'999',99999);
INSERT INTO ezisbn_registrant_range (from_number, id, isbn_group_id, registrant_from, registrant_length, registrant_to, to_number) VALUES (0,603,126,'0',1,'3',39999);
INSERT INTO ezisbn_registrant_range (from_number, id, isbn_group_id, registrant_from, registrant_length, registrant_to, to_number) VALUES (40000,604,126,'40',2,'94',94999);
INSERT INTO ezisbn_registrant_range (from_number, id, isbn_group_id, registrant_from, registrant_length, registrant_to, to_number) VALUES (95000,605,126,'950',3,'999',99999);
INSERT INTO ezisbn_registrant_range (from_number, id, isbn_group_id, registrant_from, registrant_length, registrant_to, to_number) VALUES (0,606,127,'0',1,'2',29999);
INSERT INTO ezisbn_registrant_range (from_number, id, isbn_group_id, registrant_from, registrant_length, registrant_to, to_number) VALUES (30000,607,127,'30',2,'89',89999);
INSERT INTO ezisbn_registrant_range (from_number, id, isbn_group_id, registrant_from, registrant_length, registrant_to, to_number) VALUES (90000,608,127,'900',3,'999',99999);
INSERT INTO ezisbn_registrant_range (from_number, id, isbn_group_id, registrant_from, registrant_length, registrant_to, to_number) VALUES (0,609,128,'00',2,'59',59999);
INSERT INTO ezisbn_registrant_range (from_number, id, isbn_group_id, registrant_from, registrant_length, registrant_to, to_number) VALUES (60000,610,128,'600',3,'999',99999);
INSERT INTO ezisbn_registrant_range (from_number, id, isbn_group_id, registrant_from, registrant_length, registrant_to, to_number) VALUES (0,611,129,'0',1,'3',39999);
INSERT INTO ezisbn_registrant_range (from_number, id, isbn_group_id, registrant_from, registrant_length, registrant_to, to_number) VALUES (40000,612,129,'400',3,'599',59999);
INSERT INTO ezisbn_registrant_range (from_number, id, isbn_group_id, registrant_from, registrant_length, registrant_to, to_number) VALUES (60000,613,129,'60',2,'89',89999);
INSERT INTO ezisbn_registrant_range (from_number, id, isbn_group_id, registrant_from, registrant_length, registrant_to, to_number) VALUES (90000,614,129,'900',3,'999',99999);
INSERT INTO ezisbn_registrant_range (from_number, id, isbn_group_id, registrant_from, registrant_length, registrant_to, to_number) VALUES (0,615,130,'0',1,'2',29999);
INSERT INTO ezisbn_registrant_range (from_number, id, isbn_group_id, registrant_from, registrant_length, registrant_to, to_number) VALUES (30000,616,130,'30',2,'35',35999);
INSERT INTO ezisbn_registrant_range (from_number, id, isbn_group_id, registrant_from, registrant_length, registrant_to, to_number) VALUES (60000,617,130,'600',3,'604',60499);
INSERT INTO ezisbn_registrant_range (from_number, id, isbn_group_id, registrant_from, registrant_length, registrant_to, to_number) VALUES (0,618,131,'0',1,'4',49999);
INSERT INTO ezisbn_registrant_range (from_number, id, isbn_group_id, registrant_from, registrant_length, registrant_to, to_number) VALUES (50000,619,131,'50',2,'89',89999);
INSERT INTO ezisbn_registrant_range (from_number, id, isbn_group_id, registrant_from, registrant_length, registrant_to, to_number) VALUES (90000,620,131,'900',3,'949',94999);
INSERT INTO ezisbn_registrant_range (from_number, id, isbn_group_id, registrant_from, registrant_length, registrant_to, to_number) VALUES (0,621,132,'0',1,'4',49999);
INSERT INTO ezisbn_registrant_range (from_number, id, isbn_group_id, registrant_from, registrant_length, registrant_to, to_number) VALUES (50000,622,132,'50',2,'79',79999);
INSERT INTO ezisbn_registrant_range (from_number, id, isbn_group_id, registrant_from, registrant_length, registrant_to, to_number) VALUES (80000,623,132,'800',3,'999',99999);
INSERT INTO ezisbn_registrant_range (from_number, id, isbn_group_id, registrant_from, registrant_length, registrant_to, to_number) VALUES (0,624,133,'0',1,'2',29999);
INSERT INTO ezisbn_registrant_range (from_number, id, isbn_group_id, registrant_from, registrant_length, registrant_to, to_number) VALUES (30000,625,133,'30',2,'69',69999);
INSERT INTO ezisbn_registrant_range (from_number, id, isbn_group_id, registrant_from, registrant_length, registrant_to, to_number) VALUES (70000,626,133,'700',3,'999',99999);
INSERT INTO ezisbn_registrant_range (from_number, id, isbn_group_id, registrant_from, registrant_length, registrant_to, to_number) VALUES (0,627,134,'0',1,'2',29999);
INSERT INTO ezisbn_registrant_range (from_number, id, isbn_group_id, registrant_from, registrant_length, registrant_to, to_number) VALUES (30000,628,134,'30',2,'89',89999);
INSERT INTO ezisbn_registrant_range (from_number, id, isbn_group_id, registrant_from, registrant_length, registrant_to, to_number) VALUES (90000,629,134,'900',3,'999',99999);
INSERT INTO ezisbn_registrant_range (from_number, id, isbn_group_id, registrant_from, registrant_length, registrant_to, to_number) VALUES (0,630,135,'0',1,'3',39999);
INSERT INTO ezisbn_registrant_range (from_number, id, isbn_group_id, registrant_from, registrant_length, registrant_to, to_number) VALUES (40000,631,135,'40',2,'79',79999);
INSERT INTO ezisbn_registrant_range (from_number, id, isbn_group_id, registrant_from, registrant_length, registrant_to, to_number) VALUES (80000,632,135,'800',3,'999',99999);
INSERT INTO ezisbn_registrant_range (from_number, id, isbn_group_id, registrant_from, registrant_length, registrant_to, to_number) VALUES (0,633,136,'0',1,'2',29999);
INSERT INTO ezisbn_registrant_range (from_number, id, isbn_group_id, registrant_from, registrant_length, registrant_to, to_number) VALUES (40000,634,136,'40',2,'69',69999);
INSERT INTO ezisbn_registrant_range (from_number, id, isbn_group_id, registrant_from, registrant_length, registrant_to, to_number) VALUES (90000,635,136,'900',3,'999',99999);
INSERT INTO ezisbn_registrant_range (from_number, id, isbn_group_id, registrant_from, registrant_length, registrant_to, to_number) VALUES (0,636,137,'0',1,'4',49999);
INSERT INTO ezisbn_registrant_range (from_number, id, isbn_group_id, registrant_from, registrant_length, registrant_to, to_number) VALUES (50000,637,137,'50',2,'89',89999);
INSERT INTO ezisbn_registrant_range (from_number, id, isbn_group_id, registrant_from, registrant_length, registrant_to, to_number) VALUES (90000,638,137,'900',3,'999',99999);
INSERT INTO ezisbn_registrant_range (from_number, id, isbn_group_id, registrant_from, registrant_length, registrant_to, to_number) VALUES (0,639,138,'0',1,'1',19999);
INSERT INTO ezisbn_registrant_range (from_number, id, isbn_group_id, registrant_from, registrant_length, registrant_to, to_number) VALUES (20000,640,138,'20',2,'69',69999);
INSERT INTO ezisbn_registrant_range (from_number, id, isbn_group_id, registrant_from, registrant_length, registrant_to, to_number) VALUES (70000,641,138,'700',3,'799',79999);
INSERT INTO ezisbn_registrant_range (from_number, id, isbn_group_id, registrant_from, registrant_length, registrant_to, to_number) VALUES (80000,642,138,'8',1,'8',89999);
INSERT INTO ezisbn_registrant_range (from_number, id, isbn_group_id, registrant_from, registrant_length, registrant_to, to_number) VALUES (90000,643,138,'90',2,'99',99999);
INSERT INTO ezisbn_registrant_range (from_number, id, isbn_group_id, registrant_from, registrant_length, registrant_to, to_number) VALUES (0,644,139,'0',1,'3',39999);
INSERT INTO ezisbn_registrant_range (from_number, id, isbn_group_id, registrant_from, registrant_length, registrant_to, to_number) VALUES (40000,645,139,'40',2,'69',69999);
INSERT INTO ezisbn_registrant_range (from_number, id, isbn_group_id, registrant_from, registrant_length, registrant_to, to_number) VALUES (70000,646,139,'700',3,'999',99999);
INSERT INTO ezisbn_registrant_range (from_number, id, isbn_group_id, registrant_from, registrant_length, registrant_to, to_number) VALUES (0,647,140,'0',1,'1',19999);
INSERT INTO ezisbn_registrant_range (from_number, id, isbn_group_id, registrant_from, registrant_length, registrant_to, to_number) VALUES (20000,648,140,'20',2,'79',79999);
INSERT INTO ezisbn_registrant_range (from_number, id, isbn_group_id, registrant_from, registrant_length, registrant_to, to_number) VALUES (80000,649,140,'800',3,'999',99999);
INSERT INTO ezisbn_registrant_range (from_number, id, isbn_group_id, registrant_from, registrant_length, registrant_to, to_number) VALUES (0,650,141,'0',1,'2',29999);
INSERT INTO ezisbn_registrant_range (from_number, id, isbn_group_id, registrant_from, registrant_length, registrant_to, to_number) VALUES (30000,651,141,'30',2,'79',79999);
INSERT INTO ezisbn_registrant_range (from_number, id, isbn_group_id, registrant_from, registrant_length, registrant_to, to_number) VALUES (80000,652,141,'800',3,'999',99999);
INSERT INTO ezisbn_registrant_range (from_number, id, isbn_group_id, registrant_from, registrant_length, registrant_to, to_number) VALUES (0,653,142,'0',1,'3',39999);
INSERT INTO ezisbn_registrant_range (from_number, id, isbn_group_id, registrant_from, registrant_length, registrant_to, to_number) VALUES (40000,654,142,'40',2,'79',79999);
INSERT INTO ezisbn_registrant_range (from_number, id, isbn_group_id, registrant_from, registrant_length, registrant_to, to_number) VALUES (80000,655,142,'800',3,'999',99999);
INSERT INTO ezisbn_registrant_range (from_number, id, isbn_group_id, registrant_from, registrant_length, registrant_to, to_number) VALUES (0,656,143,'0',1,'0',9999);
INSERT INTO ezisbn_registrant_range (from_number, id, isbn_group_id, registrant_from, registrant_length, registrant_to, to_number) VALUES (10000,657,143,'10',2,'59',59999);
INSERT INTO ezisbn_registrant_range (from_number, id, isbn_group_id, registrant_from, registrant_length, registrant_to, to_number) VALUES (60000,658,143,'600',3,'999',99999);
INSERT INTO ezisbn_registrant_range (from_number, id, isbn_group_id, registrant_from, registrant_length, registrant_to, to_number) VALUES (0,659,144,'0',1,'2',29999);
INSERT INTO ezisbn_registrant_range (from_number, id, isbn_group_id, registrant_from, registrant_length, registrant_to, to_number) VALUES (30000,660,144,'30',2,'59',59999);
INSERT INTO ezisbn_registrant_range (from_number, id, isbn_group_id, registrant_from, registrant_length, registrant_to, to_number) VALUES (60000,661,144,'600',3,'999',99999);
INSERT INTO ezisbn_registrant_range (from_number, id, isbn_group_id, registrant_from, registrant_length, registrant_to, to_number) VALUES (0,662,145,'0',1,'0',9999);
INSERT INTO ezisbn_registrant_range (from_number, id, isbn_group_id, registrant_from, registrant_length, registrant_to, to_number) VALUES (10000,663,145,'10',2,'79',79999);
INSERT INTO ezisbn_registrant_range (from_number, id, isbn_group_id, registrant_from, registrant_length, registrant_to, to_number) VALUES (80000,664,145,'800',3,'999',99999);
INSERT INTO ezisbn_registrant_range (from_number, id, isbn_group_id, registrant_from, registrant_length, registrant_to, to_number) VALUES (0,665,146,'0',1,'4',49999);
INSERT INTO ezisbn_registrant_range (from_number, id, isbn_group_id, registrant_from, registrant_length, registrant_to, to_number) VALUES (50000,666,146,'50',2,'79',79999);
INSERT INTO ezisbn_registrant_range (from_number, id, isbn_group_id, registrant_from, registrant_length, registrant_to, to_number) VALUES (80000,667,146,'800',3,'999',99999);
INSERT INTO ezisbn_registrant_range (from_number, id, isbn_group_id, registrant_from, registrant_length, registrant_to, to_number) VALUES (0,668,147,'0',1,'4',49999);
INSERT INTO ezisbn_registrant_range (from_number, id, isbn_group_id, registrant_from, registrant_length, registrant_to, to_number) VALUES (50000,669,147,'50',2,'79',79999);
INSERT INTO ezisbn_registrant_range (from_number, id, isbn_group_id, registrant_from, registrant_length, registrant_to, to_number) VALUES (80000,670,147,'800',3,'999',99999);
INSERT INTO ezisbn_registrant_range (from_number, id, isbn_group_id, registrant_from, registrant_length, registrant_to, to_number) VALUES (0,671,148,'0',1,'4',49999);
INSERT INTO ezisbn_registrant_range (from_number, id, isbn_group_id, registrant_from, registrant_length, registrant_to, to_number) VALUES (50000,672,148,'50',2,'79',79999);
INSERT INTO ezisbn_registrant_range (from_number, id, isbn_group_id, registrant_from, registrant_length, registrant_to, to_number) VALUES (80000,673,148,'800',3,'999',99999);
INSERT INTO ezisbn_registrant_range (from_number, id, isbn_group_id, registrant_from, registrant_length, registrant_to, to_number) VALUES (0,674,149,'0',1,'0',9999);
INSERT INTO ezisbn_registrant_range (from_number, id, isbn_group_id, registrant_from, registrant_length, registrant_to, to_number) VALUES (10000,675,149,'10',2,'59',59999);
INSERT INTO ezisbn_registrant_range (from_number, id, isbn_group_id, registrant_from, registrant_length, registrant_to, to_number) VALUES (60000,676,149,'600',3,'699',69999);
INSERT INTO ezisbn_registrant_range (from_number, id, isbn_group_id, registrant_from, registrant_length, registrant_to, to_number) VALUES (70000,677,149,'7',1,'7',79999);
INSERT INTO ezisbn_registrant_range (from_number, id, isbn_group_id, registrant_from, registrant_length, registrant_to, to_number) VALUES (80000,678,149,'80',2,'99',99999);
INSERT INTO ezisbn_registrant_range (from_number, id, isbn_group_id, registrant_from, registrant_length, registrant_to, to_number) VALUES (0,679,150,'0',1,'2',29999);
INSERT INTO ezisbn_registrant_range (from_number, id, isbn_group_id, registrant_from, registrant_length, registrant_to, to_number) VALUES (30000,680,150,'30',2,'59',59999);
INSERT INTO ezisbn_registrant_range (from_number, id, isbn_group_id, registrant_from, registrant_length, registrant_to, to_number) VALUES (60000,681,150,'600',3,'999',99999);
INSERT INTO ezisbn_registrant_range (from_number, id, isbn_group_id, registrant_from, registrant_length, registrant_to, to_number) VALUES (0,682,151,'0',1,'1',19999);
INSERT INTO ezisbn_registrant_range (from_number, id, isbn_group_id, registrant_from, registrant_length, registrant_to, to_number) VALUES (20000,683,151,'20',2,'79',79999);
INSERT INTO ezisbn_registrant_range (from_number, id, isbn_group_id, registrant_from, registrant_length, registrant_to, to_number) VALUES (80000,684,151,'800',3,'999',99999);
INSERT INTO ezisbn_registrant_range (from_number, id, isbn_group_id, registrant_from, registrant_length, registrant_to, to_number) VALUES (0,685,152,'0',1,'2',29999);
INSERT INTO ezisbn_registrant_range (from_number, id, isbn_group_id, registrant_from, registrant_length, registrant_to, to_number) VALUES (70000,686,152,'7',1,'8',89999);
INSERT INTO ezisbn_registrant_range (from_number, id, isbn_group_id, registrant_from, registrant_length, registrant_to, to_number) VALUES (30000,687,152,'30',2,'59',59999);
INSERT INTO ezisbn_registrant_range (from_number, id, isbn_group_id, registrant_from, registrant_length, registrant_to, to_number) VALUES (60000,688,152,'600',3,'699',69999);
INSERT INTO ezisbn_registrant_range (from_number, id, isbn_group_id, registrant_from, registrant_length, registrant_to, to_number) VALUES (90000,689,152,'90',2,'99',99999);
INSERT INTO ezisbn_registrant_range (from_number, id, isbn_group_id, registrant_from, registrant_length, registrant_to, to_number) VALUES (0,690,153,'0',1,'0',9999);
INSERT INTO ezisbn_registrant_range (from_number, id, isbn_group_id, registrant_from, registrant_length, registrant_to, to_number) VALUES (10000,691,153,'10',2,'59',59999);
INSERT INTO ezisbn_registrant_range (from_number, id, isbn_group_id, registrant_from, registrant_length, registrant_to, to_number) VALUES (60000,692,153,'600',3,'999',99999);
INSERT INTO ezisbn_registrant_range (from_number, id, isbn_group_id, registrant_from, registrant_length, registrant_to, to_number) VALUES (0,693,154,'0',1,'1',19999);
INSERT INTO ezisbn_registrant_range (from_number, id, isbn_group_id, registrant_from, registrant_length, registrant_to, to_number) VALUES (20000,694,154,'20',2,'59',59999);
INSERT INTO ezisbn_registrant_range (from_number, id, isbn_group_id, registrant_from, registrant_length, registrant_to, to_number) VALUES (60000,695,154,'600',3,'999',99999);
INSERT INTO ezisbn_registrant_range (from_number, id, isbn_group_id, registrant_from, registrant_length, registrant_to, to_number) VALUES (0,696,155,'0',1,'1',19999);
INSERT INTO ezisbn_registrant_range (from_number, id, isbn_group_id, registrant_from, registrant_length, registrant_to, to_number) VALUES (20000,697,155,'20',2,'59',59999);
INSERT INTO ezisbn_registrant_range (from_number, id, isbn_group_id, registrant_from, registrant_length, registrant_to, to_number) VALUES (60000,698,155,'600',3,'899',89999);
INSERT INTO ezisbn_registrant_range (from_number, id, isbn_group_id, registrant_from, registrant_length, registrant_to, to_number) VALUES (90000,699,155,'90',2,'99',99999);
INSERT INTO ezisbn_registrant_range (from_number, id, isbn_group_id, registrant_from, registrant_length, registrant_to, to_number) VALUES (0,700,156,'0',1,'5',59999);
INSERT INTO ezisbn_registrant_range (from_number, id, isbn_group_id, registrant_from, registrant_length, registrant_to, to_number) VALUES (60000,701,156,'60',2,'89',89999);
INSERT INTO ezisbn_registrant_range (from_number, id, isbn_group_id, registrant_from, registrant_length, registrant_to, to_number) VALUES (90000,702,156,'900',3,'999',99999);
INSERT INTO ezisbn_registrant_range (from_number, id, isbn_group_id, registrant_from, registrant_length, registrant_to, to_number) VALUES (0,703,157,'0',1,'0',9999);
INSERT INTO ezisbn_registrant_range (from_number, id, isbn_group_id, registrant_from, registrant_length, registrant_to, to_number) VALUES (10000,704,157,'10',2,'69',69999);
INSERT INTO ezisbn_registrant_range (from_number, id, isbn_group_id, registrant_from, registrant_length, registrant_to, to_number) VALUES (70000,705,157,'700',3,'999',99999);
INSERT INTO ezisbn_registrant_range (from_number, id, isbn_group_id, registrant_from, registrant_length, registrant_to, to_number) VALUES (0,706,158,'0',1,'2',29999);
INSERT INTO ezisbn_registrant_range (from_number, id, isbn_group_id, registrant_from, registrant_length, registrant_to, to_number) VALUES (30000,707,158,'30',2,'79',79999);
INSERT INTO ezisbn_registrant_range (from_number, id, isbn_group_id, registrant_from, registrant_length, registrant_to, to_number) VALUES (80000,708,158,'800',3,'999',99999);
INSERT INTO ezisbn_registrant_range (from_number, id, isbn_group_id, registrant_from, registrant_length, registrant_to, to_number) VALUES (0,709,159,'0',1,'4',49999);
INSERT INTO ezisbn_registrant_range (from_number, id, isbn_group_id, registrant_from, registrant_length, registrant_to, to_number) VALUES (50000,710,159,'50',2,'79',79999);
INSERT INTO ezisbn_registrant_range (from_number, id, isbn_group_id, registrant_from, registrant_length, registrant_to, to_number) VALUES (80000,711,159,'800',3,'999',99999);
INSERT INTO ezisbn_registrant_range (from_number, id, isbn_group_id, registrant_from, registrant_length, registrant_to, to_number) VALUES (0,712,160,'0',1,'2',29999);
INSERT INTO ezisbn_registrant_range (from_number, id, isbn_group_id, registrant_from, registrant_length, registrant_to, to_number) VALUES (30000,713,160,'30',2,'59',59999);
INSERT INTO ezisbn_registrant_range (from_number, id, isbn_group_id, registrant_from, registrant_length, registrant_to, to_number) VALUES (60000,714,160,'600',3,'999',99999);
INSERT INTO ezisbn_registrant_range (from_number, id, isbn_group_id, registrant_from, registrant_length, registrant_to, to_number) VALUES (0,715,161,'0',1,'4',49999);
INSERT INTO ezisbn_registrant_range (from_number, id, isbn_group_id, registrant_from, registrant_length, registrant_to, to_number) VALUES (50000,716,161,'50',2,'79',79999);
INSERT INTO ezisbn_registrant_range (from_number, id, isbn_group_id, registrant_from, registrant_length, registrant_to, to_number) VALUES (80000,717,161,'800',3,'999',99999);
INSERT INTO ezisbn_registrant_range (from_number, id, isbn_group_id, registrant_from, registrant_length, registrant_to, to_number) VALUES (0,718,162,'0',1,'5',59999);
INSERT INTO ezisbn_registrant_range (from_number, id, isbn_group_id, registrant_from, registrant_length, registrant_to, to_number) VALUES (60000,719,162,'60',2,'89',89999);
INSERT INTO ezisbn_registrant_range (from_number, id, isbn_group_id, registrant_from, registrant_length, registrant_to, to_number) VALUES (90000,720,162,'900',3,'999',99999);
INSERT INTO ezisbn_registrant_range (from_number, id, isbn_group_id, registrant_from, registrant_length, registrant_to, to_number) VALUES (0,721,163,'0',1,'2',29999);
INSERT INTO ezisbn_registrant_range (from_number, id, isbn_group_id, registrant_from, registrant_length, registrant_to, to_number) VALUES (30000,722,163,'30',2,'59',59999);
INSERT INTO ezisbn_registrant_range (from_number, id, isbn_group_id, registrant_from, registrant_length, registrant_to, to_number) VALUES (60000,723,163,'600',3,'999',99999);
INSERT INTO ezisbn_registrant_range (from_number, id, isbn_group_id, registrant_from, registrant_length, registrant_to, to_number) VALUES (0,724,164,'0',1,'2',29999);
INSERT INTO ezisbn_registrant_range (from_number, id, isbn_group_id, registrant_from, registrant_length, registrant_to, to_number) VALUES (30000,725,164,'30',2,'69',69999);
INSERT INTO ezisbn_registrant_range (from_number, id, isbn_group_id, registrant_from, registrant_length, registrant_to, to_number) VALUES (70000,726,164,'700',3,'999',99999);
INSERT INTO ezisbn_registrant_range (from_number, id, isbn_group_id, registrant_from, registrant_length, registrant_to, to_number) VALUES (0,727,165,'0',1,'4',49999);
INSERT INTO ezisbn_registrant_range (from_number, id, isbn_group_id, registrant_from, registrant_length, registrant_to, to_number) VALUES (50000,728,165,'50',2,'79',79999);
INSERT INTO ezisbn_registrant_range (from_number, id, isbn_group_id, registrant_from, registrant_length, registrant_to, to_number) VALUES (80000,729,165,'800',3,'999',99999);
INSERT INTO ezisbn_registrant_range (from_number, id, isbn_group_id, registrant_from, registrant_length, registrant_to, to_number) VALUES (0,730,166,'0',1,'1',19999);
INSERT INTO ezisbn_registrant_range (from_number, id, isbn_group_id, registrant_from, registrant_length, registrant_to, to_number) VALUES (20000,731,166,'20',2,'89',89999);
INSERT INTO ezisbn_registrant_range (from_number, id, isbn_group_id, registrant_from, registrant_length, registrant_to, to_number) VALUES (90000,732,166,'900',3,'999',99999);
INSERT INTO ezisbn_registrant_range (from_number, id, isbn_group_id, registrant_from, registrant_length, registrant_to, to_number) VALUES (0,733,167,'0',1,'4',49999);
INSERT INTO ezisbn_registrant_range (from_number, id, isbn_group_id, registrant_from, registrant_length, registrant_to, to_number) VALUES (50000,734,167,'50',2,'79',79999);
INSERT INTO ezisbn_registrant_range (from_number, id, isbn_group_id, registrant_from, registrant_length, registrant_to, to_number) VALUES (80000,735,167,'800',3,'999',99999);
INSERT INTO ezisbn_registrant_range (from_number, id, isbn_group_id, registrant_from, registrant_length, registrant_to, to_number) VALUES (0,736,169,'0',1,'4',49999);
INSERT INTO ezisbn_registrant_range (from_number, id, isbn_group_id, registrant_from, registrant_length, registrant_to, to_number) VALUES (50000,737,169,'50',2,'79',79999);
INSERT INTO ezisbn_registrant_range (from_number, id, isbn_group_id, registrant_from, registrant_length, registrant_to, to_number) VALUES (80000,738,169,'800',3,'999',99999);
INSERT INTO ezisbn_registrant_range (from_number, id, isbn_group_id, registrant_from, registrant_length, registrant_to, to_number) VALUES (0,739,170,'0',1,'2',29999);
INSERT INTO ezisbn_registrant_range (from_number, id, isbn_group_id, registrant_from, registrant_length, registrant_to, to_number) VALUES (30000,740,170,'30',2,'79',79999);
INSERT INTO ezisbn_registrant_range (from_number, id, isbn_group_id, registrant_from, registrant_length, registrant_to, to_number) VALUES (80000,741,170,'800',3,'999',99999);
INSERT INTO ezisbn_registrant_range (from_number, id, isbn_group_id, registrant_from, registrant_length, registrant_to, to_number) VALUES (0,742,171,'0',1,'2',29999);
INSERT INTO ezisbn_registrant_range (from_number, id, isbn_group_id, registrant_from, registrant_length, registrant_to, to_number) VALUES (30000,743,171,'30',2,'69',69999);
INSERT INTO ezisbn_registrant_range (from_number, id, isbn_group_id, registrant_from, registrant_length, registrant_to, to_number) VALUES (70000,744,171,'700',3,'999',99999);
INSERT INTO ezisbn_registrant_range (from_number, id, isbn_group_id, registrant_from, registrant_length, registrant_to, to_number) VALUES (0,745,172,'0',1,'1',19999);
INSERT INTO ezisbn_registrant_range (from_number, id, isbn_group_id, registrant_from, registrant_length, registrant_to, to_number) VALUES (20000,746,172,'20',2,'59',59999);
INSERT INTO ezisbn_registrant_range (from_number, id, isbn_group_id, registrant_from, registrant_length, registrant_to, to_number) VALUES (60000,747,172,'600',3,'899',89999);
INSERT INTO ezisbn_registrant_range (from_number, id, isbn_group_id, registrant_from, registrant_length, registrant_to, to_number) VALUES (90000,748,172,'90',2,'99',99999);
INSERT INTO ezisbn_registrant_range (from_number, id, isbn_group_id, registrant_from, registrant_length, registrant_to, to_number) VALUES (0,749,173,'00',2,'59',59999);
INSERT INTO ezisbn_registrant_range (from_number, id, isbn_group_id, registrant_from, registrant_length, registrant_to, to_number) VALUES (60000,750,173,'600',3,'999',99999);
SELECT setval('ezisbn_registrant_range_s',max(id)+1) FROM ezisbn_registrant_range;