










CREATE SEQUENCE ezapprove_items_s
    START 1
    INCREMENT 1
    MAXVALUE 9223372036854775807
    MINVALUE 1
    CACHE 1;







CREATE SEQUENCE ezbasket_s
    START 1
    INCREMENT 1
    MAXVALUE 9223372036854775807
    MINVALUE 1
    CACHE 1;







CREATE SEQUENCE ezcollab_group_s
    START 1
    INCREMENT 1
    MAXVALUE 9223372036854775807
    MINVALUE 1
    CACHE 1;







CREATE SEQUENCE ezcollab_item_s
    START 1
    INCREMENT 1
    MAXVALUE 9223372036854775807
    MINVALUE 1
    CACHE 1;







CREATE SEQUENCE ezcollab_item_message_link_s
    START 1
    INCREMENT 1
    MAXVALUE 9223372036854775807
    MINVALUE 1
    CACHE 1;







CREATE SEQUENCE ezcollab_notification_rule_s
    START 1
    INCREMENT 1
    MAXVALUE 9223372036854775807
    MINVALUE 1
    CACHE 1;







CREATE SEQUENCE ezcollab_profile_s
    START 1
    INCREMENT 1
    MAXVALUE 9223372036854775807
    MINVALUE 1
    CACHE 1;







CREATE SEQUENCE ezcollab_simple_message_s
    START 1
    INCREMENT 1
    MAXVALUE 9223372036854775807
    MINVALUE 1
    CACHE 1;







CREATE SEQUENCE ezcontent_translation_s
    START 1
    INCREMENT 1
    MAXVALUE 9223372036854775807
    MINVALUE 1
    CACHE 1;







CREATE SEQUENCE ezcontentbrowsebookmark_s
    START 1
    INCREMENT 1
    MAXVALUE 9223372036854775807
    MINVALUE 1
    CACHE 1;







CREATE SEQUENCE ezcontentbrowserecent_s
    START 1
    INCREMENT 1
    MAXVALUE 9223372036854775807
    MINVALUE 1
    CACHE 1;







CREATE SEQUENCE ezcontentclass_s
    START 29
    INCREMENT 1
    MAXVALUE 9223372036854775807
    MINVALUE 1
    CACHE 1;







CREATE SEQUENCE ezcontentclass_attribute_s
    START 1
    INCREMENT 1
    MAXVALUE 9223372036854775807
    MINVALUE 1
    CACHE 1;







CREATE SEQUENCE ezcontentclassgroup_s
    START 1
    INCREMENT 1
    MAXVALUE 9223372036854775807
    MINVALUE 1
    CACHE 1;







CREATE SEQUENCE ezcontentobject_s
    START 1
    INCREMENT 1
    MAXVALUE 9223372036854775807
    MINVALUE 1
    CACHE 1;







CREATE SEQUENCE ezcontentobject_attribute_s
    START 1
    INCREMENT 1
    MAXVALUE 9223372036854775807
    MINVALUE 1
    CACHE 1;







CREATE SEQUENCE ezcontentobject_link_s
    START 1
    INCREMENT 1
    MAXVALUE 9223372036854775807
    MINVALUE 1
    CACHE 1;







CREATE SEQUENCE ezcontentobject_tree_s
    START 1
    INCREMENT 1
    MAXVALUE 9223372036854775807
    MINVALUE 1
    CACHE 1;







CREATE SEQUENCE ezcontentobject_version_s
    START 1
    INCREMENT 1
    MAXVALUE 9223372036854775807
    MINVALUE 1
    CACHE 1;







CREATE SEQUENCE ezdiscountrule_s
    START 1
    INCREMENT 1
    MAXVALUE 9223372036854775807
    MINVALUE 1
    CACHE 1;







CREATE SEQUENCE ezdiscountsubrule_s
    START 1
    INCREMENT 1
    MAXVALUE 9223372036854775807
    MINVALUE 1
    CACHE 1;







CREATE SEQUENCE ezenumvalue_s
    START 1
    INCREMENT 1
    MAXVALUE 9223372036854775807
    MINVALUE 1
    CACHE 1;







CREATE SEQUENCE ezforgot_password_s
    START 1
    INCREMENT 1
    MAXVALUE 9223372036854775807
    MINVALUE 1
    CACHE 1;







CREATE SEQUENCE ezgeneral_digest_user_settings_s
    START 1
    INCREMENT 1
    MAXVALUE 9223372036854775807
    MINVALUE 1
    CACHE 1;







CREATE SEQUENCE ezinfocollection_s
    START 1
    INCREMENT 1
    MAXVALUE 9223372036854775807
    MINVALUE 1
    CACHE 1;







CREATE SEQUENCE ezinfocollection_attribute_s
    START 1
    INCREMENT 1
    MAXVALUE 9223372036854775807
    MINVALUE 1
    CACHE 1;







CREATE SEQUENCE ezkeyword_s
    START 1
    INCREMENT 1
    MAXVALUE 9223372036854775807
    MINVALUE 1
    CACHE 1;







CREATE SEQUENCE ezkeyword_attribute_link_s
    START 1
    INCREMENT 1
    MAXVALUE 9223372036854775807
    MINVALUE 1
    CACHE 1;







CREATE SEQUENCE ezmessage_s
    START 1
    INCREMENT 1
    MAXVALUE 9223372036854775807
    MINVALUE 1
    CACHE 1;







CREATE SEQUENCE ezmodule_run_s
    START 1
    INCREMENT 1
    MAXVALUE 9223372036854775807
    MINVALUE 1
    CACHE 1;







CREATE SEQUENCE eznode_assignment_s
    START 1
    INCREMENT 1
    MAXVALUE 9223372036854775807
    MINVALUE 1
    CACHE 1;







CREATE SEQUENCE eznotificationcollection_s
    START 1
    INCREMENT 1
    MAXVALUE 9223372036854775807
    MINVALUE 1
    CACHE 1;







CREATE SEQUENCE eznotificationcollection_item_s
    START 1
    INCREMENT 1
    MAXVALUE 9223372036854775807
    MINVALUE 1
    CACHE 1;







CREATE SEQUENCE eznotificationevent_s
    START 1
    INCREMENT 1
    MAXVALUE 9223372036854775807
    MINVALUE 1
    CACHE 1;







CREATE SEQUENCE ezoperation_memento_s
    START 1
    INCREMENT 1
    MAXVALUE 9223372036854775807
    MINVALUE 1
    CACHE 1;







CREATE SEQUENCE ezorder_s
    START 1
    INCREMENT 1
    MAXVALUE 9223372036854775807
    MINVALUE 1
    CACHE 1;







CREATE SEQUENCE ezorder_item_s
    START 1
    INCREMENT 1
    MAXVALUE 9223372036854775807
    MINVALUE 1
    CACHE 1;







CREATE SEQUENCE ezpolicy_s
    START 1
    INCREMENT 1
    MAXVALUE 9223372036854775807
    MINVALUE 1
    CACHE 1;







CREATE SEQUENCE ezpolicy_limitation_s
    START 1
    INCREMENT 1
    MAXVALUE 9223372036854775807
    MINVALUE 1
    CACHE 1;







CREATE SEQUENCE ezpolicy_limitation_value_s
    START 1
    INCREMENT 1
    MAXVALUE 9223372036854775807
    MINVALUE 1
    CACHE 1;







CREATE SEQUENCE ezpreferences_s
    START 1
    INCREMENT 1
    MAXVALUE 9223372036854775807
    MINVALUE 1
    CACHE 1;







CREATE SEQUENCE ezproductcollection_s
    START 1
    INCREMENT 1
    MAXVALUE 9223372036854775807
    MINVALUE 1
    CACHE 1;







CREATE SEQUENCE ezproductcollection_item_s
    START 1
    INCREMENT 1
    MAXVALUE 9223372036854775807
    MINVALUE 1
    CACHE 1;







CREATE SEQUENCE ezproductcollection_item_opt_s
    START 1
    INCREMENT 1
    MAXVALUE 9223372036854775807
    MINVALUE 1
    CACHE 1;







CREATE SEQUENCE ezrole_s
    START 1
    INCREMENT 1
    MAXVALUE 9223372036854775807
    MINVALUE 1
    CACHE 1;







CREATE SEQUENCE ezsearch_object_word_link_s
    START 1
    INCREMENT 1
    MAXVALUE 9223372036854775807
    MINVALUE 1
    CACHE 1;







CREATE SEQUENCE ezsearch_return_count_s
    START 1
    INCREMENT 1
    MAXVALUE 9223372036854775807
    MINVALUE 1
    CACHE 1;







CREATE SEQUENCE ezsearch_search_phrase_s
    START 1
    INCREMENT 1
    MAXVALUE 9223372036854775807
    MINVALUE 1
    CACHE 1;







CREATE SEQUENCE ezsearch_word_s
    START 1
    INCREMENT 1
    MAXVALUE 9223372036854775807
    MINVALUE 1
    CACHE 1;







CREATE SEQUENCE ezsection_s
    START 1
    INCREMENT 1
    MAXVALUE 9223372036854775807
    MINVALUE 1
    CACHE 1;







CREATE SEQUENCE ezsubtree_notification_rule_s
    START 1
    INCREMENT 1
    MAXVALUE 9223372036854775807
    MINVALUE 1
    CACHE 1;







CREATE SEQUENCE eztrigger_s
    START 1
    INCREMENT 1
    MAXVALUE 9223372036854775807
    MINVALUE 1
    CACHE 1;







CREATE SEQUENCE ezurl_s
    START 1
    INCREMENT 1
    MAXVALUE 9223372036854775807
    MINVALUE 1
    CACHE 1;







CREATE SEQUENCE ezurlalias_s
    START 1
    INCREMENT 1
    MAXVALUE 9223372036854775807
    MINVALUE 1
    CACHE 1;







CREATE SEQUENCE ezuser_accountkey_s
    START 1
    INCREMENT 1
    MAXVALUE 9223372036854775807
    MINVALUE 1
    CACHE 1;







CREATE SEQUENCE ezuser_discountrule_s
    START 1
    INCREMENT 1
    MAXVALUE 9223372036854775807
    MINVALUE 1
    CACHE 1;







CREATE SEQUENCE ezuser_role_s
    START 1
    INCREMENT 1
    MAXVALUE 9223372036854775807
    MINVALUE 1
    CACHE 1;







CREATE SEQUENCE ezvattype_s
    START 1
    INCREMENT 1
    MAXVALUE 9223372036854775807
    MINVALUE 1
    CACHE 1;







CREATE SEQUENCE ezwaituntildatevalue_s
    START 1
    INCREMENT 1
    MAXVALUE 9223372036854775807
    MINVALUE 1
    CACHE 1;







CREATE SEQUENCE ezwishlist_s
    START 1
    INCREMENT 1
    MAXVALUE 9223372036854775807
    MINVALUE 1
    CACHE 1;







CREATE SEQUENCE ezworkflow_s
    START 1
    INCREMENT 1
    MAXVALUE 9223372036854775807
    MINVALUE 1
    CACHE 1;







CREATE SEQUENCE ezworkflow_assign_s
    START 1
    INCREMENT 1
    MAXVALUE 9223372036854775807
    MINVALUE 1
    CACHE 1;







CREATE SEQUENCE ezworkflow_event_s
    START 1
    INCREMENT 1
    MAXVALUE 9223372036854775807
    MINVALUE 1
    CACHE 1;







CREATE SEQUENCE ezworkflow_group_s
    START 1
    INCREMENT 1
    MAXVALUE 9223372036854775807
    MINVALUE 1
    CACHE 1;







CREATE SEQUENCE ezworkflow_process_s
    START 1
    INCREMENT 1
    MAXVALUE 9223372036854775807
    MINVALUE 1
    CACHE 1;







CREATE TABLE ezapprove_items (
    id integer DEFAULT nextval('ezapprove_items_s'::text) NOT NULL,
    workflow_process_id integer DEFAULT '0' NOT NULL,
    collaboration_id integer DEFAULT '0' NOT NULL
);







CREATE TABLE ezbasket (
    id integer DEFAULT nextval('ezbasket_s'::text) NOT NULL,
    session_id character varying(255) DEFAULT '' NOT NULL,
    productcollection_id integer DEFAULT '0' NOT NULL
);







CREATE TABLE ezbinaryfile (
    contentobject_attribute_id integer DEFAULT '0' NOT NULL,
    "version" integer DEFAULT '0' NOT NULL,
    filename character varying(255) DEFAULT '' NOT NULL,
    original_filename character varying(255) DEFAULT '' NOT NULL,
    mime_type character varying(50) DEFAULT '' NOT NULL
);







CREATE TABLE ezcollab_group (
    id integer DEFAULT nextval('ezcollab_group_s'::text) NOT NULL,
    parent_group_id integer DEFAULT '0' NOT NULL,
    depth integer DEFAULT '0' NOT NULL,
    path_string character varying(255) DEFAULT '' NOT NULL,
    is_open integer DEFAULT '1' NOT NULL,
    user_id integer DEFAULT '0' NOT NULL,
    title character varying(255) DEFAULT '' NOT NULL,
    priority integer DEFAULT '0' NOT NULL,
    created integer DEFAULT '0' NOT NULL,
    modified integer DEFAULT '0' NOT NULL
);







CREATE TABLE ezcollab_item (
    id integer DEFAULT nextval('ezcollab_item_s'::text) NOT NULL,
    type_identifier character varying(40) DEFAULT '' NOT NULL,
    creator_id integer DEFAULT '0' NOT NULL,
    status integer DEFAULT '1' NOT NULL,
    data_text1 text NOT NULL,
    data_text2 text NOT NULL,
    data_text3 text NOT NULL,
    data_int1 integer DEFAULT '0' NOT NULL,
    data_int2 integer DEFAULT '0' NOT NULL,
    data_int3 integer DEFAULT '0' NOT NULL,
    data_float1 double precision DEFAULT '0' NOT NULL,
    data_float2 double precision DEFAULT '0' NOT NULL,
    data_float3 double precision DEFAULT '0' NOT NULL,
    created integer DEFAULT '0' NOT NULL,
    modified integer DEFAULT '0' NOT NULL
);







CREATE TABLE ezcollab_item_group_link (
    collaboration_id integer DEFAULT '0' NOT NULL,
    group_id integer DEFAULT '0' NOT NULL,
    user_id integer DEFAULT '0' NOT NULL,
    is_read integer DEFAULT '0' NOT NULL,
    is_active integer DEFAULT '1' NOT NULL,
    last_read integer DEFAULT '0' NOT NULL,
    created integer DEFAULT '0' NOT NULL,
    modified integer DEFAULT '0' NOT NULL
);







CREATE TABLE ezcollab_item_message_link (
    id integer DEFAULT nextval('ezcollab_item_message_link_s'::text) NOT NULL,
    collaboration_id integer DEFAULT '0' NOT NULL,
    participant_id integer DEFAULT '0' NOT NULL,
    message_id integer DEFAULT '0' NOT NULL,
    message_type integer DEFAULT '0' NOT NULL,
    created integer DEFAULT '0' NOT NULL,
    modified integer DEFAULT '0' NOT NULL
);







CREATE TABLE ezcollab_item_participant_link (
    collaboration_id integer DEFAULT '0' NOT NULL,
    participant_id integer DEFAULT '0' NOT NULL,
    participant_type integer DEFAULT '1' NOT NULL,
    participant_role integer DEFAULT '1' NOT NULL,
    is_read integer DEFAULT '0' NOT NULL,
    is_active integer DEFAULT '1' NOT NULL,
    last_read integer DEFAULT '0' NOT NULL,
    created integer DEFAULT '0' NOT NULL,
    modified integer DEFAULT '0' NOT NULL
);







CREATE TABLE ezcollab_item_status (
    collaboration_id integer DEFAULT '0' NOT NULL,
    user_id integer DEFAULT '0' NOT NULL,
    is_read integer DEFAULT '0' NOT NULL,
    is_active integer DEFAULT '1' NOT NULL,
    last_read integer DEFAULT '0' NOT NULL
);







CREATE TABLE ezcollab_notification_rule (
    id integer DEFAULT nextval('ezcollab_notification_rule_s'::text) NOT NULL,
    user_id character varying(255) DEFAULT '' NOT NULL,
    collab_identifier character varying(255) DEFAULT '' NOT NULL
);







CREATE TABLE ezcollab_profile (
    id integer DEFAULT nextval('ezcollab_profile_s'::text) NOT NULL,
    user_id integer DEFAULT '0' NOT NULL,
    main_group integer DEFAULT '0' NOT NULL,
    data_text1 text NOT NULL,
    created integer DEFAULT '0' NOT NULL,
    modified integer DEFAULT '0' NOT NULL
);







CREATE TABLE ezcollab_simple_message (
    id integer DEFAULT nextval('ezcollab_simple_message_s'::text) NOT NULL,
    message_type character varying(40) DEFAULT '' NOT NULL,
    creator_id integer DEFAULT '0' NOT NULL,
    data_text1 text NOT NULL,
    data_text2 text NOT NULL,
    data_text3 text NOT NULL,
    data_int1 integer DEFAULT '0' NOT NULL,
    data_int2 integer DEFAULT '0' NOT NULL,
    data_int3 integer DEFAULT '0' NOT NULL,
    data_float1 double precision DEFAULT '0' NOT NULL,
    data_float2 double precision DEFAULT '0' NOT NULL,
    data_float3 double precision DEFAULT '0' NOT NULL,
    created integer DEFAULT '0' NOT NULL,
    modified integer DEFAULT '0' NOT NULL
);







CREATE TABLE ezcontent_translation (
    id integer DEFAULT nextval('ezcontent_translation_s'::text) NOT NULL,
    name character varying(255) DEFAULT '' NOT NULL,
    locale character varying(255) DEFAULT '' NOT NULL
);







CREATE TABLE ezcontentbrowsebookmark (
    id integer DEFAULT nextval('ezcontentbrowsebookmark_s'::text) NOT NULL,
    user_id integer DEFAULT '0' NOT NULL,
    node_id integer DEFAULT '0' NOT NULL,
    name character varying(255) DEFAULT '' NOT NULL
);







CREATE TABLE ezcontentbrowserecent (
    id integer DEFAULT nextval('ezcontentbrowserecent_s'::text) NOT NULL,
    user_id integer DEFAULT '0' NOT NULL,
    node_id integer DEFAULT '0' NOT NULL,
    created integer DEFAULT '0' NOT NULL,
    name character varying(255) DEFAULT '' NOT NULL
);







CREATE TABLE ezcontentclass (
    id integer DEFAULT nextval('ezcontentclass_s'::text) NOT NULL,
    "version" integer DEFAULT '0' NOT NULL,
    name character varying(255),
    identifier character varying(50) DEFAULT '' NOT NULL,
    contentobject_name character varying(255),
    creator_id integer DEFAULT '0' NOT NULL,
    modifier_id integer DEFAULT '0' NOT NULL,
    created integer DEFAULT '0' NOT NULL,
    modified integer DEFAULT '0' NOT NULL
);







CREATE TABLE ezcontentclass_attribute (
    id integer DEFAULT nextval('ezcontentclass_attribute_s'::text) NOT NULL,
    "version" integer DEFAULT '0' NOT NULL,
    contentclass_id integer DEFAULT '0' NOT NULL,
    identifier character varying(50) DEFAULT '' NOT NULL,
    name character varying(255) DEFAULT '' NOT NULL,
    data_type_string character varying(50) DEFAULT '' NOT NULL,
    is_searchable integer DEFAULT '0' NOT NULL,
    is_required integer DEFAULT '0' NOT NULL,
    placement integer DEFAULT '0' NOT NULL,
    data_int1 integer,
    data_int2 integer,
    data_int3 integer,
    data_int4 integer,
    data_float1 double precision,
    data_float2 double precision,
    data_float3 double precision,
    data_float4 double precision,
    data_text1 character varying(50),
    data_text2 character varying(50),
    data_text3 character varying(50),
    data_text4 character varying(255),
    data_text5 text,
    is_information_collector integer DEFAULT '0' NOT NULL,
    can_translate integer DEFAULT '1'
);







CREATE TABLE ezcontentclass_classgroup (
    contentclass_id integer DEFAULT '0' NOT NULL,
    contentclass_version integer DEFAULT '0' NOT NULL,
    group_id integer DEFAULT '0' NOT NULL,
    group_name character varying(255)
);







CREATE TABLE ezcontentclassgroup (
    id integer DEFAULT nextval('ezcontentclassgroup_s'::text) NOT NULL,
    name character varying(255),
    creator_id integer DEFAULT '0' NOT NULL,
    modifier_id integer DEFAULT '0' NOT NULL,
    created integer DEFAULT '0' NOT NULL,
    modified integer DEFAULT '0' NOT NULL
);







CREATE TABLE ezcontentobject (
    id integer DEFAULT nextval('ezcontentobject_s'::text) NOT NULL,
    owner_id integer DEFAULT '0' NOT NULL,
    section_id integer DEFAULT '0' NOT NULL,
    contentclass_id integer DEFAULT '0' NOT NULL,
    name character varying(255),
    current_version integer,
    is_published integer,
    published integer DEFAULT '0' NOT NULL,
    modified integer DEFAULT '0' NOT NULL,
    status integer DEFAULT '0',
    remote_id character varying(100)
);







CREATE TABLE ezcontentobject_attribute (
    id integer DEFAULT nextval('ezcontentobject_attribute_s'::text) NOT NULL,
    language_code character varying(20) DEFAULT '' NOT NULL,
    "version" integer DEFAULT '0' NOT NULL,
    contentobject_id integer DEFAULT '0' NOT NULL,
    contentclassattribute_id integer DEFAULT '0' NOT NULL,
    data_text text,
    data_int integer,
    data_float double precision,
    attribute_original_id integer DEFAULT '0',
    sort_key_int integer DEFAULT '0' NOT NULL,
    sort_key_string character varying(50) DEFAULT '',
    data_type_string character varying(50)
);







CREATE TABLE ezcontentobject_link (
    id integer DEFAULT nextval('ezcontentobject_link_s'::text) NOT NULL,
    from_contentobject_id integer DEFAULT '0' NOT NULL,
    from_contentobject_version integer DEFAULT '0' NOT NULL,
    to_contentobject_id integer DEFAULT '0' NOT NULL
);







CREATE TABLE ezcontentobject_name (
    contentobject_id integer DEFAULT '0' NOT NULL,
    name character varying(255),
    content_version integer DEFAULT '0' NOT NULL,
    content_translation character varying(20) DEFAULT '' NOT NULL,
    real_translation character varying(20)
);







CREATE TABLE ezcontentobject_tree (
    node_id integer DEFAULT nextval('ezcontentobject_tree_s'::text) NOT NULL,
    parent_node_id integer DEFAULT '0' NOT NULL,
    contentobject_id integer,
    contentobject_version integer,
    contentobject_is_published integer,
    depth integer DEFAULT '0' NOT NULL,
    path_string character varying(255) DEFAULT '' NOT NULL,
    sort_field integer DEFAULT '1',
    sort_order integer DEFAULT '1',
    priority integer DEFAULT '0' NOT NULL,
    path_identification_string text,
    main_node_id integer
);







CREATE TABLE ezcontentobject_version (
    id integer DEFAULT nextval('ezcontentobject_version_s'::text) NOT NULL,
    contentobject_id integer,
    creator_id integer DEFAULT '0' NOT NULL,
    "version" integer DEFAULT '0' NOT NULL,
    created integer DEFAULT '0' NOT NULL,
    modified integer DEFAULT '0' NOT NULL,
    status integer DEFAULT '0' NOT NULL,
    user_id integer DEFAULT '0' NOT NULL,
    workflow_event_pos integer DEFAULT 0
);







CREATE TABLE ezdiscountrule (
    id integer DEFAULT nextval('ezdiscountrule_s'::text) NOT NULL,
    name character varying(255) DEFAULT '' NOT NULL
);







CREATE TABLE ezdiscountsubrule (
    id integer DEFAULT nextval('ezdiscountsubrule_s'::text) NOT NULL,
    name character varying(255) DEFAULT '' NOT NULL,
    discountrule_id integer DEFAULT '0' NOT NULL,
    discount_percent double precision,
    limitation character(1)
);







CREATE TABLE ezdiscountsubrule_value (
    discountsubrule_id integer DEFAULT '0' NOT NULL,
    value integer DEFAULT '0' NOT NULL,
    issection integer DEFAULT '0' NOT NULL
);







CREATE TABLE ezenumobjectvalue (
    contentobject_attribute_id integer DEFAULT '0' NOT NULL,
    contentobject_attribute_version integer DEFAULT '0' NOT NULL,
    enumid integer DEFAULT '0' NOT NULL,
    enumelement character varying(255) DEFAULT '' NOT NULL,
    enumvalue character varying(255) DEFAULT '' NOT NULL
);







CREATE TABLE ezenumvalue (
    id integer DEFAULT nextval('ezenumvalue_s'::text) NOT NULL,
    contentclass_attribute_id integer DEFAULT '0' NOT NULL,
    contentclass_attribute_version integer DEFAULT '0' NOT NULL,
    enumelement character varying(255) DEFAULT '' NOT NULL,
    enumvalue character varying(255) DEFAULT '' NOT NULL,
    placement integer DEFAULT '0' NOT NULL
);







CREATE TABLE ezforgot_password (
    id integer DEFAULT nextval('ezforgot_password_s'::text) NOT NULL,
    user_id integer DEFAULT '0' NOT NULL,
    hash_key character varying(32) DEFAULT '' NOT NULL,
    "time" integer DEFAULT '0' NOT NULL
);







CREATE TABLE ezgeneral_digest_user_settings (
    id integer DEFAULT nextval('ezgeneral_digest_user_settings_s'::text) NOT NULL,
    address character varying(255) DEFAULT '' NOT NULL,
    receive_digest integer DEFAULT '0' NOT NULL,
    digest_type integer DEFAULT '0' NOT NULL,
    "day" character varying(255) DEFAULT '' NOT NULL,
    "time" character varying(255) DEFAULT '' NOT NULL
);







CREATE TABLE ezimage (
    contentobject_attribute_id integer DEFAULT '0' NOT NULL,
    "version" integer DEFAULT '0' NOT NULL,
    filename character varying(255) DEFAULT '' NOT NULL,
    original_filename character varying(255) DEFAULT '' NOT NULL,
    mime_type character varying(50) DEFAULT '' NOT NULL,
    alternative_text character varying(255) DEFAULT '' NOT NULL
);







CREATE TABLE ezimagevariation (
    contentobject_attribute_id integer DEFAULT '0' NOT NULL,
    "version" integer DEFAULT '0' NOT NULL,
    filename character varying(255) DEFAULT '' NOT NULL,
    additional_path character varying(255),
    requested_width integer DEFAULT '0' NOT NULL,
    requested_height integer DEFAULT '0' NOT NULL,
    width integer DEFAULT '0' NOT NULL,
    height integer DEFAULT '0' NOT NULL
);







CREATE TABLE ezinfocollection (
    id integer DEFAULT nextval('ezinfocollection_s'::text) NOT NULL,
    contentobject_id integer DEFAULT '0' NOT NULL,
    created integer DEFAULT '0' NOT NULL,
    user_identifier character varying(34),
    modified integer DEFAULT 0
);







CREATE TABLE ezinfocollection_attribute (
    id integer DEFAULT nextval('ezinfocollection_attribute_s'::text) NOT NULL,
    informationcollection_id integer DEFAULT '0' NOT NULL,
    data_text text,
    data_int integer,
    data_float double precision,
    contentclass_attribute_id integer DEFAULT '0' NOT NULL,
    contentobject_attribute_id integer,
    contentobject_id integer
);







CREATE TABLE ezkeyword (
    id integer DEFAULT nextval('ezkeyword_s'::text) NOT NULL,
    keyword character varying(255),
    class_id integer DEFAULT '0' NOT NULL
);







CREATE TABLE ezkeyword_attribute_link (
    id integer DEFAULT nextval('ezkeyword_attribute_link_s'::text) NOT NULL,
    keyword_id integer DEFAULT '0' NOT NULL,
    objectattribute_id integer DEFAULT '0' NOT NULL
);







CREATE TABLE ezmedia (
    contentobject_attribute_id integer DEFAULT '0' NOT NULL,
    "version" integer DEFAULT '0' NOT NULL,
    filename character varying(255) DEFAULT '' NOT NULL,
    original_filename character varying(255) DEFAULT '' NOT NULL,
    mime_type character varying(50) DEFAULT '' NOT NULL,
    width integer,
    height integer,
    has_controller integer,
    is_autoplay integer,
    pluginspage character varying(255),
    quality character varying(50),
    controls character varying(50),
    is_loop integer
);







CREATE TABLE ezmessage (
    id integer DEFAULT nextval('ezmessage_s'::text) NOT NULL,
    send_method character varying(50) DEFAULT '' NOT NULL,
    send_weekday character varying(50) DEFAULT '' NOT NULL,
    send_time character varying(50) DEFAULT '' NOT NULL,
    destination_address character varying(50) DEFAULT '' NOT NULL,
    title character varying(255) DEFAULT '' NOT NULL,
    body text,
    is_sent integer DEFAULT '0' NOT NULL
);







CREATE TABLE ezmodule_run (
    id integer DEFAULT nextval('ezmodule_run_s'::text) NOT NULL,
    workflow_process_id integer,
    module_name character varying(255),
    function_name character varying(255),
    module_data text
);







CREATE TABLE eznode_assignment (
    id integer DEFAULT nextval('eznode_assignment_s'::text) NOT NULL,
    contentobject_id integer,
    contentobject_version integer,
    parent_node integer,
    sort_field integer DEFAULT '1',
    sort_order integer DEFAULT '1',
    is_main integer DEFAULT '0' NOT NULL,
    from_node_id integer DEFAULT '0',
    remote_id integer DEFAULT '0' NOT NULL
);







CREATE TABLE eznotificationcollection (
    id integer DEFAULT nextval('eznotificationcollection_s'::text) NOT NULL,
    event_id integer DEFAULT '0' NOT NULL,
    "handler" character varying(255) DEFAULT '' NOT NULL,
    transport character varying(255) DEFAULT '' NOT NULL,
    data_subject text NOT NULL,
    data_text text NOT NULL
);







CREATE TABLE eznotificationcollection_item (
    id integer DEFAULT nextval('eznotificationcollection_item_s'::text) NOT NULL,
    collection_id integer DEFAULT '0' NOT NULL,
    event_id integer DEFAULT '0' NOT NULL,
    address character varying(255) DEFAULT '' NOT NULL,
    send_date integer DEFAULT '0' NOT NULL
);







CREATE TABLE eznotificationevent (
    id integer DEFAULT nextval('eznotificationevent_s'::text) NOT NULL,
    status integer DEFAULT '0' NOT NULL,
    event_type_string character varying(255) DEFAULT '' NOT NULL,
    data_int1 integer DEFAULT '0' NOT NULL,
    data_int2 integer DEFAULT '0' NOT NULL,
    data_int3 integer DEFAULT '0' NOT NULL,
    data_int4 integer DEFAULT '0' NOT NULL,
    data_text1 text NOT NULL,
    data_text2 text NOT NULL,
    data_text3 text NOT NULL,
    data_text4 text NOT NULL
);







CREATE TABLE ezoperation_memento (
    id integer DEFAULT nextval('ezoperation_memento_s'::text) NOT NULL,
    memento_key character varying(32) DEFAULT '' NOT NULL,
    memento_data text NOT NULL,
    main integer DEFAULT '0' NOT NULL,
    main_key character varying(32) DEFAULT '' NOT NULL
);







CREATE TABLE ezorder (
    id integer DEFAULT nextval('ezorder_s'::text) NOT NULL,
    user_id integer DEFAULT '0' NOT NULL,
    productcollection_id integer DEFAULT '0' NOT NULL,
    created integer DEFAULT '0' NOT NULL,
    is_temporary integer DEFAULT '1' NOT NULL,
    order_nr integer DEFAULT '0' NOT NULL,
    data_text_2 text,
    data_text_1 text,
    account_identifier character varying(100) DEFAULT 'default' NOT NULL,
    ignore_vat integer DEFAULT '0' NOT NULL
);







CREATE TABLE ezorder_item (
    id integer DEFAULT nextval('ezorder_item_s'::text) NOT NULL,
    order_id integer DEFAULT '0' NOT NULL,
    description character varying(255),
    price double precision,
    vat_value integer DEFAULT '0' NOT NULL
);







CREATE TABLE ezpolicy (
    id integer DEFAULT nextval('ezpolicy_s'::text) NOT NULL,
    role_id integer,
    function_name character varying(255),
    module_name character varying(255),
    limitation character(1)
);







CREATE TABLE ezpolicy_limitation (
    id integer DEFAULT nextval('ezpolicy_limitation_s'::text) NOT NULL,
    policy_id integer,
    identifier character varying(255) DEFAULT '' NOT NULL,
    role_id integer,
    function_name character varying(255),
    module_name character varying(255)
);







CREATE TABLE ezpolicy_limitation_value (
    id integer DEFAULT nextval('ezpolicy_limitation_value_s'::text) NOT NULL,
    limitation_id integer,
    value character varying(255)
);







CREATE TABLE ezpreferences (
    id integer DEFAULT nextval('ezpreferences_s'::text) NOT NULL,
    user_id integer DEFAULT '0' NOT NULL,
    name character varying(100),
    value character varying(100)
);







CREATE TABLE ezproductcollection (
    id integer DEFAULT nextval('ezproductcollection_s'::text) NOT NULL,
    created integer
);







CREATE TABLE ezproductcollection_item (
    id integer DEFAULT nextval('ezproductcollection_item_s'::text) NOT NULL,
    productcollection_id integer DEFAULT '0' NOT NULL,
    contentobject_id integer DEFAULT '0' NOT NULL,
    item_count integer DEFAULT '0' NOT NULL,
    price double precision,
    is_vat_inc integer,
    vat_value double precision,
    discount double precision
);







CREATE TABLE ezproductcollection_item_opt (
    id integer DEFAULT nextval('ezproductcollection_item_opt_s'::text) NOT NULL,
    item_id integer DEFAULT '0' NOT NULL,
    option_item_id integer DEFAULT '0' NOT NULL,
    name character varying(255) DEFAULT '' NOT NULL,
    value character varying(255) DEFAULT '' NOT NULL,
    price double precision DEFAULT '0' NOT NULL,
    object_attribute_id integer
);







CREATE TABLE ezrole (
    id integer DEFAULT nextval('ezrole_s'::text) NOT NULL,
    "version" integer DEFAULT '0',
    name character varying(255) DEFAULT '' NOT NULL,
    value character(1)
);







CREATE TABLE ezsearch_object_word_link (
    id integer DEFAULT nextval('ezsearch_object_word_link_s'::text) NOT NULL,
    contentobject_id integer DEFAULT '0' NOT NULL,
    word_id integer DEFAULT '0' NOT NULL,
    frequency double precision DEFAULT '0' NOT NULL,
    placement integer DEFAULT '0' NOT NULL,
    prev_word_id integer DEFAULT '0' NOT NULL,
    next_word_id integer DEFAULT '0' NOT NULL,
    contentclass_id integer DEFAULT '0' NOT NULL,
    published integer DEFAULT '0' NOT NULL,
    section_id integer DEFAULT '0' NOT NULL,
    contentclass_attribute_id integer DEFAULT '0' NOT NULL,
    identifier character varying(255) DEFAULT '' NOT NULL,
    integer_value integer DEFAULT '0' NOT NULL
);







CREATE TABLE ezsearch_return_count (
    id integer DEFAULT nextval('ezsearch_return_count_s'::text) NOT NULL,
    phrase_id integer DEFAULT '0' NOT NULL,
    "time" integer DEFAULT '0' NOT NULL,
    count integer DEFAULT '0' NOT NULL
);







CREATE TABLE ezsearch_search_phrase (
    id integer DEFAULT nextval('ezsearch_search_phrase_s'::text) NOT NULL,
    phrase character varying(250)
);







CREATE TABLE ezsearch_word (
    id integer DEFAULT nextval('ezsearch_word_s'::text) NOT NULL,
    word character varying(150),
    object_count integer DEFAULT '0' NOT NULL
);







CREATE TABLE ezsection (
    id integer DEFAULT nextval('ezsection_s'::text) NOT NULL,
    name character varying(255),
    locale character varying(255),
    navigation_part_identifier character varying(100) DEFAULT 'ezcontentnavigationpart'
);







CREATE TABLE ezsession (
    session_key character varying(32) DEFAULT '' NOT NULL,
    expiration_time bigint DEFAULT '0' NOT NULL,
    data text NOT NULL,
    CONSTRAINT ezsession_expiration_time CHECK ((expiration_time >= 0))
);







CREATE TABLE eztrigger (
    id integer DEFAULT nextval('eztrigger_s'::text) NOT NULL,
    name character varying(255),
    module_name character varying(200) DEFAULT '' NOT NULL,
    function_name character varying(200) DEFAULT '' NOT NULL,
    connect_type character(1) DEFAULT '' NOT NULL,
    workflow_id integer
);







CREATE TABLE ezurl (
    id integer DEFAULT nextval('ezurl_s'::text) NOT NULL,
    url character varying(255),
    created integer DEFAULT '0' NOT NULL,
    modified integer DEFAULT '0' NOT NULL,
    is_valid integer DEFAULT '1' NOT NULL,
    last_checked integer DEFAULT '0' NOT NULL,
    original_url_md5 character varying(32) DEFAULT '' NOT NULL
);







CREATE TABLE ezurl_object_link (
    url_id integer DEFAULT '0' NOT NULL,
    contentobject_attribute_id integer DEFAULT '0' NOT NULL,
    contentobject_attribute_version integer DEFAULT '0' NOT NULL
);







CREATE TABLE ezurlalias (
    id integer DEFAULT nextval('ezurlalias_s'::text) NOT NULL,
    source_url text NOT NULL,
    source_md5 character varying(32),
    destination_url text NOT NULL,
    is_internal integer DEFAULT '1' NOT NULL,
    forward_to_id integer DEFAULT '0' NOT NULL,
    is_wildcard integer DEFAULT 0 NOT NULL
);







CREATE TABLE ezuser (
    contentobject_id integer DEFAULT '0' NOT NULL,
    login character varying(150) DEFAULT '' NOT NULL,
    email character varying(150) DEFAULT '' NOT NULL,
    password_hash_type integer DEFAULT '1' NOT NULL,
    password_hash character varying(50)
);







CREATE TABLE ezuser_accountkey (
    id integer DEFAULT nextval('ezuser_accountkey_s'::text) NOT NULL,
    user_id integer DEFAULT '0' NOT NULL,
    hash_key character varying(32) DEFAULT '' NOT NULL,
    "time" integer DEFAULT '0' NOT NULL
);







CREATE TABLE ezuser_discountrule (
    id integer DEFAULT nextval('ezuser_discountrule_s'::text) NOT NULL,
    discountrule_id integer,
    contentobject_id integer,
    name character varying(255) DEFAULT '' NOT NULL
);







CREATE TABLE ezuser_role (
    id integer DEFAULT nextval('ezuser_role_s'::text) NOT NULL,
    role_id integer,
    contentobject_id integer
);







CREATE TABLE ezuser_setting (
    user_id integer DEFAULT '0' NOT NULL,
    is_enabled integer DEFAULT '0' NOT NULL,
    max_login integer
);







CREATE TABLE ezvattype (
    id integer DEFAULT nextval('ezvattype_s'::text) NOT NULL,
    name character varying(255) DEFAULT '' NOT NULL,
    percentage double precision
);







CREATE TABLE ezwaituntildatevalue (
    id integer DEFAULT nextval('ezwaituntildatevalue_s'::text) NOT NULL,
    workflow_event_id integer DEFAULT '0' NOT NULL,
    workflow_event_version integer DEFAULT '0' NOT NULL,
    contentclass_id integer DEFAULT '0' NOT NULL,
    contentclass_attribute_id integer DEFAULT '0' NOT NULL
);







CREATE TABLE ezwishlist (
    id integer DEFAULT nextval('ezwishlist_s'::text) NOT NULL,
    user_id integer DEFAULT '0' NOT NULL,
    productcollection_id integer DEFAULT '0' NOT NULL
);







CREATE TABLE ezworkflow (
    id integer DEFAULT nextval('ezworkflow_s'::text) NOT NULL,
    "version" integer DEFAULT '0' NOT NULL,
    is_enabled integer DEFAULT '0' NOT NULL,
    workflow_type_string character varying(50) DEFAULT '' NOT NULL,
    name character varying(255) DEFAULT '' NOT NULL,
    creator_id integer DEFAULT '0' NOT NULL,
    modifier_id integer DEFAULT '0' NOT NULL,
    created integer DEFAULT '0' NOT NULL,
    modified integer DEFAULT '0' NOT NULL
);







CREATE TABLE ezworkflow_assign (
    id integer DEFAULT nextval('ezworkflow_assign_s'::text) NOT NULL,
    workflow_id integer DEFAULT '0' NOT NULL,
    node_id integer DEFAULT '0' NOT NULL,
    access_type integer DEFAULT '0' NOT NULL,
    as_tree integer DEFAULT '0' NOT NULL
);







CREATE TABLE ezworkflow_event (
    id integer DEFAULT nextval('ezworkflow_event_s'::text) NOT NULL,
    "version" integer DEFAULT '0' NOT NULL,
    workflow_id integer DEFAULT '0' NOT NULL,
    workflow_type_string character varying(50) DEFAULT '' NOT NULL,
    description character varying(50) DEFAULT '' NOT NULL,
    data_int1 integer,
    data_int2 integer,
    data_int3 integer,
    data_int4 integer,
    data_text1 character varying(50),
    data_text2 character varying(50),
    data_text3 character varying(50),
    data_text4 character varying(50),
    placement integer DEFAULT '0' NOT NULL
);







CREATE TABLE ezworkflow_group (
    id integer DEFAULT nextval('ezworkflow_group_s'::text) NOT NULL,
    name character varying(255) DEFAULT '' NOT NULL,
    creator_id integer DEFAULT '0' NOT NULL,
    modifier_id integer DEFAULT '0' NOT NULL,
    created integer DEFAULT '0' NOT NULL,
    modified integer DEFAULT '0' NOT NULL
);







CREATE TABLE ezworkflow_group_link (
    workflow_id integer DEFAULT '0' NOT NULL,
    group_id integer DEFAULT '0' NOT NULL,
    workflow_version integer DEFAULT '0' NOT NULL,
    group_name character varying(255)
);







CREATE TABLE ezworkflow_process (
    id integer DEFAULT nextval('ezworkflow_process_s'::text) NOT NULL,
    process_key character varying(32) DEFAULT '' NOT NULL,
    workflow_id integer DEFAULT '0' NOT NULL,
    user_id integer DEFAULT '0' NOT NULL,
    content_id integer DEFAULT '0' NOT NULL,
    content_version integer DEFAULT '0' NOT NULL,
    node_id integer DEFAULT '0' NOT NULL,
    session_key character varying(32) DEFAULT '0' NOT NULL,
    event_id integer DEFAULT '0' NOT NULL,
    event_position integer DEFAULT '0' NOT NULL,
    last_event_id integer DEFAULT '0' NOT NULL,
    last_event_position integer DEFAULT '0' NOT NULL,
    last_event_status integer DEFAULT '0' NOT NULL,
    event_status integer DEFAULT '0' NOT NULL,
    created integer DEFAULT '0' NOT NULL,
    modified integer DEFAULT '0' NOT NULL,
    activation_date integer,
    event_state integer,
    status integer,
    parameters text,
    memento_key character varying(32)
);







CREATE TABLE ezsite_data (
    name character varying(60) DEFAULT '' NOT NULL,
    value text DEFAULT '' NOT NULL
);







CREATE SEQUENCE ezpdf_export_s
    START 1
    INCREMENT 1
    MAXVALUE 9223372036854775807
    MINVALUE 1
    CACHE 1;







CREATE TABLE ezpdf_export (
    id integer DEFAULT nextval('ezpdf_export_s'::text) NOT NULL,
    title character varying(255),
    show_frontpage integer,
    intro_text text,
    sub_text text,
    source_node_id integer,
    export_structure character varying(255),
    export_classes character varying(255),
    site_access character varying(255),
    pdf_filename character varying(255),
    modifier_id integer,
    modified integer,
    created integer,
    creator_id integer,
    status integer
);







CREATE SEQUENCE ezrss_export_s
    START 1
    INCREMENT 1
    MAXVALUE 9223372036854775807
    MINVALUE 1
    CACHE 1;







CREATE TABLE ezrss_export (
    id integer DEFAULT nextval('ezrss_export_s'::text) NOT NULL,
    title character varying(255),
    modifier_id integer,
    modified integer,
    url character varying(255),
    description text,
    image_id integer,
    active integer,
    access_url character varying(255),
    created integer,
    creator_id integer,
    status integer,
    rss_version character varying(255),
    site_access character varying(255)
);







CREATE SEQUENCE ezrss_export_item_s
    START 1
    INCREMENT 1
    MAXVALUE 9223372036854775807
    MINVALUE 1
    CACHE 1;







CREATE TABLE ezrss_export_item (
    id integer DEFAULT nextval('ezrss_export_item_s'::text) NOT NULL,
    rssexport_id integer,
    source_node_id integer,
    class_id integer,
    title character varying(255),
    description character varying(255) DEFAULT 0
);







CREATE SEQUENCE ezrss_import_s
    START 1
    INCREMENT 1
    MAXVALUE 9223372036854775807
    MINVALUE 1
    CACHE 1;







CREATE TABLE ezrss_import (
    id integer DEFAULT nextval('ezrss_import_s'::text) NOT NULL,
    name character varying(255),
    url text,
    destination_node_id integer,
    class_id integer,
    class_title character varying(255),
    class_url character varying(255),
    class_description character varying(255),
    active integer,
    creator_id integer,
    created integer,
    modifier_id integer,
    modified integer,
    status integer,
    object_owner_id integer
);







CREATE SEQUENCE ezimagefile_s
    START 1
    INCREMENT 1
    MAXVALUE 9223372036854775807
    MINVALUE 1
    CACHE 1;







CREATE TABLE ezimagefile (
    id integer DEFAULT nextval('ezimagefile_s'::text) NOT NULL,
    contentobject_attribute_id integer NOT NULL,
    filepath text NOT NULL
);







CREATE TABLE eztipafriend_counter (
    node_id integer DEFAULT '0' NOT NULL,
    count integer DEFAULT '0' NOT NULL
);







CREATE TABLE ezview_counter (
    node_id integer DEFAULT '0' NOT NULL,
    count integer DEFAULT '0' NOT NULL
);







CREATE TABLE ezsubtree_notification_rule (
    id integer DEFAULT nextval('tmp_notification_rule_s'::text) NOT NULL,
    use_digest integer DEFAULT 0,
    node_id integer NOT NULL,
    user_id integer NOT NULL
);



























































































INSERT INTO ezcontent_translation VALUES (1, 'English (United Kingdom)', 'eng-GB');





















INSERT INTO ezcontentclass VALUES (1, 0, 'Folder', 'folder', '<name>', 14, 14, 1024392098, 1048494694);
INSERT INTO ezcontentclass VALUES (2, 0, 'Article', 'article', '<title>', 14, 14, 1024392098, 1069757113);
INSERT INTO ezcontentclass VALUES (3, 0, 'User group', 'user_group', '<name>', 14, 14, 1024392098, 1048494743);
INSERT INTO ezcontentclass VALUES (4, 0, 'User', 'user', '<first_name> <last_name>', 14, 14, 1024392098, 1068123024);
INSERT INTO ezcontentclass VALUES (5, 0, 'Image', 'image', '<name>', 8, 14, 1031484992, 1048494784);
INSERT INTO ezcontentclass VALUES (10, 0, 'Info page', 'info_page', '<name>', 14, 14, 1052385274, 1052385353);
INSERT INTO ezcontentclass VALUES (12, 0, 'File', 'file', '<name>', 14, 14, 1052385472, 1052385669);
INSERT INTO ezcontentclass VALUES (14, 0, 'Setup link', 'setup_link', '<title>', 14, 14, 1066383719, 1066383885);
INSERT INTO ezcontentclass VALUES (15, 0, 'Template look', 'template_look', '<title>', 14, 14, 1066390045, 1069414675);
INSERT INTO ezcontentclass VALUES (27, 0, 'Gallery', 'gallery', '<name>', 14, 14, 1068803512, 1069086251);
INSERT INTO ezcontentclass VALUES (28, 0, 'Album', 'album', '<name>', 14, 14, 1068803560, 1069150091);
INSERT INTO ezcontentclass VALUES (26, 0, 'Comment', 'comment', '<subject>', 14, 14, 1068716787, 1069155431);







INSERT INTO ezcontentclass_attribute VALUES (119, 0, 1, 'description', 'Description', 'ezxmltext', 1, 0, 2, 10, 0, 0, 0, 0, 0, 0, 0, '', '', '', '', NULL, 0, 1);
INSERT INTO ezcontentclass_attribute VALUES (116, 0, 5, 'name', 'Name', 'ezstring', 1, 1, 1, 150, 0, 0, 0, 0, 0, 0, 0, '', '', '', '', NULL, 0, 1);
INSERT INTO ezcontentclass_attribute VALUES (6, 0, 3, 'name', 'Name', 'ezstring', 1, 1, 1, 255, 0, 0, 0, 0, 0, 0, 0, '', '', '', '', NULL, 0, 1);
INSERT INTO ezcontentclass_attribute VALUES (7, 0, 3, 'description', 'Description', 'ezstring', 1, 0, 2, 255, 0, 0, 0, 0, 0, 0, 0, '', '', '', '', NULL, 0, 1);
INSERT INTO ezcontentclass_attribute VALUES (118, 0, 5, 'image', 'Image', 'ezimage', 0, 0, 3, 2, 0, 0, 0, 0, 0, 0, 0, '', '', '', '', NULL, 0, 1);
INSERT INTO ezcontentclass_attribute VALUES (4, 0, 1, 'name', 'Name', 'ezstring', 1, 1, 1, 255, 0, 0, 0, 0, 0, 0, 0, 'Folder', '', '', '', NULL, 0, 1);
INSERT INTO ezcontentclass_attribute VALUES (117, 0, 5, 'caption', 'Caption', 'ezxmltext', 1, 0, 2, 10, 0, 0, 0, 0, 0, 0, 0, '', '', '', '', NULL, 0, 1);
INSERT INTO ezcontentclass_attribute VALUES (142, 0, 10, 'image', 'Image', 'ezimage', 0, 0, 3, 1, 0, 0, 0, 0, 0, 0, 0, '', '', '', '', NULL, 0, 1);
INSERT INTO ezcontentclass_attribute VALUES (141, 0, 10, 'body', 'Body', 'ezxmltext', 1, 0, 2, 20, 0, 0, 0, 0, 0, 0, 0, '', '', '', '', NULL, 0, 1);
INSERT INTO ezcontentclass_attribute VALUES (140, 0, 10, 'name', 'Name', 'ezstring', 1, 1, 1, 100, 0, 0, 0, 0, 0, 0, 0, '', '', '', '', NULL, 0, 1);
INSERT INTO ezcontentclass_attribute VALUES (146, 0, 12, 'name', 'Name', 'ezstring', 1, 1, 1, 0, 0, 0, 0, 0, 0, 0, 0, 'New file', '', '', '', NULL, 0, 1);
INSERT INTO ezcontentclass_attribute VALUES (148, 0, 12, 'file', 'File', 'ezbinaryfile', 0, 1, 3, 0, 0, 0, 0, 0, 0, 0, 0, '', '', '', '', NULL, 0, 1);
INSERT INTO ezcontentclass_attribute VALUES (147, 0, 12, 'description', 'Description', 'ezxmltext', 1, 0, 2, 10, 0, 0, 0, 0, 0, 0, 0, '', '', '', '', NULL, 0, 1);
INSERT INTO ezcontentclass_attribute VALUES (154, 0, 14, 'description', 'Description', 'eztext', 1, 0, 3, 2, 0, 0, 0, 0, 0, 0, 0, '', '', '', '', '', 0, 1);
INSERT INTO ezcontentclass_attribute VALUES (153, 0, 14, 'icon', 'Icon', 'ezimage', 0, 0, 2, 0, 0, 0, 0, 0, 0, 0, 0, '', '', '', '', '', 0, 1);
INSERT INTO ezcontentclass_attribute VALUES (152, 0, 14, 'title', 'Title', 'ezstring', 1, 1, 1, 0, 0, 0, 0, 0, 0, 0, 0, '', '', '', '', '', 0, 1);
INSERT INTO ezcontentclass_attribute VALUES (155, 0, 14, 'link', 'Link', 'ezstring', 1, 1, 4, 0, 0, 0, 0, 0, 0, 0, 0, '', '', '', '', '', 0, 1);
INSERT INTO ezcontentclass_attribute VALUES (198, 0, 4, 'location', 'Location', 'ezstring', 1, 0, 5, 0, 0, 0, 0, 0, 0, 0, 0, '', '', '', '', '', 0, 1);
INSERT INTO ezcontentclass_attribute VALUES (199, 0, 4, 'signature', 'Signature', 'eztext', 1, 0, 6, 2, 0, 0, 0, 0, 0, 0, 0, '', '', '', '', '', 0, 1);
INSERT INTO ezcontentclass_attribute VALUES (212, 0, 26, 'comment', 'Comment', 'eztext', 1, 0, 5, 10, 0, 0, 0, 0, 0, 0, 0, '', '', '', '', '', 0, 1);
INSERT INTO ezcontentclass_attribute VALUES (211, 0, 26, 'url', 'Homepage URL', 'ezstring', 1, 0, 4, 0, 0, 0, 0, 0, 0, 0, 0, '', '', '', '', '', 0, 1);
INSERT INTO ezcontentclass_attribute VALUES (221, 0, 28, 'column', 'Column', 'ezinteger', 1, 1, 3, 0, 0, 4, 0, 0, 0, 0, 0, '', '', '', '', '', 0, 1);
INSERT INTO ezcontentclass_attribute VALUES (222, 0, 28, 'image', 'Image', 'ezimage', 0, 0, 4, 5, 0, 0, 0, 0, 0, 0, 0, '', '', '', '', '', 0, 1);
INSERT INTO ezcontentclass_attribute VALUES (210, 0, 26, 'email', 'Your E-mail', 'ezstring', 1, 0, 3, 0, 0, 0, 0, 0, 0, 0, 0, '', '', '', '', '', 0, 1);
INSERT INTO ezcontentclass_attribute VALUES (123, 0, 2, 'enable_comments', 'Enable comments', 'ezboolean', 0, 0, 5, 0, 0, 0, 0, 0, 0, 0, 0, '', '', '', '', '', 0, 1);
INSERT INTO ezcontentclass_attribute VALUES (120, 0, 2, 'intro', 'Intro', 'ezxmltext', 1, 1, 2, 10, 0, 0, 0, 0, 0, 0, 0, '', '', '', '', '', 0, 1);
INSERT INTO ezcontentclass_attribute VALUES (121, 0, 2, 'body', 'Body', 'ezxmltext', 1, 0, 3, 20, 0, 0, 0, 0, 0, 0, 0, '', '', '', '', '', 0, 1);
INSERT INTO ezcontentclass_attribute VALUES (122, 0, 2, 'thumbnail', 'Thumbnail', 'ezimage', 0, 0, 4, 2, 0, 0, 0, 0, 0, 0, 0, '', '', '', '', '', 0, 1);
INSERT INTO ezcontentclass_attribute VALUES (1, 0, 2, 'title', 'Title', 'ezstring', 1, 1, 1, 255, 0, 0, 0, 0, 0, 0, 0, 'New article', '', '', '', '', 0, 1);
INSERT INTO ezcontentclass_attribute VALUES (200, 0, 4, 'user_image', 'User image', 'ezimage', 0, 0, 7, 1, 0, 0, 0, 0, 0, 0, 0, '', '', '', '', '', 0, 1);
INSERT INTO ezcontentclass_attribute VALUES (197, 0, 4, 'title', 'Title', 'ezstring', 1, 0, 4, 25, 0, 0, 0, 0, 0, 0, 0, '', '', '', '', '', 0, 1);
INSERT INTO ezcontentclass_attribute VALUES (12, 0, 4, 'user_account', 'User account', 'ezuser', 0, 1, 3, 0, 0, 0, 0, 0, 0, 0, 0, '', '', '', '', '', 0, 1);
INSERT INTO ezcontentclass_attribute VALUES (9, 0, 4, 'last_name', 'Last name', 'ezstring', 1, 1, 2, 255, 0, 0, 0, 0, 0, 0, 0, '', '', '', '', '', 0, 1);
INSERT INTO ezcontentclass_attribute VALUES (8, 0, 4, 'first_name', 'First name', 'ezstring', 1, 1, 1, 255, 0, 0, 0, 0, 0, 0, 0, '', '', '', '', '', 0, 1);
INSERT INTO ezcontentclass_attribute VALUES (217, 0, 28, 'name', 'Name', 'ezstring', 1, 1, 1, 0, 0, 0, 0, 0, 0, 0, 0, '', '', '', '', '', 0, 1);
INSERT INTO ezcontentclass_attribute VALUES (220, 0, 26, 'subject', 'Subject', 'ezstring', 1, 1, 1, 0, 0, 0, 0, 0, 0, 0, 0, '', '', '', '', '', 0, 1);
INSERT INTO ezcontentclass_attribute VALUES (209, 0, 26, 'name', 'Your name', 'ezstring', 1, 1, 2, 0, 0, 0, 0, 0, 0, 0, 0, '', '', '', '', '', 0, 1);
INSERT INTO ezcontentclass_attribute VALUES (218, 0, 28, 'description', 'Description', 'ezxmltext', 1, 0, 2, 10, 0, 0, 0, 0, 0, 0, 0, '', '', '', '', '', 0, 1);
INSERT INTO ezcontentclass_attribute VALUES (223, 0, 27, 'column', 'Album columns', 'ezinteger', 0, 1, 3, 0, 0, 2, 0, 0, 0, 0, 0, '', '', '', '', '', 0, 1);
INSERT INTO ezcontentclass_attribute VALUES (216, 0, 27, 'description', 'Description', 'ezxmltext', 1, 0, 2, 10, 0, 0, 0, 0, 0, 0, 0, '', '', '', '', '', 0, 1);
INSERT INTO ezcontentclass_attribute VALUES (215, 0, 27, 'name', 'Name', 'ezstring', 1, 1, 1, 0, 0, 0, 0, 0, 0, 0, 0, '', '', '', '', '', 0, 1);
INSERT INTO ezcontentclass_attribute VALUES (224, 0, 15, 'footer', 'Footer', 'ezstring', 1, 0, 8, 0, 0, 0, 0, 0, 0, 0, 0, 'Copyright &copy;', '', '', '', '', 0, 1);
INSERT INTO ezcontentclass_attribute VALUES (180, 0, 15, 'email', 'Email', 'ezinisetting', 0, 0, 6, 1, 0, 0, 0, 0, 0, 0, 0, 'site.ini', 'MailSettings', 'AdminEmail', '0;1;2;3', 'override;user;admin;demo;intranet', 0, 1);
INSERT INTO ezcontentclass_attribute VALUES (196, 0, 15, 'siteurl', 'Site URL', 'ezinisetting', 0, 0, 7, 1, 0, 0, 0, 0, 0, 0, 0, 'site.ini', 'SiteSettings', 'SiteURL', '0;1;2;3', 'override;user;admin;demo;intranet', 0, 1);
INSERT INTO ezcontentclass_attribute VALUES (161, 0, 15, 'id', 'id', 'ezstring', 1, 0, 5, 0, 0, 0, 0, 0, 0, 0, 0, '', '', '', '', '', 0, 1);
INSERT INTO ezcontentclass_attribute VALUES (160, 0, 15, 'sitestyle', 'Sitestyle', 'ezpackage', 0, 0, 4, 1, 0, 0, 0, 0, 0, 0, 0, 'sitestyle', '', '', '', '', 0, 1);
INSERT INTO ezcontentclass_attribute VALUES (159, 0, 15, 'image', 'Image', 'ezimage', 0, 0, 3, 0, 0, 0, 0, 0, 0, 0, 0, '', '', '', '', '', 0, 1);
INSERT INTO ezcontentclass_attribute VALUES (158, 0, 15, 'meta_data', 'Meta data', 'ezinisetting', 0, 0, 2, 6, 0, 0, 0, 0, 0, 0, 0, 'site.ini', 'SiteSettings', 'MetaDataArray', '0;1;2;3', 'override;user;admin;demo;intranet', 0, 1);
INSERT INTO ezcontentclass_attribute VALUES (157, 0, 15, 'title', 'Title', 'ezinisetting', 0, 0, 1, 1, 0, 0, 0, 0, 0, 0, 0, 'site.ini', 'SiteSettings', 'SiteName', '0;1;2;3', 'override;user;admin;demo;intranet', 0, 1);







INSERT INTO ezcontentclass_classgroup VALUES (1, 0, 1, 'Content');
INSERT INTO ezcontentclass_classgroup VALUES (2, 0, 1, 'Content');
INSERT INTO ezcontentclass_classgroup VALUES (4, 0, 2, 'Content');
INSERT INTO ezcontentclass_classgroup VALUES (5, 0, 3, 'Media');
INSERT INTO ezcontentclass_classgroup VALUES (3, 0, 2, '');
INSERT INTO ezcontentclass_classgroup VALUES (6, 0, 1, 'Content');
INSERT INTO ezcontentclass_classgroup VALUES (7, 0, 1, 'Content');
INSERT INTO ezcontentclass_classgroup VALUES (8, 0, 1, 'Content');
INSERT INTO ezcontentclass_classgroup VALUES (9, 0, 1, 'Content');
INSERT INTO ezcontentclass_classgroup VALUES (10, 0, 1, 'Content');
INSERT INTO ezcontentclass_classgroup VALUES (11, 0, 1, 'Content');
INSERT INTO ezcontentclass_classgroup VALUES (12, 0, 3, 'Media');
INSERT INTO ezcontentclass_classgroup VALUES (13, 0, 1, 'Content');
INSERT INTO ezcontentclass_classgroup VALUES (14, 0, 4, 'Setup');
INSERT INTO ezcontentclass_classgroup VALUES (15, 0, 4, 'Setup');
INSERT INTO ezcontentclass_classgroup VALUES (12, 1, 3, 'Media');
INSERT INTO ezcontentclass_classgroup VALUES (16, 0, 1, 'Content');
INSERT INTO ezcontentclass_classgroup VALUES (17, 0, 1, 'Content');
INSERT INTO ezcontentclass_classgroup VALUES (21, 1, 1, 'Content');
INSERT INTO ezcontentclass_classgroup VALUES (20, 0, 1, 'Content');
INSERT INTO ezcontentclass_classgroup VALUES (21, 0, 1, 'Content');
INSERT INTO ezcontentclass_classgroup VALUES (23, 0, 1, 'Content');
INSERT INTO ezcontentclass_classgroup VALUES (26, 0, 1, 'Content');
INSERT INTO ezcontentclass_classgroup VALUES (24, 0, 1, 'Content');
INSERT INTO ezcontentclass_classgroup VALUES (1, 1, 1, 'Content');
INSERT INTO ezcontentclass_classgroup VALUES (27, 0, 1, 'Content');
INSERT INTO ezcontentclass_classgroup VALUES (28, 0, 1, 'Content');







INSERT INTO ezcontentclassgroup VALUES (1, 'Content', 1, 14, 1031216928, 1033922106);
INSERT INTO ezcontentclassgroup VALUES (2, 'Users', 1, 14, 1031216941, 1033922113);
INSERT INTO ezcontentclassgroup VALUES (3, 'Media', 8, 14, 1032009743, 1033922120);
INSERT INTO ezcontentclassgroup VALUES (4, 'Setup', 14, 14, 1066383702, 1066383712);







INSERT INTO ezcontentobject VALUES (1, 14, 1, 1, 'Gallery', 7, 0, 1033917596, 1068803301, 1, '');
INSERT INTO ezcontentobject VALUES (4, 14, 2, 3, 'Users', 1, 0, 1033917596, 1033917596, 1, NULL);
INSERT INTO ezcontentobject VALUES (11, 14, 2, 3, 'Guest accounts', 1, 0, 1033920746, 1033920746, 1, NULL);
INSERT INTO ezcontentobject VALUES (12, 14, 2, 3, 'Administrator users', 1, 0, 1033920775, 1033920775, 1, NULL);
INSERT INTO ezcontentobject VALUES (13, 14, 2, 3, 'Editors', 1, 0, 1033920794, 1033920794, 1, NULL);
INSERT INTO ezcontentobject VALUES (14, 14, 2, 4, 'Administrator User', 5, 0, 1033920830, 1068468219, 1, '');
INSERT INTO ezcontentobject VALUES (41, 14, 3, 1, 'Media', 1, 0, 1060695457, 1060695457, 1, '');
INSERT INTO ezcontentobject VALUES (42, 14, 11, 1, 'Setup', 1, 0, 1066383068, 1066383068, 1, '');
INSERT INTO ezcontentobject VALUES (43, 14, 11, 14, 'Classes', 11, 0, 1066384365, 1069254603, 1, '');
INSERT INTO ezcontentobject VALUES (44, 14, 11, 1, 'Setup links', 1, 0, 1066384457, 1066384457, 1, '');
INSERT INTO ezcontentobject VALUES (45, 14, 11, 14, 'Look and feel', 12, 0, 1066388816, 1069254903, 1, '');
INSERT INTO ezcontentobject VALUES (46, 14, 11, 1, 'Look and feel', 2, 0, 1066389805, 1066389902, 1, '');
INSERT INTO ezcontentobject VALUES (47, 14, 1, 15, 'New Template look', 1, 0, 0, 0, 0, '');
INSERT INTO ezcontentobject VALUES (122, 14, 1, 5, 'New Image', 1, 0, 0, 0, 0, '');
INSERT INTO ezcontentobject VALUES (51, 14, 1, 14, 'New Setup link', 1, 0, 0, 0, 0, '');
INSERT INTO ezcontentobject VALUES (53, 14, 1, 15, 'New Template look', 1, 0, 0, 0, 0, '');
INSERT INTO ezcontentobject VALUES (56, 14, 11, 15, 'My gallery', 61, 0, 1066643397, 1069842020, 1, '');
INSERT INTO ezcontentobject VALUES (268, 14, 1, 2, 'Added new gallery', 2, 0, 1068814752, 1069757082, 1, '');
INSERT INTO ezcontentobject VALUES (161, 14, 1, 10, 'About my gallery', 3, 0, 1068047603, 1069757035, 1, '');
INSERT INTO ezcontentobject VALUES (129, 14, 1, 2, 'New Article', 1, 0, 0, 0, 0, '');
INSERT INTO ezcontentobject VALUES (127, 14, 4, 2, 'New Article', 1, 0, 0, 0, 0, '');
INSERT INTO ezcontentobject VALUES (83, 14, 2, 4, 'New User', 1, 0, 0, 0, 0, '');
INSERT INTO ezcontentobject VALUES (84, 14, 2, 4, 'New User', 1, 0, 0, 0, 0, '');
INSERT INTO ezcontentobject VALUES (85, 14, 5, 1, 'New Folder', 1, 0, 0, 0, 0, '');
INSERT INTO ezcontentobject VALUES (88, 14, 2, 4, 'New User', 1, 0, 0, 0, 0, '');
INSERT INTO ezcontentobject VALUES (91, 14, 1, 15, 'New Template look', 1, 0, 0, 0, 0, '');
INSERT INTO ezcontentobject VALUES (96, 14, 2, 4, 'New User', 1, 0, 0, 0, 0, '');
INSERT INTO ezcontentobject VALUES (126, 14, 4, 2, 'New Article', 1, 0, 0, 0, 0, '');
INSERT INTO ezcontentobject VALUES (103, 14, 2, 4, 'New User', 1, 0, 0, 0, 0, '');
INSERT INTO ezcontentobject VALUES (104, 14, 2, 4, 'New User', 1, 0, 0, 0, 0, '');
INSERT INTO ezcontentobject VALUES (105, 14, 2, 4, 'New User', 1, 0, 0, 0, 0, '');
INSERT INTO ezcontentobject VALUES (106, 14, 2, 4, 'New User', 1, 0, 0, 0, 0, '');
INSERT INTO ezcontentobject VALUES (267, 14, 1, 1, 'News', 1, 0, 1068814364, 1068814364, 1, '');
INSERT INTO ezcontentobject VALUES (115, 14, 11, 14, 'Cache', 6, 0, 1066991725, 1069254540, 1, '');
INSERT INTO ezcontentobject VALUES (116, 14, 11, 14, 'URL translator', 5, 0, 1066992054, 1069254931, 1, '');
INSERT INTO ezcontentobject VALUES (117, 14, 4, 2, 'New Article', 1, 0, 0, 0, 0, '');
INSERT INTO ezcontentobject VALUES (143, 14, 1, 14, 'New Setup link', 1, 0, 0, 0, 0, '');
INSERT INTO ezcontentobject VALUES (144, 14, 1, 14, 'New Setup link', 1, 0, 0, 0, 0, '');
INSERT INTO ezcontentobject VALUES (145, 14, 1, 14, 'New Setup link', 1, 0, 0, 0, 0, '');
INSERT INTO ezcontentobject VALUES (187, 14, 1, 4, 'New User', 1, 0, 0, 0, 0, '');
INSERT INTO ezcontentobject VALUES (189, 14, 1, 4, 'New User', 1, 0, 0, 0, 0, '');
INSERT INTO ezcontentobject VALUES (320, 14, 1, 28, 'Flowers', 3, 0, 1069317685, 1069321701, 1, '');
INSERT INTO ezcontentobject VALUES (321, 14, 1, 5, 'Blue flower', 1, 0, 1069317728, 1069317728, 1, '');
INSERT INTO ezcontentobject VALUES (322, 14, 1, 5, 'Purple haze', 1, 0, 1069317767, 1069317767, 1, '');
INSERT INTO ezcontentobject VALUES (323, 14, 1, 5, 'Yellow flower', 1, 0, 1069317797, 1069317797, 1, '');
INSERT INTO ezcontentobject VALUES (324, 14, 1, 28, 'Landscape', 2, 0, 1069317869, 1069321720, 1, '');
INSERT INTO ezcontentobject VALUES (325, 14, 1, 5, 'Pond reflection', 1, 0, 1069317907, 1069317907, 1, '');
INSERT INTO ezcontentobject VALUES (326, 14, 1, 5, 'Ormevika skyline', 1, 0, 1069317947, 1069317947, 1, '');
INSERT INTO ezcontentobject VALUES (327, 14, 1, 5, 'Foggy trees', 1, 0, 1069317978, 1069317978, 1, '');
INSERT INTO ezcontentobject VALUES (328, 14, 1, 5, 'Water reflection', 1, 0, 1069318020, 1069318020, 1, '');
INSERT INTO ezcontentobject VALUES (329, 14, 1, 27, 'Abstract', 1, 0, 1069318331, 1069318331, 1, '');
INSERT INTO ezcontentobject VALUES (330, 14, 1, 28, 'Misc', 2, 0, 1069318374, 1069321636, 1, '');
INSERT INTO ezcontentobject VALUES (331, 14, 1, 5, 'CVS branching?', 1, 0, 1069318446, 1069318446, 1, '');
INSERT INTO ezcontentobject VALUES (332, 14, 1, 5, 'Gear wheel', 1, 0, 1069318482, 1069318482, 1, '');
INSERT INTO ezcontentobject VALUES (333, 14, 1, 5, 'Green clover', 1, 0, 1069318517, 1069318517, 1, '');
INSERT INTO ezcontentobject VALUES (334, 14, 1, 5, 'Mjaurits', 1, 0, 1069318560, 1069318560, 1, '');
INSERT INTO ezcontentobject VALUES (335, 14, 1, 5, 'Speeding', 1, 0, 1069318590, 1069318590, 1, '');
INSERT INTO ezcontentobject VALUES (299, 14, 1, 5, 'New Image', 1, 0, 0, 0, 0, '');
INSERT INTO ezcontentobject VALUES (300, 14, 1, 5, 'New Image', 1, 0, 0, 0, 0, '');
INSERT INTO ezcontentobject VALUES (319, 14, 1, 27, 'Nature', 1, 0, 1069317649, 1069317649, 1, '');
INSERT INTO ezcontentobject VALUES (336, 14, 2, 3, 'Anonymous Users', 1, 0, 1072186809, 1072186809, 1, '');
INSERT INTO ezcontentobject VALUES (10, 14, 2, 4, 'Anonymous User', 2, 0, 1033920665, 1072186837, 1, '');







INSERT INTO ezcontentobject_attribute VALUES (98, 'eng-GB', 1, 41, 4, 'Media', 0, 0, 0, 0, '', 'ezstring');
INSERT INTO ezcontentobject_attribute VALUES (100, 'eng-GB', 1, 42, 4, 'Setup', 0, 0, 0, 0, 'setup', 'ezstring');
INSERT INTO ezcontentobject_attribute VALUES (1, 'eng-GB', 7, 1, 4, 'Gallery', 0, 0, 0, 0, 'gallery', 'ezstring');
INSERT INTO ezcontentobject_attribute VALUES (2, 'eng-GB', 7, 1, 119, '<?xml version="1.0" encoding="iso-8859-1"?>
<section xmlns:image="http://ez.no/namespaces/ezpublish3/image/"
         xmlns:xhtml="http://ez.no/namespaces/ezpublish3/xhtml/"
         xmlns:custom="http://ez.no/namespaces/ezpublish3/custom/" />', 1045487555, 0, 0, 0, '', 'ezxmltext');
INSERT INTO ezcontentobject_attribute VALUES (1137, 'eng-GB', 1, 331, 116, 'CVS branching?', 0, 0, 0, 0, 'cvs branching?', 'ezstring');
INSERT INTO ezcontentobject_attribute VALUES (1140, 'eng-GB', 1, 332, 116, 'Gear wheel', 0, 0, 0, 0, 'gear wheel', 'ezstring');
INSERT INTO ezcontentobject_attribute VALUES (1143, 'eng-GB', 1, 333, 116, 'Green clover', 0, 0, 0, 0, 'green clover', 'ezstring');
INSERT INTO ezcontentobject_attribute VALUES (1146, 'eng-GB', 1, 334, 116, 'Mjaurits', 0, 0, 0, 0, 'mjaurits', 'ezstring');
INSERT INTO ezcontentobject_attribute VALUES (923, 'eng-GB', 2, 268, 1, 'Added new gallery', 0, 0, 0, 0, 'added new gallery', 'ezstring');
INSERT INTO ezcontentobject_attribute VALUES (1101, 'eng-GB', 3, 320, 217, 'Flowers', 0, 0, 0, 0, 'flowers', 'ezstring');
INSERT INTO ezcontentobject_attribute VALUES (1114, 'eng-GB', 2, 324, 217, 'Landscape', 0, 0, 0, 0, 'landscape', 'ezstring');
INSERT INTO ezcontentobject_attribute VALUES (1102, 'eng-GB', 3, 320, 218, '<?xml version="1.0" encoding="iso-8859-1"?>
<section xmlns:image="http://ez.no/namespaces/ezpublish3/image/"
         xmlns:xhtml="http://ez.no/namespaces/ezpublish3/xhtml/"
         xmlns:custom="http://ez.no/namespaces/ezpublish3/custom/">
  <paragraph>
    <line>Pictures of various flowers.</line>
  </paragraph>
</section>', 1045487555, 0, 0, 0, '', 'ezxmltext');
INSERT INTO ezcontentobject_attribute VALUES (1108, 'eng-GB', 1, 322, 116, 'Purple haze', 0, 0, 0, 0, 'purple haze', 'ezstring');
INSERT INTO ezcontentobject_attribute VALUES (1105, 'eng-GB', 1, 321, 116, 'Blue flower', 0, 0, 0, 0, 'blue flower', 'ezstring');
INSERT INTO ezcontentobject_attribute VALUES (927, 'eng-GB', 2, 268, 123, '', 0, 0, 0, 0, '', 'ezboolean');
INSERT INTO ezcontentobject_attribute VALUES (327, 'eng-GB', 5, 116, 152, 'URL translator', 0, 0, 0, 0, 'url translator', 'ezstring');
INSERT INTO ezcontentobject_attribute VALUES (329, 'eng-GB', 5, 116, 154, '', 0, 0, 0, 0, '', 'eztext');
INSERT INTO ezcontentobject_attribute VALUES (106, 'eng-GB', 1, 44, 4, 'Setup links', 0, 0, 0, 0, 'setup links', 'ezstring');
INSERT INTO ezcontentobject_attribute VALUES (112, 'eng-GB', 2, 46, 4, 'Look and feel', 0, 0, 0, 0, 'look and feel', 'ezstring');
INSERT INTO ezcontentobject_attribute VALUES (921, 'eng-GB', 1, 267, 4, 'News', 0, 0, 0, 0, 'news', 'ezstring');
INSERT INTO ezcontentobject_attribute VALUES (8, 'eng-GB', 1, 4, 6, 'Users', NULL, NULL, 0, 0, '', 'ezstring');
INSERT INTO ezcontentobject_attribute VALUES (22, 'eng-GB', 1, 11, 6, 'Guest accounts', 0, 0, 0, 0, '', 'ezstring');
INSERT INTO ezcontentobject_attribute VALUES (24, 'eng-GB', 1, 12, 6, 'Administrator users', 0, 0, 0, 0, '', 'ezstring');
INSERT INTO ezcontentobject_attribute VALUES (26, 'eng-GB', 1, 13, 6, 'Editors', 0, 0, 0, 0, '', 'ezstring');
INSERT INTO ezcontentobject_attribute VALUES (7, 'eng-GB', 1, 4, 7, 'Main group', NULL, NULL, 0, 0, '', 'ezstring');
INSERT INTO ezcontentobject_attribute VALUES (23, 'eng-GB', 1, 11, 7, '', 0, 0, 0, 0, '', 'ezstring');
INSERT INTO ezcontentobject_attribute VALUES (25, 'eng-GB', 1, 12, 7, '', 0, 0, 0, 0, '', 'ezstring');
INSERT INTO ezcontentobject_attribute VALUES (27, 'eng-GB', 1, 13, 7, '', 0, 0, 0, 0, '', 'ezstring');
INSERT INTO ezcontentobject_attribute VALUES (28, 'eng-GB', 5, 14, 8, 'Administrator', 0, 0, 0, 0, 'administrator', 'ezstring');
INSERT INTO ezcontentobject_attribute VALUES (29, 'eng-GB', 5, 14, 9, 'User', 0, 0, 0, 0, 'user', 'ezstring');
INSERT INTO ezcontentobject_attribute VALUES (30, 'eng-GB', 5, 14, 12, '', 0, 0, 0, 0, '', 'ezuser');
INSERT INTO ezcontentobject_attribute VALUES (1118, 'eng-GB', 1, 325, 116, 'Pond reflection', 0, 0, 0, 0, 'pond reflection', 'ezstring');
INSERT INTO ezcontentobject_attribute VALUES (1121, 'eng-GB', 1, 326, 116, 'Ormevika skyline', 0, 0, 0, 0, 'ormevika skyline', 'ezstring');
INSERT INTO ezcontentobject_attribute VALUES (1124, 'eng-GB', 1, 327, 116, 'Foggy trees', 0, 0, 0, 0, 'foggy trees', 'ezstring');
INSERT INTO ezcontentobject_attribute VALUES (1127, 'eng-GB', 1, 328, 116, 'Water reflection', 0, 0, 0, 0, 'water reflection', 'ezstring');
INSERT INTO ezcontentobject_attribute VALUES (1149, 'eng-GB', 1, 335, 116, 'Speeding', 0, 0, 0, 0, 'speeding', 'ezstring');
INSERT INTO ezcontentobject_attribute VALUES (1111, 'eng-GB', 1, 323, 116, 'Yellow flower', 0, 0, 0, 0, 'yellow flower', 'ezstring');
INSERT INTO ezcontentobject_attribute VALUES (1112, 'eng-GB', 1, 323, 117, '<?xml version="1.0" encoding="iso-8859-1"?>
<section xmlns:image="http://ez.no/namespaces/ezpublish3/image/"
         xmlns:xhtml="http://ez.no/namespaces/ezpublish3/xhtml/"
         xmlns:custom="http://ez.no/namespaces/ezpublish3/custom/">
  <paragraph>Yellow flower</paragraph>
</section>', 1045487555, 0, 0, 0, '', 'ezxmltext');
INSERT INTO ezcontentobject_attribute VALUES (1119, 'eng-GB', 1, 325, 117, '<?xml version="1.0" encoding="iso-8859-1"?>
<section xmlns:image="http://ez.no/namespaces/ezpublish3/image/"
         xmlns:xhtml="http://ez.no/namespaces/ezpublish3/xhtml/"
         xmlns:custom="http://ez.no/namespaces/ezpublish3/custom/">
  <paragraph>Reflection in a small pond.</paragraph>
</section>', 1045487555, 0, 0, 0, '', 'ezxmltext');
INSERT INTO ezcontentobject_attribute VALUES (1122, 'eng-GB', 1, 326, 117, '<?xml version="1.0" encoding="iso-8859-1"?>
<section xmlns:image="http://ez.no/namespaces/ezpublish3/image/"
         xmlns:xhtml="http://ez.no/namespaces/ezpublish3/xhtml/"
         xmlns:custom="http://ez.no/namespaces/ezpublish3/custom/">
  <paragraph>Ormevika by night</paragraph>
</section>', 1045487555, 0, 0, 0, '', 'ezxmltext');
INSERT INTO ezcontentobject_attribute VALUES (1125, 'eng-GB', 1, 327, 117, '<?xml version="1.0" encoding="iso-8859-1"?>
<section xmlns:image="http://ez.no/namespaces/ezpublish3/image/"
         xmlns:xhtml="http://ez.no/namespaces/ezpublish3/xhtml/"
         xmlns:custom="http://ez.no/namespaces/ezpublish3/custom/">
  <paragraph>Foggy trees</paragraph>
</section>', 1045487555, 0, 0, 0, '', 'ezxmltext');
INSERT INTO ezcontentobject_attribute VALUES (1128, 'eng-GB', 1, 328, 117, '<?xml version="1.0" encoding="iso-8859-1"?>
<section xmlns:image="http://ez.no/namespaces/ezpublish3/image/"
         xmlns:xhtml="http://ez.no/namespaces/ezpublish3/xhtml/"
         xmlns:custom="http://ez.no/namespaces/ezpublish3/custom/">
  <paragraph>Reflection from a lake in Kongsberg</paragraph>
</section>', 1045487555, 0, 0, 0, '', 'ezxmltext');
INSERT INTO ezcontentobject_attribute VALUES (1138, 'eng-GB', 1, 331, 117, '<?xml version="1.0" encoding="iso-8859-1"?>
<section xmlns:image="http://ez.no/namespaces/ezpublish3/image/"
         xmlns:xhtml="http://ez.no/namespaces/ezpublish3/xhtml/"
         xmlns:custom="http://ez.no/namespaces/ezpublish3/custom/">
  <paragraph>Visual representation of a CVS branch.</paragraph>
</section>', 1045487555, 0, 0, 0, '', 'ezxmltext');
INSERT INTO ezcontentobject_attribute VALUES (1141, 'eng-GB', 1, 332, 117, '<?xml version="1.0" encoding="iso-8859-1"?>
<section xmlns:image="http://ez.no/namespaces/ezpublish3/image/"
         xmlns:xhtml="http://ez.no/namespaces/ezpublish3/xhtml/"
         xmlns:custom="http://ez.no/namespaces/ezpublish3/custom/">
  <paragraph>Gear wheel statue from Skien</paragraph>
</section>', 1045487555, 0, 0, 0, '', 'ezxmltext');
INSERT INTO ezcontentobject_attribute VALUES (1144, 'eng-GB', 1, 333, 117, '<?xml version="1.0" encoding="iso-8859-1"?>
<section xmlns:image="http://ez.no/namespaces/ezpublish3/image/"
         xmlns:xhtml="http://ez.no/namespaces/ezpublish3/xhtml/"
         xmlns:custom="http://ez.no/namespaces/ezpublish3/custom/">
  <paragraph>Actually it&apos;s called gaukesyre</paragraph>
</section>', 1045487555, 0, 0, 0, '', 'ezxmltext');
INSERT INTO ezcontentobject_attribute VALUES (1147, 'eng-GB', 1, 334, 117, '<?xml version="1.0" encoding="iso-8859-1"?>
<section xmlns:image="http://ez.no/namespaces/ezpublish3/image/"
         xmlns:xhtml="http://ez.no/namespaces/ezpublish3/xhtml/"
         xmlns:custom="http://ez.no/namespaces/ezpublish3/custom/">
  <paragraph>Mjaurits the cat.</paragraph>
</section>', 1045487555, 0, 0, 0, '', 'ezxmltext');
INSERT INTO ezcontentobject_attribute VALUES (1150, 'eng-GB', 1, 335, 117, '<?xml version="1.0" encoding="iso-8859-1"?>
<section xmlns:image="http://ez.no/namespaces/ezpublish3/image/"
         xmlns:xhtml="http://ez.no/namespaces/ezpublish3/xhtml/"
         xmlns:custom="http://ez.no/namespaces/ezpublish3/custom/">
  <paragraph>All withing legal limits, of course.</paragraph>
</section>', 1045487555, 0, 0, 0, '', 'ezxmltext');
INSERT INTO ezcontentobject_attribute VALUES (1109, 'eng-GB', 1, 322, 117, '<?xml version="1.0" encoding="iso-8859-1"?>
<section xmlns:image="http://ez.no/namespaces/ezpublish3/image/"
         xmlns:xhtml="http://ez.no/namespaces/ezpublish3/xhtml/"
         xmlns:custom="http://ez.no/namespaces/ezpublish3/custom/">
  <paragraph>A purple one, actually two.</paragraph>
</section>', 1045487555, 0, 0, 0, '', 'ezxmltext');
INSERT INTO ezcontentobject_attribute VALUES (1106, 'eng-GB', 1, 321, 117, '<?xml version="1.0" encoding="iso-8859-1"?>
<section xmlns:image="http://ez.no/namespaces/ezpublish3/image/"
         xmlns:xhtml="http://ez.no/namespaces/ezpublish3/xhtml/"
         xmlns:custom="http://ez.no/namespaces/ezpublish3/custom/">
  <paragraph>A small nice blue flower.</paragraph>
</section>', 1045487555, 0, 0, 0, '', 'ezxmltext');
INSERT INTO ezcontentobject_attribute VALUES (1113, 'eng-GB', 1, 323, 118, '<?xml version="1.0" encoding="UTF-8"?>
<ezimage serial_number="1"
         is_valid="1"
         filename="yellow_flower.jpg"
         suffix="jpg"
         basename="yellow_flower"
         dirpath="var/gallery/storage/images/nature/flowers/yellow_flower/1113-1-eng-GB"
         url="var/gallery/storage/images/nature/flowers/yellow_flower/1113-1-eng-GB/yellow_flower.jpg"
         original_filename="yellow_flower.jpg"
         mime_type="original"
         width="400"
         height="300"
         alternative_text="A yellow flower"
         alias_key="1293033771"
         timestamp="1069317797">
  <original attribute_id=""
            attribute_version=""
            attribute_language="" />
  <alias name="small_h"
         filename="yellow_flower_small_h.jpg"
         suffix="jpg"
         dirpath="var/gallery/storage/images/nature/flowers/yellow_flower/1113-1-eng-GB"
         url="var/gallery/storage/images/nature/flowers/yellow_flower/1113-1-eng-GB/yellow_flower_small_h.jpg"
         mime_type="image/jpeg"
         width="173"
         height="130"
         alias_key="-1426914878"
         timestamp="1069317809"
         is_valid="1" />
  <alias name="small_v"
         filename="yellow_flower_small_v.jpg"
         suffix="jpg"
         dirpath="var/gallery/storage/images/nature/flowers/yellow_flower/1113-1-eng-GB"
         url="var/gallery/storage/images/nature/flowers/yellow_flower/1113-1-eng-GB/yellow_flower_small_v.jpg"
         mime_type="image/jpeg"
         width="150"
         height="113"
         alias_key="78134807"
         timestamp="1069317825"
         is_valid="1" />
  <alias name="navigator"
         filename="yellow_flower_navigator.jpg"
         suffix="jpg"
         dirpath="var/gallery/storage/images/nature/flowers/yellow_flower/1113-1-eng-GB"
         url="var/gallery/storage/images/nature/flowers/yellow_flower/1113-1-eng-GB/yellow_flower_navigator.jpg"
         mime_type="image/jpeg"
         width="133"
         height="100"
         alias_key="347197093"
         timestamp="1069318079"
         is_valid="1" />
  <alias name="large"
         filename="yellow_flower_large.jpg"
         suffix="jpg"
         dirpath="var/gallery/storage/images/nature/flowers/yellow_flower/1113-1-eng-GB"
         url="var/gallery/storage/images/nature/flowers/yellow_flower/1113-1-eng-GB/yellow_flower_large.jpg"
         mime_type="image/jpeg"
         width="400"
         height="300"
         alias_key="-1750183455"
         timestamp="1069318084"
         is_valid="1" />
</ezimage>', 0, 0, 0, 0, '', 'ezimage');
INSERT INTO ezcontentobject_attribute VALUES (1120, 'eng-GB', 1, 325, 118, '<?xml version="1.0" encoding="UTF-8"?>
<ezimage serial_number="1"
         is_valid="1"
         filename="pond_reflection.jpg"
         suffix="jpg"
         basename="pond_reflection"
         dirpath="var/gallery/storage/images/nature/landscape/pond_reflection/1120-1-eng-GB"
         url="var/gallery/storage/images/nature/landscape/pond_reflection/1120-1-eng-GB/pond_reflection.jpg"
         original_filename="pond_reflection.jpg"
         mime_type="original"
         width="400"
         height="300"
         alternative_text="Pond reflection"
         alias_key="1293033771"
         timestamp="1069317907">
  <original attribute_id=""
            attribute_version=""
            attribute_language="" />
  <alias name="small_h"
         filename="pond_reflection_small_h.jpg"
         suffix="jpg"
         dirpath="var/gallery/storage/images/nature/landscape/pond_reflection/1120-1-eng-GB"
         url="var/gallery/storage/images/nature/landscape/pond_reflection/1120-1-eng-GB/pond_reflection_small_h.jpg"
         mime_type="image/jpeg"
         width="173"
         height="130"
         alias_key="-1426914878"
         timestamp="1069318078"
         is_valid="1" />
  <alias name="navigator"
         filename="pond_reflection_navigator.jpg"
         suffix="jpg"
         dirpath="var/gallery/storage/images/nature/landscape/pond_reflection/1120-1-eng-GB"
         url="var/gallery/storage/images/nature/landscape/pond_reflection/1120-1-eng-GB/pond_reflection_navigator.jpg"
         mime_type="image/jpeg"
         width="133"
         height="100"
         alias_key="347197093"
         timestamp="1069321901"
         is_valid="1" />
  <alias name="large"
         filename="pond_reflection_large.jpg"
         suffix="jpg"
         dirpath="var/gallery/storage/images/nature/landscape/pond_reflection/1120-1-eng-GB"
         url="var/gallery/storage/images/nature/landscape/pond_reflection/1120-1-eng-GB/pond_reflection_large.jpg"
         mime_type="image/jpeg"
         width="400"
         height="300"
         alias_key="-1750183455"
         timestamp="1069321912"
         is_valid="1" />
</ezimage>', 0, 0, 0, 0, '', 'ezimage');
INSERT INTO ezcontentobject_attribute VALUES (1123, 'eng-GB', 1, 326, 118, '<?xml version="1.0" encoding="UTF-8"?>
<ezimage serial_number="1"
         is_valid="1"
         filename="ormevika_skyline.jpg"
         suffix="jpg"
         basename="ormevika_skyline"
         dirpath="var/gallery/storage/images/nature/landscape/ormevika_skyline/1123-1-eng-GB"
         url="var/gallery/storage/images/nature/landscape/ormevika_skyline/1123-1-eng-GB/ormevika_skyline.jpg"
         original_filename="skyline.jpg"
         mime_type="original"
         width="400"
         height="300"
         alternative_text="Nice nightshot from ormevika"
         alias_key="1293033771"
         timestamp="1069317947">
  <original attribute_id=""
            attribute_version=""
            attribute_language="" />
  <alias name="small_v"
         filename="ormevika_skyline_small_v.jpg"
         suffix="jpg"
         dirpath="var/gallery/storage/images/nature/landscape/ormevika_skyline/1123-1-eng-GB"
         url="var/gallery/storage/images/nature/landscape/ormevika_skyline/1123-1-eng-GB/ormevika_skyline_small_v.jpg"
         mime_type="image/jpeg"
         width="150"
         height="113"
         alias_key="78134807"
         timestamp="1069318074"
         is_valid="1" />
  <alias name="small_h"
         filename="ormevika_skyline_small_h.jpg"
         suffix="jpg"
         dirpath="var/gallery/storage/images/nature/landscape/ormevika_skyline/1123-1-eng-GB"
         url="var/gallery/storage/images/nature/landscape/ormevika_skyline/1123-1-eng-GB/ormevika_skyline_small_h.jpg"
         mime_type="image/jpeg"
         width="173"
         height="130"
         alias_key="-1426914878"
         timestamp="1069318078"
         is_valid="1" />
  <alias name="navigator"
         filename="ormevika_skyline_navigator.jpg"
         suffix="jpg"
         dirpath="var/gallery/storage/images/nature/landscape/ormevika_skyline/1123-1-eng-GB"
         url="var/gallery/storage/images/nature/landscape/ormevika_skyline/1123-1-eng-GB/ormevika_skyline_navigator.jpg"
         mime_type="image/jpeg"
         width="133"
         height="100"
         alias_key="347197093"
         timestamp="1069321895"
         is_valid="1" />
  <alias name="large"
         filename="ormevika_skyline_large.jpg"
         suffix="jpg"
         dirpath="var/gallery/storage/images/nature/landscape/ormevika_skyline/1123-1-eng-GB"
         url="var/gallery/storage/images/nature/landscape/ormevika_skyline/1123-1-eng-GB/ormevika_skyline_large.jpg"
         mime_type="image/jpeg"
         width="400"
         height="300"
         alias_key="-1750183455"
         timestamp="1069321901"
         is_valid="1" />
</ezimage>', 0, 0, 0, 0, '', 'ezimage');
INSERT INTO ezcontentobject_attribute VALUES (1126, 'eng-GB', 1, 327, 118, '<?xml version="1.0" encoding="UTF-8"?>
<ezimage serial_number="1"
         is_valid="1"
         filename="foggy_trees.jpg"
         suffix="jpg"
         basename="foggy_trees"
         dirpath="var/gallery/storage/images/nature/landscape/foggy_trees/1126-1-eng-GB"
         url="var/gallery/storage/images/nature/landscape/foggy_trees/1126-1-eng-GB/foggy_trees.jpg"
         original_filename="trees.jpg"
         mime_type="original"
         width="400"
         height="300"
         alternative_text="Foggy trees"
         alias_key="1293033771"
         timestamp="1069317978">
  <original attribute_id=""
            attribute_version=""
            attribute_language="" />
  <alias name="small_v"
         filename="foggy_trees_small_v.jpg"
         suffix="jpg"
         dirpath="var/gallery/storage/images/nature/landscape/foggy_trees/1126-1-eng-GB"
         url="var/gallery/storage/images/nature/landscape/foggy_trees/1126-1-eng-GB/foggy_trees_small_v.jpg"
         mime_type="image/jpeg"
         width="150"
         height="113"
         alias_key="78134807"
         timestamp="1069318074"
         is_valid="1" />
  <alias name="small_h"
         filename="foggy_trees_small_h.jpg"
         suffix="jpg"
         dirpath="var/gallery/storage/images/nature/landscape/foggy_trees/1126-1-eng-GB"
         url="var/gallery/storage/images/nature/landscape/foggy_trees/1126-1-eng-GB/foggy_trees_small_h.jpg"
         mime_type="image/jpeg"
         width="173"
         height="130"
         alias_key="-1426914878"
         timestamp="1069318078"
         is_valid="1" />
  <alias name="navigator"
         filename="foggy_trees_navigator.jpg"
         suffix="jpg"
         dirpath="var/gallery/storage/images/nature/landscape/foggy_trees/1126-1-eng-GB"
         url="var/gallery/storage/images/nature/landscape/foggy_trees/1126-1-eng-GB/foggy_trees_navigator.jpg"
         mime_type="image/jpeg"
         width="133"
         height="100"
         alias_key="347197093"
         timestamp="1069318286"
         is_valid="1" />
  <alias name="large"
         filename="foggy_trees_large.jpg"
         suffix="jpg"
         dirpath="var/gallery/storage/images/nature/landscape/foggy_trees/1126-1-eng-GB"
         url="var/gallery/storage/images/nature/landscape/foggy_trees/1126-1-eng-GB/foggy_trees_large.jpg"
         mime_type="image/jpeg"
         width="400"
         height="300"
         alias_key="-1750183455"
         timestamp="1069321894"
         is_valid="1" />
</ezimage>', 0, 0, 0, 0, '', 'ezimage');
INSERT INTO ezcontentobject_attribute VALUES (1129, 'eng-GB', 1, 328, 118, '<?xml version="1.0" encoding="UTF-8"?>
<ezimage serial_number="1"
         is_valid="1"
         filename="water_reflection.jpg"
         suffix="jpg"
         basename="water_reflection"
         dirpath="var/gallery/storage/images/nature/landscape/water_reflection/1129-1-eng-GB"
         url="var/gallery/storage/images/nature/landscape/water_reflection/1129-1-eng-GB/water_reflection.jpg"
         original_filename="water.jpg"
         mime_type="original"
         width="400"
         height="300"
         alternative_text="Water reflection"
         alias_key="1293033771"
         timestamp="1069318019">
  <original attribute_id=""
            attribute_version=""
            attribute_language="" />
  <alias name="small_h"
         filename="water_reflection_small_h.jpg"
         suffix="jpg"
         dirpath="var/gallery/storage/images/nature/landscape/water_reflection/1129-1-eng-GB"
         url="var/gallery/storage/images/nature/landscape/water_reflection/1129-1-eng-GB/water_reflection_small_h.jpg"
         mime_type="image/jpeg"
         width="173"
         height="130"
         alias_key="-1426914878"
         timestamp="1069318073"
         is_valid="1" />
  <alias name="small_v"
         filename="water_reflection_small_v.jpg"
         suffix="jpg"
         dirpath="var/gallery/storage/images/nature/landscape/water_reflection/1129-1-eng-GB"
         url="var/gallery/storage/images/nature/landscape/water_reflection/1129-1-eng-GB/water_reflection_small_v.jpg"
         mime_type="image/jpeg"
         width="150"
         height="113"
         alias_key="78134807"
         timestamp="1069318074"
         is_valid="1" />
  <alias name="navigator"
         filename="water_reflection_navigator.jpg"
         suffix="jpg"
         dirpath="var/gallery/storage/images/nature/landscape/water_reflection/1129-1-eng-GB"
         url="var/gallery/storage/images/nature/landscape/water_reflection/1129-1-eng-GB/water_reflection_navigator.jpg"
         mime_type="image/jpeg"
         width="133"
         height="100"
         alias_key="347197093"
         timestamp="1069318085"
         is_valid="1" />
  <alias name="large"
         filename="water_reflection_large.jpg"
         suffix="jpg"
         dirpath="var/gallery/storage/images/nature/landscape/water_reflection/1129-1-eng-GB"
         url="var/gallery/storage/images/nature/landscape/water_reflection/1129-1-eng-GB/water_reflection_large.jpg"
         mime_type="image/jpeg"
         width="400"
         height="300"
         alias_key="-1750183455"
         timestamp="1069318285"
         is_valid="1" />
</ezimage>', 0, 0, 0, 0, '', 'ezimage');
INSERT INTO ezcontentobject_attribute VALUES (1139, 'eng-GB', 1, 331, 118, '<?xml version="1.0" encoding="UTF-8"?>
<ezimage serial_number="1"
         is_valid="1"
         filename="cvs_branching.jpg"
         suffix="jpg"
         basename="cvs_branching"
         dirpath="var/gallery/storage/images/abstract/misc/cvs_branching/1139-1-eng-GB"
         url="var/gallery/storage/images/abstract/misc/cvs_branching/1139-1-eng-GB/cvs_branching.jpg"
         original_filename="branch.jpg"
         mime_type="original"
         width="400"
         height="300"
         alternative_text="CVS branch"
         alias_key="1293033771"
         timestamp="1069318446">
  <original attribute_id=""
            attribute_version=""
            attribute_language="" />
  <alias name="small_h"
         filename="cvs_branching_small_h.jpg"
         suffix="jpg"
         dirpath="var/gallery/storage/images/abstract/misc/cvs_branching/1139-1-eng-GB"
         url="var/gallery/storage/images/abstract/misc/cvs_branching/1139-1-eng-GB/cvs_branching_small_h.jpg"
         mime_type="image/jpeg"
         width="173"
         height="130"
         alias_key="-1426914878"
         timestamp="1069842041"
         is_valid="1" />
  <alias name="navigator"
         filename="cvs_branching_navigator.jpg"
         suffix="jpg"
         dirpath="var/gallery/storage/images/abstract/misc/cvs_branching/1139-1-eng-GB"
         url="var/gallery/storage/images/abstract/misc/cvs_branching/1139-1-eng-GB/cvs_branching_navigator.jpg"
         mime_type="image/jpeg"
         width="133"
         height="100"
         alias_key="347197093"
         timestamp="1069322030"
         is_valid="1" />
  <alias name="large"
         filename="cvs_branching_large.jpg"
         suffix="jpg"
         dirpath="var/gallery/storage/images/abstract/misc/cvs_branching/1139-1-eng-GB"
         url="var/gallery/storage/images/abstract/misc/cvs_branching/1139-1-eng-GB/cvs_branching_large.jpg"
         mime_type="image/jpeg"
         width="400"
         height="300"
         alias_key="-1750183455"
         timestamp="1069322302"
         is_valid="1" />
</ezimage>', 0, 0, 0, 0, '', 'ezimage');
INSERT INTO ezcontentobject_attribute VALUES (1142, 'eng-GB', 1, 332, 118, '<?xml version="1.0" encoding="UTF-8"?>
<ezimage serial_number="1"
         is_valid="1"
         filename="gear_wheel.jpg"
         suffix="jpg"
         basename="gear_wheel"
         dirpath="var/gallery/storage/images/abstract/misc/gear_wheel/1142-1-eng-GB"
         url="var/gallery/storage/images/abstract/misc/gear_wheel/1142-1-eng-GB/gear_wheel.jpg"
         original_filename="gear_wheel.jpg"
         mime_type="original"
         width="400"
         height="300"
         alternative_text="Gear wheel"
         alias_key="1293033771"
         timestamp="1069318481">
  <original attribute_id=""
            attribute_version=""
            attribute_language="" />
  <alias name="small_h"
         filename="gear_wheel_small_h.jpg"
         suffix="jpg"
         dirpath="var/gallery/storage/images/abstract/misc/gear_wheel/1142-1-eng-GB"
         url="var/gallery/storage/images/abstract/misc/gear_wheel/1142-1-eng-GB/gear_wheel_small_h.jpg"
         mime_type="image/jpeg"
         width="173"
         height="130"
         alias_key="-1426914878"
         timestamp="1069426469"
         is_valid="1" />
  <alias name="navigator"
         filename="gear_wheel_navigator.jpg"
         suffix="jpg"
         dirpath="var/gallery/storage/images/abstract/misc/gear_wheel/1142-1-eng-GB"
         url="var/gallery/storage/images/abstract/misc/gear_wheel/1142-1-eng-GB/gear_wheel_navigator.jpg"
         mime_type="image/jpeg"
         width="133"
         height="100"
         alias_key="347197093"
         timestamp="1069318980"
         is_valid="1" />
  <alias name="large"
         filename="gear_wheel_large.jpg"
         suffix="jpg"
         dirpath="var/gallery/storage/images/abstract/misc/gear_wheel/1142-1-eng-GB"
         url="var/gallery/storage/images/abstract/misc/gear_wheel/1142-1-eng-GB/gear_wheel_large.jpg"
         mime_type="image/jpeg"
         width="400"
         height="300"
         alias_key="-1750183455"
         timestamp="1069322029"
         is_valid="1" />
</ezimage>', 0, 0, 0, 0, '', 'ezimage');
INSERT INTO ezcontentobject_attribute VALUES (1145, 'eng-GB', 1, 333, 118, '<?xml version="1.0" encoding="UTF-8"?>
<ezimage serial_number="1"
         is_valid="1"
         filename="green_clover.jpg"
         suffix="jpg"
         basename="green_clover"
         dirpath="var/gallery/storage/images/abstract/misc/green_clover/1145-1-eng-GB"
         url="var/gallery/storage/images/abstract/misc/green_clover/1145-1-eng-GB/green_clover.jpg"
         original_filename="green_clover.jpg"
         mime_type="original"
         width="400"
         height="300"
         alternative_text="Gren clover"
         alias_key="1293033771"
         timestamp="1069318517">
  <original attribute_id=""
            attribute_version=""
            attribute_language="" />
  <alias name="small_v"
         filename="green_clover_small_v.jpg"
         suffix="jpg"
         dirpath="var/gallery/storage/images/abstract/misc/green_clover/1145-1-eng-GB"
         url="var/gallery/storage/images/abstract/misc/green_clover/1145-1-eng-GB/green_clover_small_v.jpg"
         mime_type="image/jpeg"
         width="150"
         height="113"
         alias_key="78134807"
         timestamp="1069426472"
         is_valid="1" />
  <alias name="small_h"
         filename="green_clover_small_h.jpg"
         suffix="jpg"
         dirpath="var/gallery/storage/images/abstract/misc/green_clover/1145-1-eng-GB"
         url="var/gallery/storage/images/abstract/misc/green_clover/1145-1-eng-GB/green_clover_small_h.jpg"
         mime_type="image/jpeg"
         width="173"
         height="130"
         alias_key="-1426914878"
         timestamp="1069842043"
         is_valid="1" />
  <alias name="navigator"
         filename="green_clover_navigator.jpg"
         suffix="jpg"
         dirpath="var/gallery/storage/images/abstract/misc/green_clover/1145-1-eng-GB"
         url="var/gallery/storage/images/abstract/misc/green_clover/1145-1-eng-GB/green_clover_navigator.jpg"
         mime_type="image/jpeg"
         width="133"
         height="100"
         alias_key="347197093"
         timestamp="1069318965"
         is_valid="1" />
  <alias name="large"
         filename="green_clover_large.jpg"
         suffix="jpg"
         dirpath="var/gallery/storage/images/abstract/misc/green_clover/1145-1-eng-GB"
         url="var/gallery/storage/images/abstract/misc/green_clover/1145-1-eng-GB/green_clover_large.jpg"
         mime_type="image/jpeg"
         width="400"
         height="300"
         alias_key="-1750183455"
         timestamp="1069318979"
         is_valid="1" />
</ezimage>', 0, 0, 0, 0, '', 'ezimage');
INSERT INTO ezcontentobject_attribute VALUES (1148, 'eng-GB', 1, 334, 118, '<?xml version="1.0" encoding="UTF-8"?>
<ezimage serial_number="1"
         is_valid="1"
         filename="mjaurits.jpg"
         suffix="jpg"
         basename="mjaurits"
         dirpath="var/gallery/storage/images/abstract/misc/mjaurits/1148-1-eng-GB"
         url="var/gallery/storage/images/abstract/misc/mjaurits/1148-1-eng-GB/mjaurits.jpg"
         original_filename="cat.jpg"
         mime_type="original"
         width="400"
         height="300"
         alternative_text="A closeup of the cat Mjaurits"
         alias_key="1293033771"
         timestamp="1069318560">
  <original attribute_id=""
            attribute_version=""
            attribute_language="" />
  <alias name="small_v"
         filename="mjaurits_small_v.jpg"
         suffix="jpg"
         dirpath="var/gallery/storage/images/abstract/misc/mjaurits/1148-1-eng-GB"
         url="var/gallery/storage/images/abstract/misc/mjaurits/1148-1-eng-GB/mjaurits_small_v.jpg"
         mime_type="image/jpeg"
         width="150"
         height="113"
         alias_key="78134807"
         timestamp="1069426471"
         is_valid="1" />
  <alias name="small_h"
         filename="mjaurits_small_h.jpg"
         suffix="jpg"
         dirpath="var/gallery/storage/images/abstract/misc/mjaurits/1148-1-eng-GB"
         url="var/gallery/storage/images/abstract/misc/mjaurits/1148-1-eng-GB/mjaurits_small_h.jpg"
         mime_type="image/jpeg"
         width="173"
         height="130"
         alias_key="-1426914878"
         timestamp="1069842043"
         is_valid="1" />
  <alias name="navigator"
         filename="mjaurits_navigator.jpg"
         suffix="jpg"
         dirpath="var/gallery/storage/images/abstract/misc/mjaurits/1148-1-eng-GB"
         url="var/gallery/storage/images/abstract/misc/mjaurits/1148-1-eng-GB/mjaurits_navigator.jpg"
         mime_type="image/jpeg"
         width="133"
         height="100"
         alias_key="347197093"
         timestamp="1069427992"
         is_valid="1" />
  <alias name="large"
         filename="mjaurits_large.jpg"
         suffix="jpg"
         dirpath="var/gallery/storage/images/abstract/misc/mjaurits/1148-1-eng-GB"
         url="var/gallery/storage/images/abstract/misc/mjaurits/1148-1-eng-GB/mjaurits_large.jpg"
         mime_type="image/jpeg"
         width="400"
         height="300"
         alias_key="-1750183455"
         timestamp="1069318965"
         is_valid="1" />
</ezimage>', 0, 0, 0, 0, '', 'ezimage');
INSERT INTO ezcontentobject_attribute VALUES (1151, 'eng-GB', 1, 335, 118, '<?xml version="1.0" encoding="UTF-8"?>
<ezimage serial_number="1"
         is_valid="1"
         filename="speeding.jpg"
         suffix="jpg"
         basename="speeding"
         dirpath="var/gallery/storage/images/abstract/misc/speeding/1151-1-eng-GB"
         url="var/gallery/storage/images/abstract/misc/speeding/1151-1-eng-GB/speeding.jpg"
         original_filename="speed.jpg"
         mime_type="original"
         width="400"
         height="300"
         alternative_text="Speed"
         alias_key="1293033771"
         timestamp="1069318589">
  <original attribute_id=""
            attribute_version=""
            attribute_language="" />
  <alias name="small_v"
         filename="speeding_small_v.jpg"
         suffix="jpg"
         dirpath="var/gallery/storage/images/abstract/misc/speeding/1151-1-eng-GB"
         url="var/gallery/storage/images/abstract/misc/speeding/1151-1-eng-GB/speeding_small_v.jpg"
         mime_type="image/jpeg"
         width="150"
         height="113"
         alias_key="78134807"
         timestamp="1069426471"
         is_valid="1" />
  <alias name="small_h"
         filename="speeding_small_h.jpg"
         suffix="jpg"
         dirpath="var/gallery/storage/images/abstract/misc/speeding/1151-1-eng-GB"
         url="var/gallery/storage/images/abstract/misc/speeding/1151-1-eng-GB/speeding_small_h.jpg"
         mime_type="image/jpeg"
         width="173"
         height="130"
         alias_key="-1426914878"
         timestamp="1069842042"
         is_valid="1" />
  <alias name="large"
         filename="speeding_large.jpg"
         suffix="jpg"
         dirpath="var/gallery/storage/images/abstract/misc/speeding/1151-1-eng-GB"
         url="var/gallery/storage/images/abstract/misc/speeding/1151-1-eng-GB/speeding_large.jpg"
         mime_type="image/jpeg"
         width="400"
         height="300"
         alias_key="-1750183455"
         timestamp="1069427991"
         is_valid="1" />
  <alias name="navigator"
         filename="speeding_navigator.jpg"
         suffix="jpg"
         dirpath="var/gallery/storage/images/abstract/misc/speeding/1151-1-eng-GB"
         url="var/gallery/storage/images/abstract/misc/speeding/1151-1-eng-GB/speeding_navigator.jpg"
         mime_type="image/jpeg"
         width="133"
         height="100"
         alias_key="347197093"
         timestamp="1069318965"
         is_valid="1" />
</ezimage>', 0, 0, 0, 0, '', 'ezimage');
INSERT INTO ezcontentobject_attribute VALUES (1107, 'eng-GB', 1, 321, 118, '<?xml version="1.0" encoding="UTF-8"?>
<ezimage serial_number="1"
         is_valid="1"
         filename="blue_flower.jpg"
         suffix="jpg"
         basename="blue_flower"
         dirpath="var/gallery/storage/images/nature/flowers/blue_flower/1107-1-eng-GB"
         url="var/gallery/storage/images/nature/flowers/blue_flower/1107-1-eng-GB/blue_flower.jpg"
         original_filename="blue_flower.jpg"
         mime_type="original"
         width="400"
         height="300"
         alternative_text="Blue flower"
         alias_key="1293033771"
         timestamp="1069317728">
  <original attribute_id=""
            attribute_version=""
            attribute_language="" />
  <alias name="small_h"
         filename="blue_flower_small_h.jpg"
         suffix="jpg"
         dirpath="var/gallery/storage/images/nature/flowers/blue_flower/1107-1-eng-GB"
         url="var/gallery/storage/images/nature/flowers/blue_flower/1107-1-eng-GB/blue_flower_small_h.jpg"
         mime_type="image/jpeg"
         width="173"
         height="130"
         alias_key="-1426914878"
         timestamp="1069842042"
         is_valid="1" />
  <alias name="small_v"
         filename="blue_flower_small_v.jpg"
         suffix="jpg"
         dirpath="var/gallery/storage/images/nature/flowers/blue_flower/1107-1-eng-GB"
         url="var/gallery/storage/images/nature/flowers/blue_flower/1107-1-eng-GB/blue_flower_small_v.jpg"
         mime_type="image/jpeg"
         width="150"
         height="113"
         alias_key="78134807"
         timestamp="1069317826"
         is_valid="1" />
  <alias name="navigator"
         filename="blue_flower_navigator.jpg"
         suffix="jpg"
         dirpath="var/gallery/storage/images/nature/flowers/blue_flower/1107-1-eng-GB"
         url="var/gallery/storage/images/nature/flowers/blue_flower/1107-1-eng-GB/blue_flower_navigator.jpg"
         mime_type="image/jpeg"
         width="133"
         height="100"
         alias_key="347197093"
         timestamp="1069320924"
         is_valid="1" />
  <alias name="large"
         filename="blue_flower_large.jpg"
         suffix="jpg"
         dirpath="var/gallery/storage/images/nature/flowers/blue_flower/1107-1-eng-GB"
         url="var/gallery/storage/images/nature/flowers/blue_flower/1107-1-eng-GB/blue_flower_large.jpg"
         mime_type="image/jpeg"
         width="400"
         height="300"
         alias_key="-1750183455"
         timestamp="1069326352"
         is_valid="1" />
</ezimage>', 0, 0, 0, 0, '', 'ezimage');
INSERT INTO ezcontentobject_attribute VALUES (1110, 'eng-GB', 1, 322, 118, '<?xml version="1.0" encoding="UTF-8"?>
<ezimage serial_number="1"
         is_valid="1"
         filename="purple_haze.jpg"
         suffix="jpg"
         basename="purple_haze"
         dirpath="var/gallery/storage/images/nature/flowers/purple_haze/1110-1-eng-GB"
         url="var/gallery/storage/images/nature/flowers/purple_haze/1110-1-eng-GB/purple_haze.jpg"
         original_filename="purple_haze.jpg"
         mime_type="original"
         width="400"
         height="300"
         alternative_text="Purple haze"
         alias_key="1293033771"
         timestamp="1069317767">
  <original attribute_id=""
            attribute_version=""
            attribute_language="" />
  <alias name="small_h"
         filename="purple_haze_small_h.jpg"
         suffix="jpg"
         dirpath="var/gallery/storage/images/nature/flowers/purple_haze/1110-1-eng-GB"
         url="var/gallery/storage/images/nature/flowers/purple_haze/1110-1-eng-GB/purple_haze_small_h.jpg"
         mime_type="image/jpeg"
         width="173"
         height="130"
         alias_key="-1426914878"
         timestamp="1069317809"
         is_valid="1" />
  <alias name="small_v"
         filename="purple_haze_small_v.jpg"
         suffix="jpg"
         dirpath="var/gallery/storage/images/nature/flowers/purple_haze/1110-1-eng-GB"
         url="var/gallery/storage/images/nature/flowers/purple_haze/1110-1-eng-GB/purple_haze_small_v.jpg"
         mime_type="image/jpeg"
         width="150"
         height="113"
         alias_key="78134807"
         timestamp="1069317826"
         is_valid="1" />
  <alias name="navigator"
         filename="purple_haze_navigator.jpg"
         suffix="jpg"
         dirpath="var/gallery/storage/images/nature/flowers/purple_haze/1110-1-eng-GB"
         url="var/gallery/storage/images/nature/flowers/purple_haze/1110-1-eng-GB/purple_haze_navigator.jpg"
         mime_type="image/jpeg"
         width="133"
         height="100"
         alias_key="347197093"
         timestamp="1069318084"
         is_valid="1" />
  <alias name="large"
         filename="purple_haze_large.jpg"
         suffix="jpg"
         dirpath="var/gallery/storage/images/nature/flowers/purple_haze/1110-1-eng-GB"
         url="var/gallery/storage/images/nature/flowers/purple_haze/1110-1-eng-GB/purple_haze_large.jpg"
         mime_type="image/jpeg"
         width="400"
         height="300"
         alias_key="-1750183455"
         timestamp="1069320923"
         is_valid="1" />
</ezimage>', 0, 0, 0, 0, '', 'ezimage');
INSERT INTO ezcontentobject_attribute VALUES (99, 'eng-GB', 1, 41, 119, '<?xml version="1.0" encoding="iso-8859-1"?>
<section xmlns:image="http://ez.no/namespaces/ezpublish3/image/"
         xmlns:xhtml="http://ez.no/namespaces/ezpublish3/xhtml/"
         xmlns:custom="http://ez.no/namespaces/ezpublish3/custom/" />', 1045487555, 0, 0, 0, '', 'ezxmltext');
INSERT INTO ezcontentobject_attribute VALUES (101, 'eng-GB', 1, 42, 119, '<?xml version="1.0" encoding="iso-8859-1"?>
<section xmlns:image="http://ez.no/namespaces/ezpublish3/image/"
         xmlns:xhtml="http://ez.no/namespaces/ezpublish3/xhtml/"
         xmlns:custom="http://ez.no/namespaces/ezpublish3/custom/" />', 1045487555, 0, 0, 0, '', 'ezxmltext');
INSERT INTO ezcontentobject_attribute VALUES (107, 'eng-GB', 1, 44, 119, '<?xml version="1.0" encoding="iso-8859-1"?>
<section xmlns:image="http://ez.no/namespaces/ezpublish3/image/"
         xmlns:xhtml="http://ez.no/namespaces/ezpublish3/xhtml/"
         xmlns:custom="http://ez.no/namespaces/ezpublish3/custom/" />', 1045487555, 0, 0, 0, '', 'ezxmltext');
INSERT INTO ezcontentobject_attribute VALUES (113, 'eng-GB', 2, 46, 119, '<?xml version="1.0" encoding="iso-8859-1"?>
<section xmlns:image="http://ez.no/namespaces/ezpublish3/image/"
         xmlns:xhtml="http://ez.no/namespaces/ezpublish3/xhtml/"
         xmlns:custom="http://ez.no/namespaces/ezpublish3/custom/" />', 1045487555, 0, 0, 0, '', 'ezxmltext');
INSERT INTO ezcontentobject_attribute VALUES (922, 'eng-GB', 1, 267, 119, '<?xml version="1.0" encoding="iso-8859-1"?>
<section xmlns:image="http://ez.no/namespaces/ezpublish3/image/"
         xmlns:xhtml="http://ez.no/namespaces/ezpublish3/xhtml/"
         xmlns:custom="http://ez.no/namespaces/ezpublish3/custom/">
  <paragraph>Latest.</paragraph>
</section>', 1045487555, 0, 0, 0, '', 'ezxmltext');
INSERT INTO ezcontentobject_attribute VALUES (924, 'eng-GB', 2, 268, 120, '<?xml version="1.0" encoding="iso-8859-1"?>
<section xmlns:image="http://ez.no/namespaces/ezpublish3/image/"
         xmlns:xhtml="http://ez.no/namespaces/ezpublish3/xhtml/"
         xmlns:custom="http://ez.no/namespaces/ezpublish3/custom/">
  <paragraph>Lorem ipsum dolor sit amet, consectetuer adipiscing elit. In sit amet massa. Maecenas egestas, mauris sed adipiscing eleifend, nisl quam aliquam massa, in gravida diam wisi et nulla. Morbi odio. Proin massa est, dignissim eget, molestie a, tincidunt at, libero. Phasellus imperdiet, purus id iaculis volutpat, diam elit dapibus neque, ac blandit wisi metus eu turpis. Sed turpis eros, tristique in, tincidunt ut, facilisis sed, lorem. Aenean pharetra scelerisque tortor. Fusce in est. Pellentesque ullamcorper felis vel enim sagittis commodo. Sed commodo suscipit tellus. </paragraph>
  <paragraph>Phasellus elementum, velit at vehicula accumsan, lacus nunc rhoncus lectus, et tempor magna mi vitae velit. Aliquam erat volutpat. In ut libero eget lorem vestibulum fermentum. Sed sed tellus ut diam nonummy fringilla. In hac habitasse platea dictumst. Duis diam. Aenean interdum. Sed scelerisque ornare dolor. Phasellus neque magna, ullamcorper id, tincidunt non, scelerisque ut, sapien. Nulla facilisi. Suspendisse vel wisi nec velit dapibus vestibulum. Mauris fringilla, mi a congue dapibus, lacus sem viverra quam, vel tristique lacus dolor consequat diam. Vestibulum et libero. Donec adipiscing sagittis diam. Nam bibendum dui porttitor lacus. Morbi dignissim. Integer tempor. Vestibulum est elit, cursus quis, laoreet vitae, interdum vel, diam </paragraph>
</section>', 1045487555, 0, 0, 0, '', 'ezxmltext');
INSERT INTO ezcontentobject_attribute VALUES (925, 'eng-GB', 2, 268, 121, '<?xml version="1.0" encoding="iso-8859-1"?>
<section xmlns:image="http://ez.no/namespaces/ezpublish3/image/"
         xmlns:xhtml="http://ez.no/namespaces/ezpublish3/xhtml/"
         xmlns:custom="http://ez.no/namespaces/ezpublish3/custom/">
  <paragraph>dfghLorem ipsum dolor sit amet, consectetuer adipiscing elit. In sit amet massa. Maecenas egestas, mauris sed adipiscing eleifend, nisl quam aliquam massa, in gravida diam wisi et nulla. Morbi odio. Proin massa est, dignissim eget, molestie a, tincidunt at, libero. Phasellus imperdiet, purus id iaculis volutpat, diam elit dapibus neque, ac blandit wisi metus eu turpis. Sed turpis eros, tristique in, tincidunt ut, facilisis sed, lorem. Aenean pharetra scelerisque tortor. Fusce in est. Pellentesque ullamcorper felis vel enim sagittis commodo. Sed commodo suscipit tellus. </paragraph>
  <paragraph>
    <line>Phasellus elementum, velit at vehicula accumsan, lacus nunc rhoncus lectus, et tempor magna mi vitae velit. Aliquam erat volutpat. In ut libero eget lorem vestibulum fermentum. Sed sed tellus ut diam nonummy fringilla. In hac habitasse platea dictumst. Duis diam. Aenean interdum. Sed scelerisque ornare dolor. Phasellus neque magna, ullamcorper id, tincidunt non, scelerisque ut, sapien. Nulla facilisi. Suspendisse vel wisi nec velit dapibus vestibulum. Mauris fringilla, mi a congue dapibus, lacus sem viverra quam, vel tristique lacus dolor consequat diam. Vestibulum et libero. Donec adipiscing sagittis diam. Nam bibendum dui porttitor lacus. Morbi dignissim. Integer tempor. Vestibulum est elit, cursus quis, laoreet vitae, interdum vel, diam </line>
  </paragraph>
</section>', 1045487555, 0, 0, 0, '', 'ezxmltext');
INSERT INTO ezcontentobject_attribute VALUES (926, 'eng-GB', 2, 268, 122, '<?xml version="1.0" encoding="UTF-8"?>
<ezimage serial_number="1"
         is_valid="1"
         filename="added_new_gallery.jpg"
         suffix="jpg"
         basename="added_new_gallery"
         dirpath="var/gallery/storage/images/news/added_new_gallery/926-2-eng-GB"
         url="var/gallery/storage/images/news/added_new_gallery/926-2-eng-GB/added_new_gallery.jpg"
         original_filename="dscn1631.jpg"
         mime_type="original"
         width="1024"
         height="768"
         alternative_text=""
         alias_key="1293033771"
         timestamp="">
  <original attribute_id="926"
            attribute_version="1"
            attribute_language="eng-GB" />
</ezimage>', 0, 0, 0, 0, '', 'ezimage');
INSERT INTO ezcontentobject_attribute VALUES (522, 'eng-GB', 3, 161, 140, 'About my gallery', 0, 0, 0, 0, 'about my gallery', 'ezstring');
INSERT INTO ezcontentobject_attribute VALUES (523, 'eng-GB', 3, 161, 141, '<?xml version="1.0" encoding="iso-8859-1"?>
<section xmlns:image="http://ez.no/namespaces/ezpublish3/image/"
         xmlns:xhtml="http://ez.no/namespaces/ezpublish3/xhtml/"
         xmlns:custom="http://ez.no/namespaces/ezpublish3/custom/">
  <paragraph>Lorem ipsum dolor sit amet, consectetuer adipiscing elit. In sit amet massa. Maecenas egestas, mauris sed adipiscing eleifend, nisl quam aliquam massa, in gravida diam wisi et nulla. Morbi odio. Proin massa est, dignissim eget, molestie a, tincidunt at, libero. Phasellus imperdiet, purus id iaculis volutpat, diam elit dapibus neque, ac blandit wisi metus eu turpis. Sed turpis eros, tristique in, tincidunt ut, facilisis sed, lorem. Aenean pharetra scelerisque tortor. Fusce in est. Pellentesque ullamcorper felis vel enim sagittis commodo. Sed commodo suscipit tellus.</paragraph>
  <paragraph>Phasellus elementum, velit at vehicula accumsan, lacus nunc rhoncus lectus, et tempor magna mi vitae velit. Aliquam erat volutpat. In ut libero eget lorem vestibulum fermentum. Sed sed tellus ut diam nonummy fringilla. In hac habitasse platea dictumst. Duis diam. Aenean interdum. Sed scelerisque ornare dolor. Phasellus neque magna, ullamcorper id, tincidunt non, scelerisque ut, sapien. Nulla facilisi. Suspendisse vel wisi nec velit dapibus vestibulum. Mauris fringilla, mi a congue dapibus, lacus sem viverra quam, vel tristique lacus dolor consequat diam. Vestibulum et libero. Donec adipiscing sagittis diam. Nam bibendum dui porttitor lacus. Morbi dignissim. Integer tempor. Vestibulum est elit, cursus quis, laoreet vitae, interdum vel, diam</paragraph>
  <paragraph>Lorem ipsum dolor sit amet, consectetuer adipiscing elit. In sit amet massa. Maecenas egestas, mauris sed adipiscing eleifend, nisl quam aliquam massa, in gravida diam wisi et nulla. Morbi odio. Proin massa est, dignissim eget, molestie a, tincidunt at, libero. Phasellus imperdiet, purus id iaculis volutpat, diam elit dapibus neque, ac blandit wisi metus eu turpis. Sed turpis eros, tristique in, tincidunt ut, facilisis sed, lorem. Aenean pharetra scelerisque tortor. Fusce in est. Pellentesque ullamcorper felis vel enim sagittis commodo. Sed commodo suscipit tellus.</paragraph>
  <paragraph>
    <line>Phasellus elementum, velit at vehicula accumsan, lacus nunc rhoncus lectus, et tempor magna mi vitae velit. Aliquam erat volutpat. In ut libero eget lorem vestibulum fermentum. Sed sed tellus ut diam nonummy fringilla. In hac habitasse platea dictumst. Duis diam. Aenean interdum. Sed scelerisque ornare dolor. Phasellus neque magna, ullamcorper id, tincidunt non, scelerisque ut, sapien. Nulla facilisi. Suspendisse vel wisi nec velit dapibus vestibulum. Mauris fringilla, mi a congue dapibus, lacus sem viverra quam, vel tristique lacus dolor consequat diam. Vestibulum et libero. Donec adipiscing sagittis diam. Nam bibendum dui porttitor lacus. Morbi dignissim. Integer tempor. Vestibulum est elit, cursus quis, laoreet vitae, interdum vel, diam</line>
  </paragraph>
</section>', 1045487555, 0, 0, 0, '', 'ezxmltext');
INSERT INTO ezcontentobject_attribute VALUES (524, 'eng-GB', 3, 161, 142, '<?xml version="1.0" encoding="UTF-8"?>
<ezimage serial_number="1"
         is_valid=""
         filename="about_my_gallery."
         suffix=""
         basename="about_my_gallery"
         dirpath="var/gallery/storage/images/about_my_gallery/524-3-eng-GB"
         url="var/gallery/storage/images/about_my_gallery/524-3-eng-GB/about_my_gallery."
         original_filename=""
         mime_type=""
         width=""
         height=""
         alternative_text=""
         alias_key="1293033771"
         timestamp="">
  <original attribute_id="524"
            attribute_version="2"
            attribute_language="eng-GB" />
</ezimage>', 0, 0, 0, 0, '', 'ezimage');
INSERT INTO ezcontentobject_attribute VALUES (102, 'eng-GB', 11, 43, 152, 'Classes', 0, 0, 0, 0, 'classes', 'ezstring');
INSERT INTO ezcontentobject_attribute VALUES (108, 'eng-GB', 12, 45, 152, 'Look and feel', 0, 0, 0, 0, 'look and feel', 'ezstring');
INSERT INTO ezcontentobject_attribute VALUES (323, 'eng-GB', 6, 115, 152, 'Cache', 0, 0, 0, 0, 'cache', 'ezstring');
INSERT INTO ezcontentobject_attribute VALUES (103, 'eng-GB', 11, 43, 153, '<?xml version="1.0" encoding="UTF-8"?>
<ezimage serial_number="1"
         is_valid="1"
         filename="classes.png"
         suffix="png"
         basename="classes"
         dirpath="var/gallery/storage/images/setup/setup_links/classes/103-11-eng-GB"
         url="var/gallery/storage/images/setup/setup_links/classes/103-11-eng-GB/classes.png"
         original_filename="classes.png"
         mime_type="original"
         width="48"
         height="48"
         alternative_text=""
         alias_key="1293033771"
         timestamp="1069254602">
  <original attribute_id=""
            attribute_version=""
            attribute_language="" />
  <alias name="reference"
         filename="classes_reference.png"
         suffix="png"
         dirpath="var/gallery/storage/images/setup/setup_links/classes/103-11-eng-GB"
         url="var/gallery/storage/images/setup/setup_links/classes/103-11-eng-GB/classes_reference.png"
         mime_type="image/png"
         width="48"
         height="48"
         alias_key="-1689502181"
         timestamp="1069414615"
         is_valid="1" />
  <alias name="large"
         filename="classes_large.png"
         suffix="png"
         dirpath="var/gallery/storage/images/setup/setup_links/classes/103-11-eng-GB"
         url="var/gallery/storage/images/setup/setup_links/classes/103-11-eng-GB/classes_large.png"
         mime_type="image/png"
         width="48"
         height="48"
         alias_key="-1750183455"
         timestamp="1069687923"
         is_valid="1" />
</ezimage>', 0, 0, 0, 0, '', 'ezimage');
INSERT INTO ezcontentobject_attribute VALUES (109, 'eng-GB', 12, 45, 153, '<?xml version="1.0" encoding="UTF-8"?>
<ezimage serial_number="1"
         is_valid="1"
         filename="look_and_feel.png"
         suffix="png"
         basename="look_and_feel"
         dirpath="var/gallery/storage/images/setup/setup_links/look_and_feel/109-12-eng-GB"
         url="var/gallery/storage/images/setup/setup_links/look_and_feel/109-12-eng-GB/look_and_feel.png"
         original_filename="look_and_feel.png"
         mime_type="original"
         width="48"
         height="48"
         alternative_text=""
         alias_key="1293033771"
         timestamp="1069254902">
  <original attribute_id=""
            attribute_version=""
            attribute_language="" />
  <alias name="reference"
         filename="look_and_feel_reference.png"
         suffix="png"
         dirpath="var/gallery/storage/images/setup/setup_links/look_and_feel/109-12-eng-GB"
         url="var/gallery/storage/images/setup/setup_links/look_and_feel/109-12-eng-GB/look_and_feel_reference.png"
         mime_type="image/png"
         width="48"
         height="48"
         alias_key="-1689502181"
         timestamp="1069414615"
         is_valid="1" />
  <alias name="large"
         filename="look_and_feel_large.png"
         suffix="png"
         dirpath="var/gallery/storage/images/setup/setup_links/look_and_feel/109-12-eng-GB"
         url="var/gallery/storage/images/setup/setup_links/look_and_feel/109-12-eng-GB/look_and_feel_large.png"
         mime_type="image/png"
         width="48"
         height="48"
         alias_key="-1750183455"
         timestamp="1069687923"
         is_valid="1" />
</ezimage>', 0, 0, 0, 0, '', 'ezimage');
INSERT INTO ezcontentobject_attribute VALUES (328, 'eng-GB', 5, 116, 153, '<?xml version="1.0" encoding="UTF-8"?>
<ezimage serial_number="1"
         is_valid="1"
         filename="url_translator.png"
         suffix="png"
         basename="url_translator"
         dirpath="var/gallery/storage/images/setup/setup_links/url_translator/328-5-eng-GB"
         url="var/gallery/storage/images/setup/setup_links/url_translator/328-5-eng-GB/url_translator.png"
         original_filename="url_translator.png"
         mime_type="original"
         width="48"
         height="48"
         alternative_text=""
         alias_key="1293033771"
         timestamp="1069254930">
  <original attribute_id=""
            attribute_version=""
            attribute_language="" />
  <alias name="reference"
         filename="url_translator_reference.png"
         suffix="png"
         dirpath="var/gallery/storage/images/setup/setup_links/url_translator/328-5-eng-GB"
         url="var/gallery/storage/images/setup/setup_links/url_translator/328-5-eng-GB/url_translator_reference.png"
         mime_type="image/png"
         width="48"
         height="48"
         alias_key="-1689502181"
         timestamp="1069414616"
         is_valid="1" />
  <alias name="large"
         filename="url_translator_large.png"
         suffix="png"
         dirpath="var/gallery/storage/images/setup/setup_links/url_translator/328-5-eng-GB"
         url="var/gallery/storage/images/setup/setup_links/url_translator/328-5-eng-GB/url_translator_large.png"
         mime_type="image/png"
         width="48"
         height="48"
         alias_key="-1750183455"
         timestamp="1069687924"
         is_valid="1" />
</ezimage>', 0, 0, 0, 0, '', 'ezimage');
INSERT INTO ezcontentobject_attribute VALUES (324, 'eng-GB', 6, 115, 153, '<?xml version="1.0" encoding="UTF-8"?>
<ezimage serial_number="1"
         is_valid="1"
         filename="cache.png"
         suffix="png"
         basename="cache"
         dirpath="var/gallery/storage/images/setup/setup_links/cache/324-6-eng-GB"
         url="var/gallery/storage/images/setup/setup_links/cache/324-6-eng-GB/cache.png"
         original_filename="cache.png"
         mime_type="original"
         width="48"
         height="48"
         alternative_text=""
         alias_key="1293033771"
         timestamp="1069254539">
  <original attribute_id=""
            attribute_version=""
            attribute_language="" />
  <alias name="reference"
         filename="cache_reference.png"
         suffix="png"
         dirpath="var/gallery/storage/images/setup/setup_links/cache/324-6-eng-GB"
         url="var/gallery/storage/images/setup/setup_links/cache/324-6-eng-GB/cache_reference.png"
         mime_type="image/png"
         width="48"
         height="48"
         alias_key="-1689502181"
         timestamp="1069414616"
         is_valid="1" />
  <alias name="large"
         filename="cache_large.png"
         suffix="png"
         dirpath="var/gallery/storage/images/setup/setup_links/cache/324-6-eng-GB"
         url="var/gallery/storage/images/setup/setup_links/cache/324-6-eng-GB/cache_large.png"
         mime_type="image/png"
         width="48"
         height="48"
         alias_key="-1750183455"
         timestamp="1069687923"
         is_valid="1" />
</ezimage>', 0, 0, 0, 0, '', 'ezimage');
INSERT INTO ezcontentobject_attribute VALUES (110, 'eng-GB', 12, 45, 154, '', 0, 0, 0, 0, '', 'eztext');
INSERT INTO ezcontentobject_attribute VALUES (104, 'eng-GB', 11, 43, 154, '', 0, 0, 0, 0, '', 'eztext');
INSERT INTO ezcontentobject_attribute VALUES (325, 'eng-GB', 6, 115, 154, '', 0, 0, 0, 0, '', 'eztext');
INSERT INTO ezcontentobject_attribute VALUES (330, 'eng-GB', 5, 116, 155, 'content/urltranslator/', 0, 0, 0, 0, 'content/urltranslator/', 'ezstring');
INSERT INTO ezcontentobject_attribute VALUES (111, 'eng-GB', 12, 45, 155, 'content/edit/56', 0, 0, 0, 0, 'content/edit/56', 'ezstring');
INSERT INTO ezcontentobject_attribute VALUES (105, 'eng-GB', 11, 43, 155, 'class/grouplist', 0, 0, 0, 0, 'class/grouplist', 'ezstring');
INSERT INTO ezcontentobject_attribute VALUES (326, 'eng-GB', 6, 115, 155, 'setup/cache', 0, 0, 0, 0, 'setup/cache', 'ezstring');
INSERT INTO ezcontentobject_attribute VALUES (150, 'eng-GB', 61, 56, 157, 'My gallery', 0, 0, 0, 0, '', 'ezinisetting');
INSERT INTO ezcontentobject_attribute VALUES (151, 'eng-GB', 61, 56, 158, 'author=eZ systems package team
copyright=eZ systems
description=Content Management System
keywords=cms', 0, 0, 0, 0, '', 'ezinisetting');
INSERT INTO ezcontentobject_attribute VALUES (152, 'eng-GB', 7, 56, 159, '', 0, 0, 0, 0, '', 'ezimage');
INSERT INTO ezcontentobject_attribute VALUES (152, 'eng-GB', 61, 56, 159, '<?xml version="1.0" encoding="UTF-8"?>
<ezimage serial_number="1"
         is_valid="1"
         filename="my_gallery.gif"
         suffix="gif"
         basename="my_gallery"
         dirpath="var/gallery/storage/images/setup/look_and_feel/my_gallery/152-61-eng-GB"
         url="var/gallery/storage/images/setup/look_and_feel/my_gallery/152-61-eng-GB/my_gallery.gif"
         original_filename="gallery.gif"
         mime_type="original"
         width="165"
         height="48"
         alternative_text=""
         alias_key="1293033771"
         timestamp="1069842020">
  <original attribute_id=""
            attribute_version=""
            attribute_language="" />
  <alias name="small_h"
         filename="my_gallery_small_h.gif"
         suffix="gif"
         dirpath="var/gallery/storage/images/setup/look_and_feel/my_gallery/152-61-eng-GB"
         url="var/gallery/storage/images/setup/look_and_feel/my_gallery/152-61-eng-GB/my_gallery_small_h.gif"
         mime_type="image/gif"
         width="447"
         height="130"
         alias_key="-1426914878"
         timestamp="1069842022"
         is_valid="1" />
  <alias name="logo"
         filename="my_gallery_logo.gif"
         suffix="gif"
         dirpath="var/gallery/storage/images/setup/look_and_feel/my_gallery/152-61-eng-GB"
         url="var/gallery/storage/images/setup/look_and_feel/my_gallery/152-61-eng-GB/my_gallery_logo.gif"
         mime_type="image/gif"
         width="165"
         height="48"
         alias_key="-1220513676"
         timestamp="1069842044"
         is_valid="1" />
</ezimage>', 0, 0, 0, 0, '', 'ezimage');
INSERT INTO ezcontentobject_attribute VALUES (153, 'eng-GB', 4, 56, 160, 'intranet1', 0, 0, 0, 0, 'intranet1', 'ezpackage');
INSERT INTO ezcontentobject_attribute VALUES (153, 'eng-GB', 5, 56, 160, 'intranet1', 0, 0, 0, 0, 'intranet1', 'ezpackage');
INSERT INTO ezcontentobject_attribute VALUES (153, 'eng-GB', 7, 56, 160, 'left_menu', 0, 0, 0, 0, 'left_menu', 'ezpackage');
INSERT INTO ezcontentobject_attribute VALUES (153, 'eng-GB', 61, 56, 160, 'gallery_blue', 0, 0, 0, 0, 'gallery_blue', 'ezpackage');
INSERT INTO ezcontentobject_attribute VALUES (154, 'eng-GB', 7, 56, 161, 'intranet888', 0, 0, 0, 0, 'intranet888', 'ezstring');
INSERT INTO ezcontentobject_attribute VALUES (154, 'eng-GB', 61, 56, 161, 'gallery_package', 0, 0, 0, 0, 'gallery_package', 'ezstring');
INSERT INTO ezcontentobject_attribute VALUES (437, 'eng-GB', 61, 56, 180, 'nospam@ez.no', 0, 0, 0, 0, '', 'ezinisetting');
INSERT INTO ezcontentobject_attribute VALUES (671, 'eng-GB', 61, 56, 196, 'ez.no', 0, 0, 0, 0, '', 'ezinisetting');
INSERT INTO ezcontentobject_attribute VALUES (695, 'eng-GB', 5, 14, 197, 'Uberguru', 0, 0, 0, 0, 'uberguru', 'ezstring');
INSERT INTO ezcontentobject_attribute VALUES (707, 'eng-GB', 5, 14, 198, 'Skien/Norway', 0, 0, 0, 0, 'skien/norway', 'ezstring');
INSERT INTO ezcontentobject_attribute VALUES (719, 'eng-GB', 5, 14, 199, 'developer... ;)', 0, 0, 0, 0, '', 'eztext');
INSERT INTO ezcontentobject_attribute VALUES (731, 'eng-GB', 5, 14, 200, '<?xml version="1.0" encoding="UTF-8"?>
<ezimage serial_number="1"
         is_valid="1"
         filename="administrator_user.jpg"
         suffix="jpg"
         basename="administrator_user"
         dirpath="var/forum/storage/images/users/administrator_users/administrator_user/731-5-eng-GB"
         url="var/forum/storage/images/users/administrator_users/administrator_user/731-5-eng-GB/administrator_user.jpg"
         original_filename="dscn9308.jpg"
         mime_type="original"
         width="1600"
         height="1200"
         alternative_text=""
         alias_key="1293033771">
  <original attribute_id="731"
            attribute_version="4"
            attribute_language="eng-GB" />
  <alias name="reference"
         filename="administrator_user_reference.jpg"
         suffix="jpg"
         dirpath="var/forum/storage/images/users/administrator_users/administrator_user/731-5-eng-GB"
         url="var/forum/storage/images/users/administrator_users/administrator_user/731-5-eng-GB/administrator_user_reference.jpg"
         mime_type="image/jpeg"
         width="600"
         height="450"
         alias_key="-294625821"
         is_valid="1" />
  <alias name="small"
         filename="administrator_user_small.jpg"
         suffix="jpg"
         dirpath="var/forum/storage/images/users/administrator_users/administrator_user/731-5-eng-GB"
         url="var/forum/storage/images/users/administrator_users/administrator_user/731-5-eng-GB/administrator_user_small.jpg"
         mime_type="image/jpeg"
         width="100"
         height="75"
         alias_key="-164556570"
         is_valid="1" />
  <alias name="medium"
         filename="administrator_user_medium.jpg"
         suffix="jpg"
         dirpath="var/forum/storage/images/users/administrator_users/administrator_user/731-5-eng-GB"
         url="var/forum/storage/images/users/administrator_users/administrator_user/731-5-eng-GB/administrator_user_medium.jpg"
         mime_type="image/jpeg"
         width="200"
         height="150"
         alias_key="1874955560"
         is_valid="1" />
</ezimage>', 0, 0, 0, 0, '', 'ezimage');
INSERT INTO ezcontentobject_attribute VALUES (1130, 'eng-GB', 1, 329, 215, 'Abstract', 0, 0, 0, 0, 'abstract', 'ezstring');
INSERT INTO ezcontentobject_attribute VALUES (1098, 'eng-GB', 1, 319, 215, 'Nature', 0, 0, 0, 0, 'nature', 'ezstring');
INSERT INTO ezcontentobject_attribute VALUES (1131, 'eng-GB', 1, 329, 216, '<?xml version="1.0" encoding="iso-8859-1"?>
<section xmlns:image="http://ez.no/namespaces/ezpublish3/image/"
         xmlns:xhtml="http://ez.no/namespaces/ezpublish3/xhtml/"
         xmlns:custom="http://ez.no/namespaces/ezpublish3/custom/">
  <paragraph>Abstract photography</paragraph>
</section>', 1045487555, 0, 0, 0, '', 'ezxmltext');
INSERT INTO ezcontentobject_attribute VALUES (1099, 'eng-GB', 1, 319, 216, '<?xml version="1.0" encoding="iso-8859-1"?>
<section xmlns:image="http://ez.no/namespaces/ezpublish3/image/"
         xmlns:xhtml="http://ez.no/namespaces/ezpublish3/xhtml/"
         xmlns:custom="http://ez.no/namespaces/ezpublish3/custom/">
  <paragraph>Nature images</paragraph>
</section>', 1045487555, 0, 0, 0, '', 'ezxmltext');
INSERT INTO ezcontentobject_attribute VALUES (1133, 'eng-GB', 2, 330, 217, 'Misc', 0, 0, 0, 0, 'misc', 'ezstring');
INSERT INTO ezcontentobject_attribute VALUES (1134, 'eng-GB', 2, 330, 218, '<?xml version="1.0" encoding="iso-8859-1"?>
<section xmlns:image="http://ez.no/namespaces/ezpublish3/image/"
         xmlns:xhtml="http://ez.no/namespaces/ezpublish3/xhtml/"
         xmlns:custom="http://ez.no/namespaces/ezpublish3/custom/" />', 1045487555, 0, 0, 0, '', 'ezxmltext');
INSERT INTO ezcontentobject_attribute VALUES (1115, 'eng-GB', 2, 324, 218, '<?xml version="1.0" encoding="iso-8859-1"?>
<section xmlns:image="http://ez.no/namespaces/ezpublish3/image/"
         xmlns:xhtml="http://ez.no/namespaces/ezpublish3/xhtml/"
         xmlns:custom="http://ez.no/namespaces/ezpublish3/custom/">
  <paragraph>
    <line>Landscape photography.</line>
  </paragraph>
</section>', 1045487555, 0, 0, 0, '', 'ezxmltext');
INSERT INTO ezcontentobject_attribute VALUES (1135, 'eng-GB', 2, 330, 221, '', 3, 0, 0, 3, '', 'ezinteger');
INSERT INTO ezcontentobject_attribute VALUES (1103, 'eng-GB', 3, 320, 221, '', 3, 0, 0, 3, '', 'ezinteger');
INSERT INTO ezcontentobject_attribute VALUES (1116, 'eng-GB', 2, 324, 221, '', 3, 0, 0, 3, '', 'ezinteger');
INSERT INTO ezcontentobject_attribute VALUES (1136, 'eng-GB', 2, 330, 222, '<?xml version="1.0" encoding="UTF-8"?>
<ezimage serial_number="1"
         is_valid=""
         filename="misc."
         suffix=""
         basename="misc"
         dirpath="var/gallery/storage/images/abstract/misc/1136-2-eng-GB"
         url="var/gallery/storage/images/abstract/misc/1136-2-eng-GB/misc."
         original_filename=""
         mime_type=""
         width=""
         height=""
         alternative_text=""
         alias_key="1293033771"
         timestamp="1069318368">
  <original attribute_id="1136"
            attribute_version="1"
            attribute_language="eng-GB" />
</ezimage>', 0, 0, 0, 0, '', 'ezimage');
INSERT INTO ezcontentobject_attribute VALUES (1104, 'eng-GB', 3, 320, 222, '<?xml version="1.0" encoding="UTF-8"?>
<ezimage serial_number="1"
         is_valid=""
         filename="flowers."
         suffix=""
         basename="flowers"
         dirpath="var/gallery/storage/images/nature/flowers/1104-3-eng-GB"
         url="var/gallery/storage/images/nature/flowers/1104-3-eng-GB/flowers."
         original_filename=""
         mime_type=""
         width=""
         height=""
         alternative_text=""
         alias_key="1293033771"
         timestamp="1069317669">
  <original attribute_id="1104"
            attribute_version="2"
            attribute_language="eng-GB" />
</ezimage>', 0, 0, 0, 0, '', 'ezimage');
INSERT INTO ezcontentobject_attribute VALUES (1117, 'eng-GB', 2, 324, 222, '<?xml version="1.0" encoding="UTF-8"?>
<ezimage serial_number="1"
         is_valid=""
         filename="landscape."
         suffix=""
         basename="landscape"
         dirpath="var/gallery/storage/images/nature/landscape/1117-2-eng-GB"
         url="var/gallery/storage/images/nature/landscape/1117-2-eng-GB/landscape."
         original_filename=""
         mime_type=""
         width=""
         height=""
         alternative_text=""
         alias_key="1293033771"
         timestamp="1069317845">
  <original attribute_id="1117"
            attribute_version="1"
            attribute_language="eng-GB" />
</ezimage>', 0, 0, 0, 0, '', 'ezimage');
INSERT INTO ezcontentobject_attribute VALUES (1132, 'eng-GB', 1, 329, 223, '', 2, 0, 0, 2, '', 'ezinteger');
INSERT INTO ezcontentobject_attribute VALUES (1100, 'eng-GB', 1, 319, 223, '', 2, 0, 0, 2, '', 'ezinteger');
INSERT INTO ezcontentobject_attribute VALUES (1161, 'eng-GB', 61, 56, 224, 'Copyright &copy; eZ systems as 1999-2004', 0, 0, 0, 0, 'copyright &copy; ez systems as 1999-2004', 'ezstring');
INSERT INTO ezcontentobject_attribute VALUES (1162, 'eng-GB', 1, 336, 6, 'Anonymous Users', 0, 0, 0, 0, 'anonymous users', 'ezstring');
INSERT INTO ezcontentobject_attribute VALUES (1163, 'eng-GB', 1, 336, 7, 'User group for the anonymous user', 0, 0, 0, 0, 'user group for the anonymous user', 'ezstring');
INSERT INTO ezcontentobject_attribute VALUES (19, 'eng-GB', 2, 10, 8, 'Anonymous', 0, 0, 0, 0, 'anonymous', 'ezstring');
INSERT INTO ezcontentobject_attribute VALUES (20, 'eng-GB', 2, 10, 9, 'User', 0, 0, 0, 0, 'user', 'ezstring');
INSERT INTO ezcontentobject_attribute VALUES (21, 'eng-GB', 2, 10, 12, '', 0, 0, 0, 0, '', 'ezuser');
INSERT INTO ezcontentobject_attribute VALUES (692, 'eng-GB', 2, 10, 197, '', 0, 0, 0, 0, '', 'ezstring');
INSERT INTO ezcontentobject_attribute VALUES (704, 'eng-GB', 2, 10, 198, '', 0, 0, 0, 0, '', 'ezstring');
INSERT INTO ezcontentobject_attribute VALUES (716, 'eng-GB', 2, 10, 199, '', 0, 0, 0, 0, '', 'eztext');
INSERT INTO ezcontentobject_attribute VALUES (728, 'eng-GB', 2, 10, 200, '<?xml version="1.0" encoding="UTF-8"?>
<ezimage serial_number="1"
         is_valid=""
         filename="anonymous_user."
         suffix=""
         basename="anonymous_user"
         dirpath="var/storage/images/users/anonymous_users/anonymous_user/728-2-eng-GB"
         url="var/storage/images/users/anonymous_users/anonymous_user/728-2-eng-GB/anonymous_user."
         original_filename=""
         mime_type=""
         width=""
         height=""
         alternative_text=""
         alias_key="1293033771"
         timestamp="1072186821">
  <original attribute_id=""
            attribute_version=""
            attribute_language="" />
</ezimage>', 0, 0, 0, 0, '', 'ezimage');














INSERT INTO ezcontentobject_name VALUES (1, 'Root folder', 1, 'eng-GB', 'eng-GB');
INSERT INTO ezcontentobject_name VALUES (4, 'Users', 1, 'eng-GB', 'eng-GB');
INSERT INTO ezcontentobject_name VALUES (10, 'Anonymous User', 1, 'eng-GB', 'eng-GB');
INSERT INTO ezcontentobject_name VALUES (11, 'Guest accounts', 1, 'eng-GB', 'eng-GB');
INSERT INTO ezcontentobject_name VALUES (12, 'Administrator users', 1, 'eng-GB', 'eng-GB');
INSERT INTO ezcontentobject_name VALUES (13, 'Editors', 1, 'eng-GB', 'eng-GB');
INSERT INTO ezcontentobject_name VALUES (14, 'Administrator User', 1, 'eng-GB', 'eng-GB');
INSERT INTO ezcontentobject_name VALUES (268, 'Latest sdfgsdgf', 1, 'eng-GB', 'eng-GB');
INSERT INTO ezcontentobject_name VALUES (41, 'Media', 1, 'eng-GB', 'eng-GB');
INSERT INTO ezcontentobject_name VALUES (42, 'Setup', 1, 'eng-GB', 'eng-GB');
INSERT INTO ezcontentobject_name VALUES (43, 'Classes', 1, 'eng-GB', 'eng-GB');
INSERT INTO ezcontentobject_name VALUES (44, 'Setup links', 1, 'eng-GB', 'eng-GB');
INSERT INTO ezcontentobject_name VALUES (43, 'Classes', 2, 'eng-GB', 'eng-GB');
INSERT INTO ezcontentobject_name VALUES (43, 'Classes', 3, 'eng-GB', 'eng-GB');
INSERT INTO ezcontentobject_name VALUES (43, 'Classes', 4, 'eng-GB', 'eng-GB');
INSERT INTO ezcontentobject_name VALUES (43, 'Classes', 5, 'eng-GB', 'eng-GB');
INSERT INTO ezcontentobject_name VALUES (45, 'Setup Objects', 1, 'eng-GB', 'eng-GB');
INSERT INTO ezcontentobject_name VALUES (46, 'Fonts and colors', 1, 'eng-GB', 'eng-GB');
INSERT INTO ezcontentobject_name VALUES (46, 'Look and feel', 2, 'eng-GB', 'eng-GB');
INSERT INTO ezcontentobject_name VALUES (47, 'New Template look', 1, 'eng-GB', 'eng-GB');
INSERT INTO ezcontentobject_name VALUES (116, 'URL translator', 2, 'eng-GB', 'eng-GB');
INSERT INTO ezcontentobject_name VALUES (126, 'New Article', 1, 'eng-GB', 'eng-GB');
INSERT INTO ezcontentobject_name VALUES (56, 'Corporate', 37, 'eng-GB', 'eng-GB');
INSERT INTO ezcontentobject_name VALUES (267, 'News', 1, 'eng-GB', 'eng-GB');
INSERT INTO ezcontentobject_name VALUES (45, 'Look and feel', 7, 'eng-GB', 'eng-GB');
INSERT INTO ezcontentobject_name VALUES (51, 'New Setup link', 1, 'eng-GB', 'eng-GB');
INSERT INTO ezcontentobject_name VALUES (45, 'Look and feel', 8, 'eng-GB', 'eng-GB');
INSERT INTO ezcontentobject_name VALUES (53, 'New Template look', 1, 'eng-GB', 'eng-GB');
INSERT INTO ezcontentobject_name VALUES (56, 'Intranet', 2, 'eng-GB', 'eng-GB');
INSERT INTO ezcontentobject_name VALUES (56, 'Intranet', 1, 'eng-GB', 'eng-GB');
INSERT INTO ezcontentobject_name VALUES (56, 'Intranet', 3, 'eng-GB', 'eng-GB');
INSERT INTO ezcontentobject_name VALUES (56, 'Intranet', 4, 'eng-GB', 'eng-GB');
INSERT INTO ezcontentobject_name VALUES (56, 'Intranet', 5, 'eng-GB', 'eng-GB');
INSERT INTO ezcontentobject_name VALUES (56, 'Intranet', 6, 'eng-GB', 'eng-GB');
INSERT INTO ezcontentobject_name VALUES (43, 'Classes', 8, 'eng-GB', 'eng-GB');
INSERT INTO ezcontentobject_name VALUES (56, 'My gallery', 55, 'eng-GB', 'eng-GB');
INSERT INTO ezcontentobject_name VALUES (320, 'Flowers', 3, 'eng-GB', 'eng-GB');
INSERT INTO ezcontentobject_name VALUES (56, 'Corporate', 36, 'eng-GB', 'eng-GB');
INSERT INTO ezcontentobject_name VALUES (161, 'About this forum', 1, 'eng-GB', 'eng-GB');
INSERT INTO ezcontentobject_name VALUES (56, 'Intranetyy', 30, 'eng-GB', 'eng-GB');
INSERT INTO ezcontentobject_name VALUES (56, 'Intranet', 25, 'eng-GB', 'eng-GB');
INSERT INTO ezcontentobject_name VALUES (56, 'Intranet', 24, 'eng-GB', 'eng-GB');
INSERT INTO ezcontentobject_name VALUES (127, 'New Article', 1, 'eng-GB', 'eng-GB');
INSERT INTO ezcontentobject_name VALUES (56, 'Intranet', 22, 'eng-GB', 'eng-GB');
INSERT INTO ezcontentobject_name VALUES (56, 'Intranet', 23, 'eng-GB', 'eng-GB');
INSERT INTO ezcontentobject_name VALUES (56, 'Corporate', 35, 'eng-GB', 'eng-GB');
INSERT INTO ezcontentobject_name VALUES (122, 'New Image', 1, 'eng-GB', 'eng-GB');
INSERT INTO ezcontentobject_name VALUES (45, 'Look and feel', 9, 'eng-GB', 'eng-GB');
INSERT INTO ezcontentobject_name VALUES (56, 'Intranet', 7, 'eng-GB', 'eng-GB');
INSERT INTO ezcontentobject_name VALUES (56, 'Intranet', 8, 'eng-GB', 'eng-GB');
INSERT INTO ezcontentobject_name VALUES (56, 'Intranet', 9, 'eng-GB', 'eng-GB');
INSERT INTO ezcontentobject_name VALUES (56, 'Corporate', 38, 'eng-GB', 'eng-GB');
INSERT INTO ezcontentobject_name VALUES (56, 'Intranet', 10, 'eng-GB', 'eng-GB');
INSERT INTO ezcontentobject_name VALUES (83, 'New User', 1, 'eng-GB', 'eng-GB');
INSERT INTO ezcontentobject_name VALUES (84, 'New User', 1, 'eng-GB', 'eng-GB');
INSERT INTO ezcontentobject_name VALUES (56, 'Intranet', 11, 'eng-GB', 'eng-GB');
INSERT INTO ezcontentobject_name VALUES (85, 'New Folder', 1, 'eng-GB', 'eng-GB');
INSERT INTO ezcontentobject_name VALUES (88, 'New User', 1, 'eng-GB', 'eng-GB');
INSERT INTO ezcontentobject_name VALUES (56, 'Corporate', 33, 'eng-GB', 'eng-GB');
INSERT INTO ezcontentobject_name VALUES (56, 'Intranetyy', 31, 'eng-GB', 'eng-GB');
INSERT INTO ezcontentobject_name VALUES (56, 'Corporate', 32, 'eng-GB', 'eng-GB');
INSERT INTO ezcontentobject_name VALUES (56, 'Intranet', 12, 'eng-GB', 'eng-GB');
INSERT INTO ezcontentobject_name VALUES (56, 'Intranet', 13, 'eng-GB', 'eng-GB');
INSERT INTO ezcontentobject_name VALUES (91, 'New Template look', 1, 'eng-GB', 'eng-GB');
INSERT INTO ezcontentobject_name VALUES (56, 'Intranet', 18, 'eng-GB', 'eng-GB');
INSERT INTO ezcontentobject_name VALUES (56, 'My gallery', 58, 'eng-GB', 'eng-GB');
INSERT INTO ezcontentobject_name VALUES (56, 'My gallery', 57, 'eng-GB', 'eng-GB');
INSERT INTO ezcontentobject_name VALUES (56, 'Corporate', 39, 'eng-GB', 'eng-GB');
INSERT INTO ezcontentobject_name VALUES (96, 'New User', 1, 'eng-GB', 'eng-GB');
INSERT INTO ezcontentobject_name VALUES (320, 'Flowers', 2, 'eng-GB', 'eng-GB');
INSERT INTO ezcontentobject_name VALUES (56, 'My gallery', 54, 'eng-GB', 'eng-GB');
INSERT INTO ezcontentobject_name VALUES (56, 'Corporate', 34, 'eng-GB', 'eng-GB');
INSERT INTO ezcontentobject_name VALUES (56, 'Intranet', 20, 'eng-GB', 'eng-GB');
INSERT INTO ezcontentobject_name VALUES (103, 'New User', 1, 'eng-GB', 'eng-GB');
INSERT INTO ezcontentobject_name VALUES (104, 'New User', 1, 'eng-GB', 'eng-GB');
INSERT INTO ezcontentobject_name VALUES (105, 'New User', 1, 'eng-GB', 'eng-GB');
INSERT INTO ezcontentobject_name VALUES (106, 'New User', 1, 'eng-GB', 'eng-GB');
INSERT INTO ezcontentobject_name VALUES (1, 'Corporate', 2, 'eng-GB', 'eng-GB');
INSERT INTO ezcontentobject_name VALUES (56, 'My gallery', 59, 'eng-GB', 'eng-GB');
INSERT INTO ezcontentobject_name VALUES (43, 'Classes', 6, 'eng-GB', 'eng-GB');
INSERT INTO ezcontentobject_name VALUES (45, 'Setup Objects', 2, 'eng-GB', 'eng-GB');
INSERT INTO ezcontentobject_name VALUES (43, 'Classes', 7, 'eng-GB', 'eng-GB');
INSERT INTO ezcontentobject_name VALUES (45, 'Setup Objects', 3, 'eng-GB', 'eng-GB');
INSERT INTO ezcontentobject_name VALUES (115, 'Cache', 1, 'eng-GB', 'eng-GB');
INSERT INTO ezcontentobject_name VALUES (45, 'Setup Objects', 4, 'eng-GB', 'eng-GB');
INSERT INTO ezcontentobject_name VALUES (116, 'URL translator', 1, 'eng-GB', 'eng-GB');
INSERT INTO ezcontentobject_name VALUES (117, 'New Article', 1, 'eng-GB', 'eng-GB');
INSERT INTO ezcontentobject_name VALUES (45, 'Look and feel', 5, 'eng-GB', 'eng-GB');
INSERT INTO ezcontentobject_name VALUES (45, 'Look and feel', 6, 'eng-GB', 'eng-GB');
INSERT INTO ezcontentobject_name VALUES (56, 'Intranet', 19, 'eng-GB', 'eng-GB');
INSERT INTO ezcontentobject_name VALUES (115, 'Cache', 2, 'eng-GB', 'eng-GB');
INSERT INTO ezcontentobject_name VALUES (56, 'Intranet', 21, 'eng-GB', 'eng-GB');
INSERT INTO ezcontentobject_name VALUES (115, 'Cache', 3, 'eng-GB', 'eng-GB');
INSERT INTO ezcontentobject_name VALUES (56, 'Intranet', 26, 'eng-GB', 'eng-GB');
INSERT INTO ezcontentobject_name VALUES (56, 'Intranetyy', 27, 'eng-GB', 'eng-GB');
INSERT INTO ezcontentobject_name VALUES (56, 'Intranetyy', 28, 'eng-GB', 'eng-GB');
INSERT INTO ezcontentobject_name VALUES (129, 'New Article', 1, 'eng-GB', 'eng-GB');
INSERT INTO ezcontentobject_name VALUES (56, 'Intranetyy', 29, 'eng-GB', 'eng-GB');
INSERT INTO ezcontentobject_name VALUES (56, 'Corporate', 41, 'eng-GB', 'eng-GB');
INSERT INTO ezcontentobject_name VALUES (56, 'Corporate', 42, 'eng-GB', 'eng-GB');
INSERT INTO ezcontentobject_name VALUES (56, 'Corporate', 40, 'eng-GB', 'eng-GB');
INSERT INTO ezcontentobject_name VALUES (1, 'Forum', 3, 'eng-GB', 'eng-GB');
INSERT INTO ezcontentobject_name VALUES (56, 'Forum', 45, 'eng-GB', 'eng-GB');
INSERT INTO ezcontentobject_name VALUES (268, 'Added new gallery', 2, 'eng-GB', 'eng-GB');
INSERT INTO ezcontentobject_name VALUES (143, 'New Setup link', 1, 'eng-GB', 'eng-GB');
INSERT INTO ezcontentobject_name VALUES (144, 'New Setup link', 1, 'eng-GB', 'eng-GB');
INSERT INTO ezcontentobject_name VALUES (145, 'New Setup link', 1, 'eng-GB', 'eng-GB');
INSERT INTO ezcontentobject_name VALUES (56, 'Forum', 44, 'eng-GB', 'eng-GB');
INSERT INTO ezcontentobject_name VALUES (14, 'Administrator User', 2, 'eng-GB', 'eng-GB');
INSERT INTO ezcontentobject_name VALUES (187, 'New User', 1, 'eng-GB', 'eng-GB');
INSERT INTO ezcontentobject_name VALUES (189, 'test2 test2', 1, 'eng-GB', 'eng-GB');
INSERT INTO ezcontentobject_name VALUES (56, 'Forum', 46, 'eng-GB', 'eng-GB');
INSERT INTO ezcontentobject_name VALUES (14, 'Administrator User', 3, 'eng-GB', 'eng-GB');
INSERT INTO ezcontentobject_name VALUES (14, 'Administrator User', 4, 'eng-GB', 'eng-GB');
INSERT INTO ezcontentobject_name VALUES (56, 'My gallery', 60, 'eng-GB', 'eng-GB');
INSERT INTO ezcontentobject_name VALUES (328, 'Water reflection', 1, 'eng-GB', 'eng-GB');
INSERT INTO ezcontentobject_name VALUES (56, 'My gallery', 61, 'eng-GB', 'eng-GB');
INSERT INTO ezcontentobject_name VALUES (1, 'Forum', 4, 'eng-GB', 'eng-GB');
INSERT INTO ezcontentobject_name VALUES (1, 'Forum', 5, 'eng-GB', 'eng-GB');
INSERT INTO ezcontentobject_name VALUES (14, 'Administrator User', 5, 'eng-GB', 'eng-GB');
INSERT INTO ezcontentobject_name VALUES (1, 'Blog', 6, 'eng-GB', 'eng-GB');
INSERT INTO ezcontentobject_name VALUES (161, 'About me', 2, 'eng-GB', 'eng-GB');
INSERT INTO ezcontentobject_name VALUES (115, 'Cache', 6, 'eng-GB', 'eng-GB');
INSERT INTO ezcontentobject_name VALUES (43, 'Classes', 11, 'eng-GB', 'eng-GB');
INSERT INTO ezcontentobject_name VALUES (45, 'Look and feel', 12, 'eng-GB', 'eng-GB');
INSERT INTO ezcontentobject_name VALUES (56, 'Blog', 43, 'eng-GB', 'eng-GB');
INSERT INTO ezcontentobject_name VALUES (56, 'Blog', 47, 'eng-GB', 'eng-GB');
INSERT INTO ezcontentobject_name VALUES (115, 'Cache', 4, 'eng-GB', 'eng-GB');
INSERT INTO ezcontentobject_name VALUES (43, 'Classes', 9, 'eng-GB', 'eng-GB');
INSERT INTO ezcontentobject_name VALUES (45, 'Look and feel', 10, 'eng-GB', 'eng-GB');
INSERT INTO ezcontentobject_name VALUES (116, 'URL translator', 3, 'eng-GB', 'eng-GB');
INSERT INTO ezcontentobject_name VALUES (56, 'Blog', 48, 'eng-GB', 'eng-GB');
INSERT INTO ezcontentobject_name VALUES (56, 'Blog', 49, 'eng-GB', 'eng-GB');
INSERT INTO ezcontentobject_name VALUES (1, 'Gallery', 7, 'eng-GB', 'eng-GB');
INSERT INTO ezcontentobject_name VALUES (56, 'My gallery', 53, 'eng-GB', 'eng-GB');
INSERT INTO ezcontentobject_name VALUES (334, 'Mjaurits', 1, 'eng-GB', 'eng-GB');
INSERT INTO ezcontentobject_name VALUES (335, 'Speeding', 1, 'eng-GB', 'eng-GB');
INSERT INTO ezcontentobject_name VALUES (330, 'Misc', 2, 'eng-GB', 'eng-GB');
INSERT INTO ezcontentobject_name VALUES (324, 'Landscape', 2, 'eng-GB', 'eng-GB');
INSERT INTO ezcontentobject_name VALUES (56, 'My gallery', 50, 'eng-GB', 'eng-GB');
INSERT INTO ezcontentobject_name VALUES (56, 'My gallery', 51, 'eng-GB', 'eng-GB');
INSERT INTO ezcontentobject_name VALUES (115, 'Cache', 5, 'eng-GB', 'eng-GB');
INSERT INTO ezcontentobject_name VALUES (43, 'Classes', 10, 'eng-GB', 'eng-GB');
INSERT INTO ezcontentobject_name VALUES (45, 'Look and feel', 11, 'eng-GB', 'eng-GB');
INSERT INTO ezcontentobject_name VALUES (116, 'URL translator', 4, 'eng-GB', 'eng-GB');
INSERT INTO ezcontentobject_name VALUES (329, 'Abstract', 1, 'eng-GB', 'eng-GB');
INSERT INTO ezcontentobject_name VALUES (330, 'Misc', 1, 'eng-GB', 'eng-GB');
INSERT INTO ezcontentobject_name VALUES (331, 'CVS branching?', 1, 'eng-GB', 'eng-GB');
INSERT INTO ezcontentobject_name VALUES (332, 'Gear wheel', 1, 'eng-GB', 'eng-GB');
INSERT INTO ezcontentobject_name VALUES (333, 'Green clover', 1, 'eng-GB', 'eng-GB');
INSERT INTO ezcontentobject_name VALUES (319, 'Nature', 1, 'eng-GB', 'eng-GB');
INSERT INTO ezcontentobject_name VALUES (320, 'Flowers', 1, 'eng-GB', 'eng-GB');
INSERT INTO ezcontentobject_name VALUES (321, 'Blue flower', 1, 'eng-GB', 'eng-GB');
INSERT INTO ezcontentobject_name VALUES (322, 'Purple haze', 1, 'eng-GB', 'eng-GB');
INSERT INTO ezcontentobject_name VALUES (323, 'Yellow flower', 1, 'eng-GB', 'eng-GB');
INSERT INTO ezcontentobject_name VALUES (324, 'Landscape', 1, 'eng-GB', 'eng-GB');
INSERT INTO ezcontentobject_name VALUES (325, 'Pond reflection', 1, 'eng-GB', 'eng-GB');
INSERT INTO ezcontentobject_name VALUES (326, 'Ormevika skyline', 1, 'eng-GB', 'eng-GB');
INSERT INTO ezcontentobject_name VALUES (116, 'URL translator', 5, 'eng-GB', 'eng-GB');
INSERT INTO ezcontentobject_name VALUES (161, 'About my gallery', 3, 'eng-GB', 'eng-GB');
INSERT INTO ezcontentobject_name VALUES (56, 'My gallery', 56, 'eng-GB', 'eng-GB');
INSERT INTO ezcontentobject_name VALUES (299, 'afunction_1280', 1, 'eng-GB', 'eng-GB');
INSERT INTO ezcontentobject_name VALUES (300, 'nin', 1, 'eng-GB', 'eng-GB');
INSERT INTO ezcontentobject_name VALUES (56, 'My gallery', 52, 'eng-GB', 'eng-GB');
INSERT INTO ezcontentobject_name VALUES (327, 'Foggy trees', 1, 'eng-GB', 'eng-GB');
INSERT INTO ezcontentobject_name VALUES (336, 'Anonymous Users', 1, 'eng-GB', 'eng-GB');
INSERT INTO ezcontentobject_name VALUES (10, 'Anonymous User', 2, 'eng-GB', 'eng-GB');







INSERT INTO ezcontentobject_tree VALUES (1, 1, 0, 1, 1, 0, '/1/', 1, 1, 0, NULL, 1);
INSERT INTO ezcontentobject_tree VALUES (2, 1, 1, 7, 1, 1, '/1/2/', 9, 1, 0, '', 2);
INSERT INTO ezcontentobject_tree VALUES (127, 2, 161, 3, 1, 2, '/1/2/127/', 9, 1, 0, 'about_my_gallery', 127);
INSERT INTO ezcontentobject_tree VALUES (199, 2, 267, 1, 1, 2, '/1/2/199/', 9, 1, 0, 'news', 199);
INSERT INTO ezcontentobject_tree VALUES (200, 199, 268, 2, 1, 3, '/1/2/199/200/', 9, 1, 0, 'news/added_new_gallery', 200);
INSERT INTO ezcontentobject_tree VALUES (248, 2, 319, 1, 1, 2, '/1/2/248/', 9, 1, 0, 'nature', 248);
INSERT INTO ezcontentobject_tree VALUES (249, 248, 320, 3, 1, 3, '/1/2/248/249/', 9, 1, 0, 'nature/flowers', 249);
INSERT INTO ezcontentobject_tree VALUES (250, 249, 321, 1, 1, 4, '/1/2/248/249/250/', 9, 1, 0, 'nature/flowers/blue_flower', 250);
INSERT INTO ezcontentobject_tree VALUES (251, 249, 322, 1, 1, 4, '/1/2/248/249/251/', 9, 1, 0, 'nature/flowers/purple_haze', 251);
INSERT INTO ezcontentobject_tree VALUES (252, 249, 323, 1, 1, 4, '/1/2/248/249/252/', 9, 1, 0, 'nature/flowers/yellow_flower', 252);
INSERT INTO ezcontentobject_tree VALUES (253, 248, 324, 2, 1, 3, '/1/2/248/253/', 9, 1, 0, 'nature/landscape', 253);
INSERT INTO ezcontentobject_tree VALUES (254, 253, 325, 1, 1, 4, '/1/2/248/253/254/', 9, 1, 0, 'nature/landscape/pond_reflection', 254);
INSERT INTO ezcontentobject_tree VALUES (255, 253, 326, 1, 1, 4, '/1/2/248/253/255/', 9, 1, 0, 'nature/landscape/ormevika_skyline', 255);
INSERT INTO ezcontentobject_tree VALUES (256, 253, 327, 1, 1, 4, '/1/2/248/253/256/', 9, 1, 0, 'nature/landscape/foggy_trees', 256);
INSERT INTO ezcontentobject_tree VALUES (257, 253, 328, 1, 1, 4, '/1/2/248/253/257/', 9, 1, 0, 'nature/landscape/water_reflection', 257);
INSERT INTO ezcontentobject_tree VALUES (258, 2, 329, 1, 1, 2, '/1/2/258/', 9, 1, 0, 'abstract', 258);
INSERT INTO ezcontentobject_tree VALUES (259, 258, 330, 2, 1, 3, '/1/2/258/259/', 9, 1, 0, 'abstract/misc', 259);
INSERT INTO ezcontentobject_tree VALUES (260, 259, 331, 1, 1, 4, '/1/2/258/259/260/', 9, 1, 0, 'abstract/misc/cvs_branching', 260);
INSERT INTO ezcontentobject_tree VALUES (261, 259, 332, 1, 1, 4, '/1/2/258/259/261/', 9, 1, 0, 'abstract/misc/gear_wheel', 261);
INSERT INTO ezcontentobject_tree VALUES (262, 259, 333, 1, 1, 4, '/1/2/258/259/262/', 9, 1, 0, 'abstract/misc/green_clover', 262);
INSERT INTO ezcontentobject_tree VALUES (263, 259, 334, 1, 1, 4, '/1/2/258/259/263/', 9, 1, 0, 'abstract/misc/mjaurits', 263);
INSERT INTO ezcontentobject_tree VALUES (264, 259, 335, 1, 1, 4, '/1/2/258/259/264/', 9, 1, 0, 'abstract/misc/speeding', 264);
INSERT INTO ezcontentobject_tree VALUES (5, 1, 4, 1, 0, 1, '/1/5/', 1, 1, 0, 'users', 5);
INSERT INTO ezcontentobject_tree VALUES (12, 5, 11, 1, 1, 2, '/1/5/12/', 1, 1, 0, 'users/guest_accounts', 12);
INSERT INTO ezcontentobject_tree VALUES (13, 5, 12, 1, 1, 2, '/1/5/13/', 1, 1, 0, 'users/administrator_users', 13);
INSERT INTO ezcontentobject_tree VALUES (15, 13, 14, 5, 1, 3, '/1/5/13/15/', 9, 1, 0, 'users/administrator_users/administrator_user', 15);
INSERT INTO ezcontentobject_tree VALUES (14, 5, 13, 1, 1, 2, '/1/5/14/', 1, 1, 0, 'users/editors', 14);
INSERT INTO ezcontentobject_tree VALUES (265, 5, 336, 1, 1, 2, '/1/5/265/', 9, 1, 0, 'users/anonymous_users', 265);
INSERT INTO ezcontentobject_tree VALUES (11, 265, 10, 2, 1, 3, '/1/5/265/11/', 9, 1, 0, 'users/anonymous_users/anonymous_user', 11);
INSERT INTO ezcontentobject_tree VALUES (43, 1, 41, 1, 1, 1, '/1/43/', 9, 1, 0, 'media', 43);
INSERT INTO ezcontentobject_tree VALUES (44, 1, 42, 1, 1, 1, '/1/44/', 9, 1, 0, 'setup', 44);
INSERT INTO ezcontentobject_tree VALUES (46, 44, 44, 1, 1, 2, '/1/44/46/', 9, 1, 0, 'setup/setup_links', 46);
INSERT INTO ezcontentobject_tree VALUES (45, 46, 43, 11, 1, 3, '/1/44/46/45/', 9, 1, 0, 'setup/setup_links/classes', 45);
INSERT INTO ezcontentobject_tree VALUES (47, 46, 45, 12, 1, 3, '/1/44/46/47/', 9, 1, 0, 'setup/setup_links/look_and_feel', 47);
INSERT INTO ezcontentobject_tree VALUES (95, 46, 115, 6, 1, 3, '/1/44/46/95/', 9, 1, 0, 'setup/setup_links/cache', 95);
INSERT INTO ezcontentobject_tree VALUES (96, 46, 116, 5, 1, 3, '/1/44/46/96/', 9, 1, 0, 'setup/setup_links/url_translator', 96);
INSERT INTO ezcontentobject_tree VALUES (48, 44, 46, 2, 1, 2, '/1/44/48/', 9, 1, 0, 'setup/look_and_feel', 48);
INSERT INTO ezcontentobject_tree VALUES (54, 48, 56, 61, 1, 3, '/1/44/48/54/', 9, 1, 0, 'setup/look_and_feel/my_gallery', 54);







INSERT INTO ezcontentobject_version VALUES (4, 4, 14, 1, 0, 0, 1, 1, 0);
INSERT INTO ezcontentobject_version VALUES (439, 11, 14, 1, 1033920737, 1033920746, 1, 0, 0);
INSERT INTO ezcontentobject_version VALUES (440, 12, 14, 1, 1033920760, 1033920775, 1, 0, 0);
INSERT INTO ezcontentobject_version VALUES (441, 13, 14, 1, 1033920786, 1033920794, 1, 0, 0);
INSERT INTO ezcontentobject_version VALUES (472, 41, 14, 1, 1060695450, 1060695457, 1, 0, 0);
INSERT INTO ezcontentobject_version VALUES (473, 42, 14, 1, 1066383039, 1066383068, 1, 0, 0);
INSERT INTO ezcontentobject_version VALUES (950, 43, 14, 11, 1069254550, 1069254602, 1, 0, 0);
INSERT INTO ezcontentobject_version VALUES (475, 44, 14, 1, 1066384403, 1066384457, 1, 0, 0);
INSERT INTO ezcontentobject_version VALUES (482, 46, 14, 2, 1066389882, 1066389902, 1, 0, 0);
INSERT INTO ezcontentobject_version VALUES (1005, 56, 14, 61, 1069841702, 1069842020, 1, 0, 0);
INSERT INTO ezcontentobject_version VALUES (984, 326, 14, 1, 1069317915, 1069317947, 1, 0, 0);
INSERT INTO ezcontentobject_version VALUES (990, 332, 14, 1, 1069318454, 1069318481, 1, 0, 0);
INSERT INTO ezcontentobject_version VALUES (853, 1, 14, 7, 1068803287, 1068803301, 1, 1, 0);
INSERT INTO ezcontentobject_version VALUES (951, 45, 14, 12, 1069254878, 1069254902, 1, 0, 0);
INSERT INTO ezcontentobject_version VALUES (875, 267, 14, 1, 1068814351, 1068814364, 1, 0, 0);
INSERT INTO ezcontentobject_version VALUES (949, 115, 14, 6, 1069254471, 1069254539, 1, 0, 0);
INSERT INTO ezcontentobject_version VALUES (993, 335, 14, 1, 1069318568, 1069318589, 1, 0, 0);
INSERT INTO ezcontentobject_version VALUES (986, 328, 14, 1, 1069317987, 1069318019, 1, 0, 0);
INSERT INTO ezcontentobject_version VALUES (796, 14, 14, 5, 1068468183, 1068468218, 1, 0, 0);
INSERT INTO ezcontentobject_version VALUES (997, 324, 14, 2, 1069321711, 1069321719, 1, 0, 0);
INSERT INTO ezcontentobject_version VALUES (996, 320, 14, 3, 1069321690, 1069321700, 1, 0, 0);
INSERT INTO ezcontentobject_version VALUES (980, 322, 14, 1, 1069317740, 1069317767, 1, 0, 0);
INSERT INTO ezcontentobject_version VALUES (981, 323, 14, 1, 1069317776, 1069317797, 1, 0, 0);
INSERT INTO ezcontentobject_version VALUES (983, 325, 14, 1, 1069317882, 1069317906, 1, 0, 0);
INSERT INTO ezcontentobject_version VALUES (985, 327, 14, 1, 1069317955, 1069317978, 1, 0, 0);
INSERT INTO ezcontentobject_version VALUES (987, 329, 14, 1, 1069318314, 1069318331, 1, 0, 0);
INSERT INTO ezcontentobject_version VALUES (989, 331, 14, 1, 1069318390, 1069318446, 1, 0, 0);
INSERT INTO ezcontentobject_version VALUES (992, 334, 14, 1, 1069318526, 1069318560, 1, 0, 0);
INSERT INTO ezcontentobject_version VALUES (991, 333, 14, 1, 1069318491, 1069318517, 1, 0, 0);
INSERT INTO ezcontentobject_version VALUES (1001, 161, 14, 3, 1069757022, 1069757035, 1, 0, 0);
INSERT INTO ezcontentobject_version VALUES (952, 116, 14, 5, 1069254913, 1069254930, 1, 0, 0);
INSERT INTO ezcontentobject_version VALUES (994, 330, 14, 2, 1069321615, 1069321635, 1, 0, 0);
INSERT INTO ezcontentobject_version VALUES (979, 321, 14, 1, 1069317697, 1069317728, 1, 0, 0);
INSERT INTO ezcontentobject_version VALUES (1002, 268, 14, 2, 1069757046, 1069757082, 1, 0, 0);
INSERT INTO ezcontentobject_version VALUES (977, 319, 14, 1, 1069317638, 1069317649, 1, 0, 0);
INSERT INTO ezcontentobject_version VALUES (1006, 336, 14, 1, 1072186799, 1072186809, 1, 0, 0);
INSERT INTO ezcontentobject_version VALUES (1007, 10, 14, 2, 1072186820, 1072186837, 1, 0, 0);
























































INSERT INTO ezimage VALUES (103, 4, 'phpWJgae7.png', 'kaddressbook.png', 'image/png', '');
INSERT INTO ezimage VALUES (103, 5, 'php7ZhvcB.png', 'chardevice.png', 'image/png', '');
INSERT INTO ezimage VALUES (109, 1, 'phpvzmRGW.png', 'folder_txt.png', 'image/png', '');
INSERT INTO ezimage VALUES (120, 11, 'phpG6qloJ.gif', 'ezpublish_logo_blue.gif', 'image/gif', '');
INSERT INTO ezimage VALUES (152, 15, 'phpZWf2sh.gif', 'phpCfM6Z4_600x600_68578.gif', 'image/gif', '');
INSERT INTO ezimage VALUES (120, 13, 'phpG6qloJ.gif', 'ezpublish_logo_blue.gif', 'image/gif', '');
INSERT INTO ezimage VALUES (152, 12, 'phpZWf2sh.gif', 'phpCfM6Z4_600x600_68578.gif', 'image/gif', '');
INSERT INTO ezimage VALUES (152, 13, 'phpZWf2sh.gif', 'phpCfM6Z4_600x600_68578.gif', 'image/gif', '');
INSERT INTO ezimage VALUES (152, 11, 'phpZWf2sh.gif', 'phpCfM6Z4_600x600_68578.gif', 'image/gif', '');
INSERT INTO ezimage VALUES (152, 16, 'phpZWf2sh.gif', 'phpCfM6Z4_600x600_68578.gif', 'image/gif', '');
INSERT INTO ezimage VALUES (152, 7, 'phpZWf2sh.gif', 'phpCfM6Z4_600x600_68578.gif', 'image/gif', '');
INSERT INTO ezimage VALUES (152, 18, 'phpZWf2sh.gif', 'phpCfM6Z4_600x600_68578.gif', 'image/gif', '');
INSERT INTO ezimage VALUES (152, 9, 'phpZWf2sh.gif', 'phpCfM6Z4_600x600_68578.gif', 'image/gif', '');
INSERT INTO ezimage VALUES (152, 10, 'phpZWf2sh.gif', 'phpCfM6Z4_600x600_68578.gif', 'image/gif', '');
INSERT INTO ezimage VALUES (152, 14, 'phpZWf2sh.gif', 'phpCfM6Z4_600x600_68578.gif', 'image/gif', '');
INSERT INTO ezimage VALUES (152, 17, 'phpZWf2sh.gif', 'phpCfM6Z4_600x600_68578.gif', 'image/gif', '');
INSERT INTO ezimage VALUES (268, 1, 'php8lV61b.png', 'phphWMyJs.png', 'image/png', '');
INSERT INTO ezimage VALUES (268, 2, 'php8lV61b.png', 'phphWMyJs.png', 'image/png', '');
INSERT INTO ezimage VALUES (287, 1, 'phpjqUhJn.jpg', '017_8_1small.jpg', 'image/jpeg', '');
INSERT INTO ezimage VALUES (292, 2, 'phpCKfj8I.png', 'phpCG9Rrg_600x600_97870.png', 'image/png', '');
INSERT INTO ezimage VALUES (293, 2, 'php2e1GsG.png', 'bj.png', 'image/png', '');
INSERT INTO ezimage VALUES (293, 3, 'php2e1GsG.png', 'bj.png', 'image/png', '');
INSERT INTO ezimage VALUES (103, 6, 'phpXz5esv.jpg', 'TN_a5.JPG', 'image/jpeg', '');
INSERT INTO ezimage VALUES (109, 2, 'phppIJtoa.jpg', 'maidinmanhattantop.jpg', 'image/jpeg', '');
INSERT INTO ezimage VALUES (103, 7, 'phpG0YSsD.png', 'gnome-settings.png', 'image/png', '');
INSERT INTO ezimage VALUES (109, 3, 'phpAhcEu9.png', 'gnome-favorites.png', 'image/png', '');
INSERT INTO ezimage VALUES (324, 1, 'php4sHmOe.png', 'gnome-ccperiph.png', 'image/png', '');
INSERT INTO ezimage VALUES (109, 4, 'phpbVfzkm.png', 'gnome-devel.png', 'image/png', '');
INSERT INTO ezimage VALUES (328, 1, 'php7a7vQE.png', 'gnome-globe.png', 'image/png', '');
INSERT INTO ezimage VALUES (109, 5, 'phpvs7kFg.png', 'gnome-color-browser.png', 'image/png', '');
INSERT INTO ezimage VALUES (400, 2, 'phprwazbD.jpg', 'vbanner.jpg', 'image/jpeg', '');







INSERT INTO ezimagevariation VALUES (103, 4, 'phpWJgae7_100x100_103.png', 'p/h/p', 100, 100, 48, 48);
INSERT INTO ezimagevariation VALUES (103, 4, 'phpWJgae7_600x600_103.png', 'p/h/p', 600, 600, 48, 48);
INSERT INTO ezimagevariation VALUES (103, 5, 'php7ZhvcB_100x100_103.png', 'p/h/p', 100, 100, 48, 48);
INSERT INTO ezimagevariation VALUES (109, 1, 'phpvzmRGW_100x100_109.png', 'p/h/p', 100, 100, 48, 48);
INSERT INTO ezimagevariation VALUES (103, 5, 'php7ZhvcB_600x600_103.png', 'p/h/p', 600, 600, 48, 48);
INSERT INTO ezimagevariation VALUES (109, 1, 'phpvzmRGW_600x600_109.png', 'p/h/p', 600, 600, 48, 48);
INSERT INTO ezimagevariation VALUES (293, 2, 'php2e1GsG_600x600_293.png', 'p/h/p', 600, 600, 186, 93);
INSERT INTO ezimagevariation VALUES (120, 11, 'phpG6qloJ_100x100_120.gif.png', 'p/h/p', 100, 100, 100, 16);
INSERT INTO ezimagevariation VALUES (292, 2, 'phpCKfj8I_600x600_292.png', 'p/h/p', 600, 600, 186, 93);
INSERT INTO ezimagevariation VALUES (152, 13, 'phpZWf2sh_100x100_152.gif.png', 'p/h/p', 100, 100, 100, 35);
INSERT INTO ezimagevariation VALUES (293, 2, 'php2e1GsG_100x100_293.png', 'p/h/p', 100, 100, 100, 50);
INSERT INTO ezimagevariation VALUES (120, 11, 'phpG6qloJ_600x600_120.gif.png', 'p/h/p', 600, 600, 129, 21);
INSERT INTO ezimagevariation VALUES (152, 12, 'phpZWf2sh_100x100_152.gif.png', 'p/h/p', 100, 100, 100, 35);
INSERT INTO ezimagevariation VALUES (152, 11, 'phpZWf2sh_100x100_152.gif.png', 'p/h/p', 100, 100, 100, 35);
INSERT INTO ezimagevariation VALUES (292, 2, 'phpCKfj8I_100x100_292.png', 'p/h/p', 100, 100, 100, 50);
INSERT INTO ezimagevariation VALUES (287, 1, 'phpjqUhJn_100x100_287.jpg', 'p/h/p', 100, 100, 73, 100);
INSERT INTO ezimagevariation VALUES (268, 2, 'php8lV61b_100x100_268.png', 'p/h/p', 100, 100, 100, 93);
INSERT INTO ezimagevariation VALUES (268, 1, 'php8lV61b_150x150_268.png', 'p/h/p', 150, 150, 144, 134);
INSERT INTO ezimagevariation VALUES (152, 16, 'phpZWf2sh_100x100_152.gif.png', 'p/h/p', 100, 100, 100, 35);
INSERT INTO ezimagevariation VALUES (152, 7, 'phpZWf2sh_100x100_152.gif.png', 'p/h/p', 100, 100, 100, 35);
INSERT INTO ezimagevariation VALUES (268, 1, 'php8lV61b_100x100_268.png', 'p/h/p', 100, 100, 100, 93);
INSERT INTO ezimagevariation VALUES (152, 9, 'phpZWf2sh_100x100_152.gif.png', 'p/h/p', 100, 100, 100, 35);
INSERT INTO ezimagevariation VALUES (152, 10, 'phpZWf2sh_100x100_152.gif.png', 'p/h/p', 100, 100, 100, 35);
INSERT INTO ezimagevariation VALUES (293, 2, 'php2e1GsG_150x150_293.png', 'p/h/p', 150, 150, 150, 75);
INSERT INTO ezimagevariation VALUES (292, 2, 'phpCKfj8I_150x150_292.png', 'p/h/p', 150, 150, 150, 75);
INSERT INTO ezimagevariation VALUES (293, 3, 'php2e1GsG_100x100_293.png', 'p/h/p', 100, 100, 100, 50);
INSERT INTO ezimagevariation VALUES (103, 6, 'phpXz5esv_600x600_103.jpg', 'p/h/p', 600, 600, 377, 600);
INSERT INTO ezimagevariation VALUES (109, 2, 'phppIJtoa_600x600_109.jpg', 'p/h/p', 600, 600, 116, 61);
INSERT INTO ezimagevariation VALUES (103, 7, 'phpG0YSsD_600x600_103.png', 'p/h/p', 600, 600, 48, 48);
INSERT INTO ezimagevariation VALUES (109, 3, 'phpAhcEu9_600x600_109.png', 'p/h/p', 600, 600, 48, 52);
INSERT INTO ezimagevariation VALUES (324, 1, 'php4sHmOe_600x600_324.png', 'p/h/p', 600, 600, 48, 48);
INSERT INTO ezimagevariation VALUES (109, 4, 'phpbVfzkm_600x600_109.png', 'p/h/p', 600, 600, 48, 48);
INSERT INTO ezimagevariation VALUES (328, 1, 'php7a7vQE_600x600_328.png', 'p/h/p', 600, 600, 48, 48);
INSERT INTO ezimagevariation VALUES (109, 5, 'phpvs7kFg_600x600_109.png', 'p/h/p', 600, 600, 48, 48);
INSERT INTO ezimagevariation VALUES (268, 2, 'php8lV61b_150x150_268.png', 'p/h/p', 150, 150, 144, 134);
INSERT INTO ezimagevariation VALUES (103, 7, 'phpG0YSsD_150x150_103.png', 'p/h/p', 150, 150, 48, 48);
INSERT INTO ezimagevariation VALUES (109, 5, 'phpvs7kFg_150x150_109.png', 'p/h/p', 150, 150, 48, 48);
INSERT INTO ezimagevariation VALUES (324, 1, 'php4sHmOe_150x150_324.png', 'p/h/p', 150, 150, 48, 48);
INSERT INTO ezimagevariation VALUES (328, 1, 'php7a7vQE_150x150_328.png', 'p/h/p', 150, 150, 48, 48);
INSERT INTO ezimagevariation VALUES (400, 2, 'phprwazbD_100x100_400.jpg', 'p/h/p', 100, 100, 100, 33);
INSERT INTO ezimagevariation VALUES (400, 2, 'phprwazbD_600x600_400.jpg', 'p/h/p', 600, 600, 450, 150);
























































INSERT INTO eznode_assignment VALUES (4, 8, 2, 5, 1, 1, 1, 0, 0);
INSERT INTO eznode_assignment VALUES (144, 4, 1, 1, 1, 1, 1, 0, 0);
INSERT INTO eznode_assignment VALUES (691, 332, 1, 259, 9, 1, 1, 0, 0);
INSERT INTO eznode_assignment VALUES (148, 9, 1, 2, 1, 1, 1, 0, 0);
INSERT INTO eznode_assignment VALUES (150, 11, 1, 5, 1, 1, 1, 0, 0);
INSERT INTO eznode_assignment VALUES (151, 12, 1, 5, 1, 1, 1, 0, 0);
INSERT INTO eznode_assignment VALUES (152, 13, 1, 5, 1, 1, 1, 0, 0);
INSERT INTO eznode_assignment VALUES (575, 267, 1, 2, 9, 1, 1, 0, 0);
INSERT INTO eznode_assignment VALUES (182, 41, 1, 1, 9, 1, 1, 0, 0);
INSERT INTO eznode_assignment VALUES (183, 42, 1, 1, 9, 1, 1, 0, 0);
INSERT INTO eznode_assignment VALUES (651, 43, 11, 46, 9, 1, 1, 0, 0);
INSERT INTO eznode_assignment VALUES (185, 44, 1, 44, 9, 1, 1, 0, 0);
INSERT INTO eznode_assignment VALUES (193, 46, 2, 44, 9, 1, 1, 0, 0);
INSERT INTO eznode_assignment VALUES (706, 56, 61, 48, 9, 1, 1, 0, 0);
INSERT INTO eznode_assignment VALUES (681, 322, 1, 249, 9, 1, 1, 0, 0);
INSERT INTO eznode_assignment VALUES (553, 1, 7, 1, 9, 1, 1, 0, 0);
INSERT INTO eznode_assignment VALUES (652, 45, 12, 46, 9, 1, 1, 0, 0);
INSERT INTO eznode_assignment VALUES (694, 335, 1, 259, 9, 1, 1, 0, 0);
INSERT INTO eznode_assignment VALUES (650, 115, 6, 46, 9, 1, 1, 0, 0);
INSERT INTO eznode_assignment VALUES (685, 326, 1, 253, 9, 1, 1, 0, 0);
INSERT INTO eznode_assignment VALUES (687, 328, 1, 253, 9, 1, 1, 0, 0);
INSERT INTO eznode_assignment VALUES (500, 14, 5, 13, 9, 1, 1, 0, 0);
INSERT INTO eznode_assignment VALUES (680, 321, 1, 249, 9, 1, 1, 0, 0);
INSERT INTO eznode_assignment VALUES (698, 324, 2, 248, 9, 1, 1, 0, 0);
INSERT INTO eznode_assignment VALUES (697, 320, 3, 248, 9, 1, 1, 0, 0);
INSERT INTO eznode_assignment VALUES (684, 325, 1, 253, 9, 1, 1, 0, 0);
INSERT INTO eznode_assignment VALUES (686, 327, 1, 253, 9, 1, 1, 0, 0);
INSERT INTO eznode_assignment VALUES (688, 329, 1, 2, 9, 1, 1, 0, 0);
INSERT INTO eznode_assignment VALUES (693, 334, 1, 259, 9, 1, 1, 0, 0);
INSERT INTO eznode_assignment VALUES (690, 331, 1, 259, 9, 1, 1, 0, 0);
INSERT INTO eznode_assignment VALUES (692, 333, 1, 259, 9, 1, 1, 0, 0);
INSERT INTO eznode_assignment VALUES (702, 161, 3, 2, 9, 1, 1, 0, 0);
INSERT INTO eznode_assignment VALUES (653, 116, 5, 46, 9, 1, 1, 0, 0);
INSERT INTO eznode_assignment VALUES (695, 330, 2, 258, 9, 1, 1, 0, 0);
INSERT INTO eznode_assignment VALUES (703, 268, 2, 199, 9, 1, 1, 0, 0);
INSERT INTO eznode_assignment VALUES (682, 323, 1, 249, 9, 1, 1, 0, 0);
INSERT INTO eznode_assignment VALUES (678, 319, 1, 2, 9, 1, 1, 0, 0);
INSERT INTO eznode_assignment VALUES (707, 336, 1, 5, 9, 1, 1, 0, 0);
INSERT INTO eznode_assignment VALUES (709, 10, 2, 265, 9, 1, 1, 5, 0);

















































INSERT INTO ezpolicy VALUES (308, 2, '*', '*', '*');
INSERT INTO ezpolicy VALUES (341, 8, 'read', 'content', '*');
INSERT INTO ezpolicy VALUES (387, 1, 'login', 'user', '*');
INSERT INTO ezpolicy VALUES (388, 1, 'read', 'content', ' ');
INSERT INTO ezpolicy VALUES (389, 1, 'create', 'content', ' ');
INSERT INTO ezpolicy VALUES (390, 1, 'edit', 'content', ' ');







INSERT INTO ezpolicy_limitation VALUES (309, 388, 'Class', 0, 'read', 'content');
INSERT INTO ezpolicy_limitation VALUES (307, 389, 'Class', 0, 'create', 'content');
INSERT INTO ezpolicy_limitation VALUES (308, 390, 'Class', 0, 'edit', 'content');







INSERT INTO ezpolicy_limitation_value VALUES (643, 309, '28');
INSERT INTO ezpolicy_limitation_value VALUES (642, 309, '27');
INSERT INTO ezpolicy_limitation_value VALUES (641, 309, '26');
INSERT INTO ezpolicy_limitation_value VALUES (640, 309, '12');
INSERT INTO ezpolicy_limitation_value VALUES (639, 309, '10');
INSERT INTO ezpolicy_limitation_value VALUES (638, 309, '5');
INSERT INTO ezpolicy_limitation_value VALUES (637, 309, '2');
INSERT INTO ezpolicy_limitation_value VALUES (636, 309, '1');
INSERT INTO ezpolicy_limitation_value VALUES (634, 307, '26');
INSERT INTO ezpolicy_limitation_value VALUES (635, 308, '26');



































INSERT INTO ezrole VALUES (1, 0, 'Anonymous', ' ');
INSERT INTO ezrole VALUES (2, 0, 'Administrator', '*');
INSERT INTO ezrole VALUES (8, 0, 'Guest', NULL);







INSERT INTO ezsearch_object_word_link VALUES (11850, 161, 3087, 0, 0, 0, 3088, 10, 1068047603, 1, 140, '', 0);
INSERT INTO ezsearch_object_word_link VALUES (11851, 161, 3088, 0, 1, 3087, 3089, 10, 1068047603, 1, 140, '', 0);
INSERT INTO ezsearch_object_word_link VALUES (11852, 161, 3089, 0, 2, 3088, 3087, 10, 1068047603, 1, 140, '', 0);
INSERT INTO ezsearch_object_word_link VALUES (11853, 161, 3087, 0, 3, 3089, 3088, 10, 1068047603, 1, 140, '', 0);
INSERT INTO ezsearch_object_word_link VALUES (11854, 161, 3088, 0, 4, 3087, 3089, 10, 1068047603, 1, 140, '', 0);
INSERT INTO ezsearch_object_word_link VALUES (11855, 161, 3089, 0, 5, 3088, 3090, 10, 1068047603, 1, 140, '', 0);
INSERT INTO ezsearch_object_word_link VALUES (11856, 161, 3090, 0, 6, 3089, 3091, 10, 1068047603, 1, 141, '', 0);
INSERT INTO ezsearch_object_word_link VALUES (11857, 161, 3091, 0, 7, 3090, 3092, 10, 1068047603, 1, 141, '', 0);
INSERT INTO ezsearch_object_word_link VALUES (11858, 161, 3092, 0, 8, 3091, 3093, 10, 1068047603, 1, 141, '', 0);
INSERT INTO ezsearch_object_word_link VALUES (11859, 161, 3093, 0, 9, 3092, 3094, 10, 1068047603, 1, 141, '', 0);
INSERT INTO ezsearch_object_word_link VALUES (11860, 161, 3094, 0, 10, 3093, 3095, 10, 1068047603, 1, 141, '', 0);
INSERT INTO ezsearch_object_word_link VALUES (11861, 161, 3095, 0, 11, 3094, 3096, 10, 1068047603, 1, 141, '', 0);
INSERT INTO ezsearch_object_word_link VALUES (11862, 161, 3096, 0, 12, 3095, 3097, 10, 1068047603, 1, 141, '', 0);
INSERT INTO ezsearch_object_word_link VALUES (11863, 161, 3097, 0, 13, 3096, 3098, 10, 1068047603, 1, 141, '', 0);
INSERT INTO ezsearch_object_word_link VALUES (11864, 161, 3098, 0, 14, 3097, 3093, 10, 1068047603, 1, 141, '', 0);
INSERT INTO ezsearch_object_word_link VALUES (11865, 161, 3093, 0, 15, 3098, 3094, 10, 1068047603, 1, 141, '', 0);
INSERT INTO ezsearch_object_word_link VALUES (11866, 161, 3094, 0, 16, 3093, 3099, 10, 1068047603, 1, 141, '', 0);
INSERT INTO ezsearch_object_word_link VALUES (11867, 161, 3099, 0, 17, 3094, 3100, 10, 1068047603, 1, 141, '', 0);
INSERT INTO ezsearch_object_word_link VALUES (11868, 161, 3100, 0, 18, 3099, 3101, 10, 1068047603, 1, 141, '', 0);
INSERT INTO ezsearch_object_word_link VALUES (11869, 161, 3101, 0, 19, 3100, 3102, 10, 1068047603, 1, 141, '', 0);
INSERT INTO ezsearch_object_word_link VALUES (11870, 161, 3102, 0, 20, 3101, 3103, 10, 1068047603, 1, 141, '', 0);
INSERT INTO ezsearch_object_word_link VALUES (11871, 161, 3103, 0, 21, 3102, 3096, 10, 1068047603, 1, 141, '', 0);
INSERT INTO ezsearch_object_word_link VALUES (11872, 161, 3096, 0, 22, 3103, 3104, 10, 1068047603, 1, 141, '', 0);
INSERT INTO ezsearch_object_word_link VALUES (11873, 161, 3104, 0, 23, 3096, 3105, 10, 1068047603, 1, 141, '', 0);
INSERT INTO ezsearch_object_word_link VALUES (11874, 161, 3105, 0, 24, 3104, 3106, 10, 1068047603, 1, 141, '', 0);
INSERT INTO ezsearch_object_word_link VALUES (11875, 161, 3106, 0, 25, 3105, 3107, 10, 1068047603, 1, 141, '', 0);
INSERT INTO ezsearch_object_word_link VALUES (11876, 161, 3107, 0, 26, 3106, 3099, 10, 1068047603, 1, 141, '', 0);
INSERT INTO ezsearch_object_word_link VALUES (11877, 161, 3099, 0, 27, 3107, 3098, 10, 1068047603, 1, 141, '', 0);
INSERT INTO ezsearch_object_word_link VALUES (11878, 161, 3098, 0, 28, 3099, 3108, 10, 1068047603, 1, 141, '', 0);
INSERT INTO ezsearch_object_word_link VALUES (11879, 161, 3108, 0, 29, 3098, 3109, 10, 1068047603, 1, 141, '', 0);
INSERT INTO ezsearch_object_word_link VALUES (11880, 161, 3109, 0, 30, 3108, 3110, 10, 1068047603, 1, 141, '', 0);
INSERT INTO ezsearch_object_word_link VALUES (11881, 161, 3110, 0, 31, 3109, 3111, 10, 1068047603, 1, 141, '', 0);
INSERT INTO ezsearch_object_word_link VALUES (11882, 161, 3111, 0, 32, 3110, 3112, 10, 1068047603, 1, 141, '', 0);
INSERT INTO ezsearch_object_word_link VALUES (11883, 161, 3112, 0, 33, 3111, 3113, 10, 1068047603, 1, 141, '', 0);
INSERT INTO ezsearch_object_word_link VALUES (11884, 161, 3113, 0, 34, 3112, 3114, 10, 1068047603, 1, 141, '', 0);
INSERT INTO ezsearch_object_word_link VALUES (11885, 161, 3114, 0, 35, 3113, 3115, 10, 1068047603, 1, 141, '', 0);
INSERT INTO ezsearch_object_word_link VALUES (11886, 161, 3115, 0, 36, 3114, 3099, 10, 1068047603, 1, 141, '', 0);
INSERT INTO ezsearch_object_word_link VALUES (11887, 161, 3099, 0, 37, 3115, 3116, 10, 1068047603, 1, 141, '', 0);
INSERT INTO ezsearch_object_word_link VALUES (11888, 161, 3116, 0, 38, 3099, 3117, 10, 1068047603, 1, 141, '', 0);
INSERT INTO ezsearch_object_word_link VALUES (11889, 161, 3117, 0, 39, 3116, 3118, 10, 1068047603, 1, 141, '', 0);
INSERT INTO ezsearch_object_word_link VALUES (11890, 161, 3118, 0, 40, 3117, 3119, 10, 1068047603, 1, 141, '', 0);
INSERT INTO ezsearch_object_word_link VALUES (11891, 161, 3119, 0, 41, 3118, 3120, 10, 1068047603, 1, 141, '', 0);
INSERT INTO ezsearch_object_word_link VALUES (11892, 161, 3120, 0, 42, 3119, 3121, 10, 1068047603, 1, 141, '', 0);
INSERT INTO ezsearch_object_word_link VALUES (11893, 161, 3121, 0, 43, 3120, 3122, 10, 1068047603, 1, 141, '', 0);
INSERT INTO ezsearch_object_word_link VALUES (11894, 161, 3122, 0, 44, 3121, 3123, 10, 1068047603, 1, 141, '', 0);
INSERT INTO ezsearch_object_word_link VALUES (11895, 161, 3123, 0, 45, 3122, 3124, 10, 1068047603, 1, 141, '', 0);
INSERT INTO ezsearch_object_word_link VALUES (11896, 161, 3124, 0, 46, 3123, 3125, 10, 1068047603, 1, 141, '', 0);
INSERT INTO ezsearch_object_word_link VALUES (11897, 161, 3125, 0, 47, 3124, 3126, 10, 1068047603, 1, 141, '', 0);
INSERT INTO ezsearch_object_word_link VALUES (11898, 161, 3126, 0, 48, 3125, 3127, 10, 1068047603, 1, 141, '', 0);
INSERT INTO ezsearch_object_word_link VALUES (11899, 161, 3127, 0, 49, 3126, 3128, 10, 1068047603, 1, 141, '', 0);
INSERT INTO ezsearch_object_word_link VALUES (11900, 161, 3128, 0, 50, 3127, 3129, 10, 1068047603, 1, 141, '', 0);
INSERT INTO ezsearch_object_word_link VALUES (11901, 161, 3129, 0, 51, 3128, 3109, 10, 1068047603, 1, 141, '', 0);
INSERT INTO ezsearch_object_word_link VALUES (11902, 161, 3109, 0, 52, 3129, 3097, 10, 1068047603, 1, 141, '', 0);
INSERT INTO ezsearch_object_word_link VALUES (11903, 161, 3097, 0, 53, 3109, 3130, 10, 1068047603, 1, 141, '', 0);
INSERT INTO ezsearch_object_word_link VALUES (11904, 161, 3130, 0, 54, 3097, 3131, 10, 1068047603, 1, 141, '', 0);
INSERT INTO ezsearch_object_word_link VALUES (11905, 161, 3131, 0, 55, 3130, 3132, 10, 1068047603, 1, 141, '', 0);
INSERT INTO ezsearch_object_word_link VALUES (11906, 161, 3132, 0, 56, 3131, 3133, 10, 1068047603, 1, 141, '', 0);
INSERT INTO ezsearch_object_word_link VALUES (11907, 161, 3133, 0, 57, 3132, 3110, 10, 1068047603, 1, 141, '', 0);
INSERT INTO ezsearch_object_word_link VALUES (11908, 161, 3110, 0, 58, 3133, 3134, 10, 1068047603, 1, 141, '', 0);
INSERT INTO ezsearch_object_word_link VALUES (11909, 161, 3134, 0, 59, 3110, 3135, 10, 1068047603, 1, 141, '', 0);
INSERT INTO ezsearch_object_word_link VALUES (11910, 161, 3135, 0, 60, 3134, 3136, 10, 1068047603, 1, 141, '', 0);
INSERT INTO ezsearch_object_word_link VALUES (11911, 161, 3136, 0, 61, 3135, 3103, 10, 1068047603, 1, 141, '', 0);
INSERT INTO ezsearch_object_word_link VALUES (11912, 161, 3103, 0, 62, 3136, 3136, 10, 1068047603, 1, 141, '', 0);
INSERT INTO ezsearch_object_word_link VALUES (11913, 161, 3136, 0, 63, 3103, 3137, 10, 1068047603, 1, 141, '', 0);
INSERT INTO ezsearch_object_word_link VALUES (11914, 161, 3137, 0, 64, 3136, 3138, 10, 1068047603, 1, 141, '', 0);
INSERT INTO ezsearch_object_word_link VALUES (11915, 161, 3138, 0, 65, 3137, 3098, 10, 1068047603, 1, 141, '', 0);
INSERT INTO ezsearch_object_word_link VALUES (11916, 161, 3098, 0, 66, 3138, 3121, 10, 1068047603, 1, 141, '', 0);
INSERT INTO ezsearch_object_word_link VALUES (11917, 161, 3121, 0, 67, 3098, 3139, 10, 1068047603, 1, 141, '', 0);
INSERT INTO ezsearch_object_word_link VALUES (11918, 161, 3139, 0, 68, 3121, 3140, 10, 1068047603, 1, 141, '', 0);
INSERT INTO ezsearch_object_word_link VALUES (11919, 161, 3140, 0, 69, 3139, 3103, 10, 1068047603, 1, 141, '', 0);
INSERT INTO ezsearch_object_word_link VALUES (11920, 161, 3103, 0, 70, 3140, 3090, 10, 1068047603, 1, 141, '', 0);
INSERT INTO ezsearch_object_word_link VALUES (11921, 161, 3090, 0, 71, 3103, 3141, 10, 1068047603, 1, 141, '', 0);
INSERT INTO ezsearch_object_word_link VALUES (11922, 161, 3141, 0, 72, 3090, 3142, 10, 1068047603, 1, 141, '', 0);
INSERT INTO ezsearch_object_word_link VALUES (11923, 161, 3142, 0, 73, 3141, 3143, 10, 1068047603, 1, 141, '', 0);
INSERT INTO ezsearch_object_word_link VALUES (11924, 161, 3143, 0, 74, 3142, 3144, 10, 1068047603, 1, 141, '', 0);
INSERT INTO ezsearch_object_word_link VALUES (11925, 161, 3144, 0, 75, 3143, 3145, 10, 1068047603, 1, 141, '', 0);
INSERT INTO ezsearch_object_word_link VALUES (11926, 161, 3145, 0, 76, 3144, 3098, 10, 1068047603, 1, 141, '', 0);
INSERT INTO ezsearch_object_word_link VALUES (11927, 161, 3098, 0, 77, 3145, 3116, 10, 1068047603, 1, 141, '', 0);
INSERT INTO ezsearch_object_word_link VALUES (11928, 161, 3116, 0, 78, 3098, 3146, 10, 1068047603, 1, 141, '', 0);
INSERT INTO ezsearch_object_word_link VALUES (11929, 161, 3146, 0, 79, 3116, 3147, 10, 1068047603, 1, 141, '', 0);
INSERT INTO ezsearch_object_word_link VALUES (11930, 161, 3147, 0, 80, 3146, 3148, 10, 1068047603, 1, 141, '', 0);
INSERT INTO ezsearch_object_word_link VALUES (11931, 161, 3148, 0, 81, 3147, 3149, 10, 1068047603, 1, 141, '', 0);
INSERT INTO ezsearch_object_word_link VALUES (11932, 161, 3149, 0, 82, 3148, 3150, 10, 1068047603, 1, 141, '', 0);
INSERT INTO ezsearch_object_word_link VALUES (11933, 161, 3150, 0, 83, 3149, 3151, 10, 1068047603, 1, 141, '', 0);
INSERT INTO ezsearch_object_word_link VALUES (11934, 161, 3151, 0, 84, 3150, 3152, 10, 1068047603, 1, 141, '', 0);
INSERT INTO ezsearch_object_word_link VALUES (11935, 161, 3152, 0, 85, 3151, 3103, 10, 1068047603, 1, 141, '', 0);
INSERT INTO ezsearch_object_word_link VALUES (11936, 161, 3103, 0, 86, 3152, 3152, 10, 1068047603, 1, 141, '', 0);
INSERT INTO ezsearch_object_word_link VALUES (11937, 161, 3152, 0, 87, 3103, 3153, 10, 1068047603, 1, 141, '', 0);
INSERT INTO ezsearch_object_word_link VALUES (11938, 161, 3153, 0, 88, 3152, 3154, 10, 1068047603, 1, 141, '', 0);
INSERT INTO ezsearch_object_word_link VALUES (11939, 161, 3154, 0, 89, 3153, 3124, 10, 1068047603, 1, 141, '', 0);
INSERT INTO ezsearch_object_word_link VALUES (11940, 161, 3124, 0, 90, 3154, 3155, 10, 1068047603, 1, 141, '', 0);
INSERT INTO ezsearch_object_word_link VALUES (11941, 161, 3155, 0, 91, 3124, 3156, 10, 1068047603, 1, 141, '', 0);
INSERT INTO ezsearch_object_word_link VALUES (11942, 161, 3156, 0, 92, 3155, 3122, 10, 1068047603, 1, 141, '', 0);
INSERT INTO ezsearch_object_word_link VALUES (11943, 161, 3122, 0, 93, 3156, 3157, 10, 1068047603, 1, 141, '', 0);
INSERT INTO ezsearch_object_word_link VALUES (11944, 161, 3157, 0, 94, 3122, 3158, 10, 1068047603, 1, 141, '', 0);
INSERT INTO ezsearch_object_word_link VALUES (11945, 161, 3158, 0, 95, 3157, 3159, 10, 1068047603, 1, 141, '', 0);
INSERT INTO ezsearch_object_word_link VALUES (11946, 161, 3159, 0, 96, 3158, 3160, 10, 1068047603, 1, 141, '', 0);
INSERT INTO ezsearch_object_word_link VALUES (11947, 161, 3160, 0, 97, 3159, 3161, 10, 1068047603, 1, 141, '', 0);
INSERT INTO ezsearch_object_word_link VALUES (11948, 161, 3161, 0, 98, 3160, 3162, 10, 1068047603, 1, 141, '', 0);
INSERT INTO ezsearch_object_word_link VALUES (11949, 161, 3162, 0, 99, 3161, 3111, 10, 1068047603, 1, 141, '', 0);
INSERT INTO ezsearch_object_word_link VALUES (11950, 161, 3111, 0, 100, 3162, 3163, 10, 1068047603, 1, 141, '', 0);
INSERT INTO ezsearch_object_word_link VALUES (11951, 161, 3163, 0, 101, 3111, 3164, 10, 1068047603, 1, 141, '', 0);
INSERT INTO ezsearch_object_word_link VALUES (11952, 161, 3164, 0, 102, 3163, 3165, 10, 1068047603, 1, 141, '', 0);
INSERT INTO ezsearch_object_word_link VALUES (11953, 161, 3165, 0, 103, 3164, 3166, 10, 1068047603, 1, 141, '', 0);
INSERT INTO ezsearch_object_word_link VALUES (11954, 161, 3166, 0, 104, 3165, 3156, 10, 1068047603, 1, 141, '', 0);
INSERT INTO ezsearch_object_word_link VALUES (11955, 161, 3156, 0, 105, 3166, 3107, 10, 1068047603, 1, 141, '', 0);
INSERT INTO ezsearch_object_word_link VALUES (11956, 161, 3107, 0, 106, 3156, 3167, 10, 1068047603, 1, 141, '', 0);
INSERT INTO ezsearch_object_word_link VALUES (11957, 161, 3167, 0, 107, 3107, 3129, 10, 1068047603, 1, 141, '', 0);
INSERT INTO ezsearch_object_word_link VALUES (11958, 161, 3129, 0, 108, 3167, 3098, 10, 1068047603, 1, 141, '', 0);
INSERT INTO ezsearch_object_word_link VALUES (11959, 161, 3098, 0, 109, 3129, 3139, 10, 1068047603, 1, 141, '', 0);
INSERT INTO ezsearch_object_word_link VALUES (11960, 161, 3139, 0, 110, 3098, 3123, 10, 1068047603, 1, 141, '', 0);
INSERT INTO ezsearch_object_word_link VALUES (11961, 161, 3123, 0, 111, 3139, 3118, 10, 1068047603, 1, 141, '', 0);
INSERT INTO ezsearch_object_word_link VALUES (11962, 161, 3118, 0, 112, 3123, 3090, 10, 1068047603, 1, 141, '', 0);
INSERT INTO ezsearch_object_word_link VALUES (11963, 161, 3090, 0, 113, 3118, 3168, 10, 1068047603, 1, 141, '', 0);
INSERT INTO ezsearch_object_word_link VALUES (11964, 161, 3168, 0, 114, 3090, 3169, 10, 1068047603, 1, 141, '', 0);
INSERT INTO ezsearch_object_word_link VALUES (11965, 161, 3169, 0, 115, 3168, 3103, 10, 1068047603, 1, 141, '', 0);
INSERT INTO ezsearch_object_word_link VALUES (11966, 161, 3103, 0, 116, 3169, 3103, 10, 1068047603, 1, 141, '', 0);
INSERT INTO ezsearch_object_word_link VALUES (11967, 161, 3103, 0, 117, 3103, 3154, 10, 1068047603, 1, 141, '', 0);
INSERT INTO ezsearch_object_word_link VALUES (11968, 161, 3154, 0, 118, 3103, 3139, 10, 1068047603, 1, 141, '', 0);
INSERT INTO ezsearch_object_word_link VALUES (11969, 161, 3139, 0, 119, 3154, 3109, 10, 1068047603, 1, 141, '', 0);
INSERT INTO ezsearch_object_word_link VALUES (11970, 161, 3109, 0, 120, 3139, 3170, 10, 1068047603, 1, 141, '', 0);
INSERT INTO ezsearch_object_word_link VALUES (11971, 161, 3170, 0, 121, 3109, 3171, 10, 1068047603, 1, 141, '', 0);
INSERT INTO ezsearch_object_word_link VALUES (11972, 161, 3171, 0, 122, 3170, 3098, 10, 1068047603, 1, 141, '', 0);
INSERT INTO ezsearch_object_word_link VALUES (11973, 161, 3098, 0, 123, 3171, 3172, 10, 1068047603, 1, 141, '', 0);
INSERT INTO ezsearch_object_word_link VALUES (11974, 161, 3172, 0, 124, 3098, 3173, 10, 1068047603, 1, 141, '', 0);
INSERT INTO ezsearch_object_word_link VALUES (11975, 161, 3173, 0, 125, 3172, 3174, 10, 1068047603, 1, 141, '', 0);
INSERT INTO ezsearch_object_word_link VALUES (11976, 161, 3174, 0, 126, 3173, 3175, 10, 1068047603, 1, 141, '', 0);
INSERT INTO ezsearch_object_word_link VALUES (11977, 161, 3175, 0, 127, 3174, 3176, 10, 1068047603, 1, 141, '', 0);
INSERT INTO ezsearch_object_word_link VALUES (11978, 161, 3176, 0, 128, 3175, 3109, 10, 1068047603, 1, 141, '', 0);
INSERT INTO ezsearch_object_word_link VALUES (11979, 161, 3109, 0, 129, 3176, 3141, 10, 1068047603, 1, 141, '', 0);
INSERT INTO ezsearch_object_word_link VALUES (11980, 161, 3141, 0, 130, 3109, 3177, 10, 1068047603, 1, 141, '', 0);
INSERT INTO ezsearch_object_word_link VALUES (11981, 161, 3177, 0, 131, 3141, 3103, 10, 1068047603, 1, 141, '', 0);
INSERT INTO ezsearch_object_word_link VALUES (11982, 161, 3103, 0, 132, 3177, 3143, 10, 1068047603, 1, 141, '', 0);
INSERT INTO ezsearch_object_word_link VALUES (11983, 161, 3143, 0, 133, 3103, 3178, 10, 1068047603, 1, 141, '', 0);
INSERT INTO ezsearch_object_word_link VALUES (11984, 161, 3178, 0, 134, 3143, 3092, 10, 1068047603, 1, 141, '', 0);
INSERT INTO ezsearch_object_word_link VALUES (11985, 161, 3092, 0, 135, 3178, 3124, 10, 1068047603, 1, 141, '', 0);
INSERT INTO ezsearch_object_word_link VALUES (11986, 161, 3124, 0, 136, 3092, 3131, 10, 1068047603, 1, 141, '', 0);
INSERT INTO ezsearch_object_word_link VALUES (11987, 161, 3131, 0, 137, 3124, 3164, 10, 1068047603, 1, 141, '', 0);
INSERT INTO ezsearch_object_word_link VALUES (11988, 161, 3164, 0, 138, 3131, 3147, 10, 1068047603, 1, 141, '', 0);
INSERT INTO ezsearch_object_word_link VALUES (11989, 161, 3147, 0, 139, 3164, 3127, 10, 1068047603, 1, 141, '', 0);
INSERT INTO ezsearch_object_word_link VALUES (11990, 161, 3127, 0, 140, 3147, 3121, 10, 1068047603, 1, 141, '', 0);
INSERT INTO ezsearch_object_word_link VALUES (11991, 161, 3121, 0, 141, 3127, 3179, 10, 1068047603, 1, 141, '', 0);
INSERT INTO ezsearch_object_word_link VALUES (11992, 161, 3179, 0, 142, 3121, 3143, 10, 1068047603, 1, 141, '', 0);
INSERT INTO ezsearch_object_word_link VALUES (11993, 161, 3143, 0, 143, 3179, 3139, 10, 1068047603, 1, 141, '', 0);
INSERT INTO ezsearch_object_word_link VALUES (11994, 161, 3139, 0, 144, 3143, 3180, 10, 1068047603, 1, 141, '', 0);
INSERT INTO ezsearch_object_word_link VALUES (11995, 161, 3180, 0, 145, 3139, 3112, 10, 1068047603, 1, 141, '', 0);
INSERT INTO ezsearch_object_word_link VALUES (11996, 161, 3112, 0, 146, 3180, 3181, 10, 1068047603, 1, 141, '', 0);
INSERT INTO ezsearch_object_word_link VALUES (11997, 161, 3181, 0, 147, 3112, 3182, 10, 1068047603, 1, 141, '', 0);
INSERT INTO ezsearch_object_word_link VALUES (11998, 161, 3182, 0, 148, 3181, 3149, 10, 1068047603, 1, 141, '', 0);
INSERT INTO ezsearch_object_word_link VALUES (11999, 161, 3149, 0, 149, 3182, 3110, 10, 1068047603, 1, 141, '', 0);
INSERT INTO ezsearch_object_word_link VALUES (12000, 161, 3110, 0, 150, 3149, 3183, 10, 1068047603, 1, 141, '', 0);
INSERT INTO ezsearch_object_word_link VALUES (12001, 161, 3183, 0, 151, 3110, 3156, 10, 1068047603, 1, 141, '', 0);
INSERT INTO ezsearch_object_word_link VALUES (12002, 161, 3156, 0, 152, 3183, 3130, 10, 1068047603, 1, 141, '', 0);
INSERT INTO ezsearch_object_word_link VALUES (12003, 161, 3130, 0, 153, 3156, 3168, 10, 1068047603, 1, 141, '', 0);
INSERT INTO ezsearch_object_word_link VALUES (12004, 161, 3168, 0, 154, 3130, 3102, 10, 1068047603, 1, 141, '', 0);
INSERT INTO ezsearch_object_word_link VALUES (12005, 161, 3102, 0, 155, 3168, 3171, 10, 1068047603, 1, 141, '', 0);
INSERT INTO ezsearch_object_word_link VALUES (12006, 161, 3171, 0, 156, 3102, 3165, 10, 1068047603, 1, 141, '', 0);
INSERT INTO ezsearch_object_word_link VALUES (12007, 161, 3165, 0, 157, 3171, 3120, 10, 1068047603, 1, 141, '', 0);
INSERT INTO ezsearch_object_word_link VALUES (12008, 161, 3120, 0, 158, 3165, 3184, 10, 1068047603, 1, 141, '', 0);
INSERT INTO ezsearch_object_word_link VALUES (12009, 161, 3184, 0, 159, 3120, 3130, 10, 1068047603, 1, 141, '', 0);
INSERT INTO ezsearch_object_word_link VALUES (12010, 161, 3130, 0, 160, 3184, 3159, 10, 1068047603, 1, 141, '', 0);
INSERT INTO ezsearch_object_word_link VALUES (12011, 161, 3159, 0, 161, 3130, 3185, 10, 1068047603, 1, 141, '', 0);
INSERT INTO ezsearch_object_word_link VALUES (12012, 161, 3185, 0, 162, 3159, 3186, 10, 1068047603, 1, 141, '', 0);
INSERT INTO ezsearch_object_word_link VALUES (12013, 161, 3186, 0, 163, 3185, 3106, 10, 1068047603, 1, 141, '', 0);
INSERT INTO ezsearch_object_word_link VALUES (12014, 161, 3106, 0, 164, 3186, 3149, 10, 1068047603, 1, 141, '', 0);
INSERT INTO ezsearch_object_word_link VALUES (12015, 161, 3149, 0, 165, 3106, 3138, 10, 1068047603, 1, 141, '', 0);
INSERT INTO ezsearch_object_word_link VALUES (12016, 161, 3138, 0, 166, 3149, 3159, 10, 1068047603, 1, 141, '', 0);
INSERT INTO ezsearch_object_word_link VALUES (12017, 161, 3159, 0, 167, 3138, 3092, 10, 1068047603, 1, 141, '', 0);
INSERT INTO ezsearch_object_word_link VALUES (12018, 161, 3092, 0, 168, 3159, 3187, 10, 1068047603, 1, 141, '', 0);
INSERT INTO ezsearch_object_word_link VALUES (12019, 161, 3187, 0, 169, 3092, 3109, 10, 1068047603, 1, 141, '', 0);
INSERT INTO ezsearch_object_word_link VALUES (12020, 161, 3109, 0, 170, 3187, 3168, 10, 1068047603, 1, 141, '', 0);
INSERT INTO ezsearch_object_word_link VALUES (12021, 161, 3168, 0, 171, 3109, 3111, 10, 1068047603, 1, 141, '', 0);
INSERT INTO ezsearch_object_word_link VALUES (12022, 161, 3111, 0, 172, 3168, 3123, 10, 1068047603, 1, 141, '', 0);
INSERT INTO ezsearch_object_word_link VALUES (12023, 161, 3123, 0, 173, 3111, 3188, 10, 1068047603, 1, 141, '', 0);
INSERT INTO ezsearch_object_word_link VALUES (12024, 161, 3188, 0, 174, 3123, 3096, 10, 1068047603, 1, 141, '', 0);
INSERT INTO ezsearch_object_word_link VALUES (12025, 161, 3096, 0, 175, 3188, 3151, 10, 1068047603, 1, 141, '', 0);
INSERT INTO ezsearch_object_word_link VALUES (12026, 161, 3151, 0, 176, 3096, 3109, 10, 1068047603, 1, 141, '', 0);
INSERT INTO ezsearch_object_word_link VALUES (12027, 161, 3109, 0, 177, 3151, 3189, 10, 1068047603, 1, 141, '', 0);
INSERT INTO ezsearch_object_word_link VALUES (12028, 161, 3189, 0, 178, 3109, 3190, 10, 1068047603, 1, 141, '', 0);
INSERT INTO ezsearch_object_word_link VALUES (12029, 161, 3190, 0, 179, 3189, 3191, 10, 1068047603, 1, 141, '', 0);
INSERT INTO ezsearch_object_word_link VALUES (12030, 161, 3191, 0, 180, 3190, 3192, 10, 1068047603, 1, 141, '', 0);
INSERT INTO ezsearch_object_word_link VALUES (12031, 161, 3192, 0, 181, 3191, 3159, 10, 1068047603, 1, 141, '', 0);
INSERT INTO ezsearch_object_word_link VALUES (12032, 161, 3159, 0, 182, 3192, 3113, 10, 1068047603, 1, 141, '', 0);
INSERT INTO ezsearch_object_word_link VALUES (12033, 161, 3113, 0, 183, 3159, 3117, 10, 1068047603, 1, 141, '', 0);
INSERT INTO ezsearch_object_word_link VALUES (12034, 161, 3117, 0, 184, 3113, 3193, 10, 1068047603, 1, 141, '', 0);
INSERT INTO ezsearch_object_word_link VALUES (12035, 161, 3193, 0, 185, 3117, 3163, 10, 1068047603, 1, 141, '', 0);
INSERT INTO ezsearch_object_word_link VALUES (12036, 161, 3163, 0, 186, 3193, 3168, 10, 1068047603, 1, 141, '', 0);
INSERT INTO ezsearch_object_word_link VALUES (12037, 161, 3168, 0, 187, 3163, 3116, 10, 1068047603, 1, 141, '', 0);
INSERT INTO ezsearch_object_word_link VALUES (12038, 161, 3116, 0, 188, 3168, 3097, 10, 1068047603, 1, 141, '', 0);
INSERT INTO ezsearch_object_word_link VALUES (12039, 161, 3097, 0, 189, 3116, 3194, 10, 1068047603, 1, 141, '', 0);
INSERT INTO ezsearch_object_word_link VALUES (12040, 161, 3194, 0, 190, 3097, 3195, 10, 1068047603, 1, 141, '', 0);
INSERT INTO ezsearch_object_word_link VALUES (12041, 161, 3195, 0, 191, 3194, 3196, 10, 1068047603, 1, 141, '', 0);
INSERT INTO ezsearch_object_word_link VALUES (12042, 161, 3196, 0, 192, 3195, 3166, 10, 1068047603, 1, 141, '', 0);
INSERT INTO ezsearch_object_word_link VALUES (12043, 161, 3166, 0, 193, 3196, 3177, 10, 1068047603, 1, 141, '', 0);
INSERT INTO ezsearch_object_word_link VALUES (12044, 161, 3177, 0, 194, 3166, 3149, 10, 1068047603, 1, 141, '', 0);
INSERT INTO ezsearch_object_word_link VALUES (12045, 161, 3149, 0, 195, 3177, 3109, 10, 1068047603, 1, 141, '', 0);
INSERT INTO ezsearch_object_word_link VALUES (12046, 161, 3109, 0, 196, 3149, 3090, 10, 1068047603, 1, 141, '', 0);
INSERT INTO ezsearch_object_word_link VALUES (12047, 161, 3090, 0, 197, 3109, 3091, 10, 1068047603, 1, 141, '', 0);
INSERT INTO ezsearch_object_word_link VALUES (12048, 161, 3091, 0, 198, 3090, 3092, 10, 1068047603, 1, 141, '', 0);
INSERT INTO ezsearch_object_word_link VALUES (12049, 161, 3092, 0, 199, 3091, 3093, 10, 1068047603, 1, 141, '', 0);
INSERT INTO ezsearch_object_word_link VALUES (12050, 161, 3093, 0, 200, 3092, 3094, 10, 1068047603, 1, 141, '', 0);
INSERT INTO ezsearch_object_word_link VALUES (12051, 161, 3094, 0, 201, 3093, 3095, 10, 1068047603, 1, 141, '', 0);
INSERT INTO ezsearch_object_word_link VALUES (12052, 161, 3095, 0, 202, 3094, 3096, 10, 1068047603, 1, 141, '', 0);
INSERT INTO ezsearch_object_word_link VALUES (12053, 161, 3096, 0, 203, 3095, 3097, 10, 1068047603, 1, 141, '', 0);
INSERT INTO ezsearch_object_word_link VALUES (12054, 161, 3097, 0, 204, 3096, 3098, 10, 1068047603, 1, 141, '', 0);
INSERT INTO ezsearch_object_word_link VALUES (12055, 161, 3098, 0, 205, 3097, 3093, 10, 1068047603, 1, 141, '', 0);
INSERT INTO ezsearch_object_word_link VALUES (12056, 161, 3093, 0, 206, 3098, 3094, 10, 1068047603, 1, 141, '', 0);
INSERT INTO ezsearch_object_word_link VALUES (12057, 161, 3094, 0, 207, 3093, 3099, 10, 1068047603, 1, 141, '', 0);
INSERT INTO ezsearch_object_word_link VALUES (12058, 161, 3099, 0, 208, 3094, 3100, 10, 1068047603, 1, 141, '', 0);
INSERT INTO ezsearch_object_word_link VALUES (12059, 161, 3100, 0, 209, 3099, 3101, 10, 1068047603, 1, 141, '', 0);
INSERT INTO ezsearch_object_word_link VALUES (12060, 161, 3101, 0, 210, 3100, 3102, 10, 1068047603, 1, 141, '', 0);
INSERT INTO ezsearch_object_word_link VALUES (12061, 161, 3102, 0, 211, 3101, 3103, 10, 1068047603, 1, 141, '', 0);
INSERT INTO ezsearch_object_word_link VALUES (12062, 161, 3103, 0, 212, 3102, 3096, 10, 1068047603, 1, 141, '', 0);
INSERT INTO ezsearch_object_word_link VALUES (12063, 161, 3096, 0, 213, 3103, 3104, 10, 1068047603, 1, 141, '', 0);
INSERT INTO ezsearch_object_word_link VALUES (12064, 161, 3104, 0, 214, 3096, 3105, 10, 1068047603, 1, 141, '', 0);
INSERT INTO ezsearch_object_word_link VALUES (12065, 161, 3105, 0, 215, 3104, 3106, 10, 1068047603, 1, 141, '', 0);
INSERT INTO ezsearch_object_word_link VALUES (12066, 161, 3106, 0, 216, 3105, 3107, 10, 1068047603, 1, 141, '', 0);
INSERT INTO ezsearch_object_word_link VALUES (12067, 161, 3107, 0, 217, 3106, 3099, 10, 1068047603, 1, 141, '', 0);
INSERT INTO ezsearch_object_word_link VALUES (12068, 161, 3099, 0, 218, 3107, 3098, 10, 1068047603, 1, 141, '', 0);
INSERT INTO ezsearch_object_word_link VALUES (12069, 161, 3098, 0, 219, 3099, 3108, 10, 1068047603, 1, 141, '', 0);
INSERT INTO ezsearch_object_word_link VALUES (12070, 161, 3108, 0, 220, 3098, 3109, 10, 1068047603, 1, 141, '', 0);
INSERT INTO ezsearch_object_word_link VALUES (12071, 161, 3109, 0, 221, 3108, 3110, 10, 1068047603, 1, 141, '', 0);
INSERT INTO ezsearch_object_word_link VALUES (12072, 161, 3110, 0, 222, 3109, 3111, 10, 1068047603, 1, 141, '', 0);
INSERT INTO ezsearch_object_word_link VALUES (12073, 161, 3111, 0, 223, 3110, 3112, 10, 1068047603, 1, 141, '', 0);
INSERT INTO ezsearch_object_word_link VALUES (12074, 161, 3112, 0, 224, 3111, 3113, 10, 1068047603, 1, 141, '', 0);
INSERT INTO ezsearch_object_word_link VALUES (12075, 161, 3113, 0, 225, 3112, 3114, 10, 1068047603, 1, 141, '', 0);
INSERT INTO ezsearch_object_word_link VALUES (12076, 161, 3114, 0, 226, 3113, 3115, 10, 1068047603, 1, 141, '', 0);
INSERT INTO ezsearch_object_word_link VALUES (12077, 161, 3115, 0, 227, 3114, 3099, 10, 1068047603, 1, 141, '', 0);
INSERT INTO ezsearch_object_word_link VALUES (12078, 161, 3099, 0, 228, 3115, 3116, 10, 1068047603, 1, 141, '', 0);
INSERT INTO ezsearch_object_word_link VALUES (12079, 161, 3116, 0, 229, 3099, 3117, 10, 1068047603, 1, 141, '', 0);
INSERT INTO ezsearch_object_word_link VALUES (12080, 161, 3117, 0, 230, 3116, 3118, 10, 1068047603, 1, 141, '', 0);
INSERT INTO ezsearch_object_word_link VALUES (12081, 161, 3118, 0, 231, 3117, 3119, 10, 1068047603, 1, 141, '', 0);
INSERT INTO ezsearch_object_word_link VALUES (12082, 161, 3119, 0, 232, 3118, 3120, 10, 1068047603, 1, 141, '', 0);
INSERT INTO ezsearch_object_word_link VALUES (12083, 161, 3120, 0, 233, 3119, 3121, 10, 1068047603, 1, 141, '', 0);
INSERT INTO ezsearch_object_word_link VALUES (12084, 161, 3121, 0, 234, 3120, 3122, 10, 1068047603, 1, 141, '', 0);
INSERT INTO ezsearch_object_word_link VALUES (12085, 161, 3122, 0, 235, 3121, 3123, 10, 1068047603, 1, 141, '', 0);
INSERT INTO ezsearch_object_word_link VALUES (12086, 161, 3123, 0, 236, 3122, 3124, 10, 1068047603, 1, 141, '', 0);
INSERT INTO ezsearch_object_word_link VALUES (12087, 161, 3124, 0, 237, 3123, 3125, 10, 1068047603, 1, 141, '', 0);
INSERT INTO ezsearch_object_word_link VALUES (12088, 161, 3125, 0, 238, 3124, 3126, 10, 1068047603, 1, 141, '', 0);
INSERT INTO ezsearch_object_word_link VALUES (12089, 161, 3126, 0, 239, 3125, 3127, 10, 1068047603, 1, 141, '', 0);
INSERT INTO ezsearch_object_word_link VALUES (12090, 161, 3127, 0, 240, 3126, 3128, 10, 1068047603, 1, 141, '', 0);
INSERT INTO ezsearch_object_word_link VALUES (12091, 161, 3128, 0, 241, 3127, 3129, 10, 1068047603, 1, 141, '', 0);
INSERT INTO ezsearch_object_word_link VALUES (12092, 161, 3129, 0, 242, 3128, 3109, 10, 1068047603, 1, 141, '', 0);
INSERT INTO ezsearch_object_word_link VALUES (12093, 161, 3109, 0, 243, 3129, 3097, 10, 1068047603, 1, 141, '', 0);
INSERT INTO ezsearch_object_word_link VALUES (12094, 161, 3097, 0, 244, 3109, 3130, 10, 1068047603, 1, 141, '', 0);
INSERT INTO ezsearch_object_word_link VALUES (12095, 161, 3130, 0, 245, 3097, 3131, 10, 1068047603, 1, 141, '', 0);
INSERT INTO ezsearch_object_word_link VALUES (12096, 161, 3131, 0, 246, 3130, 3132, 10, 1068047603, 1, 141, '', 0);
INSERT INTO ezsearch_object_word_link VALUES (12097, 161, 3132, 0, 247, 3131, 3133, 10, 1068047603, 1, 141, '', 0);
INSERT INTO ezsearch_object_word_link VALUES (12098, 161, 3133, 0, 248, 3132, 3110, 10, 1068047603, 1, 141, '', 0);
INSERT INTO ezsearch_object_word_link VALUES (12099, 161, 3110, 0, 249, 3133, 3134, 10, 1068047603, 1, 141, '', 0);
INSERT INTO ezsearch_object_word_link VALUES (12100, 161, 3134, 0, 250, 3110, 3135, 10, 1068047603, 1, 141, '', 0);
INSERT INTO ezsearch_object_word_link VALUES (12101, 161, 3135, 0, 251, 3134, 3136, 10, 1068047603, 1, 141, '', 0);
INSERT INTO ezsearch_object_word_link VALUES (12102, 161, 3136, 0, 252, 3135, 3103, 10, 1068047603, 1, 141, '', 0);
INSERT INTO ezsearch_object_word_link VALUES (12103, 161, 3103, 0, 253, 3136, 3136, 10, 1068047603, 1, 141, '', 0);
INSERT INTO ezsearch_object_word_link VALUES (12104, 161, 3136, 0, 254, 3103, 3137, 10, 1068047603, 1, 141, '', 0);
INSERT INTO ezsearch_object_word_link VALUES (12105, 161, 3137, 0, 255, 3136, 3138, 10, 1068047603, 1, 141, '', 0);
INSERT INTO ezsearch_object_word_link VALUES (12106, 161, 3138, 0, 256, 3137, 3098, 10, 1068047603, 1, 141, '', 0);
INSERT INTO ezsearch_object_word_link VALUES (12107, 161, 3098, 0, 257, 3138, 3121, 10, 1068047603, 1, 141, '', 0);
INSERT INTO ezsearch_object_word_link VALUES (12108, 161, 3121, 0, 258, 3098, 3139, 10, 1068047603, 1, 141, '', 0);
INSERT INTO ezsearch_object_word_link VALUES (12109, 161, 3139, 0, 259, 3121, 3140, 10, 1068047603, 1, 141, '', 0);
INSERT INTO ezsearch_object_word_link VALUES (12110, 161, 3140, 0, 260, 3139, 3103, 10, 1068047603, 1, 141, '', 0);
INSERT INTO ezsearch_object_word_link VALUES (12111, 161, 3103, 0, 261, 3140, 3090, 10, 1068047603, 1, 141, '', 0);
INSERT INTO ezsearch_object_word_link VALUES (12112, 161, 3090, 0, 262, 3103, 3141, 10, 1068047603, 1, 141, '', 0);
INSERT INTO ezsearch_object_word_link VALUES (12113, 161, 3141, 0, 263, 3090, 3142, 10, 1068047603, 1, 141, '', 0);
INSERT INTO ezsearch_object_word_link VALUES (12114, 161, 3142, 0, 264, 3141, 3143, 10, 1068047603, 1, 141, '', 0);
INSERT INTO ezsearch_object_word_link VALUES (12115, 161, 3143, 0, 265, 3142, 3144, 10, 1068047603, 1, 141, '', 0);
INSERT INTO ezsearch_object_word_link VALUES (12116, 161, 3144, 0, 266, 3143, 3145, 10, 1068047603, 1, 141, '', 0);
INSERT INTO ezsearch_object_word_link VALUES (12117, 161, 3145, 0, 267, 3144, 3098, 10, 1068047603, 1, 141, '', 0);
INSERT INTO ezsearch_object_word_link VALUES (12118, 161, 3098, 0, 268, 3145, 3116, 10, 1068047603, 1, 141, '', 0);
INSERT INTO ezsearch_object_word_link VALUES (12119, 161, 3116, 0, 269, 3098, 3146, 10, 1068047603, 1, 141, '', 0);
INSERT INTO ezsearch_object_word_link VALUES (12120, 161, 3146, 0, 270, 3116, 3147, 10, 1068047603, 1, 141, '', 0);
INSERT INTO ezsearch_object_word_link VALUES (12121, 161, 3147, 0, 271, 3146, 3148, 10, 1068047603, 1, 141, '', 0);
INSERT INTO ezsearch_object_word_link VALUES (12122, 161, 3148, 0, 272, 3147, 3149, 10, 1068047603, 1, 141, '', 0);
INSERT INTO ezsearch_object_word_link VALUES (12123, 161, 3149, 0, 273, 3148, 3150, 10, 1068047603, 1, 141, '', 0);
INSERT INTO ezsearch_object_word_link VALUES (12124, 161, 3150, 0, 274, 3149, 3151, 10, 1068047603, 1, 141, '', 0);
INSERT INTO ezsearch_object_word_link VALUES (12125, 161, 3151, 0, 275, 3150, 3152, 10, 1068047603, 1, 141, '', 0);
INSERT INTO ezsearch_object_word_link VALUES (12126, 161, 3152, 0, 276, 3151, 3103, 10, 1068047603, 1, 141, '', 0);
INSERT INTO ezsearch_object_word_link VALUES (12127, 161, 3103, 0, 277, 3152, 3152, 10, 1068047603, 1, 141, '', 0);
INSERT INTO ezsearch_object_word_link VALUES (12128, 161, 3152, 0, 278, 3103, 3153, 10, 1068047603, 1, 141, '', 0);
INSERT INTO ezsearch_object_word_link VALUES (12129, 161, 3153, 0, 279, 3152, 3154, 10, 1068047603, 1, 141, '', 0);
INSERT INTO ezsearch_object_word_link VALUES (12130, 161, 3154, 0, 280, 3153, 3124, 10, 1068047603, 1, 141, '', 0);
INSERT INTO ezsearch_object_word_link VALUES (12131, 161, 3124, 0, 281, 3154, 3155, 10, 1068047603, 1, 141, '', 0);
INSERT INTO ezsearch_object_word_link VALUES (12132, 161, 3155, 0, 282, 3124, 3156, 10, 1068047603, 1, 141, '', 0);
INSERT INTO ezsearch_object_word_link VALUES (12133, 161, 3156, 0, 283, 3155, 3122, 10, 1068047603, 1, 141, '', 0);
INSERT INTO ezsearch_object_word_link VALUES (12134, 161, 3122, 0, 284, 3156, 3157, 10, 1068047603, 1, 141, '', 0);
INSERT INTO ezsearch_object_word_link VALUES (12135, 161, 3157, 0, 285, 3122, 3158, 10, 1068047603, 1, 141, '', 0);
INSERT INTO ezsearch_object_word_link VALUES (12136, 161, 3158, 0, 286, 3157, 3159, 10, 1068047603, 1, 141, '', 0);
INSERT INTO ezsearch_object_word_link VALUES (12137, 161, 3159, 0, 287, 3158, 3160, 10, 1068047603, 1, 141, '', 0);
INSERT INTO ezsearch_object_word_link VALUES (12138, 161, 3160, 0, 288, 3159, 3161, 10, 1068047603, 1, 141, '', 0);
INSERT INTO ezsearch_object_word_link VALUES (12139, 161, 3161, 0, 289, 3160, 3162, 10, 1068047603, 1, 141, '', 0);
INSERT INTO ezsearch_object_word_link VALUES (12140, 161, 3162, 0, 290, 3161, 3111, 10, 1068047603, 1, 141, '', 0);
INSERT INTO ezsearch_object_word_link VALUES (12141, 161, 3111, 0, 291, 3162, 3163, 10, 1068047603, 1, 141, '', 0);
INSERT INTO ezsearch_object_word_link VALUES (12142, 161, 3163, 0, 292, 3111, 3164, 10, 1068047603, 1, 141, '', 0);
INSERT INTO ezsearch_object_word_link VALUES (12143, 161, 3164, 0, 293, 3163, 3165, 10, 1068047603, 1, 141, '', 0);
INSERT INTO ezsearch_object_word_link VALUES (12144, 161, 3165, 0, 294, 3164, 3166, 10, 1068047603, 1, 141, '', 0);
INSERT INTO ezsearch_object_word_link VALUES (12145, 161, 3166, 0, 295, 3165, 3156, 10, 1068047603, 1, 141, '', 0);
INSERT INTO ezsearch_object_word_link VALUES (12146, 161, 3156, 0, 296, 3166, 3107, 10, 1068047603, 1, 141, '', 0);
INSERT INTO ezsearch_object_word_link VALUES (12147, 161, 3107, 0, 297, 3156, 3167, 10, 1068047603, 1, 141, '', 0);
INSERT INTO ezsearch_object_word_link VALUES (12148, 161, 3167, 0, 298, 3107, 3129, 10, 1068047603, 1, 141, '', 0);
INSERT INTO ezsearch_object_word_link VALUES (12149, 161, 3129, 0, 299, 3167, 3098, 10, 1068047603, 1, 141, '', 0);
INSERT INTO ezsearch_object_word_link VALUES (12150, 161, 3098, 0, 300, 3129, 3139, 10, 1068047603, 1, 141, '', 0);
INSERT INTO ezsearch_object_word_link VALUES (12151, 161, 3139, 0, 301, 3098, 3123, 10, 1068047603, 1, 141, '', 0);
INSERT INTO ezsearch_object_word_link VALUES (12152, 161, 3123, 0, 302, 3139, 3118, 10, 1068047603, 1, 141, '', 0);
INSERT INTO ezsearch_object_word_link VALUES (12153, 161, 3118, 0, 303, 3123, 3090, 10, 1068047603, 1, 141, '', 0);
INSERT INTO ezsearch_object_word_link VALUES (12154, 161, 3090, 0, 304, 3118, 3168, 10, 1068047603, 1, 141, '', 0);
INSERT INTO ezsearch_object_word_link VALUES (12155, 161, 3168, 0, 305, 3090, 3169, 10, 1068047603, 1, 141, '', 0);
INSERT INTO ezsearch_object_word_link VALUES (12156, 161, 3169, 0, 306, 3168, 3103, 10, 1068047603, 1, 141, '', 0);
INSERT INTO ezsearch_object_word_link VALUES (12157, 161, 3103, 0, 307, 3169, 3103, 10, 1068047603, 1, 141, '', 0);
INSERT INTO ezsearch_object_word_link VALUES (12158, 161, 3103, 0, 308, 3103, 3154, 10, 1068047603, 1, 141, '', 0);
INSERT INTO ezsearch_object_word_link VALUES (12159, 161, 3154, 0, 309, 3103, 3139, 10, 1068047603, 1, 141, '', 0);
INSERT INTO ezsearch_object_word_link VALUES (12160, 161, 3139, 0, 310, 3154, 3109, 10, 1068047603, 1, 141, '', 0);
INSERT INTO ezsearch_object_word_link VALUES (12161, 161, 3109, 0, 311, 3139, 3170, 10, 1068047603, 1, 141, '', 0);
INSERT INTO ezsearch_object_word_link VALUES (12162, 161, 3170, 0, 312, 3109, 3171, 10, 1068047603, 1, 141, '', 0);
INSERT INTO ezsearch_object_word_link VALUES (12163, 161, 3171, 0, 313, 3170, 3098, 10, 1068047603, 1, 141, '', 0);
INSERT INTO ezsearch_object_word_link VALUES (12164, 161, 3098, 0, 314, 3171, 3172, 10, 1068047603, 1, 141, '', 0);
INSERT INTO ezsearch_object_word_link VALUES (12165, 161, 3172, 0, 315, 3098, 3173, 10, 1068047603, 1, 141, '', 0);
INSERT INTO ezsearch_object_word_link VALUES (12166, 161, 3173, 0, 316, 3172, 3174, 10, 1068047603, 1, 141, '', 0);
INSERT INTO ezsearch_object_word_link VALUES (12167, 161, 3174, 0, 317, 3173, 3175, 10, 1068047603, 1, 141, '', 0);
INSERT INTO ezsearch_object_word_link VALUES (12168, 161, 3175, 0, 318, 3174, 3176, 10, 1068047603, 1, 141, '', 0);
INSERT INTO ezsearch_object_word_link VALUES (12169, 161, 3176, 0, 319, 3175, 3109, 10, 1068047603, 1, 141, '', 0);
INSERT INTO ezsearch_object_word_link VALUES (12170, 161, 3109, 0, 320, 3176, 3141, 10, 1068047603, 1, 141, '', 0);
INSERT INTO ezsearch_object_word_link VALUES (12171, 161, 3141, 0, 321, 3109, 3177, 10, 1068047603, 1, 141, '', 0);
INSERT INTO ezsearch_object_word_link VALUES (12172, 161, 3177, 0, 322, 3141, 3103, 10, 1068047603, 1, 141, '', 0);
INSERT INTO ezsearch_object_word_link VALUES (12173, 161, 3103, 0, 323, 3177, 3143, 10, 1068047603, 1, 141, '', 0);
INSERT INTO ezsearch_object_word_link VALUES (12174, 161, 3143, 0, 324, 3103, 3178, 10, 1068047603, 1, 141, '', 0);
INSERT INTO ezsearch_object_word_link VALUES (12175, 161, 3178, 0, 325, 3143, 3092, 10, 1068047603, 1, 141, '', 0);
INSERT INTO ezsearch_object_word_link VALUES (12176, 161, 3092, 0, 326, 3178, 3124, 10, 1068047603, 1, 141, '', 0);
INSERT INTO ezsearch_object_word_link VALUES (12177, 161, 3124, 0, 327, 3092, 3131, 10, 1068047603, 1, 141, '', 0);
INSERT INTO ezsearch_object_word_link VALUES (12178, 161, 3131, 0, 328, 3124, 3164, 10, 1068047603, 1, 141, '', 0);
INSERT INTO ezsearch_object_word_link VALUES (12179, 161, 3164, 0, 329, 3131, 3147, 10, 1068047603, 1, 141, '', 0);
INSERT INTO ezsearch_object_word_link VALUES (12180, 161, 3147, 0, 330, 3164, 3127, 10, 1068047603, 1, 141, '', 0);
INSERT INTO ezsearch_object_word_link VALUES (12181, 161, 3127, 0, 331, 3147, 3121, 10, 1068047603, 1, 141, '', 0);
INSERT INTO ezsearch_object_word_link VALUES (12182, 161, 3121, 0, 332, 3127, 3179, 10, 1068047603, 1, 141, '', 0);
INSERT INTO ezsearch_object_word_link VALUES (12183, 161, 3179, 0, 333, 3121, 3143, 10, 1068047603, 1, 141, '', 0);
INSERT INTO ezsearch_object_word_link VALUES (12184, 161, 3143, 0, 334, 3179, 3139, 10, 1068047603, 1, 141, '', 0);
INSERT INTO ezsearch_object_word_link VALUES (12185, 161, 3139, 0, 335, 3143, 3180, 10, 1068047603, 1, 141, '', 0);
INSERT INTO ezsearch_object_word_link VALUES (12186, 161, 3180, 0, 336, 3139, 3112, 10, 1068047603, 1, 141, '', 0);
INSERT INTO ezsearch_object_word_link VALUES (12187, 161, 3112, 0, 337, 3180, 3181, 10, 1068047603, 1, 141, '', 0);
INSERT INTO ezsearch_object_word_link VALUES (12188, 161, 3181, 0, 338, 3112, 3182, 10, 1068047603, 1, 141, '', 0);
INSERT INTO ezsearch_object_word_link VALUES (12189, 161, 3182, 0, 339, 3181, 3149, 10, 1068047603, 1, 141, '', 0);
INSERT INTO ezsearch_object_word_link VALUES (12190, 161, 3149, 0, 340, 3182, 3110, 10, 1068047603, 1, 141, '', 0);
INSERT INTO ezsearch_object_word_link VALUES (12191, 161, 3110, 0, 341, 3149, 3183, 10, 1068047603, 1, 141, '', 0);
INSERT INTO ezsearch_object_word_link VALUES (12192, 161, 3183, 0, 342, 3110, 3156, 10, 1068047603, 1, 141, '', 0);
INSERT INTO ezsearch_object_word_link VALUES (12193, 161, 3156, 0, 343, 3183, 3130, 10, 1068047603, 1, 141, '', 0);
INSERT INTO ezsearch_object_word_link VALUES (12194, 161, 3130, 0, 344, 3156, 3168, 10, 1068047603, 1, 141, '', 0);
INSERT INTO ezsearch_object_word_link VALUES (12195, 161, 3168, 0, 345, 3130, 3102, 10, 1068047603, 1, 141, '', 0);
INSERT INTO ezsearch_object_word_link VALUES (12196, 161, 3102, 0, 346, 3168, 3171, 10, 1068047603, 1, 141, '', 0);
INSERT INTO ezsearch_object_word_link VALUES (12197, 161, 3171, 0, 347, 3102, 3165, 10, 1068047603, 1, 141, '', 0);
INSERT INTO ezsearch_object_word_link VALUES (12198, 161, 3165, 0, 348, 3171, 3120, 10, 1068047603, 1, 141, '', 0);
INSERT INTO ezsearch_object_word_link VALUES (12199, 161, 3120, 0, 349, 3165, 3184, 10, 1068047603, 1, 141, '', 0);
INSERT INTO ezsearch_object_word_link VALUES (12200, 161, 3184, 0, 350, 3120, 3130, 10, 1068047603, 1, 141, '', 0);
INSERT INTO ezsearch_object_word_link VALUES (12201, 161, 3130, 0, 351, 3184, 3159, 10, 1068047603, 1, 141, '', 0);
INSERT INTO ezsearch_object_word_link VALUES (12202, 161, 3159, 0, 352, 3130, 3185, 10, 1068047603, 1, 141, '', 0);
INSERT INTO ezsearch_object_word_link VALUES (12203, 161, 3185, 0, 353, 3159, 3186, 10, 1068047603, 1, 141, '', 0);
INSERT INTO ezsearch_object_word_link VALUES (12204, 161, 3186, 0, 354, 3185, 3106, 10, 1068047603, 1, 141, '', 0);
INSERT INTO ezsearch_object_word_link VALUES (12205, 161, 3106, 0, 355, 3186, 3149, 10, 1068047603, 1, 141, '', 0);
INSERT INTO ezsearch_object_word_link VALUES (12206, 161, 3149, 0, 356, 3106, 3138, 10, 1068047603, 1, 141, '', 0);
INSERT INTO ezsearch_object_word_link VALUES (12207, 161, 3138, 0, 357, 3149, 3159, 10, 1068047603, 1, 141, '', 0);
INSERT INTO ezsearch_object_word_link VALUES (12208, 161, 3159, 0, 358, 3138, 3092, 10, 1068047603, 1, 141, '', 0);
INSERT INTO ezsearch_object_word_link VALUES (12209, 161, 3092, 0, 359, 3159, 3187, 10, 1068047603, 1, 141, '', 0);
INSERT INTO ezsearch_object_word_link VALUES (12210, 161, 3187, 0, 360, 3092, 3109, 10, 1068047603, 1, 141, '', 0);
INSERT INTO ezsearch_object_word_link VALUES (12211, 161, 3109, 0, 361, 3187, 3168, 10, 1068047603, 1, 141, '', 0);
INSERT INTO ezsearch_object_word_link VALUES (12212, 161, 3168, 0, 362, 3109, 3111, 10, 1068047603, 1, 141, '', 0);
INSERT INTO ezsearch_object_word_link VALUES (12213, 161, 3111, 0, 363, 3168, 3123, 10, 1068047603, 1, 141, '', 0);
INSERT INTO ezsearch_object_word_link VALUES (12214, 161, 3123, 0, 364, 3111, 3188, 10, 1068047603, 1, 141, '', 0);
INSERT INTO ezsearch_object_word_link VALUES (12215, 161, 3188, 0, 365, 3123, 3096, 10, 1068047603, 1, 141, '', 0);
INSERT INTO ezsearch_object_word_link VALUES (12216, 161, 3096, 0, 366, 3188, 3151, 10, 1068047603, 1, 141, '', 0);
INSERT INTO ezsearch_object_word_link VALUES (12217, 161, 3151, 0, 367, 3096, 3109, 10, 1068047603, 1, 141, '', 0);
INSERT INTO ezsearch_object_word_link VALUES (12218, 161, 3109, 0, 368, 3151, 3189, 10, 1068047603, 1, 141, '', 0);
INSERT INTO ezsearch_object_word_link VALUES (12219, 161, 3189, 0, 369, 3109, 3190, 10, 1068047603, 1, 141, '', 0);
INSERT INTO ezsearch_object_word_link VALUES (12220, 161, 3190, 0, 370, 3189, 3191, 10, 1068047603, 1, 141, '', 0);
INSERT INTO ezsearch_object_word_link VALUES (12221, 161, 3191, 0, 371, 3190, 3192, 10, 1068047603, 1, 141, '', 0);
INSERT INTO ezsearch_object_word_link VALUES (12222, 161, 3192, 0, 372, 3191, 3159, 10, 1068047603, 1, 141, '', 0);
INSERT INTO ezsearch_object_word_link VALUES (12223, 161, 3159, 0, 373, 3192, 3113, 10, 1068047603, 1, 141, '', 0);
INSERT INTO ezsearch_object_word_link VALUES (12224, 161, 3113, 0, 374, 3159, 3117, 10, 1068047603, 1, 141, '', 0);
INSERT INTO ezsearch_object_word_link VALUES (12225, 161, 3117, 0, 375, 3113, 3193, 10, 1068047603, 1, 141, '', 0);
INSERT INTO ezsearch_object_word_link VALUES (12226, 161, 3193, 0, 376, 3117, 3163, 10, 1068047603, 1, 141, '', 0);
INSERT INTO ezsearch_object_word_link VALUES (12227, 161, 3163, 0, 377, 3193, 3168, 10, 1068047603, 1, 141, '', 0);
INSERT INTO ezsearch_object_word_link VALUES (12228, 161, 3168, 0, 378, 3163, 3116, 10, 1068047603, 1, 141, '', 0);
INSERT INTO ezsearch_object_word_link VALUES (12229, 161, 3116, 0, 379, 3168, 3097, 10, 1068047603, 1, 141, '', 0);
INSERT INTO ezsearch_object_word_link VALUES (12230, 161, 3097, 0, 380, 3116, 3194, 10, 1068047603, 1, 141, '', 0);
INSERT INTO ezsearch_object_word_link VALUES (12231, 161, 3194, 0, 381, 3097, 3195, 10, 1068047603, 1, 141, '', 0);
INSERT INTO ezsearch_object_word_link VALUES (12232, 161, 3195, 0, 382, 3194, 3196, 10, 1068047603, 1, 141, '', 0);
INSERT INTO ezsearch_object_word_link VALUES (12233, 161, 3196, 0, 383, 3195, 3166, 10, 1068047603, 1, 141, '', 0);
INSERT INTO ezsearch_object_word_link VALUES (12234, 161, 3166, 0, 384, 3196, 3177, 10, 1068047603, 1, 141, '', 0);
INSERT INTO ezsearch_object_word_link VALUES (12235, 161, 3177, 0, 385, 3166, 3149, 10, 1068047603, 1, 141, '', 0);
INSERT INTO ezsearch_object_word_link VALUES (12236, 161, 3149, 0, 386, 3177, 3109, 10, 1068047603, 1, 141, '', 0);
INSERT INTO ezsearch_object_word_link VALUES (12237, 161, 3109, 0, 387, 3149, 3090, 10, 1068047603, 1, 141, '', 0);
INSERT INTO ezsearch_object_word_link VALUES (12238, 161, 3090, 0, 388, 3109, 3091, 10, 1068047603, 1, 141, '', 0);
INSERT INTO ezsearch_object_word_link VALUES (12239, 161, 3091, 0, 389, 3090, 3092, 10, 1068047603, 1, 141, '', 0);
INSERT INTO ezsearch_object_word_link VALUES (12240, 161, 3092, 0, 390, 3091, 3093, 10, 1068047603, 1, 141, '', 0);
INSERT INTO ezsearch_object_word_link VALUES (12241, 161, 3093, 0, 391, 3092, 3094, 10, 1068047603, 1, 141, '', 0);
INSERT INTO ezsearch_object_word_link VALUES (12242, 161, 3094, 0, 392, 3093, 3095, 10, 1068047603, 1, 141, '', 0);
INSERT INTO ezsearch_object_word_link VALUES (12243, 161, 3095, 0, 393, 3094, 3096, 10, 1068047603, 1, 141, '', 0);
INSERT INTO ezsearch_object_word_link VALUES (12244, 161, 3096, 0, 394, 3095, 3097, 10, 1068047603, 1, 141, '', 0);
INSERT INTO ezsearch_object_word_link VALUES (12245, 161, 3097, 0, 395, 3096, 3098, 10, 1068047603, 1, 141, '', 0);
INSERT INTO ezsearch_object_word_link VALUES (12246, 161, 3098, 0, 396, 3097, 3093, 10, 1068047603, 1, 141, '', 0);
INSERT INTO ezsearch_object_word_link VALUES (12247, 161, 3093, 0, 397, 3098, 3094, 10, 1068047603, 1, 141, '', 0);
INSERT INTO ezsearch_object_word_link VALUES (12248, 161, 3094, 0, 398, 3093, 3099, 10, 1068047603, 1, 141, '', 0);
INSERT INTO ezsearch_object_word_link VALUES (12249, 161, 3099, 0, 399, 3094, 3100, 10, 1068047603, 1, 141, '', 0);
INSERT INTO ezsearch_object_word_link VALUES (12250, 161, 3100, 0, 400, 3099, 3101, 10, 1068047603, 1, 141, '', 0);
INSERT INTO ezsearch_object_word_link VALUES (12251, 161, 3101, 0, 401, 3100, 3102, 10, 1068047603, 1, 141, '', 0);
INSERT INTO ezsearch_object_word_link VALUES (12252, 161, 3102, 0, 402, 3101, 3103, 10, 1068047603, 1, 141, '', 0);
INSERT INTO ezsearch_object_word_link VALUES (12253, 161, 3103, 0, 403, 3102, 3096, 10, 1068047603, 1, 141, '', 0);
INSERT INTO ezsearch_object_word_link VALUES (12254, 161, 3096, 0, 404, 3103, 3104, 10, 1068047603, 1, 141, '', 0);
INSERT INTO ezsearch_object_word_link VALUES (12255, 161, 3104, 0, 405, 3096, 3105, 10, 1068047603, 1, 141, '', 0);
INSERT INTO ezsearch_object_word_link VALUES (12256, 161, 3105, 0, 406, 3104, 3106, 10, 1068047603, 1, 141, '', 0);
INSERT INTO ezsearch_object_word_link VALUES (12257, 161, 3106, 0, 407, 3105, 3107, 10, 1068047603, 1, 141, '', 0);
INSERT INTO ezsearch_object_word_link VALUES (12258, 161, 3107, 0, 408, 3106, 3099, 10, 1068047603, 1, 141, '', 0);
INSERT INTO ezsearch_object_word_link VALUES (12259, 161, 3099, 0, 409, 3107, 3098, 10, 1068047603, 1, 141, '', 0);
INSERT INTO ezsearch_object_word_link VALUES (12260, 161, 3098, 0, 410, 3099, 3108, 10, 1068047603, 1, 141, '', 0);
INSERT INTO ezsearch_object_word_link VALUES (12261, 161, 3108, 0, 411, 3098, 3109, 10, 1068047603, 1, 141, '', 0);
INSERT INTO ezsearch_object_word_link VALUES (12262, 161, 3109, 0, 412, 3108, 3110, 10, 1068047603, 1, 141, '', 0);
INSERT INTO ezsearch_object_word_link VALUES (12263, 161, 3110, 0, 413, 3109, 3111, 10, 1068047603, 1, 141, '', 0);
INSERT INTO ezsearch_object_word_link VALUES (12264, 161, 3111, 0, 414, 3110, 3112, 10, 1068047603, 1, 141, '', 0);
INSERT INTO ezsearch_object_word_link VALUES (12265, 161, 3112, 0, 415, 3111, 3113, 10, 1068047603, 1, 141, '', 0);
INSERT INTO ezsearch_object_word_link VALUES (12266, 161, 3113, 0, 416, 3112, 3114, 10, 1068047603, 1, 141, '', 0);
INSERT INTO ezsearch_object_word_link VALUES (12267, 161, 3114, 0, 417, 3113, 3115, 10, 1068047603, 1, 141, '', 0);
INSERT INTO ezsearch_object_word_link VALUES (12268, 161, 3115, 0, 418, 3114, 3099, 10, 1068047603, 1, 141, '', 0);
INSERT INTO ezsearch_object_word_link VALUES (12269, 161, 3099, 0, 419, 3115, 3116, 10, 1068047603, 1, 141, '', 0);
INSERT INTO ezsearch_object_word_link VALUES (12270, 161, 3116, 0, 420, 3099, 3117, 10, 1068047603, 1, 141, '', 0);
INSERT INTO ezsearch_object_word_link VALUES (12271, 161, 3117, 0, 421, 3116, 3118, 10, 1068047603, 1, 141, '', 0);
INSERT INTO ezsearch_object_word_link VALUES (12272, 161, 3118, 0, 422, 3117, 3119, 10, 1068047603, 1, 141, '', 0);
INSERT INTO ezsearch_object_word_link VALUES (12273, 161, 3119, 0, 423, 3118, 3120, 10, 1068047603, 1, 141, '', 0);
INSERT INTO ezsearch_object_word_link VALUES (12274, 161, 3120, 0, 424, 3119, 3121, 10, 1068047603, 1, 141, '', 0);
INSERT INTO ezsearch_object_word_link VALUES (12275, 161, 3121, 0, 425, 3120, 3122, 10, 1068047603, 1, 141, '', 0);
INSERT INTO ezsearch_object_word_link VALUES (12276, 161, 3122, 0, 426, 3121, 3123, 10, 1068047603, 1, 141, '', 0);
INSERT INTO ezsearch_object_word_link VALUES (12277, 161, 3123, 0, 427, 3122, 3124, 10, 1068047603, 1, 141, '', 0);
INSERT INTO ezsearch_object_word_link VALUES (12278, 161, 3124, 0, 428, 3123, 3125, 10, 1068047603, 1, 141, '', 0);
INSERT INTO ezsearch_object_word_link VALUES (12279, 161, 3125, 0, 429, 3124, 3126, 10, 1068047603, 1, 141, '', 0);
INSERT INTO ezsearch_object_word_link VALUES (12280, 161, 3126, 0, 430, 3125, 3127, 10, 1068047603, 1, 141, '', 0);
INSERT INTO ezsearch_object_word_link VALUES (12281, 161, 3127, 0, 431, 3126, 3128, 10, 1068047603, 1, 141, '', 0);
INSERT INTO ezsearch_object_word_link VALUES (12282, 161, 3128, 0, 432, 3127, 3129, 10, 1068047603, 1, 141, '', 0);
INSERT INTO ezsearch_object_word_link VALUES (12283, 161, 3129, 0, 433, 3128, 3109, 10, 1068047603, 1, 141, '', 0);
INSERT INTO ezsearch_object_word_link VALUES (12284, 161, 3109, 0, 434, 3129, 3097, 10, 1068047603, 1, 141, '', 0);
INSERT INTO ezsearch_object_word_link VALUES (12285, 161, 3097, 0, 435, 3109, 3130, 10, 1068047603, 1, 141, '', 0);
INSERT INTO ezsearch_object_word_link VALUES (12286, 161, 3130, 0, 436, 3097, 3131, 10, 1068047603, 1, 141, '', 0);
INSERT INTO ezsearch_object_word_link VALUES (12287, 161, 3131, 0, 437, 3130, 3132, 10, 1068047603, 1, 141, '', 0);
INSERT INTO ezsearch_object_word_link VALUES (12288, 161, 3132, 0, 438, 3131, 3133, 10, 1068047603, 1, 141, '', 0);
INSERT INTO ezsearch_object_word_link VALUES (12289, 161, 3133, 0, 439, 3132, 3110, 10, 1068047603, 1, 141, '', 0);
INSERT INTO ezsearch_object_word_link VALUES (12290, 161, 3110, 0, 440, 3133, 3134, 10, 1068047603, 1, 141, '', 0);
INSERT INTO ezsearch_object_word_link VALUES (12291, 161, 3134, 0, 441, 3110, 3135, 10, 1068047603, 1, 141, '', 0);
INSERT INTO ezsearch_object_word_link VALUES (12292, 161, 3135, 0, 442, 3134, 3136, 10, 1068047603, 1, 141, '', 0);
INSERT INTO ezsearch_object_word_link VALUES (12293, 161, 3136, 0, 443, 3135, 3103, 10, 1068047603, 1, 141, '', 0);
INSERT INTO ezsearch_object_word_link VALUES (12294, 161, 3103, 0, 444, 3136, 3136, 10, 1068047603, 1, 141, '', 0);
INSERT INTO ezsearch_object_word_link VALUES (12295, 161, 3136, 0, 445, 3103, 3137, 10, 1068047603, 1, 141, '', 0);
INSERT INTO ezsearch_object_word_link VALUES (12296, 161, 3137, 0, 446, 3136, 3138, 10, 1068047603, 1, 141, '', 0);
INSERT INTO ezsearch_object_word_link VALUES (12297, 161, 3138, 0, 447, 3137, 3098, 10, 1068047603, 1, 141, '', 0);
INSERT INTO ezsearch_object_word_link VALUES (12298, 161, 3098, 0, 448, 3138, 3121, 10, 1068047603, 1, 141, '', 0);
INSERT INTO ezsearch_object_word_link VALUES (12299, 161, 3121, 0, 449, 3098, 3139, 10, 1068047603, 1, 141, '', 0);
INSERT INTO ezsearch_object_word_link VALUES (12300, 161, 3139, 0, 450, 3121, 3140, 10, 1068047603, 1, 141, '', 0);
INSERT INTO ezsearch_object_word_link VALUES (12301, 161, 3140, 0, 451, 3139, 3103, 10, 1068047603, 1, 141, '', 0);
INSERT INTO ezsearch_object_word_link VALUES (12302, 161, 3103, 0, 452, 3140, 3090, 10, 1068047603, 1, 141, '', 0);
INSERT INTO ezsearch_object_word_link VALUES (12303, 161, 3090, 0, 453, 3103, 3141, 10, 1068047603, 1, 141, '', 0);
INSERT INTO ezsearch_object_word_link VALUES (12304, 161, 3141, 0, 454, 3090, 3142, 10, 1068047603, 1, 141, '', 0);
INSERT INTO ezsearch_object_word_link VALUES (12305, 161, 3142, 0, 455, 3141, 3143, 10, 1068047603, 1, 141, '', 0);
INSERT INTO ezsearch_object_word_link VALUES (12306, 161, 3143, 0, 456, 3142, 3144, 10, 1068047603, 1, 141, '', 0);
INSERT INTO ezsearch_object_word_link VALUES (12307, 161, 3144, 0, 457, 3143, 3145, 10, 1068047603, 1, 141, '', 0);
INSERT INTO ezsearch_object_word_link VALUES (12308, 161, 3145, 0, 458, 3144, 3098, 10, 1068047603, 1, 141, '', 0);
INSERT INTO ezsearch_object_word_link VALUES (12309, 161, 3098, 0, 459, 3145, 3116, 10, 1068047603, 1, 141, '', 0);
INSERT INTO ezsearch_object_word_link VALUES (12310, 161, 3116, 0, 460, 3098, 3146, 10, 1068047603, 1, 141, '', 0);
INSERT INTO ezsearch_object_word_link VALUES (12311, 161, 3146, 0, 461, 3116, 3147, 10, 1068047603, 1, 141, '', 0);
INSERT INTO ezsearch_object_word_link VALUES (12312, 161, 3147, 0, 462, 3146, 3148, 10, 1068047603, 1, 141, '', 0);
INSERT INTO ezsearch_object_word_link VALUES (12313, 161, 3148, 0, 463, 3147, 3149, 10, 1068047603, 1, 141, '', 0);
INSERT INTO ezsearch_object_word_link VALUES (12314, 161, 3149, 0, 464, 3148, 3150, 10, 1068047603, 1, 141, '', 0);
INSERT INTO ezsearch_object_word_link VALUES (12315, 161, 3150, 0, 465, 3149, 3151, 10, 1068047603, 1, 141, '', 0);
INSERT INTO ezsearch_object_word_link VALUES (12316, 161, 3151, 0, 466, 3150, 3152, 10, 1068047603, 1, 141, '', 0);
INSERT INTO ezsearch_object_word_link VALUES (12317, 161, 3152, 0, 467, 3151, 3103, 10, 1068047603, 1, 141, '', 0);
INSERT INTO ezsearch_object_word_link VALUES (12318, 161, 3103, 0, 468, 3152, 3152, 10, 1068047603, 1, 141, '', 0);
INSERT INTO ezsearch_object_word_link VALUES (12319, 161, 3152, 0, 469, 3103, 3153, 10, 1068047603, 1, 141, '', 0);
INSERT INTO ezsearch_object_word_link VALUES (12320, 161, 3153, 0, 470, 3152, 3154, 10, 1068047603, 1, 141, '', 0);
INSERT INTO ezsearch_object_word_link VALUES (12321, 161, 3154, 0, 471, 3153, 3124, 10, 1068047603, 1, 141, '', 0);
INSERT INTO ezsearch_object_word_link VALUES (12322, 161, 3124, 0, 472, 3154, 3155, 10, 1068047603, 1, 141, '', 0);
INSERT INTO ezsearch_object_word_link VALUES (12323, 161, 3155, 0, 473, 3124, 3156, 10, 1068047603, 1, 141, '', 0);
INSERT INTO ezsearch_object_word_link VALUES (12324, 161, 3156, 0, 474, 3155, 3122, 10, 1068047603, 1, 141, '', 0);
INSERT INTO ezsearch_object_word_link VALUES (12325, 161, 3122, 0, 475, 3156, 3157, 10, 1068047603, 1, 141, '', 0);
INSERT INTO ezsearch_object_word_link VALUES (12326, 161, 3157, 0, 476, 3122, 3158, 10, 1068047603, 1, 141, '', 0);
INSERT INTO ezsearch_object_word_link VALUES (12327, 161, 3158, 0, 477, 3157, 3159, 10, 1068047603, 1, 141, '', 0);
INSERT INTO ezsearch_object_word_link VALUES (12328, 161, 3159, 0, 478, 3158, 3160, 10, 1068047603, 1, 141, '', 0);
INSERT INTO ezsearch_object_word_link VALUES (12329, 161, 3160, 0, 479, 3159, 3161, 10, 1068047603, 1, 141, '', 0);
INSERT INTO ezsearch_object_word_link VALUES (12330, 161, 3161, 0, 480, 3160, 3162, 10, 1068047603, 1, 141, '', 0);
INSERT INTO ezsearch_object_word_link VALUES (12331, 161, 3162, 0, 481, 3161, 3111, 10, 1068047603, 1, 141, '', 0);
INSERT INTO ezsearch_object_word_link VALUES (12332, 161, 3111, 0, 482, 3162, 3163, 10, 1068047603, 1, 141, '', 0);
INSERT INTO ezsearch_object_word_link VALUES (12333, 161, 3163, 0, 483, 3111, 3164, 10, 1068047603, 1, 141, '', 0);
INSERT INTO ezsearch_object_word_link VALUES (12334, 161, 3164, 0, 484, 3163, 3165, 10, 1068047603, 1, 141, '', 0);
INSERT INTO ezsearch_object_word_link VALUES (12335, 161, 3165, 0, 485, 3164, 3166, 10, 1068047603, 1, 141, '', 0);
INSERT INTO ezsearch_object_word_link VALUES (12336, 161, 3166, 0, 486, 3165, 3156, 10, 1068047603, 1, 141, '', 0);
INSERT INTO ezsearch_object_word_link VALUES (12337, 161, 3156, 0, 487, 3166, 3107, 10, 1068047603, 1, 141, '', 0);
INSERT INTO ezsearch_object_word_link VALUES (12338, 161, 3107, 0, 488, 3156, 3167, 10, 1068047603, 1, 141, '', 0);
INSERT INTO ezsearch_object_word_link VALUES (12339, 161, 3167, 0, 489, 3107, 3129, 10, 1068047603, 1, 141, '', 0);
INSERT INTO ezsearch_object_word_link VALUES (12340, 161, 3129, 0, 490, 3167, 3098, 10, 1068047603, 1, 141, '', 0);
INSERT INTO ezsearch_object_word_link VALUES (12341, 161, 3098, 0, 491, 3129, 3139, 10, 1068047603, 1, 141, '', 0);
INSERT INTO ezsearch_object_word_link VALUES (12342, 161, 3139, 0, 492, 3098, 3123, 10, 1068047603, 1, 141, '', 0);
INSERT INTO ezsearch_object_word_link VALUES (12343, 161, 3123, 0, 493, 3139, 3118, 10, 1068047603, 1, 141, '', 0);
INSERT INTO ezsearch_object_word_link VALUES (12344, 161, 3118, 0, 494, 3123, 3090, 10, 1068047603, 1, 141, '', 0);
INSERT INTO ezsearch_object_word_link VALUES (12345, 161, 3090, 0, 495, 3118, 3168, 10, 1068047603, 1, 141, '', 0);
INSERT INTO ezsearch_object_word_link VALUES (12346, 161, 3168, 0, 496, 3090, 3169, 10, 1068047603, 1, 141, '', 0);
INSERT INTO ezsearch_object_word_link VALUES (12347, 161, 3169, 0, 497, 3168, 3103, 10, 1068047603, 1, 141, '', 0);
INSERT INTO ezsearch_object_word_link VALUES (12348, 161, 3103, 0, 498, 3169, 3103, 10, 1068047603, 1, 141, '', 0);
INSERT INTO ezsearch_object_word_link VALUES (12349, 161, 3103, 0, 499, 3103, 3154, 10, 1068047603, 1, 141, '', 0);
INSERT INTO ezsearch_object_word_link VALUES (12350, 161, 3154, 0, 500, 3103, 3139, 10, 1068047603, 1, 141, '', 0);
INSERT INTO ezsearch_object_word_link VALUES (12351, 161, 3139, 0, 501, 3154, 3109, 10, 1068047603, 1, 141, '', 0);
INSERT INTO ezsearch_object_word_link VALUES (12352, 161, 3109, 0, 502, 3139, 3170, 10, 1068047603, 1, 141, '', 0);
INSERT INTO ezsearch_object_word_link VALUES (12353, 161, 3170, 0, 503, 3109, 3171, 10, 1068047603, 1, 141, '', 0);
INSERT INTO ezsearch_object_word_link VALUES (12354, 161, 3171, 0, 504, 3170, 3098, 10, 1068047603, 1, 141, '', 0);
INSERT INTO ezsearch_object_word_link VALUES (12355, 161, 3098, 0, 505, 3171, 3172, 10, 1068047603, 1, 141, '', 0);
INSERT INTO ezsearch_object_word_link VALUES (12356, 161, 3172, 0, 506, 3098, 3173, 10, 1068047603, 1, 141, '', 0);
INSERT INTO ezsearch_object_word_link VALUES (12357, 161, 3173, 0, 507, 3172, 3174, 10, 1068047603, 1, 141, '', 0);
INSERT INTO ezsearch_object_word_link VALUES (12358, 161, 3174, 0, 508, 3173, 3175, 10, 1068047603, 1, 141, '', 0);
INSERT INTO ezsearch_object_word_link VALUES (12359, 161, 3175, 0, 509, 3174, 3176, 10, 1068047603, 1, 141, '', 0);
INSERT INTO ezsearch_object_word_link VALUES (12360, 161, 3176, 0, 510, 3175, 3109, 10, 1068047603, 1, 141, '', 0);
INSERT INTO ezsearch_object_word_link VALUES (12361, 161, 3109, 0, 511, 3176, 3141, 10, 1068047603, 1, 141, '', 0);
INSERT INTO ezsearch_object_word_link VALUES (12362, 161, 3141, 0, 512, 3109, 3177, 10, 1068047603, 1, 141, '', 0);
INSERT INTO ezsearch_object_word_link VALUES (12363, 161, 3177, 0, 513, 3141, 3103, 10, 1068047603, 1, 141, '', 0);
INSERT INTO ezsearch_object_word_link VALUES (12364, 161, 3103, 0, 514, 3177, 3143, 10, 1068047603, 1, 141, '', 0);
INSERT INTO ezsearch_object_word_link VALUES (12365, 161, 3143, 0, 515, 3103, 3178, 10, 1068047603, 1, 141, '', 0);
INSERT INTO ezsearch_object_word_link VALUES (12366, 161, 3178, 0, 516, 3143, 3092, 10, 1068047603, 1, 141, '', 0);
INSERT INTO ezsearch_object_word_link VALUES (12367, 161, 3092, 0, 517, 3178, 3124, 10, 1068047603, 1, 141, '', 0);
INSERT INTO ezsearch_object_word_link VALUES (12368, 161, 3124, 0, 518, 3092, 3131, 10, 1068047603, 1, 141, '', 0);
INSERT INTO ezsearch_object_word_link VALUES (12369, 161, 3131, 0, 519, 3124, 3164, 10, 1068047603, 1, 141, '', 0);
INSERT INTO ezsearch_object_word_link VALUES (12370, 161, 3164, 0, 520, 3131, 3147, 10, 1068047603, 1, 141, '', 0);
INSERT INTO ezsearch_object_word_link VALUES (12371, 161, 3147, 0, 521, 3164, 3127, 10, 1068047603, 1, 141, '', 0);
INSERT INTO ezsearch_object_word_link VALUES (12372, 161, 3127, 0, 522, 3147, 3121, 10, 1068047603, 1, 141, '', 0);
INSERT INTO ezsearch_object_word_link VALUES (12373, 161, 3121, 0, 523, 3127, 3179, 10, 1068047603, 1, 141, '', 0);
INSERT INTO ezsearch_object_word_link VALUES (12374, 161, 3179, 0, 524, 3121, 3143, 10, 1068047603, 1, 141, '', 0);
INSERT INTO ezsearch_object_word_link VALUES (12375, 161, 3143, 0, 525, 3179, 3139, 10, 1068047603, 1, 141, '', 0);
INSERT INTO ezsearch_object_word_link VALUES (12376, 161, 3139, 0, 526, 3143, 3180, 10, 1068047603, 1, 141, '', 0);
INSERT INTO ezsearch_object_word_link VALUES (12377, 161, 3180, 0, 527, 3139, 3112, 10, 1068047603, 1, 141, '', 0);
INSERT INTO ezsearch_object_word_link VALUES (12378, 161, 3112, 0, 528, 3180, 3181, 10, 1068047603, 1, 141, '', 0);
INSERT INTO ezsearch_object_word_link VALUES (12379, 161, 3181, 0, 529, 3112, 3182, 10, 1068047603, 1, 141, '', 0);
INSERT INTO ezsearch_object_word_link VALUES (12380, 161, 3182, 0, 530, 3181, 3149, 10, 1068047603, 1, 141, '', 0);
INSERT INTO ezsearch_object_word_link VALUES (12381, 161, 3149, 0, 531, 3182, 3110, 10, 1068047603, 1, 141, '', 0);
INSERT INTO ezsearch_object_word_link VALUES (12382, 161, 3110, 0, 532, 3149, 3183, 10, 1068047603, 1, 141, '', 0);
INSERT INTO ezsearch_object_word_link VALUES (12383, 161, 3183, 0, 533, 3110, 3156, 10, 1068047603, 1, 141, '', 0);
INSERT INTO ezsearch_object_word_link VALUES (12384, 161, 3156, 0, 534, 3183, 3130, 10, 1068047603, 1, 141, '', 0);
INSERT INTO ezsearch_object_word_link VALUES (12385, 161, 3130, 0, 535, 3156, 3168, 10, 1068047603, 1, 141, '', 0);
INSERT INTO ezsearch_object_word_link VALUES (12386, 161, 3168, 0, 536, 3130, 3102, 10, 1068047603, 1, 141, '', 0);
INSERT INTO ezsearch_object_word_link VALUES (12387, 161, 3102, 0, 537, 3168, 3171, 10, 1068047603, 1, 141, '', 0);
INSERT INTO ezsearch_object_word_link VALUES (12388, 161, 3171, 0, 538, 3102, 3165, 10, 1068047603, 1, 141, '', 0);
INSERT INTO ezsearch_object_word_link VALUES (12389, 161, 3165, 0, 539, 3171, 3120, 10, 1068047603, 1, 141, '', 0);
INSERT INTO ezsearch_object_word_link VALUES (12390, 161, 3120, 0, 540, 3165, 3184, 10, 1068047603, 1, 141, '', 0);
INSERT INTO ezsearch_object_word_link VALUES (12391, 161, 3184, 0, 541, 3120, 3130, 10, 1068047603, 1, 141, '', 0);
INSERT INTO ezsearch_object_word_link VALUES (12392, 161, 3130, 0, 542, 3184, 3159, 10, 1068047603, 1, 141, '', 0);
INSERT INTO ezsearch_object_word_link VALUES (12393, 161, 3159, 0, 543, 3130, 3185, 10, 1068047603, 1, 141, '', 0);
INSERT INTO ezsearch_object_word_link VALUES (12394, 161, 3185, 0, 544, 3159, 3186, 10, 1068047603, 1, 141, '', 0);
INSERT INTO ezsearch_object_word_link VALUES (12395, 161, 3186, 0, 545, 3185, 3106, 10, 1068047603, 1, 141, '', 0);
INSERT INTO ezsearch_object_word_link VALUES (12396, 161, 3106, 0, 546, 3186, 3149, 10, 1068047603, 1, 141, '', 0);
INSERT INTO ezsearch_object_word_link VALUES (12397, 161, 3149, 0, 547, 3106, 3138, 10, 1068047603, 1, 141, '', 0);
INSERT INTO ezsearch_object_word_link VALUES (12398, 161, 3138, 0, 548, 3149, 3159, 10, 1068047603, 1, 141, '', 0);
INSERT INTO ezsearch_object_word_link VALUES (12399, 161, 3159, 0, 549, 3138, 3092, 10, 1068047603, 1, 141, '', 0);
INSERT INTO ezsearch_object_word_link VALUES (12400, 161, 3092, 0, 550, 3159, 3187, 10, 1068047603, 1, 141, '', 0);
INSERT INTO ezsearch_object_word_link VALUES (12401, 161, 3187, 0, 551, 3092, 3109, 10, 1068047603, 1, 141, '', 0);
INSERT INTO ezsearch_object_word_link VALUES (12402, 161, 3109, 0, 552, 3187, 3168, 10, 1068047603, 1, 141, '', 0);
INSERT INTO ezsearch_object_word_link VALUES (12403, 161, 3168, 0, 553, 3109, 3111, 10, 1068047603, 1, 141, '', 0);
INSERT INTO ezsearch_object_word_link VALUES (12404, 161, 3111, 0, 554, 3168, 3123, 10, 1068047603, 1, 141, '', 0);
INSERT INTO ezsearch_object_word_link VALUES (12405, 161, 3123, 0, 555, 3111, 3188, 10, 1068047603, 1, 141, '', 0);
INSERT INTO ezsearch_object_word_link VALUES (12406, 161, 3188, 0, 556, 3123, 3096, 10, 1068047603, 1, 141, '', 0);
INSERT INTO ezsearch_object_word_link VALUES (12407, 161, 3096, 0, 557, 3188, 3151, 10, 1068047603, 1, 141, '', 0);
INSERT INTO ezsearch_object_word_link VALUES (12408, 161, 3151, 0, 558, 3096, 3109, 10, 1068047603, 1, 141, '', 0);
INSERT INTO ezsearch_object_word_link VALUES (12409, 161, 3109, 0, 559, 3151, 3189, 10, 1068047603, 1, 141, '', 0);
INSERT INTO ezsearch_object_word_link VALUES (12410, 161, 3189, 0, 560, 3109, 3190, 10, 1068047603, 1, 141, '', 0);
INSERT INTO ezsearch_object_word_link VALUES (12411, 161, 3190, 0, 561, 3189, 3191, 10, 1068047603, 1, 141, '', 0);
INSERT INTO ezsearch_object_word_link VALUES (12412, 161, 3191, 0, 562, 3190, 3192, 10, 1068047603, 1, 141, '', 0);
INSERT INTO ezsearch_object_word_link VALUES (12413, 161, 3192, 0, 563, 3191, 3159, 10, 1068047603, 1, 141, '', 0);
INSERT INTO ezsearch_object_word_link VALUES (12414, 161, 3159, 0, 564, 3192, 3113, 10, 1068047603, 1, 141, '', 0);
INSERT INTO ezsearch_object_word_link VALUES (12415, 161, 3113, 0, 565, 3159, 3117, 10, 1068047603, 1, 141, '', 0);
INSERT INTO ezsearch_object_word_link VALUES (12416, 161, 3117, 0, 566, 3113, 3193, 10, 1068047603, 1, 141, '', 0);
INSERT INTO ezsearch_object_word_link VALUES (12417, 161, 3193, 0, 567, 3117, 3163, 10, 1068047603, 1, 141, '', 0);
INSERT INTO ezsearch_object_word_link VALUES (12418, 161, 3163, 0, 568, 3193, 3168, 10, 1068047603, 1, 141, '', 0);
INSERT INTO ezsearch_object_word_link VALUES (12419, 161, 3168, 0, 569, 3163, 3116, 10, 1068047603, 1, 141, '', 0);
INSERT INTO ezsearch_object_word_link VALUES (12420, 161, 3116, 0, 570, 3168, 3097, 10, 1068047603, 1, 141, '', 0);
INSERT INTO ezsearch_object_word_link VALUES (12421, 161, 3097, 0, 571, 3116, 3194, 10, 1068047603, 1, 141, '', 0);
INSERT INTO ezsearch_object_word_link VALUES (12422, 161, 3194, 0, 572, 3097, 3195, 10, 1068047603, 1, 141, '', 0);
INSERT INTO ezsearch_object_word_link VALUES (12423, 161, 3195, 0, 573, 3194, 3196, 10, 1068047603, 1, 141, '', 0);
INSERT INTO ezsearch_object_word_link VALUES (12424, 161, 3196, 0, 574, 3195, 3166, 10, 1068047603, 1, 141, '', 0);
INSERT INTO ezsearch_object_word_link VALUES (12425, 161, 3166, 0, 575, 3196, 3177, 10, 1068047603, 1, 141, '', 0);
INSERT INTO ezsearch_object_word_link VALUES (12426, 161, 3177, 0, 576, 3166, 3149, 10, 1068047603, 1, 141, '', 0);
INSERT INTO ezsearch_object_word_link VALUES (12427, 161, 3149, 0, 577, 3177, 3109, 10, 1068047603, 1, 141, '', 0);
INSERT INTO ezsearch_object_word_link VALUES (12428, 161, 3109, 0, 578, 3149, 3090, 10, 1068047603, 1, 141, '', 0);
INSERT INTO ezsearch_object_word_link VALUES (12429, 161, 3090, 0, 579, 3109, 3091, 10, 1068047603, 1, 141, '', 0);
INSERT INTO ezsearch_object_word_link VALUES (12430, 161, 3091, 0, 580, 3090, 3092, 10, 1068047603, 1, 141, '', 0);
INSERT INTO ezsearch_object_word_link VALUES (12431, 161, 3092, 0, 581, 3091, 3093, 10, 1068047603, 1, 141, '', 0);
INSERT INTO ezsearch_object_word_link VALUES (12432, 161, 3093, 0, 582, 3092, 3094, 10, 1068047603, 1, 141, '', 0);
INSERT INTO ezsearch_object_word_link VALUES (12433, 161, 3094, 0, 583, 3093, 3095, 10, 1068047603, 1, 141, '', 0);
INSERT INTO ezsearch_object_word_link VALUES (12434, 161, 3095, 0, 584, 3094, 3096, 10, 1068047603, 1, 141, '', 0);
INSERT INTO ezsearch_object_word_link VALUES (12435, 161, 3096, 0, 585, 3095, 3097, 10, 1068047603, 1, 141, '', 0);
INSERT INTO ezsearch_object_word_link VALUES (12436, 161, 3097, 0, 586, 3096, 3098, 10, 1068047603, 1, 141, '', 0);
INSERT INTO ezsearch_object_word_link VALUES (12437, 161, 3098, 0, 587, 3097, 3093, 10, 1068047603, 1, 141, '', 0);
INSERT INTO ezsearch_object_word_link VALUES (12438, 161, 3093, 0, 588, 3098, 3094, 10, 1068047603, 1, 141, '', 0);
INSERT INTO ezsearch_object_word_link VALUES (12439, 161, 3094, 0, 589, 3093, 3099, 10, 1068047603, 1, 141, '', 0);
INSERT INTO ezsearch_object_word_link VALUES (12440, 161, 3099, 0, 590, 3094, 3100, 10, 1068047603, 1, 141, '', 0);
INSERT INTO ezsearch_object_word_link VALUES (12441, 161, 3100, 0, 591, 3099, 3101, 10, 1068047603, 1, 141, '', 0);
INSERT INTO ezsearch_object_word_link VALUES (12442, 161, 3101, 0, 592, 3100, 3102, 10, 1068047603, 1, 141, '', 0);
INSERT INTO ezsearch_object_word_link VALUES (12443, 161, 3102, 0, 593, 3101, 3103, 10, 1068047603, 1, 141, '', 0);
INSERT INTO ezsearch_object_word_link VALUES (12444, 161, 3103, 0, 594, 3102, 3096, 10, 1068047603, 1, 141, '', 0);
INSERT INTO ezsearch_object_word_link VALUES (12445, 161, 3096, 0, 595, 3103, 3104, 10, 1068047603, 1, 141, '', 0);
INSERT INTO ezsearch_object_word_link VALUES (12446, 161, 3104, 0, 596, 3096, 3105, 10, 1068047603, 1, 141, '', 0);
INSERT INTO ezsearch_object_word_link VALUES (12447, 161, 3105, 0, 597, 3104, 3106, 10, 1068047603, 1, 141, '', 0);
INSERT INTO ezsearch_object_word_link VALUES (12448, 161, 3106, 0, 598, 3105, 3107, 10, 1068047603, 1, 141, '', 0);
INSERT INTO ezsearch_object_word_link VALUES (12449, 161, 3107, 0, 599, 3106, 3099, 10, 1068047603, 1, 141, '', 0);
INSERT INTO ezsearch_object_word_link VALUES (12450, 161, 3099, 0, 600, 3107, 3098, 10, 1068047603, 1, 141, '', 0);
INSERT INTO ezsearch_object_word_link VALUES (12451, 161, 3098, 0, 601, 3099, 3108, 10, 1068047603, 1, 141, '', 0);
INSERT INTO ezsearch_object_word_link VALUES (12452, 161, 3108, 0, 602, 3098, 3109, 10, 1068047603, 1, 141, '', 0);
INSERT INTO ezsearch_object_word_link VALUES (12453, 161, 3109, 0, 603, 3108, 3110, 10, 1068047603, 1, 141, '', 0);
INSERT INTO ezsearch_object_word_link VALUES (12454, 161, 3110, 0, 604, 3109, 3111, 10, 1068047603, 1, 141, '', 0);
INSERT INTO ezsearch_object_word_link VALUES (12455, 161, 3111, 0, 605, 3110, 3112, 10, 1068047603, 1, 141, '', 0);
INSERT INTO ezsearch_object_word_link VALUES (12456, 161, 3112, 0, 606, 3111, 3113, 10, 1068047603, 1, 141, '', 0);
INSERT INTO ezsearch_object_word_link VALUES (12457, 161, 3113, 0, 607, 3112, 3114, 10, 1068047603, 1, 141, '', 0);
INSERT INTO ezsearch_object_word_link VALUES (12458, 161, 3114, 0, 608, 3113, 3115, 10, 1068047603, 1, 141, '', 0);
INSERT INTO ezsearch_object_word_link VALUES (12459, 161, 3115, 0, 609, 3114, 3099, 10, 1068047603, 1, 141, '', 0);
INSERT INTO ezsearch_object_word_link VALUES (12460, 161, 3099, 0, 610, 3115, 3116, 10, 1068047603, 1, 141, '', 0);
INSERT INTO ezsearch_object_word_link VALUES (12461, 161, 3116, 0, 611, 3099, 3117, 10, 1068047603, 1, 141, '', 0);
INSERT INTO ezsearch_object_word_link VALUES (12462, 161, 3117, 0, 612, 3116, 3118, 10, 1068047603, 1, 141, '', 0);
INSERT INTO ezsearch_object_word_link VALUES (12463, 161, 3118, 0, 613, 3117, 3119, 10, 1068047603, 1, 141, '', 0);
INSERT INTO ezsearch_object_word_link VALUES (12464, 161, 3119, 0, 614, 3118, 3120, 10, 1068047603, 1, 141, '', 0);
INSERT INTO ezsearch_object_word_link VALUES (12465, 161, 3120, 0, 615, 3119, 3121, 10, 1068047603, 1, 141, '', 0);
INSERT INTO ezsearch_object_word_link VALUES (12466, 161, 3121, 0, 616, 3120, 3122, 10, 1068047603, 1, 141, '', 0);
INSERT INTO ezsearch_object_word_link VALUES (12467, 161, 3122, 0, 617, 3121, 3123, 10, 1068047603, 1, 141, '', 0);
INSERT INTO ezsearch_object_word_link VALUES (12468, 161, 3123, 0, 618, 3122, 3124, 10, 1068047603, 1, 141, '', 0);
INSERT INTO ezsearch_object_word_link VALUES (12469, 161, 3124, 0, 619, 3123, 3125, 10, 1068047603, 1, 141, '', 0);
INSERT INTO ezsearch_object_word_link VALUES (12470, 161, 3125, 0, 620, 3124, 3126, 10, 1068047603, 1, 141, '', 0);
INSERT INTO ezsearch_object_word_link VALUES (12471, 161, 3126, 0, 621, 3125, 3127, 10, 1068047603, 1, 141, '', 0);
INSERT INTO ezsearch_object_word_link VALUES (12472, 161, 3127, 0, 622, 3126, 3128, 10, 1068047603, 1, 141, '', 0);
INSERT INTO ezsearch_object_word_link VALUES (12473, 161, 3128, 0, 623, 3127, 3129, 10, 1068047603, 1, 141, '', 0);
INSERT INTO ezsearch_object_word_link VALUES (12474, 161, 3129, 0, 624, 3128, 3109, 10, 1068047603, 1, 141, '', 0);
INSERT INTO ezsearch_object_word_link VALUES (12475, 161, 3109, 0, 625, 3129, 3097, 10, 1068047603, 1, 141, '', 0);
INSERT INTO ezsearch_object_word_link VALUES (12476, 161, 3097, 0, 626, 3109, 3130, 10, 1068047603, 1, 141, '', 0);
INSERT INTO ezsearch_object_word_link VALUES (12477, 161, 3130, 0, 627, 3097, 3131, 10, 1068047603, 1, 141, '', 0);
INSERT INTO ezsearch_object_word_link VALUES (12478, 161, 3131, 0, 628, 3130, 3132, 10, 1068047603, 1, 141, '', 0);
INSERT INTO ezsearch_object_word_link VALUES (12479, 161, 3132, 0, 629, 3131, 3133, 10, 1068047603, 1, 141, '', 0);
INSERT INTO ezsearch_object_word_link VALUES (12480, 161, 3133, 0, 630, 3132, 3110, 10, 1068047603, 1, 141, '', 0);
INSERT INTO ezsearch_object_word_link VALUES (12481, 161, 3110, 0, 631, 3133, 3134, 10, 1068047603, 1, 141, '', 0);
INSERT INTO ezsearch_object_word_link VALUES (12482, 161, 3134, 0, 632, 3110, 3135, 10, 1068047603, 1, 141, '', 0);
INSERT INTO ezsearch_object_word_link VALUES (12483, 161, 3135, 0, 633, 3134, 3136, 10, 1068047603, 1, 141, '', 0);
INSERT INTO ezsearch_object_word_link VALUES (12484, 161, 3136, 0, 634, 3135, 3103, 10, 1068047603, 1, 141, '', 0);
INSERT INTO ezsearch_object_word_link VALUES (12485, 161, 3103, 0, 635, 3136, 3136, 10, 1068047603, 1, 141, '', 0);
INSERT INTO ezsearch_object_word_link VALUES (12486, 161, 3136, 0, 636, 3103, 3137, 10, 1068047603, 1, 141, '', 0);
INSERT INTO ezsearch_object_word_link VALUES (12487, 161, 3137, 0, 637, 3136, 3138, 10, 1068047603, 1, 141, '', 0);
INSERT INTO ezsearch_object_word_link VALUES (12488, 161, 3138, 0, 638, 3137, 3098, 10, 1068047603, 1, 141, '', 0);
INSERT INTO ezsearch_object_word_link VALUES (12489, 161, 3098, 0, 639, 3138, 3121, 10, 1068047603, 1, 141, '', 0);
INSERT INTO ezsearch_object_word_link VALUES (12490, 161, 3121, 0, 640, 3098, 3139, 10, 1068047603, 1, 141, '', 0);
INSERT INTO ezsearch_object_word_link VALUES (12491, 161, 3139, 0, 641, 3121, 3140, 10, 1068047603, 1, 141, '', 0);
INSERT INTO ezsearch_object_word_link VALUES (12492, 161, 3140, 0, 642, 3139, 3103, 10, 1068047603, 1, 141, '', 0);
INSERT INTO ezsearch_object_word_link VALUES (12493, 161, 3103, 0, 643, 3140, 3090, 10, 1068047603, 1, 141, '', 0);
INSERT INTO ezsearch_object_word_link VALUES (12494, 161, 3090, 0, 644, 3103, 3141, 10, 1068047603, 1, 141, '', 0);
INSERT INTO ezsearch_object_word_link VALUES (12495, 161, 3141, 0, 645, 3090, 3142, 10, 1068047603, 1, 141, '', 0);
INSERT INTO ezsearch_object_word_link VALUES (12496, 161, 3142, 0, 646, 3141, 3143, 10, 1068047603, 1, 141, '', 0);
INSERT INTO ezsearch_object_word_link VALUES (12497, 161, 3143, 0, 647, 3142, 3144, 10, 1068047603, 1, 141, '', 0);
INSERT INTO ezsearch_object_word_link VALUES (12498, 161, 3144, 0, 648, 3143, 3145, 10, 1068047603, 1, 141, '', 0);
INSERT INTO ezsearch_object_word_link VALUES (12499, 161, 3145, 0, 649, 3144, 3098, 10, 1068047603, 1, 141, '', 0);
INSERT INTO ezsearch_object_word_link VALUES (12500, 161, 3098, 0, 650, 3145, 3116, 10, 1068047603, 1, 141, '', 0);
INSERT INTO ezsearch_object_word_link VALUES (12501, 161, 3116, 0, 651, 3098, 3146, 10, 1068047603, 1, 141, '', 0);
INSERT INTO ezsearch_object_word_link VALUES (12502, 161, 3146, 0, 652, 3116, 3147, 10, 1068047603, 1, 141, '', 0);
INSERT INTO ezsearch_object_word_link VALUES (12503, 161, 3147, 0, 653, 3146, 3148, 10, 1068047603, 1, 141, '', 0);
INSERT INTO ezsearch_object_word_link VALUES (12504, 161, 3148, 0, 654, 3147, 3149, 10, 1068047603, 1, 141, '', 0);
INSERT INTO ezsearch_object_word_link VALUES (12505, 161, 3149, 0, 655, 3148, 3150, 10, 1068047603, 1, 141, '', 0);
INSERT INTO ezsearch_object_word_link VALUES (12506, 161, 3150, 0, 656, 3149, 3151, 10, 1068047603, 1, 141, '', 0);
INSERT INTO ezsearch_object_word_link VALUES (12507, 161, 3151, 0, 657, 3150, 3152, 10, 1068047603, 1, 141, '', 0);
INSERT INTO ezsearch_object_word_link VALUES (12508, 161, 3152, 0, 658, 3151, 3103, 10, 1068047603, 1, 141, '', 0);
INSERT INTO ezsearch_object_word_link VALUES (12509, 161, 3103, 0, 659, 3152, 3152, 10, 1068047603, 1, 141, '', 0);
INSERT INTO ezsearch_object_word_link VALUES (12510, 161, 3152, 0, 660, 3103, 3153, 10, 1068047603, 1, 141, '', 0);
INSERT INTO ezsearch_object_word_link VALUES (12511, 161, 3153, 0, 661, 3152, 3154, 10, 1068047603, 1, 141, '', 0);
INSERT INTO ezsearch_object_word_link VALUES (12512, 161, 3154, 0, 662, 3153, 3124, 10, 1068047603, 1, 141, '', 0);
INSERT INTO ezsearch_object_word_link VALUES (12513, 161, 3124, 0, 663, 3154, 3155, 10, 1068047603, 1, 141, '', 0);
INSERT INTO ezsearch_object_word_link VALUES (12514, 161, 3155, 0, 664, 3124, 3156, 10, 1068047603, 1, 141, '', 0);
INSERT INTO ezsearch_object_word_link VALUES (12515, 161, 3156, 0, 665, 3155, 3122, 10, 1068047603, 1, 141, '', 0);
INSERT INTO ezsearch_object_word_link VALUES (12516, 161, 3122, 0, 666, 3156, 3157, 10, 1068047603, 1, 141, '', 0);
INSERT INTO ezsearch_object_word_link VALUES (12517, 161, 3157, 0, 667, 3122, 3158, 10, 1068047603, 1, 141, '', 0);
INSERT INTO ezsearch_object_word_link VALUES (12518, 161, 3158, 0, 668, 3157, 3159, 10, 1068047603, 1, 141, '', 0);
INSERT INTO ezsearch_object_word_link VALUES (12519, 161, 3159, 0, 669, 3158, 3160, 10, 1068047603, 1, 141, '', 0);
INSERT INTO ezsearch_object_word_link VALUES (12520, 161, 3160, 0, 670, 3159, 3161, 10, 1068047603, 1, 141, '', 0);
INSERT INTO ezsearch_object_word_link VALUES (12521, 161, 3161, 0, 671, 3160, 3162, 10, 1068047603, 1, 141, '', 0);
INSERT INTO ezsearch_object_word_link VALUES (12522, 161, 3162, 0, 672, 3161, 3111, 10, 1068047603, 1, 141, '', 0);
INSERT INTO ezsearch_object_word_link VALUES (12523, 161, 3111, 0, 673, 3162, 3163, 10, 1068047603, 1, 141, '', 0);
INSERT INTO ezsearch_object_word_link VALUES (12524, 161, 3163, 0, 674, 3111, 3164, 10, 1068047603, 1, 141, '', 0);
INSERT INTO ezsearch_object_word_link VALUES (12525, 161, 3164, 0, 675, 3163, 3165, 10, 1068047603, 1, 141, '', 0);
INSERT INTO ezsearch_object_word_link VALUES (12526, 161, 3165, 0, 676, 3164, 3166, 10, 1068047603, 1, 141, '', 0);
INSERT INTO ezsearch_object_word_link VALUES (12527, 161, 3166, 0, 677, 3165, 3156, 10, 1068047603, 1, 141, '', 0);
INSERT INTO ezsearch_object_word_link VALUES (12528, 161, 3156, 0, 678, 3166, 3107, 10, 1068047603, 1, 141, '', 0);
INSERT INTO ezsearch_object_word_link VALUES (12529, 161, 3107, 0, 679, 3156, 3167, 10, 1068047603, 1, 141, '', 0);
INSERT INTO ezsearch_object_word_link VALUES (12530, 161, 3167, 0, 680, 3107, 3129, 10, 1068047603, 1, 141, '', 0);
INSERT INTO ezsearch_object_word_link VALUES (12531, 161, 3129, 0, 681, 3167, 3098, 10, 1068047603, 1, 141, '', 0);
INSERT INTO ezsearch_object_word_link VALUES (12532, 161, 3098, 0, 682, 3129, 3139, 10, 1068047603, 1, 141, '', 0);
INSERT INTO ezsearch_object_word_link VALUES (12533, 161, 3139, 0, 683, 3098, 3123, 10, 1068047603, 1, 141, '', 0);
INSERT INTO ezsearch_object_word_link VALUES (12534, 161, 3123, 0, 684, 3139, 3118, 10, 1068047603, 1, 141, '', 0);
INSERT INTO ezsearch_object_word_link VALUES (12535, 161, 3118, 0, 685, 3123, 3090, 10, 1068047603, 1, 141, '', 0);
INSERT INTO ezsearch_object_word_link VALUES (12536, 161, 3090, 0, 686, 3118, 3168, 10, 1068047603, 1, 141, '', 0);
INSERT INTO ezsearch_object_word_link VALUES (12537, 161, 3168, 0, 687, 3090, 3169, 10, 1068047603, 1, 141, '', 0);
INSERT INTO ezsearch_object_word_link VALUES (12538, 161, 3169, 0, 688, 3168, 3103, 10, 1068047603, 1, 141, '', 0);
INSERT INTO ezsearch_object_word_link VALUES (12539, 161, 3103, 0, 689, 3169, 3103, 10, 1068047603, 1, 141, '', 0);
INSERT INTO ezsearch_object_word_link VALUES (12540, 161, 3103, 0, 690, 3103, 3154, 10, 1068047603, 1, 141, '', 0);
INSERT INTO ezsearch_object_word_link VALUES (12541, 161, 3154, 0, 691, 3103, 3139, 10, 1068047603, 1, 141, '', 0);
INSERT INTO ezsearch_object_word_link VALUES (12542, 161, 3139, 0, 692, 3154, 3109, 10, 1068047603, 1, 141, '', 0);
INSERT INTO ezsearch_object_word_link VALUES (12543, 161, 3109, 0, 693, 3139, 3170, 10, 1068047603, 1, 141, '', 0);
INSERT INTO ezsearch_object_word_link VALUES (12544, 161, 3170, 0, 694, 3109, 3171, 10, 1068047603, 1, 141, '', 0);
INSERT INTO ezsearch_object_word_link VALUES (12545, 161, 3171, 0, 695, 3170, 3098, 10, 1068047603, 1, 141, '', 0);
INSERT INTO ezsearch_object_word_link VALUES (12546, 161, 3098, 0, 696, 3171, 3172, 10, 1068047603, 1, 141, '', 0);
INSERT INTO ezsearch_object_word_link VALUES (12547, 161, 3172, 0, 697, 3098, 3173, 10, 1068047603, 1, 141, '', 0);
INSERT INTO ezsearch_object_word_link VALUES (12548, 161, 3173, 0, 698, 3172, 3174, 10, 1068047603, 1, 141, '', 0);
INSERT INTO ezsearch_object_word_link VALUES (12549, 161, 3174, 0, 699, 3173, 3175, 10, 1068047603, 1, 141, '', 0);
INSERT INTO ezsearch_object_word_link VALUES (12550, 161, 3175, 0, 700, 3174, 3176, 10, 1068047603, 1, 141, '', 0);
INSERT INTO ezsearch_object_word_link VALUES (12551, 161, 3176, 0, 701, 3175, 3109, 10, 1068047603, 1, 141, '', 0);
INSERT INTO ezsearch_object_word_link VALUES (12552, 161, 3109, 0, 702, 3176, 3141, 10, 1068047603, 1, 141, '', 0);
INSERT INTO ezsearch_object_word_link VALUES (12553, 161, 3141, 0, 703, 3109, 3177, 10, 1068047603, 1, 141, '', 0);
INSERT INTO ezsearch_object_word_link VALUES (12554, 161, 3177, 0, 704, 3141, 3103, 10, 1068047603, 1, 141, '', 0);
INSERT INTO ezsearch_object_word_link VALUES (12555, 161, 3103, 0, 705, 3177, 3143, 10, 1068047603, 1, 141, '', 0);
INSERT INTO ezsearch_object_word_link VALUES (12556, 161, 3143, 0, 706, 3103, 3178, 10, 1068047603, 1, 141, '', 0);
INSERT INTO ezsearch_object_word_link VALUES (12557, 161, 3178, 0, 707, 3143, 3092, 10, 1068047603, 1, 141, '', 0);
INSERT INTO ezsearch_object_word_link VALUES (12558, 161, 3092, 0, 708, 3178, 3124, 10, 1068047603, 1, 141, '', 0);
INSERT INTO ezsearch_object_word_link VALUES (12559, 161, 3124, 0, 709, 3092, 3131, 10, 1068047603, 1, 141, '', 0);
INSERT INTO ezsearch_object_word_link VALUES (12560, 161, 3131, 0, 710, 3124, 3164, 10, 1068047603, 1, 141, '', 0);
INSERT INTO ezsearch_object_word_link VALUES (12561, 161, 3164, 0, 711, 3131, 3147, 10, 1068047603, 1, 141, '', 0);
INSERT INTO ezsearch_object_word_link VALUES (12562, 161, 3147, 0, 712, 3164, 3127, 10, 1068047603, 1, 141, '', 0);
INSERT INTO ezsearch_object_word_link VALUES (12563, 161, 3127, 0, 713, 3147, 3121, 10, 1068047603, 1, 141, '', 0);
INSERT INTO ezsearch_object_word_link VALUES (12564, 161, 3121, 0, 714, 3127, 3179, 10, 1068047603, 1, 141, '', 0);
INSERT INTO ezsearch_object_word_link VALUES (12565, 161, 3179, 0, 715, 3121, 3143, 10, 1068047603, 1, 141, '', 0);
INSERT INTO ezsearch_object_word_link VALUES (12566, 161, 3143, 0, 716, 3179, 3139, 10, 1068047603, 1, 141, '', 0);
INSERT INTO ezsearch_object_word_link VALUES (12567, 161, 3139, 0, 717, 3143, 3180, 10, 1068047603, 1, 141, '', 0);
INSERT INTO ezsearch_object_word_link VALUES (12568, 161, 3180, 0, 718, 3139, 3112, 10, 1068047603, 1, 141, '', 0);
INSERT INTO ezsearch_object_word_link VALUES (12569, 161, 3112, 0, 719, 3180, 3181, 10, 1068047603, 1, 141, '', 0);
INSERT INTO ezsearch_object_word_link VALUES (12570, 161, 3181, 0, 720, 3112, 3182, 10, 1068047603, 1, 141, '', 0);
INSERT INTO ezsearch_object_word_link VALUES (12571, 161, 3182, 0, 721, 3181, 3149, 10, 1068047603, 1, 141, '', 0);
INSERT INTO ezsearch_object_word_link VALUES (12572, 161, 3149, 0, 722, 3182, 3110, 10, 1068047603, 1, 141, '', 0);
INSERT INTO ezsearch_object_word_link VALUES (12573, 161, 3110, 0, 723, 3149, 3183, 10, 1068047603, 1, 141, '', 0);
INSERT INTO ezsearch_object_word_link VALUES (12574, 161, 3183, 0, 724, 3110, 3156, 10, 1068047603, 1, 141, '', 0);
INSERT INTO ezsearch_object_word_link VALUES (12575, 161, 3156, 0, 725, 3183, 3130, 10, 1068047603, 1, 141, '', 0);
INSERT INTO ezsearch_object_word_link VALUES (12576, 161, 3130, 0, 726, 3156, 3168, 10, 1068047603, 1, 141, '', 0);
INSERT INTO ezsearch_object_word_link VALUES (12577, 161, 3168, 0, 727, 3130, 3102, 10, 1068047603, 1, 141, '', 0);
INSERT INTO ezsearch_object_word_link VALUES (12578, 161, 3102, 0, 728, 3168, 3171, 10, 1068047603, 1, 141, '', 0);
INSERT INTO ezsearch_object_word_link VALUES (12579, 161, 3171, 0, 729, 3102, 3165, 10, 1068047603, 1, 141, '', 0);
INSERT INTO ezsearch_object_word_link VALUES (12580, 161, 3165, 0, 730, 3171, 3120, 10, 1068047603, 1, 141, '', 0);
INSERT INTO ezsearch_object_word_link VALUES (12581, 161, 3120, 0, 731, 3165, 3184, 10, 1068047603, 1, 141, '', 0);
INSERT INTO ezsearch_object_word_link VALUES (12582, 161, 3184, 0, 732, 3120, 3130, 10, 1068047603, 1, 141, '', 0);
INSERT INTO ezsearch_object_word_link VALUES (12583, 161, 3130, 0, 733, 3184, 3159, 10, 1068047603, 1, 141, '', 0);
INSERT INTO ezsearch_object_word_link VALUES (12584, 161, 3159, 0, 734, 3130, 3185, 10, 1068047603, 1, 141, '', 0);
INSERT INTO ezsearch_object_word_link VALUES (12585, 161, 3185, 0, 735, 3159, 3186, 10, 1068047603, 1, 141, '', 0);
INSERT INTO ezsearch_object_word_link VALUES (12586, 161, 3186, 0, 736, 3185, 3106, 10, 1068047603, 1, 141, '', 0);
INSERT INTO ezsearch_object_word_link VALUES (12587, 161, 3106, 0, 737, 3186, 3149, 10, 1068047603, 1, 141, '', 0);
INSERT INTO ezsearch_object_word_link VALUES (12588, 161, 3149, 0, 738, 3106, 3138, 10, 1068047603, 1, 141, '', 0);
INSERT INTO ezsearch_object_word_link VALUES (12589, 161, 3138, 0, 739, 3149, 3159, 10, 1068047603, 1, 141, '', 0);
INSERT INTO ezsearch_object_word_link VALUES (12590, 161, 3159, 0, 740, 3138, 3092, 10, 1068047603, 1, 141, '', 0);
INSERT INTO ezsearch_object_word_link VALUES (12591, 161, 3092, 0, 741, 3159, 3187, 10, 1068047603, 1, 141, '', 0);
INSERT INTO ezsearch_object_word_link VALUES (12592, 161, 3187, 0, 742, 3092, 3109, 10, 1068047603, 1, 141, '', 0);
INSERT INTO ezsearch_object_word_link VALUES (12593, 161, 3109, 0, 743, 3187, 3168, 10, 1068047603, 1, 141, '', 0);
INSERT INTO ezsearch_object_word_link VALUES (12594, 161, 3168, 0, 744, 3109, 3111, 10, 1068047603, 1, 141, '', 0);
INSERT INTO ezsearch_object_word_link VALUES (12595, 161, 3111, 0, 745, 3168, 3123, 10, 1068047603, 1, 141, '', 0);
INSERT INTO ezsearch_object_word_link VALUES (12596, 161, 3123, 0, 746, 3111, 3188, 10, 1068047603, 1, 141, '', 0);
INSERT INTO ezsearch_object_word_link VALUES (12597, 161, 3188, 0, 747, 3123, 3096, 10, 1068047603, 1, 141, '', 0);
INSERT INTO ezsearch_object_word_link VALUES (12598, 161, 3096, 0, 748, 3188, 3151, 10, 1068047603, 1, 141, '', 0);
INSERT INTO ezsearch_object_word_link VALUES (12599, 161, 3151, 0, 749, 3096, 3109, 10, 1068047603, 1, 141, '', 0);
INSERT INTO ezsearch_object_word_link VALUES (12600, 161, 3109, 0, 750, 3151, 3189, 10, 1068047603, 1, 141, '', 0);
INSERT INTO ezsearch_object_word_link VALUES (12601, 161, 3189, 0, 751, 3109, 3190, 10, 1068047603, 1, 141, '', 0);
INSERT INTO ezsearch_object_word_link VALUES (12602, 161, 3190, 0, 752, 3189, 3191, 10, 1068047603, 1, 141, '', 0);
INSERT INTO ezsearch_object_word_link VALUES (12603, 161, 3191, 0, 753, 3190, 3192, 10, 1068047603, 1, 141, '', 0);
INSERT INTO ezsearch_object_word_link VALUES (12604, 161, 3192, 0, 754, 3191, 3159, 10, 1068047603, 1, 141, '', 0);
INSERT INTO ezsearch_object_word_link VALUES (12605, 161, 3159, 0, 755, 3192, 3113, 10, 1068047603, 1, 141, '', 0);
INSERT INTO ezsearch_object_word_link VALUES (12606, 161, 3113, 0, 756, 3159, 3117, 10, 1068047603, 1, 141, '', 0);
INSERT INTO ezsearch_object_word_link VALUES (12607, 161, 3117, 0, 757, 3113, 3193, 10, 1068047603, 1, 141, '', 0);
INSERT INTO ezsearch_object_word_link VALUES (12608, 161, 3193, 0, 758, 3117, 3163, 10, 1068047603, 1, 141, '', 0);
INSERT INTO ezsearch_object_word_link VALUES (12609, 161, 3163, 0, 759, 3193, 3168, 10, 1068047603, 1, 141, '', 0);
INSERT INTO ezsearch_object_word_link VALUES (12610, 161, 3168, 0, 760, 3163, 3116, 10, 1068047603, 1, 141, '', 0);
INSERT INTO ezsearch_object_word_link VALUES (12611, 161, 3116, 0, 761, 3168, 3097, 10, 1068047603, 1, 141, '', 0);
INSERT INTO ezsearch_object_word_link VALUES (12612, 161, 3097, 0, 762, 3116, 3194, 10, 1068047603, 1, 141, '', 0);
INSERT INTO ezsearch_object_word_link VALUES (12613, 161, 3194, 0, 763, 3097, 3195, 10, 1068047603, 1, 141, '', 0);
INSERT INTO ezsearch_object_word_link VALUES (12614, 161, 3195, 0, 764, 3194, 3196, 10, 1068047603, 1, 141, '', 0);
INSERT INTO ezsearch_object_word_link VALUES (12615, 161, 3196, 0, 765, 3195, 3166, 10, 1068047603, 1, 141, '', 0);
INSERT INTO ezsearch_object_word_link VALUES (12616, 161, 3166, 0, 766, 3196, 3177, 10, 1068047603, 1, 141, '', 0);
INSERT INTO ezsearch_object_word_link VALUES (12617, 161, 3177, 0, 767, 3166, 3149, 10, 1068047603, 1, 141, '', 0);
INSERT INTO ezsearch_object_word_link VALUES (12618, 161, 3149, 0, 768, 3177, 3109, 10, 1068047603, 1, 141, '', 0);
INSERT INTO ezsearch_object_word_link VALUES (12619, 161, 3109, 0, 769, 3149, 0, 10, 1068047603, 1, 141, '', 0);
INSERT INTO ezsearch_object_word_link VALUES (12620, 267, 3197, 0, 0, 0, 3197, 1, 1068814364, 1, 4, '', 0);
INSERT INTO ezsearch_object_word_link VALUES (12621, 267, 3197, 0, 1, 3197, 3198, 1, 1068814364, 1, 4, '', 0);
INSERT INTO ezsearch_object_word_link VALUES (12622, 267, 3198, 0, 2, 3197, 3198, 1, 1068814364, 1, 119, '', 0);
INSERT INTO ezsearch_object_word_link VALUES (12623, 267, 3198, 0, 3, 3198, 0, 1, 1068814364, 1, 119, '', 0);
INSERT INTO ezsearch_object_word_link VALUES (12624, 268, 3199, 0, 0, 0, 3200, 2, 1068814752, 1, 1, '', 0);
INSERT INTO ezsearch_object_word_link VALUES (12625, 268, 3200, 0, 1, 3199, 3089, 2, 1068814752, 1, 1, '', 0);
INSERT INTO ezsearch_object_word_link VALUES (12626, 268, 3089, 0, 2, 3200, 3199, 2, 1068814752, 1, 1, '', 0);
INSERT INTO ezsearch_object_word_link VALUES (12627, 268, 3199, 0, 3, 3089, 3200, 2, 1068814752, 1, 1, '', 0);
INSERT INTO ezsearch_object_word_link VALUES (12628, 268, 3200, 0, 4, 3199, 3089, 2, 1068814752, 1, 1, '', 0);
INSERT INTO ezsearch_object_word_link VALUES (12629, 268, 3089, 0, 5, 3200, 3090, 2, 1068814752, 1, 1, '', 0);
INSERT INTO ezsearch_object_word_link VALUES (12630, 268, 3090, 0, 6, 3089, 3091, 2, 1068814752, 1, 120, '', 0);
INSERT INTO ezsearch_object_word_link VALUES (12631, 268, 3091, 0, 7, 3090, 3092, 2, 1068814752, 1, 120, '', 0);
INSERT INTO ezsearch_object_word_link VALUES (12632, 268, 3092, 0, 8, 3091, 3093, 2, 1068814752, 1, 120, '', 0);
INSERT INTO ezsearch_object_word_link VALUES (12633, 268, 3093, 0, 9, 3092, 3094, 2, 1068814752, 1, 120, '', 0);
INSERT INTO ezsearch_object_word_link VALUES (12634, 268, 3094, 0, 10, 3093, 3095, 2, 1068814752, 1, 120, '', 0);
INSERT INTO ezsearch_object_word_link VALUES (12635, 268, 3095, 0, 11, 3094, 3096, 2, 1068814752, 1, 120, '', 0);
INSERT INTO ezsearch_object_word_link VALUES (12636, 268, 3096, 0, 12, 3095, 3097, 2, 1068814752, 1, 120, '', 0);
INSERT INTO ezsearch_object_word_link VALUES (12637, 268, 3097, 0, 13, 3096, 3098, 2, 1068814752, 1, 120, '', 0);
INSERT INTO ezsearch_object_word_link VALUES (12638, 268, 3098, 0, 14, 3097, 3093, 2, 1068814752, 1, 120, '', 0);
INSERT INTO ezsearch_object_word_link VALUES (12639, 268, 3093, 0, 15, 3098, 3094, 2, 1068814752, 1, 120, '', 0);
INSERT INTO ezsearch_object_word_link VALUES (12640, 268, 3094, 0, 16, 3093, 3099, 2, 1068814752, 1, 120, '', 0);
INSERT INTO ezsearch_object_word_link VALUES (12641, 268, 3099, 0, 17, 3094, 3100, 2, 1068814752, 1, 120, '', 0);
INSERT INTO ezsearch_object_word_link VALUES (12642, 268, 3100, 0, 18, 3099, 3101, 2, 1068814752, 1, 120, '', 0);
INSERT INTO ezsearch_object_word_link VALUES (12643, 268, 3101, 0, 19, 3100, 3102, 2, 1068814752, 1, 120, '', 0);
INSERT INTO ezsearch_object_word_link VALUES (12644, 268, 3102, 0, 20, 3101, 3103, 2, 1068814752, 1, 120, '', 0);
INSERT INTO ezsearch_object_word_link VALUES (12645, 268, 3103, 0, 21, 3102, 3096, 2, 1068814752, 1, 120, '', 0);
INSERT INTO ezsearch_object_word_link VALUES (12646, 268, 3096, 0, 22, 3103, 3104, 2, 1068814752, 1, 120, '', 0);
INSERT INTO ezsearch_object_word_link VALUES (12647, 268, 3104, 0, 23, 3096, 3105, 2, 1068814752, 1, 120, '', 0);
INSERT INTO ezsearch_object_word_link VALUES (12648, 268, 3105, 0, 24, 3104, 3106, 2, 1068814752, 1, 120, '', 0);
INSERT INTO ezsearch_object_word_link VALUES (12649, 268, 3106, 0, 25, 3105, 3107, 2, 1068814752, 1, 120, '', 0);
INSERT INTO ezsearch_object_word_link VALUES (12650, 268, 3107, 0, 26, 3106, 3099, 2, 1068814752, 1, 120, '', 0);
INSERT INTO ezsearch_object_word_link VALUES (12651, 268, 3099, 0, 27, 3107, 3098, 2, 1068814752, 1, 120, '', 0);
INSERT INTO ezsearch_object_word_link VALUES (12652, 268, 3098, 0, 28, 3099, 3108, 2, 1068814752, 1, 120, '', 0);
INSERT INTO ezsearch_object_word_link VALUES (12653, 268, 3108, 0, 29, 3098, 3109, 2, 1068814752, 1, 120, '', 0);
INSERT INTO ezsearch_object_word_link VALUES (12654, 268, 3109, 0, 30, 3108, 3110, 2, 1068814752, 1, 120, '', 0);
INSERT INTO ezsearch_object_word_link VALUES (12655, 268, 3110, 0, 31, 3109, 3111, 2, 1068814752, 1, 120, '', 0);
INSERT INTO ezsearch_object_word_link VALUES (12656, 268, 3111, 0, 32, 3110, 3112, 2, 1068814752, 1, 120, '', 0);
INSERT INTO ezsearch_object_word_link VALUES (12657, 268, 3112, 0, 33, 3111, 3113, 2, 1068814752, 1, 120, '', 0);
INSERT INTO ezsearch_object_word_link VALUES (12658, 268, 3113, 0, 34, 3112, 3114, 2, 1068814752, 1, 120, '', 0);
INSERT INTO ezsearch_object_word_link VALUES (12659, 268, 3114, 0, 35, 3113, 3115, 2, 1068814752, 1, 120, '', 0);
INSERT INTO ezsearch_object_word_link VALUES (12660, 268, 3115, 0, 36, 3114, 3099, 2, 1068814752, 1, 120, '', 0);
INSERT INTO ezsearch_object_word_link VALUES (12661, 268, 3099, 0, 37, 3115, 3116, 2, 1068814752, 1, 120, '', 0);
INSERT INTO ezsearch_object_word_link VALUES (12662, 268, 3116, 0, 38, 3099, 3117, 2, 1068814752, 1, 120, '', 0);
INSERT INTO ezsearch_object_word_link VALUES (12663, 268, 3117, 0, 39, 3116, 3118, 2, 1068814752, 1, 120, '', 0);
INSERT INTO ezsearch_object_word_link VALUES (12664, 268, 3118, 0, 40, 3117, 3119, 2, 1068814752, 1, 120, '', 0);
INSERT INTO ezsearch_object_word_link VALUES (12665, 268, 3119, 0, 41, 3118, 3120, 2, 1068814752, 1, 120, '', 0);
INSERT INTO ezsearch_object_word_link VALUES (12666, 268, 3120, 0, 42, 3119, 3121, 2, 1068814752, 1, 120, '', 0);
INSERT INTO ezsearch_object_word_link VALUES (12667, 268, 3121, 0, 43, 3120, 3122, 2, 1068814752, 1, 120, '', 0);
INSERT INTO ezsearch_object_word_link VALUES (12668, 268, 3122, 0, 44, 3121, 3123, 2, 1068814752, 1, 120, '', 0);
INSERT INTO ezsearch_object_word_link VALUES (12669, 268, 3123, 0, 45, 3122, 3124, 2, 1068814752, 1, 120, '', 0);
INSERT INTO ezsearch_object_word_link VALUES (12670, 268, 3124, 0, 46, 3123, 3125, 2, 1068814752, 1, 120, '', 0);
INSERT INTO ezsearch_object_word_link VALUES (12671, 268, 3125, 0, 47, 3124, 3126, 2, 1068814752, 1, 120, '', 0);
INSERT INTO ezsearch_object_word_link VALUES (12672, 268, 3126, 0, 48, 3125, 3127, 2, 1068814752, 1, 120, '', 0);
INSERT INTO ezsearch_object_word_link VALUES (12673, 268, 3127, 0, 49, 3126, 3128, 2, 1068814752, 1, 120, '', 0);
INSERT INTO ezsearch_object_word_link VALUES (12674, 268, 3128, 0, 50, 3127, 3129, 2, 1068814752, 1, 120, '', 0);
INSERT INTO ezsearch_object_word_link VALUES (12675, 268, 3129, 0, 51, 3128, 3109, 2, 1068814752, 1, 120, '', 0);
INSERT INTO ezsearch_object_word_link VALUES (12676, 268, 3109, 0, 52, 3129, 3097, 2, 1068814752, 1, 120, '', 0);
INSERT INTO ezsearch_object_word_link VALUES (12677, 268, 3097, 0, 53, 3109, 3130, 2, 1068814752, 1, 120, '', 0);
INSERT INTO ezsearch_object_word_link VALUES (12678, 268, 3130, 0, 54, 3097, 3131, 2, 1068814752, 1, 120, '', 0);
INSERT INTO ezsearch_object_word_link VALUES (12679, 268, 3131, 0, 55, 3130, 3132, 2, 1068814752, 1, 120, '', 0);
INSERT INTO ezsearch_object_word_link VALUES (12680, 268, 3132, 0, 56, 3131, 3133, 2, 1068814752, 1, 120, '', 0);
INSERT INTO ezsearch_object_word_link VALUES (12681, 268, 3133, 0, 57, 3132, 3110, 2, 1068814752, 1, 120, '', 0);
INSERT INTO ezsearch_object_word_link VALUES (12682, 268, 3110, 0, 58, 3133, 3134, 2, 1068814752, 1, 120, '', 0);
INSERT INTO ezsearch_object_word_link VALUES (12683, 268, 3134, 0, 59, 3110, 3135, 2, 1068814752, 1, 120, '', 0);
INSERT INTO ezsearch_object_word_link VALUES (12684, 268, 3135, 0, 60, 3134, 3136, 2, 1068814752, 1, 120, '', 0);
INSERT INTO ezsearch_object_word_link VALUES (12685, 268, 3136, 0, 61, 3135, 3103, 2, 1068814752, 1, 120, '', 0);
INSERT INTO ezsearch_object_word_link VALUES (12686, 268, 3103, 0, 62, 3136, 3136, 2, 1068814752, 1, 120, '', 0);
INSERT INTO ezsearch_object_word_link VALUES (12687, 268, 3136, 0, 63, 3103, 3137, 2, 1068814752, 1, 120, '', 0);
INSERT INTO ezsearch_object_word_link VALUES (12688, 268, 3137, 0, 64, 3136, 3138, 2, 1068814752, 1, 120, '', 0);
INSERT INTO ezsearch_object_word_link VALUES (12689, 268, 3138, 0, 65, 3137, 3098, 2, 1068814752, 1, 120, '', 0);
INSERT INTO ezsearch_object_word_link VALUES (12690, 268, 3098, 0, 66, 3138, 3121, 2, 1068814752, 1, 120, '', 0);
INSERT INTO ezsearch_object_word_link VALUES (12691, 268, 3121, 0, 67, 3098, 3139, 2, 1068814752, 1, 120, '', 0);
INSERT INTO ezsearch_object_word_link VALUES (12692, 268, 3139, 0, 68, 3121, 3140, 2, 1068814752, 1, 120, '', 0);
INSERT INTO ezsearch_object_word_link VALUES (12693, 268, 3140, 0, 69, 3139, 3103, 2, 1068814752, 1, 120, '', 0);
INSERT INTO ezsearch_object_word_link VALUES (12694, 268, 3103, 0, 70, 3140, 3090, 2, 1068814752, 1, 120, '', 0);
INSERT INTO ezsearch_object_word_link VALUES (12695, 268, 3090, 0, 71, 3103, 3141, 2, 1068814752, 1, 120, '', 0);
INSERT INTO ezsearch_object_word_link VALUES (12696, 268, 3141, 0, 72, 3090, 3142, 2, 1068814752, 1, 120, '', 0);
INSERT INTO ezsearch_object_word_link VALUES (12697, 268, 3142, 0, 73, 3141, 3143, 2, 1068814752, 1, 120, '', 0);
INSERT INTO ezsearch_object_word_link VALUES (12698, 268, 3143, 0, 74, 3142, 3144, 2, 1068814752, 1, 120, '', 0);
INSERT INTO ezsearch_object_word_link VALUES (12699, 268, 3144, 0, 75, 3143, 3145, 2, 1068814752, 1, 120, '', 0);
INSERT INTO ezsearch_object_word_link VALUES (12700, 268, 3145, 0, 76, 3144, 3098, 2, 1068814752, 1, 120, '', 0);
INSERT INTO ezsearch_object_word_link VALUES (12701, 268, 3098, 0, 77, 3145, 3116, 2, 1068814752, 1, 120, '', 0);
INSERT INTO ezsearch_object_word_link VALUES (12702, 268, 3116, 0, 78, 3098, 3146, 2, 1068814752, 1, 120, '', 0);
INSERT INTO ezsearch_object_word_link VALUES (12703, 268, 3146, 0, 79, 3116, 3147, 2, 1068814752, 1, 120, '', 0);
INSERT INTO ezsearch_object_word_link VALUES (12704, 268, 3147, 0, 80, 3146, 3148, 2, 1068814752, 1, 120, '', 0);
INSERT INTO ezsearch_object_word_link VALUES (12705, 268, 3148, 0, 81, 3147, 3149, 2, 1068814752, 1, 120, '', 0);
INSERT INTO ezsearch_object_word_link VALUES (12706, 268, 3149, 0, 82, 3148, 3150, 2, 1068814752, 1, 120, '', 0);
INSERT INTO ezsearch_object_word_link VALUES (12707, 268, 3150, 0, 83, 3149, 3151, 2, 1068814752, 1, 120, '', 0);
INSERT INTO ezsearch_object_word_link VALUES (12708, 268, 3151, 0, 84, 3150, 3152, 2, 1068814752, 1, 120, '', 0);
INSERT INTO ezsearch_object_word_link VALUES (12709, 268, 3152, 0, 85, 3151, 3103, 2, 1068814752, 1, 120, '', 0);
INSERT INTO ezsearch_object_word_link VALUES (12710, 268, 3103, 0, 86, 3152, 3152, 2, 1068814752, 1, 120, '', 0);
INSERT INTO ezsearch_object_word_link VALUES (12711, 268, 3152, 0, 87, 3103, 3153, 2, 1068814752, 1, 120, '', 0);
INSERT INTO ezsearch_object_word_link VALUES (12712, 268, 3153, 0, 88, 3152, 3154, 2, 1068814752, 1, 120, '', 0);
INSERT INTO ezsearch_object_word_link VALUES (12713, 268, 3154, 0, 89, 3153, 3124, 2, 1068814752, 1, 120, '', 0);
INSERT INTO ezsearch_object_word_link VALUES (12714, 268, 3124, 0, 90, 3154, 3155, 2, 1068814752, 1, 120, '', 0);
INSERT INTO ezsearch_object_word_link VALUES (12715, 268, 3155, 0, 91, 3124, 3156, 2, 1068814752, 1, 120, '', 0);
INSERT INTO ezsearch_object_word_link VALUES (12716, 268, 3156, 0, 92, 3155, 3122, 2, 1068814752, 1, 120, '', 0);
INSERT INTO ezsearch_object_word_link VALUES (12717, 268, 3122, 0, 93, 3156, 3157, 2, 1068814752, 1, 120, '', 0);
INSERT INTO ezsearch_object_word_link VALUES (12718, 268, 3157, 0, 94, 3122, 3158, 2, 1068814752, 1, 120, '', 0);
INSERT INTO ezsearch_object_word_link VALUES (12719, 268, 3158, 0, 95, 3157, 3159, 2, 1068814752, 1, 120, '', 0);
INSERT INTO ezsearch_object_word_link VALUES (12720, 268, 3159, 0, 96, 3158, 3160, 2, 1068814752, 1, 120, '', 0);
INSERT INTO ezsearch_object_word_link VALUES (12721, 268, 3160, 0, 97, 3159, 3161, 2, 1068814752, 1, 120, '', 0);
INSERT INTO ezsearch_object_word_link VALUES (12722, 268, 3161, 0, 98, 3160, 3162, 2, 1068814752, 1, 120, '', 0);
INSERT INTO ezsearch_object_word_link VALUES (12723, 268, 3162, 0, 99, 3161, 3111, 2, 1068814752, 1, 120, '', 0);
INSERT INTO ezsearch_object_word_link VALUES (12724, 268, 3111, 0, 100, 3162, 3163, 2, 1068814752, 1, 120, '', 0);
INSERT INTO ezsearch_object_word_link VALUES (12725, 268, 3163, 0, 101, 3111, 3164, 2, 1068814752, 1, 120, '', 0);
INSERT INTO ezsearch_object_word_link VALUES (12726, 268, 3164, 0, 102, 3163, 3165, 2, 1068814752, 1, 120, '', 0);
INSERT INTO ezsearch_object_word_link VALUES (12727, 268, 3165, 0, 103, 3164, 3166, 2, 1068814752, 1, 120, '', 0);
INSERT INTO ezsearch_object_word_link VALUES (12728, 268, 3166, 0, 104, 3165, 3156, 2, 1068814752, 1, 120, '', 0);
INSERT INTO ezsearch_object_word_link VALUES (12729, 268, 3156, 0, 105, 3166, 3107, 2, 1068814752, 1, 120, '', 0);
INSERT INTO ezsearch_object_word_link VALUES (12730, 268, 3107, 0, 106, 3156, 3167, 2, 1068814752, 1, 120, '', 0);
INSERT INTO ezsearch_object_word_link VALUES (12731, 268, 3167, 0, 107, 3107, 3129, 2, 1068814752, 1, 120, '', 0);
INSERT INTO ezsearch_object_word_link VALUES (12732, 268, 3129, 0, 108, 3167, 3098, 2, 1068814752, 1, 120, '', 0);
INSERT INTO ezsearch_object_word_link VALUES (12733, 268, 3098, 0, 109, 3129, 3139, 2, 1068814752, 1, 120, '', 0);
INSERT INTO ezsearch_object_word_link VALUES (12734, 268, 3139, 0, 110, 3098, 3123, 2, 1068814752, 1, 120, '', 0);
INSERT INTO ezsearch_object_word_link VALUES (12735, 268, 3123, 0, 111, 3139, 3118, 2, 1068814752, 1, 120, '', 0);
INSERT INTO ezsearch_object_word_link VALUES (12736, 268, 3118, 0, 112, 3123, 3090, 2, 1068814752, 1, 120, '', 0);
INSERT INTO ezsearch_object_word_link VALUES (12737, 268, 3090, 0, 113, 3118, 3168, 2, 1068814752, 1, 120, '', 0);
INSERT INTO ezsearch_object_word_link VALUES (12738, 268, 3168, 0, 114, 3090, 3169, 2, 1068814752, 1, 120, '', 0);
INSERT INTO ezsearch_object_word_link VALUES (12739, 268, 3169, 0, 115, 3168, 3103, 2, 1068814752, 1, 120, '', 0);
INSERT INTO ezsearch_object_word_link VALUES (12740, 268, 3103, 0, 116, 3169, 3103, 2, 1068814752, 1, 120, '', 0);
INSERT INTO ezsearch_object_word_link VALUES (12741, 268, 3103, 0, 117, 3103, 3154, 2, 1068814752, 1, 120, '', 0);
INSERT INTO ezsearch_object_word_link VALUES (12742, 268, 3154, 0, 118, 3103, 3139, 2, 1068814752, 1, 120, '', 0);
INSERT INTO ezsearch_object_word_link VALUES (12743, 268, 3139, 0, 119, 3154, 3109, 2, 1068814752, 1, 120, '', 0);
INSERT INTO ezsearch_object_word_link VALUES (12744, 268, 3109, 0, 120, 3139, 3170, 2, 1068814752, 1, 120, '', 0);
INSERT INTO ezsearch_object_word_link VALUES (12745, 268, 3170, 0, 121, 3109, 3171, 2, 1068814752, 1, 120, '', 0);
INSERT INTO ezsearch_object_word_link VALUES (12746, 268, 3171, 0, 122, 3170, 3098, 2, 1068814752, 1, 120, '', 0);
INSERT INTO ezsearch_object_word_link VALUES (12747, 268, 3098, 0, 123, 3171, 3172, 2, 1068814752, 1, 120, '', 0);
INSERT INTO ezsearch_object_word_link VALUES (12748, 268, 3172, 0, 124, 3098, 3173, 2, 1068814752, 1, 120, '', 0);
INSERT INTO ezsearch_object_word_link VALUES (12749, 268, 3173, 0, 125, 3172, 3174, 2, 1068814752, 1, 120, '', 0);
INSERT INTO ezsearch_object_word_link VALUES (12750, 268, 3174, 0, 126, 3173, 3175, 2, 1068814752, 1, 120, '', 0);
INSERT INTO ezsearch_object_word_link VALUES (12751, 268, 3175, 0, 127, 3174, 3176, 2, 1068814752, 1, 120, '', 0);
INSERT INTO ezsearch_object_word_link VALUES (12752, 268, 3176, 0, 128, 3175, 3109, 2, 1068814752, 1, 120, '', 0);
INSERT INTO ezsearch_object_word_link VALUES (12753, 268, 3109, 0, 129, 3176, 3141, 2, 1068814752, 1, 120, '', 0);
INSERT INTO ezsearch_object_word_link VALUES (12754, 268, 3141, 0, 130, 3109, 3177, 2, 1068814752, 1, 120, '', 0);
INSERT INTO ezsearch_object_word_link VALUES (12755, 268, 3177, 0, 131, 3141, 3103, 2, 1068814752, 1, 120, '', 0);
INSERT INTO ezsearch_object_word_link VALUES (12756, 268, 3103, 0, 132, 3177, 3143, 2, 1068814752, 1, 120, '', 0);
INSERT INTO ezsearch_object_word_link VALUES (12757, 268, 3143, 0, 133, 3103, 3178, 2, 1068814752, 1, 120, '', 0);
INSERT INTO ezsearch_object_word_link VALUES (12758, 268, 3178, 0, 134, 3143, 3092, 2, 1068814752, 1, 120, '', 0);
INSERT INTO ezsearch_object_word_link VALUES (12759, 268, 3092, 0, 135, 3178, 3124, 2, 1068814752, 1, 120, '', 0);
INSERT INTO ezsearch_object_word_link VALUES (12760, 268, 3124, 0, 136, 3092, 3131, 2, 1068814752, 1, 120, '', 0);
INSERT INTO ezsearch_object_word_link VALUES (12761, 268, 3131, 0, 137, 3124, 3164, 2, 1068814752, 1, 120, '', 0);
INSERT INTO ezsearch_object_word_link VALUES (12762, 268, 3164, 0, 138, 3131, 3147, 2, 1068814752, 1, 120, '', 0);
INSERT INTO ezsearch_object_word_link VALUES (12763, 268, 3147, 0, 139, 3164, 3127, 2, 1068814752, 1, 120, '', 0);
INSERT INTO ezsearch_object_word_link VALUES (12764, 268, 3127, 0, 140, 3147, 3121, 2, 1068814752, 1, 120, '', 0);
INSERT INTO ezsearch_object_word_link VALUES (12765, 268, 3121, 0, 141, 3127, 3179, 2, 1068814752, 1, 120, '', 0);
INSERT INTO ezsearch_object_word_link VALUES (12766, 268, 3179, 0, 142, 3121, 3143, 2, 1068814752, 1, 120, '', 0);
INSERT INTO ezsearch_object_word_link VALUES (12767, 268, 3143, 0, 143, 3179, 3139, 2, 1068814752, 1, 120, '', 0);
INSERT INTO ezsearch_object_word_link VALUES (12768, 268, 3139, 0, 144, 3143, 3180, 2, 1068814752, 1, 120, '', 0);
INSERT INTO ezsearch_object_word_link VALUES (12769, 268, 3180, 0, 145, 3139, 3112, 2, 1068814752, 1, 120, '', 0);
INSERT INTO ezsearch_object_word_link VALUES (12770, 268, 3112, 0, 146, 3180, 3181, 2, 1068814752, 1, 120, '', 0);
INSERT INTO ezsearch_object_word_link VALUES (12771, 268, 3181, 0, 147, 3112, 3182, 2, 1068814752, 1, 120, '', 0);
INSERT INTO ezsearch_object_word_link VALUES (12772, 268, 3182, 0, 148, 3181, 3149, 2, 1068814752, 1, 120, '', 0);
INSERT INTO ezsearch_object_word_link VALUES (12773, 268, 3149, 0, 149, 3182, 3110, 2, 1068814752, 1, 120, '', 0);
INSERT INTO ezsearch_object_word_link VALUES (12774, 268, 3110, 0, 150, 3149, 3183, 2, 1068814752, 1, 120, '', 0);
INSERT INTO ezsearch_object_word_link VALUES (12775, 268, 3183, 0, 151, 3110, 3156, 2, 1068814752, 1, 120, '', 0);
INSERT INTO ezsearch_object_word_link VALUES (12776, 268, 3156, 0, 152, 3183, 3130, 2, 1068814752, 1, 120, '', 0);
INSERT INTO ezsearch_object_word_link VALUES (12777, 268, 3130, 0, 153, 3156, 3168, 2, 1068814752, 1, 120, '', 0);
INSERT INTO ezsearch_object_word_link VALUES (12778, 268, 3168, 0, 154, 3130, 3102, 2, 1068814752, 1, 120, '', 0);
INSERT INTO ezsearch_object_word_link VALUES (12779, 268, 3102, 0, 155, 3168, 3171, 2, 1068814752, 1, 120, '', 0);
INSERT INTO ezsearch_object_word_link VALUES (12780, 268, 3171, 0, 156, 3102, 3165, 2, 1068814752, 1, 120, '', 0);
INSERT INTO ezsearch_object_word_link VALUES (12781, 268, 3165, 0, 157, 3171, 3120, 2, 1068814752, 1, 120, '', 0);
INSERT INTO ezsearch_object_word_link VALUES (12782, 268, 3120, 0, 158, 3165, 3184, 2, 1068814752, 1, 120, '', 0);
INSERT INTO ezsearch_object_word_link VALUES (12783, 268, 3184, 0, 159, 3120, 3130, 2, 1068814752, 1, 120, '', 0);
INSERT INTO ezsearch_object_word_link VALUES (12784, 268, 3130, 0, 160, 3184, 3159, 2, 1068814752, 1, 120, '', 0);
INSERT INTO ezsearch_object_word_link VALUES (12785, 268, 3159, 0, 161, 3130, 3185, 2, 1068814752, 1, 120, '', 0);
INSERT INTO ezsearch_object_word_link VALUES (12786, 268, 3185, 0, 162, 3159, 3186, 2, 1068814752, 1, 120, '', 0);
INSERT INTO ezsearch_object_word_link VALUES (12787, 268, 3186, 0, 163, 3185, 3106, 2, 1068814752, 1, 120, '', 0);
INSERT INTO ezsearch_object_word_link VALUES (12788, 268, 3106, 0, 164, 3186, 3149, 2, 1068814752, 1, 120, '', 0);
INSERT INTO ezsearch_object_word_link VALUES (12789, 268, 3149, 0, 165, 3106, 3138, 2, 1068814752, 1, 120, '', 0);
INSERT INTO ezsearch_object_word_link VALUES (12790, 268, 3138, 0, 166, 3149, 3159, 2, 1068814752, 1, 120, '', 0);
INSERT INTO ezsearch_object_word_link VALUES (12791, 268, 3159, 0, 167, 3138, 3092, 2, 1068814752, 1, 120, '', 0);
INSERT INTO ezsearch_object_word_link VALUES (12792, 268, 3092, 0, 168, 3159, 3187, 2, 1068814752, 1, 120, '', 0);
INSERT INTO ezsearch_object_word_link VALUES (12793, 268, 3187, 0, 169, 3092, 3109, 2, 1068814752, 1, 120, '', 0);
INSERT INTO ezsearch_object_word_link VALUES (12794, 268, 3109, 0, 170, 3187, 3168, 2, 1068814752, 1, 120, '', 0);
INSERT INTO ezsearch_object_word_link VALUES (12795, 268, 3168, 0, 171, 3109, 3111, 2, 1068814752, 1, 120, '', 0);
INSERT INTO ezsearch_object_word_link VALUES (12796, 268, 3111, 0, 172, 3168, 3123, 2, 1068814752, 1, 120, '', 0);
INSERT INTO ezsearch_object_word_link VALUES (12797, 268, 3123, 0, 173, 3111, 3188, 2, 1068814752, 1, 120, '', 0);
INSERT INTO ezsearch_object_word_link VALUES (12798, 268, 3188, 0, 174, 3123, 3096, 2, 1068814752, 1, 120, '', 0);
INSERT INTO ezsearch_object_word_link VALUES (12799, 268, 3096, 0, 175, 3188, 3151, 2, 1068814752, 1, 120, '', 0);
INSERT INTO ezsearch_object_word_link VALUES (12800, 268, 3151, 0, 176, 3096, 3109, 2, 1068814752, 1, 120, '', 0);
INSERT INTO ezsearch_object_word_link VALUES (12801, 268, 3109, 0, 177, 3151, 3189, 2, 1068814752, 1, 120, '', 0);
INSERT INTO ezsearch_object_word_link VALUES (12802, 268, 3189, 0, 178, 3109, 3190, 2, 1068814752, 1, 120, '', 0);
INSERT INTO ezsearch_object_word_link VALUES (12803, 268, 3190, 0, 179, 3189, 3191, 2, 1068814752, 1, 120, '', 0);
INSERT INTO ezsearch_object_word_link VALUES (12804, 268, 3191, 0, 180, 3190, 3192, 2, 1068814752, 1, 120, '', 0);
INSERT INTO ezsearch_object_word_link VALUES (12805, 268, 3192, 0, 181, 3191, 3159, 2, 1068814752, 1, 120, '', 0);
INSERT INTO ezsearch_object_word_link VALUES (12806, 268, 3159, 0, 182, 3192, 3113, 2, 1068814752, 1, 120, '', 0);
INSERT INTO ezsearch_object_word_link VALUES (12807, 268, 3113, 0, 183, 3159, 3117, 2, 1068814752, 1, 120, '', 0);
INSERT INTO ezsearch_object_word_link VALUES (12808, 268, 3117, 0, 184, 3113, 3193, 2, 1068814752, 1, 120, '', 0);
INSERT INTO ezsearch_object_word_link VALUES (12809, 268, 3193, 0, 185, 3117, 3163, 2, 1068814752, 1, 120, '', 0);
INSERT INTO ezsearch_object_word_link VALUES (12810, 268, 3163, 0, 186, 3193, 3168, 2, 1068814752, 1, 120, '', 0);
INSERT INTO ezsearch_object_word_link VALUES (12811, 268, 3168, 0, 187, 3163, 3116, 2, 1068814752, 1, 120, '', 0);
INSERT INTO ezsearch_object_word_link VALUES (12812, 268, 3116, 0, 188, 3168, 3097, 2, 1068814752, 1, 120, '', 0);
INSERT INTO ezsearch_object_word_link VALUES (12813, 268, 3097, 0, 189, 3116, 3194, 2, 1068814752, 1, 120, '', 0);
INSERT INTO ezsearch_object_word_link VALUES (12814, 268, 3194, 0, 190, 3097, 3195, 2, 1068814752, 1, 120, '', 0);
INSERT INTO ezsearch_object_word_link VALUES (12815, 268, 3195, 0, 191, 3194, 3196, 2, 1068814752, 1, 120, '', 0);
INSERT INTO ezsearch_object_word_link VALUES (12816, 268, 3196, 0, 192, 3195, 3166, 2, 1068814752, 1, 120, '', 0);
INSERT INTO ezsearch_object_word_link VALUES (12817, 268, 3166, 0, 193, 3196, 3177, 2, 1068814752, 1, 120, '', 0);
INSERT INTO ezsearch_object_word_link VALUES (12818, 268, 3177, 0, 194, 3166, 3149, 2, 1068814752, 1, 120, '', 0);
INSERT INTO ezsearch_object_word_link VALUES (12819, 268, 3149, 0, 195, 3177, 3109, 2, 1068814752, 1, 120, '', 0);
INSERT INTO ezsearch_object_word_link VALUES (12820, 268, 3109, 0, 196, 3149, 3090, 2, 1068814752, 1, 120, '', 0);
INSERT INTO ezsearch_object_word_link VALUES (12821, 268, 3090, 0, 197, 3109, 3091, 2, 1068814752, 1, 120, '', 0);
INSERT INTO ezsearch_object_word_link VALUES (12822, 268, 3091, 0, 198, 3090, 3092, 2, 1068814752, 1, 120, '', 0);
INSERT INTO ezsearch_object_word_link VALUES (12823, 268, 3092, 0, 199, 3091, 3093, 2, 1068814752, 1, 120, '', 0);
INSERT INTO ezsearch_object_word_link VALUES (12824, 268, 3093, 0, 200, 3092, 3094, 2, 1068814752, 1, 120, '', 0);
INSERT INTO ezsearch_object_word_link VALUES (12825, 268, 3094, 0, 201, 3093, 3095, 2, 1068814752, 1, 120, '', 0);
INSERT INTO ezsearch_object_word_link VALUES (12826, 268, 3095, 0, 202, 3094, 3096, 2, 1068814752, 1, 120, '', 0);
INSERT INTO ezsearch_object_word_link VALUES (12827, 268, 3096, 0, 203, 3095, 3097, 2, 1068814752, 1, 120, '', 0);
INSERT INTO ezsearch_object_word_link VALUES (12828, 268, 3097, 0, 204, 3096, 3098, 2, 1068814752, 1, 120, '', 0);
INSERT INTO ezsearch_object_word_link VALUES (12829, 268, 3098, 0, 205, 3097, 3093, 2, 1068814752, 1, 120, '', 0);
INSERT INTO ezsearch_object_word_link VALUES (12830, 268, 3093, 0, 206, 3098, 3094, 2, 1068814752, 1, 120, '', 0);
INSERT INTO ezsearch_object_word_link VALUES (12831, 268, 3094, 0, 207, 3093, 3099, 2, 1068814752, 1, 120, '', 0);
INSERT INTO ezsearch_object_word_link VALUES (12832, 268, 3099, 0, 208, 3094, 3100, 2, 1068814752, 1, 120, '', 0);
INSERT INTO ezsearch_object_word_link VALUES (12833, 268, 3100, 0, 209, 3099, 3101, 2, 1068814752, 1, 120, '', 0);
INSERT INTO ezsearch_object_word_link VALUES (12834, 268, 3101, 0, 210, 3100, 3102, 2, 1068814752, 1, 120, '', 0);
INSERT INTO ezsearch_object_word_link VALUES (12835, 268, 3102, 0, 211, 3101, 3103, 2, 1068814752, 1, 120, '', 0);
INSERT INTO ezsearch_object_word_link VALUES (12836, 268, 3103, 0, 212, 3102, 3096, 2, 1068814752, 1, 120, '', 0);
INSERT INTO ezsearch_object_word_link VALUES (12837, 268, 3096, 0, 213, 3103, 3104, 2, 1068814752, 1, 120, '', 0);
INSERT INTO ezsearch_object_word_link VALUES (12838, 268, 3104, 0, 214, 3096, 3105, 2, 1068814752, 1, 120, '', 0);
INSERT INTO ezsearch_object_word_link VALUES (12839, 268, 3105, 0, 215, 3104, 3106, 2, 1068814752, 1, 120, '', 0);
INSERT INTO ezsearch_object_word_link VALUES (12840, 268, 3106, 0, 216, 3105, 3107, 2, 1068814752, 1, 120, '', 0);
INSERT INTO ezsearch_object_word_link VALUES (12841, 268, 3107, 0, 217, 3106, 3099, 2, 1068814752, 1, 120, '', 0);
INSERT INTO ezsearch_object_word_link VALUES (12842, 268, 3099, 0, 218, 3107, 3098, 2, 1068814752, 1, 120, '', 0);
INSERT INTO ezsearch_object_word_link VALUES (12843, 268, 3098, 0, 219, 3099, 3108, 2, 1068814752, 1, 120, '', 0);
INSERT INTO ezsearch_object_word_link VALUES (12844, 268, 3108, 0, 220, 3098, 3109, 2, 1068814752, 1, 120, '', 0);
INSERT INTO ezsearch_object_word_link VALUES (12845, 268, 3109, 0, 221, 3108, 3110, 2, 1068814752, 1, 120, '', 0);
INSERT INTO ezsearch_object_word_link VALUES (12846, 268, 3110, 0, 222, 3109, 3111, 2, 1068814752, 1, 120, '', 0);
INSERT INTO ezsearch_object_word_link VALUES (12847, 268, 3111, 0, 223, 3110, 3112, 2, 1068814752, 1, 120, '', 0);
INSERT INTO ezsearch_object_word_link VALUES (12848, 268, 3112, 0, 224, 3111, 3113, 2, 1068814752, 1, 120, '', 0);
INSERT INTO ezsearch_object_word_link VALUES (12849, 268, 3113, 0, 225, 3112, 3114, 2, 1068814752, 1, 120, '', 0);
INSERT INTO ezsearch_object_word_link VALUES (12850, 268, 3114, 0, 226, 3113, 3115, 2, 1068814752, 1, 120, '', 0);
INSERT INTO ezsearch_object_word_link VALUES (12851, 268, 3115, 0, 227, 3114, 3099, 2, 1068814752, 1, 120, '', 0);
INSERT INTO ezsearch_object_word_link VALUES (12852, 268, 3099, 0, 228, 3115, 3116, 2, 1068814752, 1, 120, '', 0);
INSERT INTO ezsearch_object_word_link VALUES (12853, 268, 3116, 0, 229, 3099, 3117, 2, 1068814752, 1, 120, '', 0);
INSERT INTO ezsearch_object_word_link VALUES (12854, 268, 3117, 0, 230, 3116, 3118, 2, 1068814752, 1, 120, '', 0);
INSERT INTO ezsearch_object_word_link VALUES (12855, 268, 3118, 0, 231, 3117, 3119, 2, 1068814752, 1, 120, '', 0);
INSERT INTO ezsearch_object_word_link VALUES (12856, 268, 3119, 0, 232, 3118, 3120, 2, 1068814752, 1, 120, '', 0);
INSERT INTO ezsearch_object_word_link VALUES (12857, 268, 3120, 0, 233, 3119, 3121, 2, 1068814752, 1, 120, '', 0);
INSERT INTO ezsearch_object_word_link VALUES (12858, 268, 3121, 0, 234, 3120, 3122, 2, 1068814752, 1, 120, '', 0);
INSERT INTO ezsearch_object_word_link VALUES (12859, 268, 3122, 0, 235, 3121, 3123, 2, 1068814752, 1, 120, '', 0);
INSERT INTO ezsearch_object_word_link VALUES (12860, 268, 3123, 0, 236, 3122, 3124, 2, 1068814752, 1, 120, '', 0);
INSERT INTO ezsearch_object_word_link VALUES (12861, 268, 3124, 0, 237, 3123, 3125, 2, 1068814752, 1, 120, '', 0);
INSERT INTO ezsearch_object_word_link VALUES (12862, 268, 3125, 0, 238, 3124, 3126, 2, 1068814752, 1, 120, '', 0);
INSERT INTO ezsearch_object_word_link VALUES (12863, 268, 3126, 0, 239, 3125, 3127, 2, 1068814752, 1, 120, '', 0);
INSERT INTO ezsearch_object_word_link VALUES (12864, 268, 3127, 0, 240, 3126, 3128, 2, 1068814752, 1, 120, '', 0);
INSERT INTO ezsearch_object_word_link VALUES (12865, 268, 3128, 0, 241, 3127, 3129, 2, 1068814752, 1, 120, '', 0);
INSERT INTO ezsearch_object_word_link VALUES (12866, 268, 3129, 0, 242, 3128, 3109, 2, 1068814752, 1, 120, '', 0);
INSERT INTO ezsearch_object_word_link VALUES (12867, 268, 3109, 0, 243, 3129, 3097, 2, 1068814752, 1, 120, '', 0);
INSERT INTO ezsearch_object_word_link VALUES (12868, 268, 3097, 0, 244, 3109, 3130, 2, 1068814752, 1, 120, '', 0);
INSERT INTO ezsearch_object_word_link VALUES (12869, 268, 3130, 0, 245, 3097, 3131, 2, 1068814752, 1, 120, '', 0);
INSERT INTO ezsearch_object_word_link VALUES (12870, 268, 3131, 0, 246, 3130, 3132, 2, 1068814752, 1, 120, '', 0);
INSERT INTO ezsearch_object_word_link VALUES (12871, 268, 3132, 0, 247, 3131, 3133, 2, 1068814752, 1, 120, '', 0);
INSERT INTO ezsearch_object_word_link VALUES (12872, 268, 3133, 0, 248, 3132, 3110, 2, 1068814752, 1, 120, '', 0);
INSERT INTO ezsearch_object_word_link VALUES (12873, 268, 3110, 0, 249, 3133, 3134, 2, 1068814752, 1, 120, '', 0);
INSERT INTO ezsearch_object_word_link VALUES (12874, 268, 3134, 0, 250, 3110, 3135, 2, 1068814752, 1, 120, '', 0);
INSERT INTO ezsearch_object_word_link VALUES (12875, 268, 3135, 0, 251, 3134, 3136, 2, 1068814752, 1, 120, '', 0);
INSERT INTO ezsearch_object_word_link VALUES (12876, 268, 3136, 0, 252, 3135, 3103, 2, 1068814752, 1, 120, '', 0);
INSERT INTO ezsearch_object_word_link VALUES (12877, 268, 3103, 0, 253, 3136, 3136, 2, 1068814752, 1, 120, '', 0);
INSERT INTO ezsearch_object_word_link VALUES (12878, 268, 3136, 0, 254, 3103, 3137, 2, 1068814752, 1, 120, '', 0);
INSERT INTO ezsearch_object_word_link VALUES (12879, 268, 3137, 0, 255, 3136, 3138, 2, 1068814752, 1, 120, '', 0);
INSERT INTO ezsearch_object_word_link VALUES (12880, 268, 3138, 0, 256, 3137, 3098, 2, 1068814752, 1, 120, '', 0);
INSERT INTO ezsearch_object_word_link VALUES (12881, 268, 3098, 0, 257, 3138, 3121, 2, 1068814752, 1, 120, '', 0);
INSERT INTO ezsearch_object_word_link VALUES (12882, 268, 3121, 0, 258, 3098, 3139, 2, 1068814752, 1, 120, '', 0);
INSERT INTO ezsearch_object_word_link VALUES (12883, 268, 3139, 0, 259, 3121, 3140, 2, 1068814752, 1, 120, '', 0);
INSERT INTO ezsearch_object_word_link VALUES (12884, 268, 3140, 0, 260, 3139, 3103, 2, 1068814752, 1, 120, '', 0);
INSERT INTO ezsearch_object_word_link VALUES (12885, 268, 3103, 0, 261, 3140, 3090, 2, 1068814752, 1, 120, '', 0);
INSERT INTO ezsearch_object_word_link VALUES (12886, 268, 3090, 0, 262, 3103, 3141, 2, 1068814752, 1, 120, '', 0);
INSERT INTO ezsearch_object_word_link VALUES (12887, 268, 3141, 0, 263, 3090, 3142, 2, 1068814752, 1, 120, '', 0);
INSERT INTO ezsearch_object_word_link VALUES (12888, 268, 3142, 0, 264, 3141, 3143, 2, 1068814752, 1, 120, '', 0);
INSERT INTO ezsearch_object_word_link VALUES (12889, 268, 3143, 0, 265, 3142, 3144, 2, 1068814752, 1, 120, '', 0);
INSERT INTO ezsearch_object_word_link VALUES (12890, 268, 3144, 0, 266, 3143, 3145, 2, 1068814752, 1, 120, '', 0);
INSERT INTO ezsearch_object_word_link VALUES (12891, 268, 3145, 0, 267, 3144, 3098, 2, 1068814752, 1, 120, '', 0);
INSERT INTO ezsearch_object_word_link VALUES (12892, 268, 3098, 0, 268, 3145, 3116, 2, 1068814752, 1, 120, '', 0);
INSERT INTO ezsearch_object_word_link VALUES (12893, 268, 3116, 0, 269, 3098, 3146, 2, 1068814752, 1, 120, '', 0);
INSERT INTO ezsearch_object_word_link VALUES (12894, 268, 3146, 0, 270, 3116, 3147, 2, 1068814752, 1, 120, '', 0);
INSERT INTO ezsearch_object_word_link VALUES (12895, 268, 3147, 0, 271, 3146, 3148, 2, 1068814752, 1, 120, '', 0);
INSERT INTO ezsearch_object_word_link VALUES (12896, 268, 3148, 0, 272, 3147, 3149, 2, 1068814752, 1, 120, '', 0);
INSERT INTO ezsearch_object_word_link VALUES (12897, 268, 3149, 0, 273, 3148, 3150, 2, 1068814752, 1, 120, '', 0);
INSERT INTO ezsearch_object_word_link VALUES (12898, 268, 3150, 0, 274, 3149, 3151, 2, 1068814752, 1, 120, '', 0);
INSERT INTO ezsearch_object_word_link VALUES (12899, 268, 3151, 0, 275, 3150, 3152, 2, 1068814752, 1, 120, '', 0);
INSERT INTO ezsearch_object_word_link VALUES (12900, 268, 3152, 0, 276, 3151, 3103, 2, 1068814752, 1, 120, '', 0);
INSERT INTO ezsearch_object_word_link VALUES (12901, 268, 3103, 0, 277, 3152, 3152, 2, 1068814752, 1, 120, '', 0);
INSERT INTO ezsearch_object_word_link VALUES (12902, 268, 3152, 0, 278, 3103, 3153, 2, 1068814752, 1, 120, '', 0);
INSERT INTO ezsearch_object_word_link VALUES (12903, 268, 3153, 0, 279, 3152, 3154, 2, 1068814752, 1, 120, '', 0);
INSERT INTO ezsearch_object_word_link VALUES (12904, 268, 3154, 0, 280, 3153, 3124, 2, 1068814752, 1, 120, '', 0);
INSERT INTO ezsearch_object_word_link VALUES (12905, 268, 3124, 0, 281, 3154, 3155, 2, 1068814752, 1, 120, '', 0);
INSERT INTO ezsearch_object_word_link VALUES (12906, 268, 3155, 0, 282, 3124, 3156, 2, 1068814752, 1, 120, '', 0);
INSERT INTO ezsearch_object_word_link VALUES (12907, 268, 3156, 0, 283, 3155, 3122, 2, 1068814752, 1, 120, '', 0);
INSERT INTO ezsearch_object_word_link VALUES (12908, 268, 3122, 0, 284, 3156, 3157, 2, 1068814752, 1, 120, '', 0);
INSERT INTO ezsearch_object_word_link VALUES (12909, 268, 3157, 0, 285, 3122, 3158, 2, 1068814752, 1, 120, '', 0);
INSERT INTO ezsearch_object_word_link VALUES (12910, 268, 3158, 0, 286, 3157, 3159, 2, 1068814752, 1, 120, '', 0);
INSERT INTO ezsearch_object_word_link VALUES (12911, 268, 3159, 0, 287, 3158, 3160, 2, 1068814752, 1, 120, '', 0);
INSERT INTO ezsearch_object_word_link VALUES (12912, 268, 3160, 0, 288, 3159, 3161, 2, 1068814752, 1, 120, '', 0);
INSERT INTO ezsearch_object_word_link VALUES (12913, 268, 3161, 0, 289, 3160, 3162, 2, 1068814752, 1, 120, '', 0);
INSERT INTO ezsearch_object_word_link VALUES (12914, 268, 3162, 0, 290, 3161, 3111, 2, 1068814752, 1, 120, '', 0);
INSERT INTO ezsearch_object_word_link VALUES (12915, 268, 3111, 0, 291, 3162, 3163, 2, 1068814752, 1, 120, '', 0);
INSERT INTO ezsearch_object_word_link VALUES (12916, 268, 3163, 0, 292, 3111, 3164, 2, 1068814752, 1, 120, '', 0);
INSERT INTO ezsearch_object_word_link VALUES (12917, 268, 3164, 0, 293, 3163, 3165, 2, 1068814752, 1, 120, '', 0);
INSERT INTO ezsearch_object_word_link VALUES (12918, 268, 3165, 0, 294, 3164, 3166, 2, 1068814752, 1, 120, '', 0);
INSERT INTO ezsearch_object_word_link VALUES (12919, 268, 3166, 0, 295, 3165, 3156, 2, 1068814752, 1, 120, '', 0);
INSERT INTO ezsearch_object_word_link VALUES (12920, 268, 3156, 0, 296, 3166, 3107, 2, 1068814752, 1, 120, '', 0);
INSERT INTO ezsearch_object_word_link VALUES (12921, 268, 3107, 0, 297, 3156, 3167, 2, 1068814752, 1, 120, '', 0);
INSERT INTO ezsearch_object_word_link VALUES (12922, 268, 3167, 0, 298, 3107, 3129, 2, 1068814752, 1, 120, '', 0);
INSERT INTO ezsearch_object_word_link VALUES (12923, 268, 3129, 0, 299, 3167, 3098, 2, 1068814752, 1, 120, '', 0);
INSERT INTO ezsearch_object_word_link VALUES (12924, 268, 3098, 0, 300, 3129, 3139, 2, 1068814752, 1, 120, '', 0);
INSERT INTO ezsearch_object_word_link VALUES (12925, 268, 3139, 0, 301, 3098, 3123, 2, 1068814752, 1, 120, '', 0);
INSERT INTO ezsearch_object_word_link VALUES (12926, 268, 3123, 0, 302, 3139, 3118, 2, 1068814752, 1, 120, '', 0);
INSERT INTO ezsearch_object_word_link VALUES (12927, 268, 3118, 0, 303, 3123, 3090, 2, 1068814752, 1, 120, '', 0);
INSERT INTO ezsearch_object_word_link VALUES (12928, 268, 3090, 0, 304, 3118, 3168, 2, 1068814752, 1, 120, '', 0);
INSERT INTO ezsearch_object_word_link VALUES (12929, 268, 3168, 0, 305, 3090, 3169, 2, 1068814752, 1, 120, '', 0);
INSERT INTO ezsearch_object_word_link VALUES (12930, 268, 3169, 0, 306, 3168, 3103, 2, 1068814752, 1, 120, '', 0);
INSERT INTO ezsearch_object_word_link VALUES (12931, 268, 3103, 0, 307, 3169, 3103, 2, 1068814752, 1, 120, '', 0);
INSERT INTO ezsearch_object_word_link VALUES (12932, 268, 3103, 0, 308, 3103, 3154, 2, 1068814752, 1, 120, '', 0);
INSERT INTO ezsearch_object_word_link VALUES (12933, 268, 3154, 0, 309, 3103, 3139, 2, 1068814752, 1, 120, '', 0);
INSERT INTO ezsearch_object_word_link VALUES (12934, 268, 3139, 0, 310, 3154, 3109, 2, 1068814752, 1, 120, '', 0);
INSERT INTO ezsearch_object_word_link VALUES (12935, 268, 3109, 0, 311, 3139, 3170, 2, 1068814752, 1, 120, '', 0);
INSERT INTO ezsearch_object_word_link VALUES (12936, 268, 3170, 0, 312, 3109, 3171, 2, 1068814752, 1, 120, '', 0);
INSERT INTO ezsearch_object_word_link VALUES (12937, 268, 3171, 0, 313, 3170, 3098, 2, 1068814752, 1, 120, '', 0);
INSERT INTO ezsearch_object_word_link VALUES (12938, 268, 3098, 0, 314, 3171, 3172, 2, 1068814752, 1, 120, '', 0);
INSERT INTO ezsearch_object_word_link VALUES (12939, 268, 3172, 0, 315, 3098, 3173, 2, 1068814752, 1, 120, '', 0);
INSERT INTO ezsearch_object_word_link VALUES (12940, 268, 3173, 0, 316, 3172, 3174, 2, 1068814752, 1, 120, '', 0);
INSERT INTO ezsearch_object_word_link VALUES (12941, 268, 3174, 0, 317, 3173, 3175, 2, 1068814752, 1, 120, '', 0);
INSERT INTO ezsearch_object_word_link VALUES (12942, 268, 3175, 0, 318, 3174, 3176, 2, 1068814752, 1, 120, '', 0);
INSERT INTO ezsearch_object_word_link VALUES (12943, 268, 3176, 0, 319, 3175, 3109, 2, 1068814752, 1, 120, '', 0);
INSERT INTO ezsearch_object_word_link VALUES (12944, 268, 3109, 0, 320, 3176, 3141, 2, 1068814752, 1, 120, '', 0);
INSERT INTO ezsearch_object_word_link VALUES (12945, 268, 3141, 0, 321, 3109, 3177, 2, 1068814752, 1, 120, '', 0);
INSERT INTO ezsearch_object_word_link VALUES (12946, 268, 3177, 0, 322, 3141, 3103, 2, 1068814752, 1, 120, '', 0);
INSERT INTO ezsearch_object_word_link VALUES (12947, 268, 3103, 0, 323, 3177, 3143, 2, 1068814752, 1, 120, '', 0);
INSERT INTO ezsearch_object_word_link VALUES (12948, 268, 3143, 0, 324, 3103, 3178, 2, 1068814752, 1, 120, '', 0);
INSERT INTO ezsearch_object_word_link VALUES (12949, 268, 3178, 0, 325, 3143, 3092, 2, 1068814752, 1, 120, '', 0);
INSERT INTO ezsearch_object_word_link VALUES (12950, 268, 3092, 0, 326, 3178, 3124, 2, 1068814752, 1, 120, '', 0);
INSERT INTO ezsearch_object_word_link VALUES (12951, 268, 3124, 0, 327, 3092, 3131, 2, 1068814752, 1, 120, '', 0);
INSERT INTO ezsearch_object_word_link VALUES (12952, 268, 3131, 0, 328, 3124, 3164, 2, 1068814752, 1, 120, '', 0);
INSERT INTO ezsearch_object_word_link VALUES (12953, 268, 3164, 0, 329, 3131, 3147, 2, 1068814752, 1, 120, '', 0);
INSERT INTO ezsearch_object_word_link VALUES (12954, 268, 3147, 0, 330, 3164, 3127, 2, 1068814752, 1, 120, '', 0);
INSERT INTO ezsearch_object_word_link VALUES (12955, 268, 3127, 0, 331, 3147, 3121, 2, 1068814752, 1, 120, '', 0);
INSERT INTO ezsearch_object_word_link VALUES (12956, 268, 3121, 0, 332, 3127, 3179, 2, 1068814752, 1, 120, '', 0);
INSERT INTO ezsearch_object_word_link VALUES (12957, 268, 3179, 0, 333, 3121, 3143, 2, 1068814752, 1, 120, '', 0);
INSERT INTO ezsearch_object_word_link VALUES (12958, 268, 3143, 0, 334, 3179, 3139, 2, 1068814752, 1, 120, '', 0);
INSERT INTO ezsearch_object_word_link VALUES (12959, 268, 3139, 0, 335, 3143, 3180, 2, 1068814752, 1, 120, '', 0);
INSERT INTO ezsearch_object_word_link VALUES (12960, 268, 3180, 0, 336, 3139, 3112, 2, 1068814752, 1, 120, '', 0);
INSERT INTO ezsearch_object_word_link VALUES (12961, 268, 3112, 0, 337, 3180, 3181, 2, 1068814752, 1, 120, '', 0);
INSERT INTO ezsearch_object_word_link VALUES (12962, 268, 3181, 0, 338, 3112, 3182, 2, 1068814752, 1, 120, '', 0);
INSERT INTO ezsearch_object_word_link VALUES (12963, 268, 3182, 0, 339, 3181, 3149, 2, 1068814752, 1, 120, '', 0);
INSERT INTO ezsearch_object_word_link VALUES (12964, 268, 3149, 0, 340, 3182, 3110, 2, 1068814752, 1, 120, '', 0);
INSERT INTO ezsearch_object_word_link VALUES (12965, 268, 3110, 0, 341, 3149, 3183, 2, 1068814752, 1, 120, '', 0);
INSERT INTO ezsearch_object_word_link VALUES (12966, 268, 3183, 0, 342, 3110, 3156, 2, 1068814752, 1, 120, '', 0);
INSERT INTO ezsearch_object_word_link VALUES (12967, 268, 3156, 0, 343, 3183, 3130, 2, 1068814752, 1, 120, '', 0);
INSERT INTO ezsearch_object_word_link VALUES (12968, 268, 3130, 0, 344, 3156, 3168, 2, 1068814752, 1, 120, '', 0);
INSERT INTO ezsearch_object_word_link VALUES (12969, 268, 3168, 0, 345, 3130, 3102, 2, 1068814752, 1, 120, '', 0);
INSERT INTO ezsearch_object_word_link VALUES (12970, 268, 3102, 0, 346, 3168, 3171, 2, 1068814752, 1, 120, '', 0);
INSERT INTO ezsearch_object_word_link VALUES (12971, 268, 3171, 0, 347, 3102, 3165, 2, 1068814752, 1, 120, '', 0);
INSERT INTO ezsearch_object_word_link VALUES (12972, 268, 3165, 0, 348, 3171, 3120, 2, 1068814752, 1, 120, '', 0);
INSERT INTO ezsearch_object_word_link VALUES (12973, 268, 3120, 0, 349, 3165, 3184, 2, 1068814752, 1, 120, '', 0);
INSERT INTO ezsearch_object_word_link VALUES (12974, 268, 3184, 0, 350, 3120, 3130, 2, 1068814752, 1, 120, '', 0);
INSERT INTO ezsearch_object_word_link VALUES (12975, 268, 3130, 0, 351, 3184, 3159, 2, 1068814752, 1, 120, '', 0);
INSERT INTO ezsearch_object_word_link VALUES (12976, 268, 3159, 0, 352, 3130, 3185, 2, 1068814752, 1, 120, '', 0);
INSERT INTO ezsearch_object_word_link VALUES (12977, 268, 3185, 0, 353, 3159, 3186, 2, 1068814752, 1, 120, '', 0);
INSERT INTO ezsearch_object_word_link VALUES (12978, 268, 3186, 0, 354, 3185, 3106, 2, 1068814752, 1, 120, '', 0);
INSERT INTO ezsearch_object_word_link VALUES (12979, 268, 3106, 0, 355, 3186, 3149, 2, 1068814752, 1, 120, '', 0);
INSERT INTO ezsearch_object_word_link VALUES (12980, 268, 3149, 0, 356, 3106, 3138, 2, 1068814752, 1, 120, '', 0);
INSERT INTO ezsearch_object_word_link VALUES (12981, 268, 3138, 0, 357, 3149, 3159, 2, 1068814752, 1, 120, '', 0);
INSERT INTO ezsearch_object_word_link VALUES (12982, 268, 3159, 0, 358, 3138, 3092, 2, 1068814752, 1, 120, '', 0);
INSERT INTO ezsearch_object_word_link VALUES (12983, 268, 3092, 0, 359, 3159, 3187, 2, 1068814752, 1, 120, '', 0);
INSERT INTO ezsearch_object_word_link VALUES (12984, 268, 3187, 0, 360, 3092, 3109, 2, 1068814752, 1, 120, '', 0);
INSERT INTO ezsearch_object_word_link VALUES (12985, 268, 3109, 0, 361, 3187, 3168, 2, 1068814752, 1, 120, '', 0);
INSERT INTO ezsearch_object_word_link VALUES (12986, 268, 3168, 0, 362, 3109, 3111, 2, 1068814752, 1, 120, '', 0);
INSERT INTO ezsearch_object_word_link VALUES (12987, 268, 3111, 0, 363, 3168, 3123, 2, 1068814752, 1, 120, '', 0);
INSERT INTO ezsearch_object_word_link VALUES (12988, 268, 3123, 0, 364, 3111, 3188, 2, 1068814752, 1, 120, '', 0);
INSERT INTO ezsearch_object_word_link VALUES (12989, 268, 3188, 0, 365, 3123, 3096, 2, 1068814752, 1, 120, '', 0);
INSERT INTO ezsearch_object_word_link VALUES (12990, 268, 3096, 0, 366, 3188, 3151, 2, 1068814752, 1, 120, '', 0);
INSERT INTO ezsearch_object_word_link VALUES (12991, 268, 3151, 0, 367, 3096, 3109, 2, 1068814752, 1, 120, '', 0);
INSERT INTO ezsearch_object_word_link VALUES (12992, 268, 3109, 0, 368, 3151, 3189, 2, 1068814752, 1, 120, '', 0);
INSERT INTO ezsearch_object_word_link VALUES (12993, 268, 3189, 0, 369, 3109, 3190, 2, 1068814752, 1, 120, '', 0);
INSERT INTO ezsearch_object_word_link VALUES (12994, 268, 3190, 0, 370, 3189, 3191, 2, 1068814752, 1, 120, '', 0);
INSERT INTO ezsearch_object_word_link VALUES (12995, 268, 3191, 0, 371, 3190, 3192, 2, 1068814752, 1, 120, '', 0);
INSERT INTO ezsearch_object_word_link VALUES (12996, 268, 3192, 0, 372, 3191, 3159, 2, 1068814752, 1, 120, '', 0);
INSERT INTO ezsearch_object_word_link VALUES (12997, 268, 3159, 0, 373, 3192, 3113, 2, 1068814752, 1, 120, '', 0);
INSERT INTO ezsearch_object_word_link VALUES (12998, 268, 3113, 0, 374, 3159, 3117, 2, 1068814752, 1, 120, '', 0);
INSERT INTO ezsearch_object_word_link VALUES (12999, 268, 3117, 0, 375, 3113, 3193, 2, 1068814752, 1, 120, '', 0);
INSERT INTO ezsearch_object_word_link VALUES (13000, 268, 3193, 0, 376, 3117, 3163, 2, 1068814752, 1, 120, '', 0);
INSERT INTO ezsearch_object_word_link VALUES (13001, 268, 3163, 0, 377, 3193, 3168, 2, 1068814752, 1, 120, '', 0);
INSERT INTO ezsearch_object_word_link VALUES (13002, 268, 3168, 0, 378, 3163, 3116, 2, 1068814752, 1, 120, '', 0);
INSERT INTO ezsearch_object_word_link VALUES (13003, 268, 3116, 0, 379, 3168, 3097, 2, 1068814752, 1, 120, '', 0);
INSERT INTO ezsearch_object_word_link VALUES (13004, 268, 3097, 0, 380, 3116, 3194, 2, 1068814752, 1, 120, '', 0);
INSERT INTO ezsearch_object_word_link VALUES (13005, 268, 3194, 0, 381, 3097, 3195, 2, 1068814752, 1, 120, '', 0);
INSERT INTO ezsearch_object_word_link VALUES (13006, 268, 3195, 0, 382, 3194, 3196, 2, 1068814752, 1, 120, '', 0);
INSERT INTO ezsearch_object_word_link VALUES (13007, 268, 3196, 0, 383, 3195, 3166, 2, 1068814752, 1, 120, '', 0);
INSERT INTO ezsearch_object_word_link VALUES (13008, 268, 3166, 0, 384, 3196, 3177, 2, 1068814752, 1, 120, '', 0);
INSERT INTO ezsearch_object_word_link VALUES (13009, 268, 3177, 0, 385, 3166, 3149, 2, 1068814752, 1, 120, '', 0);
INSERT INTO ezsearch_object_word_link VALUES (13010, 268, 3149, 0, 386, 3177, 3109, 2, 1068814752, 1, 120, '', 0);
INSERT INTO ezsearch_object_word_link VALUES (13011, 268, 3109, 0, 387, 3149, 3201, 2, 1068814752, 1, 120, '', 0);
INSERT INTO ezsearch_object_word_link VALUES (13012, 268, 3201, 0, 388, 3109, 3091, 2, 1068814752, 1, 121, '', 0);
INSERT INTO ezsearch_object_word_link VALUES (13013, 268, 3091, 0, 389, 3201, 3092, 2, 1068814752, 1, 121, '', 0);
INSERT INTO ezsearch_object_word_link VALUES (13014, 268, 3092, 0, 390, 3091, 3093, 2, 1068814752, 1, 121, '', 0);
INSERT INTO ezsearch_object_word_link VALUES (13015, 268, 3093, 0, 391, 3092, 3094, 2, 1068814752, 1, 121, '', 0);
INSERT INTO ezsearch_object_word_link VALUES (13016, 268, 3094, 0, 392, 3093, 3095, 2, 1068814752, 1, 121, '', 0);
INSERT INTO ezsearch_object_word_link VALUES (13017, 268, 3095, 0, 393, 3094, 3096, 2, 1068814752, 1, 121, '', 0);
INSERT INTO ezsearch_object_word_link VALUES (13018, 268, 3096, 0, 394, 3095, 3097, 2, 1068814752, 1, 121, '', 0);
INSERT INTO ezsearch_object_word_link VALUES (13019, 268, 3097, 0, 395, 3096, 3098, 2, 1068814752, 1, 121, '', 0);
INSERT INTO ezsearch_object_word_link VALUES (13020, 268, 3098, 0, 396, 3097, 3093, 2, 1068814752, 1, 121, '', 0);
INSERT INTO ezsearch_object_word_link VALUES (13021, 268, 3093, 0, 397, 3098, 3094, 2, 1068814752, 1, 121, '', 0);
INSERT INTO ezsearch_object_word_link VALUES (13022, 268, 3094, 0, 398, 3093, 3099, 2, 1068814752, 1, 121, '', 0);
INSERT INTO ezsearch_object_word_link VALUES (13023, 268, 3099, 0, 399, 3094, 3100, 2, 1068814752, 1, 121, '', 0);
INSERT INTO ezsearch_object_word_link VALUES (13024, 268, 3100, 0, 400, 3099, 3101, 2, 1068814752, 1, 121, '', 0);
INSERT INTO ezsearch_object_word_link VALUES (13025, 268, 3101, 0, 401, 3100, 3102, 2, 1068814752, 1, 121, '', 0);
INSERT INTO ezsearch_object_word_link VALUES (13026, 268, 3102, 0, 402, 3101, 3103, 2, 1068814752, 1, 121, '', 0);
INSERT INTO ezsearch_object_word_link VALUES (13027, 268, 3103, 0, 403, 3102, 3096, 2, 1068814752, 1, 121, '', 0);
INSERT INTO ezsearch_object_word_link VALUES (13028, 268, 3096, 0, 404, 3103, 3104, 2, 1068814752, 1, 121, '', 0);
INSERT INTO ezsearch_object_word_link VALUES (13029, 268, 3104, 0, 405, 3096, 3105, 2, 1068814752, 1, 121, '', 0);
INSERT INTO ezsearch_object_word_link VALUES (13030, 268, 3105, 0, 406, 3104, 3106, 2, 1068814752, 1, 121, '', 0);
INSERT INTO ezsearch_object_word_link VALUES (13031, 268, 3106, 0, 407, 3105, 3107, 2, 1068814752, 1, 121, '', 0);
INSERT INTO ezsearch_object_word_link VALUES (13032, 268, 3107, 0, 408, 3106, 3099, 2, 1068814752, 1, 121, '', 0);
INSERT INTO ezsearch_object_word_link VALUES (13033, 268, 3099, 0, 409, 3107, 3098, 2, 1068814752, 1, 121, '', 0);
INSERT INTO ezsearch_object_word_link VALUES (13034, 268, 3098, 0, 410, 3099, 3108, 2, 1068814752, 1, 121, '', 0);
INSERT INTO ezsearch_object_word_link VALUES (13035, 268, 3108, 0, 411, 3098, 3109, 2, 1068814752, 1, 121, '', 0);
INSERT INTO ezsearch_object_word_link VALUES (13036, 268, 3109, 0, 412, 3108, 3110, 2, 1068814752, 1, 121, '', 0);
INSERT INTO ezsearch_object_word_link VALUES (13037, 268, 3110, 0, 413, 3109, 3111, 2, 1068814752, 1, 121, '', 0);
INSERT INTO ezsearch_object_word_link VALUES (13038, 268, 3111, 0, 414, 3110, 3112, 2, 1068814752, 1, 121, '', 0);
INSERT INTO ezsearch_object_word_link VALUES (13039, 268, 3112, 0, 415, 3111, 3113, 2, 1068814752, 1, 121, '', 0);
INSERT INTO ezsearch_object_word_link VALUES (13040, 268, 3113, 0, 416, 3112, 3114, 2, 1068814752, 1, 121, '', 0);
INSERT INTO ezsearch_object_word_link VALUES (13041, 268, 3114, 0, 417, 3113, 3115, 2, 1068814752, 1, 121, '', 0);
INSERT INTO ezsearch_object_word_link VALUES (13042, 268, 3115, 0, 418, 3114, 3099, 2, 1068814752, 1, 121, '', 0);
INSERT INTO ezsearch_object_word_link VALUES (13043, 268, 3099, 0, 419, 3115, 3116, 2, 1068814752, 1, 121, '', 0);
INSERT INTO ezsearch_object_word_link VALUES (13044, 268, 3116, 0, 420, 3099, 3117, 2, 1068814752, 1, 121, '', 0);
INSERT INTO ezsearch_object_word_link VALUES (13045, 268, 3117, 0, 421, 3116, 3118, 2, 1068814752, 1, 121, '', 0);
INSERT INTO ezsearch_object_word_link VALUES (13046, 268, 3118, 0, 422, 3117, 3119, 2, 1068814752, 1, 121, '', 0);
INSERT INTO ezsearch_object_word_link VALUES (13047, 268, 3119, 0, 423, 3118, 3120, 2, 1068814752, 1, 121, '', 0);
INSERT INTO ezsearch_object_word_link VALUES (13048, 268, 3120, 0, 424, 3119, 3121, 2, 1068814752, 1, 121, '', 0);
INSERT INTO ezsearch_object_word_link VALUES (13049, 268, 3121, 0, 425, 3120, 3122, 2, 1068814752, 1, 121, '', 0);
INSERT INTO ezsearch_object_word_link VALUES (13050, 268, 3122, 0, 426, 3121, 3123, 2, 1068814752, 1, 121, '', 0);
INSERT INTO ezsearch_object_word_link VALUES (13051, 268, 3123, 0, 427, 3122, 3124, 2, 1068814752, 1, 121, '', 0);
INSERT INTO ezsearch_object_word_link VALUES (13052, 268, 3124, 0, 428, 3123, 3125, 2, 1068814752, 1, 121, '', 0);
INSERT INTO ezsearch_object_word_link VALUES (13053, 268, 3125, 0, 429, 3124, 3126, 2, 1068814752, 1, 121, '', 0);
INSERT INTO ezsearch_object_word_link VALUES (13054, 268, 3126, 0, 430, 3125, 3127, 2, 1068814752, 1, 121, '', 0);
INSERT INTO ezsearch_object_word_link VALUES (13055, 268, 3127, 0, 431, 3126, 3128, 2, 1068814752, 1, 121, '', 0);
INSERT INTO ezsearch_object_word_link VALUES (13056, 268, 3128, 0, 432, 3127, 3129, 2, 1068814752, 1, 121, '', 0);
INSERT INTO ezsearch_object_word_link VALUES (13057, 268, 3129, 0, 433, 3128, 3109, 2, 1068814752, 1, 121, '', 0);
INSERT INTO ezsearch_object_word_link VALUES (13058, 268, 3109, 0, 434, 3129, 3097, 2, 1068814752, 1, 121, '', 0);
INSERT INTO ezsearch_object_word_link VALUES (13059, 268, 3097, 0, 435, 3109, 3130, 2, 1068814752, 1, 121, '', 0);
INSERT INTO ezsearch_object_word_link VALUES (13060, 268, 3130, 0, 436, 3097, 3131, 2, 1068814752, 1, 121, '', 0);
INSERT INTO ezsearch_object_word_link VALUES (13061, 268, 3131, 0, 437, 3130, 3132, 2, 1068814752, 1, 121, '', 0);
INSERT INTO ezsearch_object_word_link VALUES (13062, 268, 3132, 0, 438, 3131, 3133, 2, 1068814752, 1, 121, '', 0);
INSERT INTO ezsearch_object_word_link VALUES (13063, 268, 3133, 0, 439, 3132, 3110, 2, 1068814752, 1, 121, '', 0);
INSERT INTO ezsearch_object_word_link VALUES (13064, 268, 3110, 0, 440, 3133, 3134, 2, 1068814752, 1, 121, '', 0);
INSERT INTO ezsearch_object_word_link VALUES (13065, 268, 3134, 0, 441, 3110, 3135, 2, 1068814752, 1, 121, '', 0);
INSERT INTO ezsearch_object_word_link VALUES (13066, 268, 3135, 0, 442, 3134, 3136, 2, 1068814752, 1, 121, '', 0);
INSERT INTO ezsearch_object_word_link VALUES (13067, 268, 3136, 0, 443, 3135, 3103, 2, 1068814752, 1, 121, '', 0);
INSERT INTO ezsearch_object_word_link VALUES (13068, 268, 3103, 0, 444, 3136, 3136, 2, 1068814752, 1, 121, '', 0);
INSERT INTO ezsearch_object_word_link VALUES (13069, 268, 3136, 0, 445, 3103, 3137, 2, 1068814752, 1, 121, '', 0);
INSERT INTO ezsearch_object_word_link VALUES (13070, 268, 3137, 0, 446, 3136, 3138, 2, 1068814752, 1, 121, '', 0);
INSERT INTO ezsearch_object_word_link VALUES (13071, 268, 3138, 0, 447, 3137, 3098, 2, 1068814752, 1, 121, '', 0);
INSERT INTO ezsearch_object_word_link VALUES (13072, 268, 3098, 0, 448, 3138, 3121, 2, 1068814752, 1, 121, '', 0);
INSERT INTO ezsearch_object_word_link VALUES (13073, 268, 3121, 0, 449, 3098, 3139, 2, 1068814752, 1, 121, '', 0);
INSERT INTO ezsearch_object_word_link VALUES (13074, 268, 3139, 0, 450, 3121, 3140, 2, 1068814752, 1, 121, '', 0);
INSERT INTO ezsearch_object_word_link VALUES (13075, 268, 3140, 0, 451, 3139, 3103, 2, 1068814752, 1, 121, '', 0);
INSERT INTO ezsearch_object_word_link VALUES (13076, 268, 3103, 0, 452, 3140, 3090, 2, 1068814752, 1, 121, '', 0);
INSERT INTO ezsearch_object_word_link VALUES (13077, 268, 3090, 0, 453, 3103, 3141, 2, 1068814752, 1, 121, '', 0);
INSERT INTO ezsearch_object_word_link VALUES (13078, 268, 3141, 0, 454, 3090, 3142, 2, 1068814752, 1, 121, '', 0);
INSERT INTO ezsearch_object_word_link VALUES (13079, 268, 3142, 0, 455, 3141, 3143, 2, 1068814752, 1, 121, '', 0);
INSERT INTO ezsearch_object_word_link VALUES (13080, 268, 3143, 0, 456, 3142, 3144, 2, 1068814752, 1, 121, '', 0);
INSERT INTO ezsearch_object_word_link VALUES (13081, 268, 3144, 0, 457, 3143, 3145, 2, 1068814752, 1, 121, '', 0);
INSERT INTO ezsearch_object_word_link VALUES (13082, 268, 3145, 0, 458, 3144, 3098, 2, 1068814752, 1, 121, '', 0);
INSERT INTO ezsearch_object_word_link VALUES (13083, 268, 3098, 0, 459, 3145, 3116, 2, 1068814752, 1, 121, '', 0);
INSERT INTO ezsearch_object_word_link VALUES (13084, 268, 3116, 0, 460, 3098, 3146, 2, 1068814752, 1, 121, '', 0);
INSERT INTO ezsearch_object_word_link VALUES (13085, 268, 3146, 0, 461, 3116, 3147, 2, 1068814752, 1, 121, '', 0);
INSERT INTO ezsearch_object_word_link VALUES (13086, 268, 3147, 0, 462, 3146, 3148, 2, 1068814752, 1, 121, '', 0);
INSERT INTO ezsearch_object_word_link VALUES (13087, 268, 3148, 0, 463, 3147, 3149, 2, 1068814752, 1, 121, '', 0);
INSERT INTO ezsearch_object_word_link VALUES (13088, 268, 3149, 0, 464, 3148, 3150, 2, 1068814752, 1, 121, '', 0);
INSERT INTO ezsearch_object_word_link VALUES (13089, 268, 3150, 0, 465, 3149, 3151, 2, 1068814752, 1, 121, '', 0);
INSERT INTO ezsearch_object_word_link VALUES (13090, 268, 3151, 0, 466, 3150, 3152, 2, 1068814752, 1, 121, '', 0);
INSERT INTO ezsearch_object_word_link VALUES (13091, 268, 3152, 0, 467, 3151, 3103, 2, 1068814752, 1, 121, '', 0);
INSERT INTO ezsearch_object_word_link VALUES (13092, 268, 3103, 0, 468, 3152, 3152, 2, 1068814752, 1, 121, '', 0);
INSERT INTO ezsearch_object_word_link VALUES (13093, 268, 3152, 0, 469, 3103, 3153, 2, 1068814752, 1, 121, '', 0);
INSERT INTO ezsearch_object_word_link VALUES (13094, 268, 3153, 0, 470, 3152, 3154, 2, 1068814752, 1, 121, '', 0);
INSERT INTO ezsearch_object_word_link VALUES (13095, 268, 3154, 0, 471, 3153, 3124, 2, 1068814752, 1, 121, '', 0);
INSERT INTO ezsearch_object_word_link VALUES (13096, 268, 3124, 0, 472, 3154, 3155, 2, 1068814752, 1, 121, '', 0);
INSERT INTO ezsearch_object_word_link VALUES (13097, 268, 3155, 0, 473, 3124, 3156, 2, 1068814752, 1, 121, '', 0);
INSERT INTO ezsearch_object_word_link VALUES (13098, 268, 3156, 0, 474, 3155, 3122, 2, 1068814752, 1, 121, '', 0);
INSERT INTO ezsearch_object_word_link VALUES (13099, 268, 3122, 0, 475, 3156, 3157, 2, 1068814752, 1, 121, '', 0);
INSERT INTO ezsearch_object_word_link VALUES (13100, 268, 3157, 0, 476, 3122, 3158, 2, 1068814752, 1, 121, '', 0);
INSERT INTO ezsearch_object_word_link VALUES (13101, 268, 3158, 0, 477, 3157, 3159, 2, 1068814752, 1, 121, '', 0);
INSERT INTO ezsearch_object_word_link VALUES (13102, 268, 3159, 0, 478, 3158, 3160, 2, 1068814752, 1, 121, '', 0);
INSERT INTO ezsearch_object_word_link VALUES (13103, 268, 3160, 0, 479, 3159, 3161, 2, 1068814752, 1, 121, '', 0);
INSERT INTO ezsearch_object_word_link VALUES (13104, 268, 3161, 0, 480, 3160, 3162, 2, 1068814752, 1, 121, '', 0);
INSERT INTO ezsearch_object_word_link VALUES (13105, 268, 3162, 0, 481, 3161, 3111, 2, 1068814752, 1, 121, '', 0);
INSERT INTO ezsearch_object_word_link VALUES (13106, 268, 3111, 0, 482, 3162, 3163, 2, 1068814752, 1, 121, '', 0);
INSERT INTO ezsearch_object_word_link VALUES (13107, 268, 3163, 0, 483, 3111, 3164, 2, 1068814752, 1, 121, '', 0);
INSERT INTO ezsearch_object_word_link VALUES (13108, 268, 3164, 0, 484, 3163, 3165, 2, 1068814752, 1, 121, '', 0);
INSERT INTO ezsearch_object_word_link VALUES (13109, 268, 3165, 0, 485, 3164, 3166, 2, 1068814752, 1, 121, '', 0);
INSERT INTO ezsearch_object_word_link VALUES (13110, 268, 3166, 0, 486, 3165, 3156, 2, 1068814752, 1, 121, '', 0);
INSERT INTO ezsearch_object_word_link VALUES (13111, 268, 3156, 0, 487, 3166, 3107, 2, 1068814752, 1, 121, '', 0);
INSERT INTO ezsearch_object_word_link VALUES (13112, 268, 3107, 0, 488, 3156, 3167, 2, 1068814752, 1, 121, '', 0);
INSERT INTO ezsearch_object_word_link VALUES (13113, 268, 3167, 0, 489, 3107, 3129, 2, 1068814752, 1, 121, '', 0);
INSERT INTO ezsearch_object_word_link VALUES (13114, 268, 3129, 0, 490, 3167, 3098, 2, 1068814752, 1, 121, '', 0);
INSERT INTO ezsearch_object_word_link VALUES (13115, 268, 3098, 0, 491, 3129, 3139, 2, 1068814752, 1, 121, '', 0);
INSERT INTO ezsearch_object_word_link VALUES (13116, 268, 3139, 0, 492, 3098, 3123, 2, 1068814752, 1, 121, '', 0);
INSERT INTO ezsearch_object_word_link VALUES (13117, 268, 3123, 0, 493, 3139, 3118, 2, 1068814752, 1, 121, '', 0);
INSERT INTO ezsearch_object_word_link VALUES (13118, 268, 3118, 0, 494, 3123, 3090, 2, 1068814752, 1, 121, '', 0);
INSERT INTO ezsearch_object_word_link VALUES (13119, 268, 3090, 0, 495, 3118, 3168, 2, 1068814752, 1, 121, '', 0);
INSERT INTO ezsearch_object_word_link VALUES (13120, 268, 3168, 0, 496, 3090, 3169, 2, 1068814752, 1, 121, '', 0);
INSERT INTO ezsearch_object_word_link VALUES (13121, 268, 3169, 0, 497, 3168, 3103, 2, 1068814752, 1, 121, '', 0);
INSERT INTO ezsearch_object_word_link VALUES (13122, 268, 3103, 0, 498, 3169, 3103, 2, 1068814752, 1, 121, '', 0);
INSERT INTO ezsearch_object_word_link VALUES (13123, 268, 3103, 0, 499, 3103, 3154, 2, 1068814752, 1, 121, '', 0);
INSERT INTO ezsearch_object_word_link VALUES (13124, 268, 3154, 0, 500, 3103, 3139, 2, 1068814752, 1, 121, '', 0);
INSERT INTO ezsearch_object_word_link VALUES (13125, 268, 3139, 0, 501, 3154, 3109, 2, 1068814752, 1, 121, '', 0);
INSERT INTO ezsearch_object_word_link VALUES (13126, 268, 3109, 0, 502, 3139, 3170, 2, 1068814752, 1, 121, '', 0);
INSERT INTO ezsearch_object_word_link VALUES (13127, 268, 3170, 0, 503, 3109, 3171, 2, 1068814752, 1, 121, '', 0);
INSERT INTO ezsearch_object_word_link VALUES (13128, 268, 3171, 0, 504, 3170, 3098, 2, 1068814752, 1, 121, '', 0);
INSERT INTO ezsearch_object_word_link VALUES (13129, 268, 3098, 0, 505, 3171, 3172, 2, 1068814752, 1, 121, '', 0);
INSERT INTO ezsearch_object_word_link VALUES (13130, 268, 3172, 0, 506, 3098, 3173, 2, 1068814752, 1, 121, '', 0);
INSERT INTO ezsearch_object_word_link VALUES (13131, 268, 3173, 0, 507, 3172, 3174, 2, 1068814752, 1, 121, '', 0);
INSERT INTO ezsearch_object_word_link VALUES (13132, 268, 3174, 0, 508, 3173, 3175, 2, 1068814752, 1, 121, '', 0);
INSERT INTO ezsearch_object_word_link VALUES (13133, 268, 3175, 0, 509, 3174, 3176, 2, 1068814752, 1, 121, '', 0);
INSERT INTO ezsearch_object_word_link VALUES (13134, 268, 3176, 0, 510, 3175, 3109, 2, 1068814752, 1, 121, '', 0);
INSERT INTO ezsearch_object_word_link VALUES (13135, 268, 3109, 0, 511, 3176, 3141, 2, 1068814752, 1, 121, '', 0);
INSERT INTO ezsearch_object_word_link VALUES (13136, 268, 3141, 0, 512, 3109, 3177, 2, 1068814752, 1, 121, '', 0);
INSERT INTO ezsearch_object_word_link VALUES (13137, 268, 3177, 0, 513, 3141, 3103, 2, 1068814752, 1, 121, '', 0);
INSERT INTO ezsearch_object_word_link VALUES (13138, 268, 3103, 0, 514, 3177, 3143, 2, 1068814752, 1, 121, '', 0);
INSERT INTO ezsearch_object_word_link VALUES (13139, 268, 3143, 0, 515, 3103, 3178, 2, 1068814752, 1, 121, '', 0);
INSERT INTO ezsearch_object_word_link VALUES (13140, 268, 3178, 0, 516, 3143, 3092, 2, 1068814752, 1, 121, '', 0);
INSERT INTO ezsearch_object_word_link VALUES (13141, 268, 3092, 0, 517, 3178, 3124, 2, 1068814752, 1, 121, '', 0);
INSERT INTO ezsearch_object_word_link VALUES (13142, 268, 3124, 0, 518, 3092, 3131, 2, 1068814752, 1, 121, '', 0);
INSERT INTO ezsearch_object_word_link VALUES (13143, 268, 3131, 0, 519, 3124, 3164, 2, 1068814752, 1, 121, '', 0);
INSERT INTO ezsearch_object_word_link VALUES (13144, 268, 3164, 0, 520, 3131, 3147, 2, 1068814752, 1, 121, '', 0);
INSERT INTO ezsearch_object_word_link VALUES (13145, 268, 3147, 0, 521, 3164, 3127, 2, 1068814752, 1, 121, '', 0);
INSERT INTO ezsearch_object_word_link VALUES (13146, 268, 3127, 0, 522, 3147, 3121, 2, 1068814752, 1, 121, '', 0);
INSERT INTO ezsearch_object_word_link VALUES (13147, 268, 3121, 0, 523, 3127, 3179, 2, 1068814752, 1, 121, '', 0);
INSERT INTO ezsearch_object_word_link VALUES (13148, 268, 3179, 0, 524, 3121, 3143, 2, 1068814752, 1, 121, '', 0);
INSERT INTO ezsearch_object_word_link VALUES (13149, 268, 3143, 0, 525, 3179, 3139, 2, 1068814752, 1, 121, '', 0);
INSERT INTO ezsearch_object_word_link VALUES (13150, 268, 3139, 0, 526, 3143, 3180, 2, 1068814752, 1, 121, '', 0);
INSERT INTO ezsearch_object_word_link VALUES (13151, 268, 3180, 0, 527, 3139, 3112, 2, 1068814752, 1, 121, '', 0);
INSERT INTO ezsearch_object_word_link VALUES (13152, 268, 3112, 0, 528, 3180, 3181, 2, 1068814752, 1, 121, '', 0);
INSERT INTO ezsearch_object_word_link VALUES (13153, 268, 3181, 0, 529, 3112, 3182, 2, 1068814752, 1, 121, '', 0);
INSERT INTO ezsearch_object_word_link VALUES (13154, 268, 3182, 0, 530, 3181, 3149, 2, 1068814752, 1, 121, '', 0);
INSERT INTO ezsearch_object_word_link VALUES (13155, 268, 3149, 0, 531, 3182, 3110, 2, 1068814752, 1, 121, '', 0);
INSERT INTO ezsearch_object_word_link VALUES (13156, 268, 3110, 0, 532, 3149, 3183, 2, 1068814752, 1, 121, '', 0);
INSERT INTO ezsearch_object_word_link VALUES (13157, 268, 3183, 0, 533, 3110, 3156, 2, 1068814752, 1, 121, '', 0);
INSERT INTO ezsearch_object_word_link VALUES (13158, 268, 3156, 0, 534, 3183, 3130, 2, 1068814752, 1, 121, '', 0);
INSERT INTO ezsearch_object_word_link VALUES (13159, 268, 3130, 0, 535, 3156, 3168, 2, 1068814752, 1, 121, '', 0);
INSERT INTO ezsearch_object_word_link VALUES (13160, 268, 3168, 0, 536, 3130, 3102, 2, 1068814752, 1, 121, '', 0);
INSERT INTO ezsearch_object_word_link VALUES (13161, 268, 3102, 0, 537, 3168, 3171, 2, 1068814752, 1, 121, '', 0);
INSERT INTO ezsearch_object_word_link VALUES (13162, 268, 3171, 0, 538, 3102, 3165, 2, 1068814752, 1, 121, '', 0);
INSERT INTO ezsearch_object_word_link VALUES (13163, 268, 3165, 0, 539, 3171, 3120, 2, 1068814752, 1, 121, '', 0);
INSERT INTO ezsearch_object_word_link VALUES (13164, 268, 3120, 0, 540, 3165, 3184, 2, 1068814752, 1, 121, '', 0);
INSERT INTO ezsearch_object_word_link VALUES (13165, 268, 3184, 0, 541, 3120, 3130, 2, 1068814752, 1, 121, '', 0);
INSERT INTO ezsearch_object_word_link VALUES (13166, 268, 3130, 0, 542, 3184, 3159, 2, 1068814752, 1, 121, '', 0);
INSERT INTO ezsearch_object_word_link VALUES (13167, 268, 3159, 0, 543, 3130, 3185, 2, 1068814752, 1, 121, '', 0);
INSERT INTO ezsearch_object_word_link VALUES (13168, 268, 3185, 0, 544, 3159, 3186, 2, 1068814752, 1, 121, '', 0);
INSERT INTO ezsearch_object_word_link VALUES (13169, 268, 3186, 0, 545, 3185, 3106, 2, 1068814752, 1, 121, '', 0);
INSERT INTO ezsearch_object_word_link VALUES (13170, 268, 3106, 0, 546, 3186, 3149, 2, 1068814752, 1, 121, '', 0);
INSERT INTO ezsearch_object_word_link VALUES (13171, 268, 3149, 0, 547, 3106, 3138, 2, 1068814752, 1, 121, '', 0);
INSERT INTO ezsearch_object_word_link VALUES (13172, 268, 3138, 0, 548, 3149, 3159, 2, 1068814752, 1, 121, '', 0);
INSERT INTO ezsearch_object_word_link VALUES (13173, 268, 3159, 0, 549, 3138, 3092, 2, 1068814752, 1, 121, '', 0);
INSERT INTO ezsearch_object_word_link VALUES (13174, 268, 3092, 0, 550, 3159, 3187, 2, 1068814752, 1, 121, '', 0);
INSERT INTO ezsearch_object_word_link VALUES (13175, 268, 3187, 0, 551, 3092, 3109, 2, 1068814752, 1, 121, '', 0);
INSERT INTO ezsearch_object_word_link VALUES (13176, 268, 3109, 0, 552, 3187, 3168, 2, 1068814752, 1, 121, '', 0);
INSERT INTO ezsearch_object_word_link VALUES (13177, 268, 3168, 0, 553, 3109, 3111, 2, 1068814752, 1, 121, '', 0);
INSERT INTO ezsearch_object_word_link VALUES (13178, 268, 3111, 0, 554, 3168, 3123, 2, 1068814752, 1, 121, '', 0);
INSERT INTO ezsearch_object_word_link VALUES (13179, 268, 3123, 0, 555, 3111, 3188, 2, 1068814752, 1, 121, '', 0);
INSERT INTO ezsearch_object_word_link VALUES (13180, 268, 3188, 0, 556, 3123, 3096, 2, 1068814752, 1, 121, '', 0);
INSERT INTO ezsearch_object_word_link VALUES (13181, 268, 3096, 0, 557, 3188, 3151, 2, 1068814752, 1, 121, '', 0);
INSERT INTO ezsearch_object_word_link VALUES (13182, 268, 3151, 0, 558, 3096, 3109, 2, 1068814752, 1, 121, '', 0);
INSERT INTO ezsearch_object_word_link VALUES (13183, 268, 3109, 0, 559, 3151, 3189, 2, 1068814752, 1, 121, '', 0);
INSERT INTO ezsearch_object_word_link VALUES (13184, 268, 3189, 0, 560, 3109, 3190, 2, 1068814752, 1, 121, '', 0);
INSERT INTO ezsearch_object_word_link VALUES (13185, 268, 3190, 0, 561, 3189, 3191, 2, 1068814752, 1, 121, '', 0);
INSERT INTO ezsearch_object_word_link VALUES (13186, 268, 3191, 0, 562, 3190, 3192, 2, 1068814752, 1, 121, '', 0);
INSERT INTO ezsearch_object_word_link VALUES (13187, 268, 3192, 0, 563, 3191, 3159, 2, 1068814752, 1, 121, '', 0);
INSERT INTO ezsearch_object_word_link VALUES (13188, 268, 3159, 0, 564, 3192, 3113, 2, 1068814752, 1, 121, '', 0);
INSERT INTO ezsearch_object_word_link VALUES (13189, 268, 3113, 0, 565, 3159, 3117, 2, 1068814752, 1, 121, '', 0);
INSERT INTO ezsearch_object_word_link VALUES (13190, 268, 3117, 0, 566, 3113, 3193, 2, 1068814752, 1, 121, '', 0);
INSERT INTO ezsearch_object_word_link VALUES (13191, 268, 3193, 0, 567, 3117, 3163, 2, 1068814752, 1, 121, '', 0);
INSERT INTO ezsearch_object_word_link VALUES (13192, 268, 3163, 0, 568, 3193, 3168, 2, 1068814752, 1, 121, '', 0);
INSERT INTO ezsearch_object_word_link VALUES (13193, 268, 3168, 0, 569, 3163, 3116, 2, 1068814752, 1, 121, '', 0);
INSERT INTO ezsearch_object_word_link VALUES (13194, 268, 3116, 0, 570, 3168, 3097, 2, 1068814752, 1, 121, '', 0);
INSERT INTO ezsearch_object_word_link VALUES (13195, 268, 3097, 0, 571, 3116, 3194, 2, 1068814752, 1, 121, '', 0);
INSERT INTO ezsearch_object_word_link VALUES (13196, 268, 3194, 0, 572, 3097, 3195, 2, 1068814752, 1, 121, '', 0);
INSERT INTO ezsearch_object_word_link VALUES (13197, 268, 3195, 0, 573, 3194, 3196, 2, 1068814752, 1, 121, '', 0);
INSERT INTO ezsearch_object_word_link VALUES (13198, 268, 3196, 0, 574, 3195, 3166, 2, 1068814752, 1, 121, '', 0);
INSERT INTO ezsearch_object_word_link VALUES (13199, 268, 3166, 0, 575, 3196, 3177, 2, 1068814752, 1, 121, '', 0);
INSERT INTO ezsearch_object_word_link VALUES (13200, 268, 3177, 0, 576, 3166, 3149, 2, 1068814752, 1, 121, '', 0);
INSERT INTO ezsearch_object_word_link VALUES (13201, 268, 3149, 0, 577, 3177, 3109, 2, 1068814752, 1, 121, '', 0);
INSERT INTO ezsearch_object_word_link VALUES (13202, 268, 3109, 0, 578, 3149, 3201, 2, 1068814752, 1, 121, '', 0);
INSERT INTO ezsearch_object_word_link VALUES (13203, 268, 3201, 0, 579, 3109, 3091, 2, 1068814752, 1, 121, '', 0);
INSERT INTO ezsearch_object_word_link VALUES (13204, 268, 3091, 0, 580, 3201, 3092, 2, 1068814752, 1, 121, '', 0);
INSERT INTO ezsearch_object_word_link VALUES (13205, 268, 3092, 0, 581, 3091, 3093, 2, 1068814752, 1, 121, '', 0);
INSERT INTO ezsearch_object_word_link VALUES (13206, 268, 3093, 0, 582, 3092, 3094, 2, 1068814752, 1, 121, '', 0);
INSERT INTO ezsearch_object_word_link VALUES (13207, 268, 3094, 0, 583, 3093, 3095, 2, 1068814752, 1, 121, '', 0);
INSERT INTO ezsearch_object_word_link VALUES (13208, 268, 3095, 0, 584, 3094, 3096, 2, 1068814752, 1, 121, '', 0);
INSERT INTO ezsearch_object_word_link VALUES (13209, 268, 3096, 0, 585, 3095, 3097, 2, 1068814752, 1, 121, '', 0);
INSERT INTO ezsearch_object_word_link VALUES (13210, 268, 3097, 0, 586, 3096, 3098, 2, 1068814752, 1, 121, '', 0);
INSERT INTO ezsearch_object_word_link VALUES (13211, 268, 3098, 0, 587, 3097, 3093, 2, 1068814752, 1, 121, '', 0);
INSERT INTO ezsearch_object_word_link VALUES (13212, 268, 3093, 0, 588, 3098, 3094, 2, 1068814752, 1, 121, '', 0);
INSERT INTO ezsearch_object_word_link VALUES (13213, 268, 3094, 0, 589, 3093, 3099, 2, 1068814752, 1, 121, '', 0);
INSERT INTO ezsearch_object_word_link VALUES (13214, 268, 3099, 0, 590, 3094, 3100, 2, 1068814752, 1, 121, '', 0);
INSERT INTO ezsearch_object_word_link VALUES (13215, 268, 3100, 0, 591, 3099, 3101, 2, 1068814752, 1, 121, '', 0);
INSERT INTO ezsearch_object_word_link VALUES (13216, 268, 3101, 0, 592, 3100, 3102, 2, 1068814752, 1, 121, '', 0);
INSERT INTO ezsearch_object_word_link VALUES (13217, 268, 3102, 0, 593, 3101, 3103, 2, 1068814752, 1, 121, '', 0);
INSERT INTO ezsearch_object_word_link VALUES (13218, 268, 3103, 0, 594, 3102, 3096, 2, 1068814752, 1, 121, '', 0);
INSERT INTO ezsearch_object_word_link VALUES (13219, 268, 3096, 0, 595, 3103, 3104, 2, 1068814752, 1, 121, '', 0);
INSERT INTO ezsearch_object_word_link VALUES (13220, 268, 3104, 0, 596, 3096, 3105, 2, 1068814752, 1, 121, '', 0);
INSERT INTO ezsearch_object_word_link VALUES (13221, 268, 3105, 0, 597, 3104, 3106, 2, 1068814752, 1, 121, '', 0);
INSERT INTO ezsearch_object_word_link VALUES (13222, 268, 3106, 0, 598, 3105, 3107, 2, 1068814752, 1, 121, '', 0);
INSERT INTO ezsearch_object_word_link VALUES (13223, 268, 3107, 0, 599, 3106, 3099, 2, 1068814752, 1, 121, '', 0);
INSERT INTO ezsearch_object_word_link VALUES (13224, 268, 3099, 0, 600, 3107, 3098, 2, 1068814752, 1, 121, '', 0);
INSERT INTO ezsearch_object_word_link VALUES (13225, 268, 3098, 0, 601, 3099, 3108, 2, 1068814752, 1, 121, '', 0);
INSERT INTO ezsearch_object_word_link VALUES (13226, 268, 3108, 0, 602, 3098, 3109, 2, 1068814752, 1, 121, '', 0);
INSERT INTO ezsearch_object_word_link VALUES (13227, 268, 3109, 0, 603, 3108, 3110, 2, 1068814752, 1, 121, '', 0);
INSERT INTO ezsearch_object_word_link VALUES (13228, 268, 3110, 0, 604, 3109, 3111, 2, 1068814752, 1, 121, '', 0);
INSERT INTO ezsearch_object_word_link VALUES (13229, 268, 3111, 0, 605, 3110, 3112, 2, 1068814752, 1, 121, '', 0);
INSERT INTO ezsearch_object_word_link VALUES (13230, 268, 3112, 0, 606, 3111, 3113, 2, 1068814752, 1, 121, '', 0);
INSERT INTO ezsearch_object_word_link VALUES (13231, 268, 3113, 0, 607, 3112, 3114, 2, 1068814752, 1, 121, '', 0);
INSERT INTO ezsearch_object_word_link VALUES (13232, 268, 3114, 0, 608, 3113, 3115, 2, 1068814752, 1, 121, '', 0);
INSERT INTO ezsearch_object_word_link VALUES (13233, 268, 3115, 0, 609, 3114, 3099, 2, 1068814752, 1, 121, '', 0);
INSERT INTO ezsearch_object_word_link VALUES (13234, 268, 3099, 0, 610, 3115, 3116, 2, 1068814752, 1, 121, '', 0);
INSERT INTO ezsearch_object_word_link VALUES (13235, 268, 3116, 0, 611, 3099, 3117, 2, 1068814752, 1, 121, '', 0);
INSERT INTO ezsearch_object_word_link VALUES (13236, 268, 3117, 0, 612, 3116, 3118, 2, 1068814752, 1, 121, '', 0);
INSERT INTO ezsearch_object_word_link VALUES (13237, 268, 3118, 0, 613, 3117, 3119, 2, 1068814752, 1, 121, '', 0);
INSERT INTO ezsearch_object_word_link VALUES (13238, 268, 3119, 0, 614, 3118, 3120, 2, 1068814752, 1, 121, '', 0);
INSERT INTO ezsearch_object_word_link VALUES (13239, 268, 3120, 0, 615, 3119, 3121, 2, 1068814752, 1, 121, '', 0);
INSERT INTO ezsearch_object_word_link VALUES (13240, 268, 3121, 0, 616, 3120, 3122, 2, 1068814752, 1, 121, '', 0);
INSERT INTO ezsearch_object_word_link VALUES (13241, 268, 3122, 0, 617, 3121, 3123, 2, 1068814752, 1, 121, '', 0);
INSERT INTO ezsearch_object_word_link VALUES (13242, 268, 3123, 0, 618, 3122, 3124, 2, 1068814752, 1, 121, '', 0);
INSERT INTO ezsearch_object_word_link VALUES (13243, 268, 3124, 0, 619, 3123, 3125, 2, 1068814752, 1, 121, '', 0);
INSERT INTO ezsearch_object_word_link VALUES (13244, 268, 3125, 0, 620, 3124, 3126, 2, 1068814752, 1, 121, '', 0);
INSERT INTO ezsearch_object_word_link VALUES (13245, 268, 3126, 0, 621, 3125, 3127, 2, 1068814752, 1, 121, '', 0);
INSERT INTO ezsearch_object_word_link VALUES (13246, 268, 3127, 0, 622, 3126, 3128, 2, 1068814752, 1, 121, '', 0);
INSERT INTO ezsearch_object_word_link VALUES (13247, 268, 3128, 0, 623, 3127, 3129, 2, 1068814752, 1, 121, '', 0);
INSERT INTO ezsearch_object_word_link VALUES (13248, 268, 3129, 0, 624, 3128, 3109, 2, 1068814752, 1, 121, '', 0);
INSERT INTO ezsearch_object_word_link VALUES (13249, 268, 3109, 0, 625, 3129, 3097, 2, 1068814752, 1, 121, '', 0);
INSERT INTO ezsearch_object_word_link VALUES (13250, 268, 3097, 0, 626, 3109, 3130, 2, 1068814752, 1, 121, '', 0);
INSERT INTO ezsearch_object_word_link VALUES (13251, 268, 3130, 0, 627, 3097, 3131, 2, 1068814752, 1, 121, '', 0);
INSERT INTO ezsearch_object_word_link VALUES (13252, 268, 3131, 0, 628, 3130, 3132, 2, 1068814752, 1, 121, '', 0);
INSERT INTO ezsearch_object_word_link VALUES (13253, 268, 3132, 0, 629, 3131, 3133, 2, 1068814752, 1, 121, '', 0);
INSERT INTO ezsearch_object_word_link VALUES (13254, 268, 3133, 0, 630, 3132, 3110, 2, 1068814752, 1, 121, '', 0);
INSERT INTO ezsearch_object_word_link VALUES (13255, 268, 3110, 0, 631, 3133, 3134, 2, 1068814752, 1, 121, '', 0);
INSERT INTO ezsearch_object_word_link VALUES (13256, 268, 3134, 0, 632, 3110, 3135, 2, 1068814752, 1, 121, '', 0);
INSERT INTO ezsearch_object_word_link VALUES (13257, 268, 3135, 0, 633, 3134, 3136, 2, 1068814752, 1, 121, '', 0);
INSERT INTO ezsearch_object_word_link VALUES (13258, 268, 3136, 0, 634, 3135, 3103, 2, 1068814752, 1, 121, '', 0);
INSERT INTO ezsearch_object_word_link VALUES (13259, 268, 3103, 0, 635, 3136, 3136, 2, 1068814752, 1, 121, '', 0);
INSERT INTO ezsearch_object_word_link VALUES (13260, 268, 3136, 0, 636, 3103, 3137, 2, 1068814752, 1, 121, '', 0);
INSERT INTO ezsearch_object_word_link VALUES (13261, 268, 3137, 0, 637, 3136, 3138, 2, 1068814752, 1, 121, '', 0);
INSERT INTO ezsearch_object_word_link VALUES (13262, 268, 3138, 0, 638, 3137, 3098, 2, 1068814752, 1, 121, '', 0);
INSERT INTO ezsearch_object_word_link VALUES (13263, 268, 3098, 0, 639, 3138, 3121, 2, 1068814752, 1, 121, '', 0);
INSERT INTO ezsearch_object_word_link VALUES (13264, 268, 3121, 0, 640, 3098, 3139, 2, 1068814752, 1, 121, '', 0);
INSERT INTO ezsearch_object_word_link VALUES (13265, 268, 3139, 0, 641, 3121, 3140, 2, 1068814752, 1, 121, '', 0);
INSERT INTO ezsearch_object_word_link VALUES (13266, 268, 3140, 0, 642, 3139, 3103, 2, 1068814752, 1, 121, '', 0);
INSERT INTO ezsearch_object_word_link VALUES (13267, 268, 3103, 0, 643, 3140, 3090, 2, 1068814752, 1, 121, '', 0);
INSERT INTO ezsearch_object_word_link VALUES (13268, 268, 3090, 0, 644, 3103, 3141, 2, 1068814752, 1, 121, '', 0);
INSERT INTO ezsearch_object_word_link VALUES (13269, 268, 3141, 0, 645, 3090, 3142, 2, 1068814752, 1, 121, '', 0);
INSERT INTO ezsearch_object_word_link VALUES (13270, 268, 3142, 0, 646, 3141, 3143, 2, 1068814752, 1, 121, '', 0);
INSERT INTO ezsearch_object_word_link VALUES (13271, 268, 3143, 0, 647, 3142, 3144, 2, 1068814752, 1, 121, '', 0);
INSERT INTO ezsearch_object_word_link VALUES (13272, 268, 3144, 0, 648, 3143, 3145, 2, 1068814752, 1, 121, '', 0);
INSERT INTO ezsearch_object_word_link VALUES (13273, 268, 3145, 0, 649, 3144, 3098, 2, 1068814752, 1, 121, '', 0);
INSERT INTO ezsearch_object_word_link VALUES (13274, 268, 3098, 0, 650, 3145, 3116, 2, 1068814752, 1, 121, '', 0);
INSERT INTO ezsearch_object_word_link VALUES (13275, 268, 3116, 0, 651, 3098, 3146, 2, 1068814752, 1, 121, '', 0);
INSERT INTO ezsearch_object_word_link VALUES (13276, 268, 3146, 0, 652, 3116, 3147, 2, 1068814752, 1, 121, '', 0);
INSERT INTO ezsearch_object_word_link VALUES (13277, 268, 3147, 0, 653, 3146, 3148, 2, 1068814752, 1, 121, '', 0);
INSERT INTO ezsearch_object_word_link VALUES (13278, 268, 3148, 0, 654, 3147, 3149, 2, 1068814752, 1, 121, '', 0);
INSERT INTO ezsearch_object_word_link VALUES (13279, 268, 3149, 0, 655, 3148, 3150, 2, 1068814752, 1, 121, '', 0);
INSERT INTO ezsearch_object_word_link VALUES (13280, 268, 3150, 0, 656, 3149, 3151, 2, 1068814752, 1, 121, '', 0);
INSERT INTO ezsearch_object_word_link VALUES (13281, 268, 3151, 0, 657, 3150, 3152, 2, 1068814752, 1, 121, '', 0);
INSERT INTO ezsearch_object_word_link VALUES (13282, 268, 3152, 0, 658, 3151, 3103, 2, 1068814752, 1, 121, '', 0);
INSERT INTO ezsearch_object_word_link VALUES (13283, 268, 3103, 0, 659, 3152, 3152, 2, 1068814752, 1, 121, '', 0);
INSERT INTO ezsearch_object_word_link VALUES (13284, 268, 3152, 0, 660, 3103, 3153, 2, 1068814752, 1, 121, '', 0);
INSERT INTO ezsearch_object_word_link VALUES (13285, 268, 3153, 0, 661, 3152, 3154, 2, 1068814752, 1, 121, '', 0);
INSERT INTO ezsearch_object_word_link VALUES (13286, 268, 3154, 0, 662, 3153, 3124, 2, 1068814752, 1, 121, '', 0);
INSERT INTO ezsearch_object_word_link VALUES (13287, 268, 3124, 0, 663, 3154, 3155, 2, 1068814752, 1, 121, '', 0);
INSERT INTO ezsearch_object_word_link VALUES (13288, 268, 3155, 0, 664, 3124, 3156, 2, 1068814752, 1, 121, '', 0);
INSERT INTO ezsearch_object_word_link VALUES (13289, 268, 3156, 0, 665, 3155, 3122, 2, 1068814752, 1, 121, '', 0);
INSERT INTO ezsearch_object_word_link VALUES (13290, 268, 3122, 0, 666, 3156, 3157, 2, 1068814752, 1, 121, '', 0);
INSERT INTO ezsearch_object_word_link VALUES (13291, 268, 3157, 0, 667, 3122, 3158, 2, 1068814752, 1, 121, '', 0);
INSERT INTO ezsearch_object_word_link VALUES (13292, 268, 3158, 0, 668, 3157, 3159, 2, 1068814752, 1, 121, '', 0);
INSERT INTO ezsearch_object_word_link VALUES (13293, 268, 3159, 0, 669, 3158, 3160, 2, 1068814752, 1, 121, '', 0);
INSERT INTO ezsearch_object_word_link VALUES (13294, 268, 3160, 0, 670, 3159, 3161, 2, 1068814752, 1, 121, '', 0);
INSERT INTO ezsearch_object_word_link VALUES (13295, 268, 3161, 0, 671, 3160, 3162, 2, 1068814752, 1, 121, '', 0);
INSERT INTO ezsearch_object_word_link VALUES (13296, 268, 3162, 0, 672, 3161, 3111, 2, 1068814752, 1, 121, '', 0);
INSERT INTO ezsearch_object_word_link VALUES (13297, 268, 3111, 0, 673, 3162, 3163, 2, 1068814752, 1, 121, '', 0);
INSERT INTO ezsearch_object_word_link VALUES (13298, 268, 3163, 0, 674, 3111, 3164, 2, 1068814752, 1, 121, '', 0);
INSERT INTO ezsearch_object_word_link VALUES (13299, 268, 3164, 0, 675, 3163, 3165, 2, 1068814752, 1, 121, '', 0);
INSERT INTO ezsearch_object_word_link VALUES (13300, 268, 3165, 0, 676, 3164, 3166, 2, 1068814752, 1, 121, '', 0);
INSERT INTO ezsearch_object_word_link VALUES (13301, 268, 3166, 0, 677, 3165, 3156, 2, 1068814752, 1, 121, '', 0);
INSERT INTO ezsearch_object_word_link VALUES (13302, 268, 3156, 0, 678, 3166, 3107, 2, 1068814752, 1, 121, '', 0);
INSERT INTO ezsearch_object_word_link VALUES (13303, 268, 3107, 0, 679, 3156, 3167, 2, 1068814752, 1, 121, '', 0);
INSERT INTO ezsearch_object_word_link VALUES (13304, 268, 3167, 0, 680, 3107, 3129, 2, 1068814752, 1, 121, '', 0);
INSERT INTO ezsearch_object_word_link VALUES (13305, 268, 3129, 0, 681, 3167, 3098, 2, 1068814752, 1, 121, '', 0);
INSERT INTO ezsearch_object_word_link VALUES (13306, 268, 3098, 0, 682, 3129, 3139, 2, 1068814752, 1, 121, '', 0);
INSERT INTO ezsearch_object_word_link VALUES (13307, 268, 3139, 0, 683, 3098, 3123, 2, 1068814752, 1, 121, '', 0);
INSERT INTO ezsearch_object_word_link VALUES (13308, 268, 3123, 0, 684, 3139, 3118, 2, 1068814752, 1, 121, '', 0);
INSERT INTO ezsearch_object_word_link VALUES (13309, 268, 3118, 0, 685, 3123, 3090, 2, 1068814752, 1, 121, '', 0);
INSERT INTO ezsearch_object_word_link VALUES (13310, 268, 3090, 0, 686, 3118, 3168, 2, 1068814752, 1, 121, '', 0);
INSERT INTO ezsearch_object_word_link VALUES (13311, 268, 3168, 0, 687, 3090, 3169, 2, 1068814752, 1, 121, '', 0);
INSERT INTO ezsearch_object_word_link VALUES (13312, 268, 3169, 0, 688, 3168, 3103, 2, 1068814752, 1, 121, '', 0);
INSERT INTO ezsearch_object_word_link VALUES (13313, 268, 3103, 0, 689, 3169, 3103, 2, 1068814752, 1, 121, '', 0);
INSERT INTO ezsearch_object_word_link VALUES (13314, 268, 3103, 0, 690, 3103, 3154, 2, 1068814752, 1, 121, '', 0);
INSERT INTO ezsearch_object_word_link VALUES (13315, 268, 3154, 0, 691, 3103, 3139, 2, 1068814752, 1, 121, '', 0);
INSERT INTO ezsearch_object_word_link VALUES (13316, 268, 3139, 0, 692, 3154, 3109, 2, 1068814752, 1, 121, '', 0);
INSERT INTO ezsearch_object_word_link VALUES (13317, 268, 3109, 0, 693, 3139, 3170, 2, 1068814752, 1, 121, '', 0);
INSERT INTO ezsearch_object_word_link VALUES (13318, 268, 3170, 0, 694, 3109, 3171, 2, 1068814752, 1, 121, '', 0);
INSERT INTO ezsearch_object_word_link VALUES (13319, 268, 3171, 0, 695, 3170, 3098, 2, 1068814752, 1, 121, '', 0);
INSERT INTO ezsearch_object_word_link VALUES (13320, 268, 3098, 0, 696, 3171, 3172, 2, 1068814752, 1, 121, '', 0);
INSERT INTO ezsearch_object_word_link VALUES (13321, 268, 3172, 0, 697, 3098, 3173, 2, 1068814752, 1, 121, '', 0);
INSERT INTO ezsearch_object_word_link VALUES (13322, 268, 3173, 0, 698, 3172, 3174, 2, 1068814752, 1, 121, '', 0);
INSERT INTO ezsearch_object_word_link VALUES (13323, 268, 3174, 0, 699, 3173, 3175, 2, 1068814752, 1, 121, '', 0);
INSERT INTO ezsearch_object_word_link VALUES (13324, 268, 3175, 0, 700, 3174, 3176, 2, 1068814752, 1, 121, '', 0);
INSERT INTO ezsearch_object_word_link VALUES (13325, 268, 3176, 0, 701, 3175, 3109, 2, 1068814752, 1, 121, '', 0);
INSERT INTO ezsearch_object_word_link VALUES (13326, 268, 3109, 0, 702, 3176, 3141, 2, 1068814752, 1, 121, '', 0);
INSERT INTO ezsearch_object_word_link VALUES (13327, 268, 3141, 0, 703, 3109, 3177, 2, 1068814752, 1, 121, '', 0);
INSERT INTO ezsearch_object_word_link VALUES (13328, 268, 3177, 0, 704, 3141, 3103, 2, 1068814752, 1, 121, '', 0);
INSERT INTO ezsearch_object_word_link VALUES (13329, 268, 3103, 0, 705, 3177, 3143, 2, 1068814752, 1, 121, '', 0);
INSERT INTO ezsearch_object_word_link VALUES (13330, 268, 3143, 0, 706, 3103, 3178, 2, 1068814752, 1, 121, '', 0);
INSERT INTO ezsearch_object_word_link VALUES (13331, 268, 3178, 0, 707, 3143, 3092, 2, 1068814752, 1, 121, '', 0);
INSERT INTO ezsearch_object_word_link VALUES (13332, 268, 3092, 0, 708, 3178, 3124, 2, 1068814752, 1, 121, '', 0);
INSERT INTO ezsearch_object_word_link VALUES (13333, 268, 3124, 0, 709, 3092, 3131, 2, 1068814752, 1, 121, '', 0);
INSERT INTO ezsearch_object_word_link VALUES (13334, 268, 3131, 0, 710, 3124, 3164, 2, 1068814752, 1, 121, '', 0);
INSERT INTO ezsearch_object_word_link VALUES (13335, 268, 3164, 0, 711, 3131, 3147, 2, 1068814752, 1, 121, '', 0);
INSERT INTO ezsearch_object_word_link VALUES (13336, 268, 3147, 0, 712, 3164, 3127, 2, 1068814752, 1, 121, '', 0);
INSERT INTO ezsearch_object_word_link VALUES (13337, 268, 3127, 0, 713, 3147, 3121, 2, 1068814752, 1, 121, '', 0);
INSERT INTO ezsearch_object_word_link VALUES (13338, 268, 3121, 0, 714, 3127, 3179, 2, 1068814752, 1, 121, '', 0);
INSERT INTO ezsearch_object_word_link VALUES (13339, 268, 3179, 0, 715, 3121, 3143, 2, 1068814752, 1, 121, '', 0);
INSERT INTO ezsearch_object_word_link VALUES (13340, 268, 3143, 0, 716, 3179, 3139, 2, 1068814752, 1, 121, '', 0);
INSERT INTO ezsearch_object_word_link VALUES (13341, 268, 3139, 0, 717, 3143, 3180, 2, 1068814752, 1, 121, '', 0);
INSERT INTO ezsearch_object_word_link VALUES (13342, 268, 3180, 0, 718, 3139, 3112, 2, 1068814752, 1, 121, '', 0);
INSERT INTO ezsearch_object_word_link VALUES (13343, 268, 3112, 0, 719, 3180, 3181, 2, 1068814752, 1, 121, '', 0);
INSERT INTO ezsearch_object_word_link VALUES (13344, 268, 3181, 0, 720, 3112, 3182, 2, 1068814752, 1, 121, '', 0);
INSERT INTO ezsearch_object_word_link VALUES (13345, 268, 3182, 0, 721, 3181, 3149, 2, 1068814752, 1, 121, '', 0);
INSERT INTO ezsearch_object_word_link VALUES (13346, 268, 3149, 0, 722, 3182, 3110, 2, 1068814752, 1, 121, '', 0);
INSERT INTO ezsearch_object_word_link VALUES (13347, 268, 3110, 0, 723, 3149, 3183, 2, 1068814752, 1, 121, '', 0);
INSERT INTO ezsearch_object_word_link VALUES (13348, 268, 3183, 0, 724, 3110, 3156, 2, 1068814752, 1, 121, '', 0);
INSERT INTO ezsearch_object_word_link VALUES (13349, 268, 3156, 0, 725, 3183, 3130, 2, 1068814752, 1, 121, '', 0);
INSERT INTO ezsearch_object_word_link VALUES (13350, 268, 3130, 0, 726, 3156, 3168, 2, 1068814752, 1, 121, '', 0);
INSERT INTO ezsearch_object_word_link VALUES (13351, 268, 3168, 0, 727, 3130, 3102, 2, 1068814752, 1, 121, '', 0);
INSERT INTO ezsearch_object_word_link VALUES (13352, 268, 3102, 0, 728, 3168, 3171, 2, 1068814752, 1, 121, '', 0);
INSERT INTO ezsearch_object_word_link VALUES (13353, 268, 3171, 0, 729, 3102, 3165, 2, 1068814752, 1, 121, '', 0);
INSERT INTO ezsearch_object_word_link VALUES (13354, 268, 3165, 0, 730, 3171, 3120, 2, 1068814752, 1, 121, '', 0);
INSERT INTO ezsearch_object_word_link VALUES (13355, 268, 3120, 0, 731, 3165, 3184, 2, 1068814752, 1, 121, '', 0);
INSERT INTO ezsearch_object_word_link VALUES (13356, 268, 3184, 0, 732, 3120, 3130, 2, 1068814752, 1, 121, '', 0);
INSERT INTO ezsearch_object_word_link VALUES (13357, 268, 3130, 0, 733, 3184, 3159, 2, 1068814752, 1, 121, '', 0);
INSERT INTO ezsearch_object_word_link VALUES (13358, 268, 3159, 0, 734, 3130, 3185, 2, 1068814752, 1, 121, '', 0);
INSERT INTO ezsearch_object_word_link VALUES (13359, 268, 3185, 0, 735, 3159, 3186, 2, 1068814752, 1, 121, '', 0);
INSERT INTO ezsearch_object_word_link VALUES (13360, 268, 3186, 0, 736, 3185, 3106, 2, 1068814752, 1, 121, '', 0);
INSERT INTO ezsearch_object_word_link VALUES (13361, 268, 3106, 0, 737, 3186, 3149, 2, 1068814752, 1, 121, '', 0);
INSERT INTO ezsearch_object_word_link VALUES (13362, 268, 3149, 0, 738, 3106, 3138, 2, 1068814752, 1, 121, '', 0);
INSERT INTO ezsearch_object_word_link VALUES (13363, 268, 3138, 0, 739, 3149, 3159, 2, 1068814752, 1, 121, '', 0);
INSERT INTO ezsearch_object_word_link VALUES (13364, 268, 3159, 0, 740, 3138, 3092, 2, 1068814752, 1, 121, '', 0);
INSERT INTO ezsearch_object_word_link VALUES (13365, 268, 3092, 0, 741, 3159, 3187, 2, 1068814752, 1, 121, '', 0);
INSERT INTO ezsearch_object_word_link VALUES (13366, 268, 3187, 0, 742, 3092, 3109, 2, 1068814752, 1, 121, '', 0);
INSERT INTO ezsearch_object_word_link VALUES (13367, 268, 3109, 0, 743, 3187, 3168, 2, 1068814752, 1, 121, '', 0);
INSERT INTO ezsearch_object_word_link VALUES (13368, 268, 3168, 0, 744, 3109, 3111, 2, 1068814752, 1, 121, '', 0);
INSERT INTO ezsearch_object_word_link VALUES (13369, 268, 3111, 0, 745, 3168, 3123, 2, 1068814752, 1, 121, '', 0);
INSERT INTO ezsearch_object_word_link VALUES (13370, 268, 3123, 0, 746, 3111, 3188, 2, 1068814752, 1, 121, '', 0);
INSERT INTO ezsearch_object_word_link VALUES (13371, 268, 3188, 0, 747, 3123, 3096, 2, 1068814752, 1, 121, '', 0);
INSERT INTO ezsearch_object_word_link VALUES (13372, 268, 3096, 0, 748, 3188, 3151, 2, 1068814752, 1, 121, '', 0);
INSERT INTO ezsearch_object_word_link VALUES (13373, 268, 3151, 0, 749, 3096, 3109, 2, 1068814752, 1, 121, '', 0);
INSERT INTO ezsearch_object_word_link VALUES (13374, 268, 3109, 0, 750, 3151, 3189, 2, 1068814752, 1, 121, '', 0);
INSERT INTO ezsearch_object_word_link VALUES (13375, 268, 3189, 0, 751, 3109, 3190, 2, 1068814752, 1, 121, '', 0);
INSERT INTO ezsearch_object_word_link VALUES (13376, 268, 3190, 0, 752, 3189, 3191, 2, 1068814752, 1, 121, '', 0);
INSERT INTO ezsearch_object_word_link VALUES (13377, 268, 3191, 0, 753, 3190, 3192, 2, 1068814752, 1, 121, '', 0);
INSERT INTO ezsearch_object_word_link VALUES (13378, 268, 3192, 0, 754, 3191, 3159, 2, 1068814752, 1, 121, '', 0);
INSERT INTO ezsearch_object_word_link VALUES (13379, 268, 3159, 0, 755, 3192, 3113, 2, 1068814752, 1, 121, '', 0);
INSERT INTO ezsearch_object_word_link VALUES (13380, 268, 3113, 0, 756, 3159, 3117, 2, 1068814752, 1, 121, '', 0);
INSERT INTO ezsearch_object_word_link VALUES (13381, 268, 3117, 0, 757, 3113, 3193, 2, 1068814752, 1, 121, '', 0);
INSERT INTO ezsearch_object_word_link VALUES (13382, 268, 3193, 0, 758, 3117, 3163, 2, 1068814752, 1, 121, '', 0);
INSERT INTO ezsearch_object_word_link VALUES (13383, 268, 3163, 0, 759, 3193, 3168, 2, 1068814752, 1, 121, '', 0);
INSERT INTO ezsearch_object_word_link VALUES (13384, 268, 3168, 0, 760, 3163, 3116, 2, 1068814752, 1, 121, '', 0);
INSERT INTO ezsearch_object_word_link VALUES (13385, 268, 3116, 0, 761, 3168, 3097, 2, 1068814752, 1, 121, '', 0);
INSERT INTO ezsearch_object_word_link VALUES (13386, 268, 3097, 0, 762, 3116, 3194, 2, 1068814752, 1, 121, '', 0);
INSERT INTO ezsearch_object_word_link VALUES (13387, 268, 3194, 0, 763, 3097, 3195, 2, 1068814752, 1, 121, '', 0);
INSERT INTO ezsearch_object_word_link VALUES (13388, 268, 3195, 0, 764, 3194, 3196, 2, 1068814752, 1, 121, '', 0);
INSERT INTO ezsearch_object_word_link VALUES (13389, 268, 3196, 0, 765, 3195, 3166, 2, 1068814752, 1, 121, '', 0);
INSERT INTO ezsearch_object_word_link VALUES (13390, 268, 3166, 0, 766, 3196, 3177, 2, 1068814752, 1, 121, '', 0);
INSERT INTO ezsearch_object_word_link VALUES (13391, 268, 3177, 0, 767, 3166, 3149, 2, 1068814752, 1, 121, '', 0);
INSERT INTO ezsearch_object_word_link VALUES (13392, 268, 3149, 0, 768, 3177, 3109, 2, 1068814752, 1, 121, '', 0);
INSERT INTO ezsearch_object_word_link VALUES (13393, 268, 3109, 0, 769, 3149, 0, 2, 1068814752, 1, 121, '', 0);
INSERT INTO ezsearch_object_word_link VALUES (13394, 319, 3202, 0, 0, 0, 3202, 27, 1069317649, 1, 215, '', 0);
INSERT INTO ezsearch_object_word_link VALUES (13395, 319, 3202, 0, 1, 3202, 3202, 27, 1069317649, 1, 215, '', 0);
INSERT INTO ezsearch_object_word_link VALUES (13396, 319, 3202, 0, 2, 3202, 3203, 27, 1069317649, 1, 216, '', 0);
INSERT INTO ezsearch_object_word_link VALUES (13397, 319, 3203, 0, 3, 3202, 3202, 27, 1069317649, 1, 216, '', 0);
INSERT INTO ezsearch_object_word_link VALUES (13398, 319, 3202, 0, 4, 3203, 3203, 27, 1069317649, 1, 216, '', 0);
INSERT INTO ezsearch_object_word_link VALUES (13399, 319, 3203, 0, 5, 3202, 0, 27, 1069317649, 1, 216, '', 0);
INSERT INTO ezsearch_object_word_link VALUES (13400, 320, 3204, 0, 0, 0, 3204, 28, 1069317685, 1, 217, '', 0);
INSERT INTO ezsearch_object_word_link VALUES (13401, 320, 3204, 0, 1, 3204, 3205, 28, 1069317685, 1, 217, '', 0);
INSERT INTO ezsearch_object_word_link VALUES (13402, 320, 3205, 0, 2, 3204, 3206, 28, 1069317685, 1, 218, '', 0);
INSERT INTO ezsearch_object_word_link VALUES (13403, 320, 3206, 0, 3, 3205, 3207, 28, 1069317685, 1, 218, '', 0);
INSERT INTO ezsearch_object_word_link VALUES (13404, 320, 3207, 0, 4, 3206, 3204, 28, 1069317685, 1, 218, '', 0);
INSERT INTO ezsearch_object_word_link VALUES (13405, 320, 3204, 0, 5, 3207, 3205, 28, 1069317685, 1, 218, '', 0);
INSERT INTO ezsearch_object_word_link VALUES (13406, 320, 3205, 0, 6, 3204, 3206, 28, 1069317685, 1, 218, '', 0);
INSERT INTO ezsearch_object_word_link VALUES (13407, 320, 3206, 0, 7, 3205, 3207, 28, 1069317685, 1, 218, '', 0);
INSERT INTO ezsearch_object_word_link VALUES (13408, 320, 3207, 0, 8, 3206, 3204, 28, 1069317685, 1, 218, '', 0);
INSERT INTO ezsearch_object_word_link VALUES (13409, 320, 3204, 0, 9, 3207, 3208, 28, 1069317685, 1, 218, '', 0);
INSERT INTO ezsearch_object_word_link VALUES (13410, 320, 3208, 0, 10, 3204, 3208, 28, 1069317685, 1, 221, '', 3);
INSERT INTO ezsearch_object_word_link VALUES (13411, 320, 3208, 0, 11, 3208, 0, 28, 1069317685, 1, 221, '', 3);
INSERT INTO ezsearch_object_word_link VALUES (13412, 321, 3209, 0, 0, 0, 3210, 5, 1069317728, 1, 116, '', 0);
INSERT INTO ezsearch_object_word_link VALUES (13413, 321, 3210, 0, 1, 3209, 3209, 5, 1069317728, 1, 116, '', 0);
INSERT INTO ezsearch_object_word_link VALUES (13414, 321, 3209, 0, 2, 3210, 3210, 5, 1069317728, 1, 116, '', 0);
INSERT INTO ezsearch_object_word_link VALUES (13415, 321, 3210, 0, 3, 3209, 3120, 5, 1069317728, 1, 116, '', 0);
INSERT INTO ezsearch_object_word_link VALUES (13416, 321, 3120, 0, 4, 3210, 3211, 5, 1069317728, 1, 117, '', 0);
INSERT INTO ezsearch_object_word_link VALUES (13417, 321, 3211, 0, 5, 3120, 3212, 5, 1069317728, 1, 117, '', 0);
INSERT INTO ezsearch_object_word_link VALUES (13418, 321, 3212, 0, 6, 3211, 3209, 5, 1069317728, 1, 117, '', 0);
INSERT INTO ezsearch_object_word_link VALUES (13419, 321, 3209, 0, 7, 3212, 3210, 5, 1069317728, 1, 117, '', 0);
INSERT INTO ezsearch_object_word_link VALUES (13420, 321, 3210, 0, 8, 3209, 3120, 5, 1069317728, 1, 117, '', 0);
INSERT INTO ezsearch_object_word_link VALUES (13421, 321, 3120, 0, 9, 3210, 3211, 5, 1069317728, 1, 117, '', 0);
INSERT INTO ezsearch_object_word_link VALUES (13422, 321, 3211, 0, 10, 3120, 3212, 5, 1069317728, 1, 117, '', 0);
INSERT INTO ezsearch_object_word_link VALUES (13423, 321, 3212, 0, 11, 3211, 3209, 5, 1069317728, 1, 117, '', 0);
INSERT INTO ezsearch_object_word_link VALUES (13424, 321, 3209, 0, 12, 3212, 3210, 5, 1069317728, 1, 117, '', 0);
INSERT INTO ezsearch_object_word_link VALUES (13425, 321, 3210, 0, 13, 3209, 0, 5, 1069317728, 1, 117, '', 0);
INSERT INTO ezsearch_object_word_link VALUES (13426, 322, 3213, 0, 0, 0, 3214, 5, 1069317767, 1, 116, '', 0);
INSERT INTO ezsearch_object_word_link VALUES (13427, 322, 3214, 0, 1, 3213, 3213, 5, 1069317767, 1, 116, '', 0);
INSERT INTO ezsearch_object_word_link VALUES (13428, 322, 3213, 0, 2, 3214, 3214, 5, 1069317767, 1, 116, '', 0);
INSERT INTO ezsearch_object_word_link VALUES (13429, 322, 3214, 0, 3, 3213, 3120, 5, 1069317767, 1, 116, '', 0);
INSERT INTO ezsearch_object_word_link VALUES (13430, 322, 3120, 0, 4, 3214, 3213, 5, 1069317767, 1, 117, '', 0);
INSERT INTO ezsearch_object_word_link VALUES (13431, 322, 3213, 0, 5, 3120, 3215, 5, 1069317767, 1, 117, '', 0);
INSERT INTO ezsearch_object_word_link VALUES (13432, 322, 3215, 0, 6, 3213, 3216, 5, 1069317767, 1, 117, '', 0);
INSERT INTO ezsearch_object_word_link VALUES (13433, 322, 3216, 0, 7, 3215, 3217, 5, 1069317767, 1, 117, '', 0);
INSERT INTO ezsearch_object_word_link VALUES (13434, 322, 3217, 0, 8, 3216, 3120, 5, 1069317767, 1, 117, '', 0);
INSERT INTO ezsearch_object_word_link VALUES (13435, 322, 3120, 0, 9, 3217, 3213, 5, 1069317767, 1, 117, '', 0);
INSERT INTO ezsearch_object_word_link VALUES (13436, 322, 3213, 0, 10, 3120, 3215, 5, 1069317767, 1, 117, '', 0);
INSERT INTO ezsearch_object_word_link VALUES (13437, 322, 3215, 0, 11, 3213, 3216, 5, 1069317767, 1, 117, '', 0);
INSERT INTO ezsearch_object_word_link VALUES (13438, 322, 3216, 0, 12, 3215, 3217, 5, 1069317767, 1, 117, '', 0);
INSERT INTO ezsearch_object_word_link VALUES (13439, 322, 3217, 0, 13, 3216, 0, 5, 1069317767, 1, 117, '', 0);
INSERT INTO ezsearch_object_word_link VALUES (13440, 323, 3218, 0, 0, 0, 3210, 5, 1069317797, 1, 116, '', 0);
INSERT INTO ezsearch_object_word_link VALUES (13441, 323, 3210, 0, 1, 3218, 3218, 5, 1069317797, 1, 116, '', 0);
INSERT INTO ezsearch_object_word_link VALUES (13442, 323, 3218, 0, 2, 3210, 3210, 5, 1069317797, 1, 116, '', 0);
INSERT INTO ezsearch_object_word_link VALUES (13443, 323, 3210, 0, 3, 3218, 3218, 5, 1069317797, 1, 116, '', 0);
INSERT INTO ezsearch_object_word_link VALUES (13444, 323, 3218, 0, 4, 3210, 3210, 5, 1069317797, 1, 117, '', 0);
INSERT INTO ezsearch_object_word_link VALUES (13445, 323, 3210, 0, 5, 3218, 3218, 5, 1069317797, 1, 117, '', 0);
INSERT INTO ezsearch_object_word_link VALUES (13446, 323, 3218, 0, 6, 3210, 3210, 5, 1069317797, 1, 117, '', 0);
INSERT INTO ezsearch_object_word_link VALUES (13447, 323, 3210, 0, 7, 3218, 0, 5, 1069317797, 1, 117, '', 0);
INSERT INTO ezsearch_object_word_link VALUES (13448, 324, 3219, 0, 0, 0, 3219, 28, 1069317869, 1, 217, '', 0);
INSERT INTO ezsearch_object_word_link VALUES (13449, 324, 3219, 0, 1, 3219, 3219, 28, 1069317869, 1, 217, '', 0);
INSERT INTO ezsearch_object_word_link VALUES (13450, 324, 3219, 0, 2, 3219, 3220, 28, 1069317869, 1, 218, '', 0);
INSERT INTO ezsearch_object_word_link VALUES (13451, 324, 3220, 0, 3, 3219, 3219, 28, 1069317869, 1, 218, '', 0);
INSERT INTO ezsearch_object_word_link VALUES (13452, 324, 3219, 0, 4, 3220, 3220, 28, 1069317869, 1, 218, '', 0);
INSERT INTO ezsearch_object_word_link VALUES (13453, 324, 3220, 0, 5, 3219, 3208, 28, 1069317869, 1, 218, '', 0);
INSERT INTO ezsearch_object_word_link VALUES (13454, 324, 3208, 0, 6, 3220, 3208, 28, 1069317869, 1, 221, '', 3);
INSERT INTO ezsearch_object_word_link VALUES (13455, 324, 3208, 0, 7, 3208, 0, 28, 1069317869, 1, 221, '', 3);
INSERT INTO ezsearch_object_word_link VALUES (13456, 325, 3221, 0, 0, 0, 3222, 5, 1069317907, 1, 116, '', 0);
INSERT INTO ezsearch_object_word_link VALUES (13457, 325, 3222, 0, 1, 3221, 3221, 5, 1069317907, 1, 116, '', 0);
INSERT INTO ezsearch_object_word_link VALUES (13458, 325, 3221, 0, 2, 3222, 3222, 5, 1069317907, 1, 116, '', 0);
INSERT INTO ezsearch_object_word_link VALUES (13459, 325, 3222, 0, 3, 3221, 3222, 5, 1069317907, 1, 116, '', 0);
INSERT INTO ezsearch_object_word_link VALUES (13460, 325, 3222, 0, 4, 3222, 3098, 5, 1069317907, 1, 117, '', 0);
INSERT INTO ezsearch_object_word_link VALUES (13461, 325, 3098, 0, 5, 3222, 3120, 5, 1069317907, 1, 117, '', 0);
INSERT INTO ezsearch_object_word_link VALUES (13462, 325, 3120, 0, 6, 3098, 3211, 5, 1069317907, 1, 117, '', 0);
INSERT INTO ezsearch_object_word_link VALUES (13463, 325, 3211, 0, 7, 3120, 3221, 5, 1069317907, 1, 117, '', 0);
INSERT INTO ezsearch_object_word_link VALUES (13464, 325, 3221, 0, 8, 3211, 3222, 5, 1069317907, 1, 117, '', 0);
INSERT INTO ezsearch_object_word_link VALUES (13465, 325, 3222, 0, 9, 3221, 3098, 5, 1069317907, 1, 117, '', 0);
INSERT INTO ezsearch_object_word_link VALUES (13466, 325, 3098, 0, 10, 3222, 3120, 5, 1069317907, 1, 117, '', 0);
INSERT INTO ezsearch_object_word_link VALUES (13467, 325, 3120, 0, 11, 3098, 3211, 5, 1069317907, 1, 117, '', 0);
INSERT INTO ezsearch_object_word_link VALUES (13468, 325, 3211, 0, 12, 3120, 3221, 5, 1069317907, 1, 117, '', 0);
INSERT INTO ezsearch_object_word_link VALUES (13469, 325, 3221, 0, 13, 3211, 0, 5, 1069317907, 1, 117, '', 0);
INSERT INTO ezsearch_object_word_link VALUES (13470, 326, 3223, 0, 0, 0, 3224, 5, 1069317947, 1, 116, '', 0);
INSERT INTO ezsearch_object_word_link VALUES (13471, 326, 3224, 0, 1, 3223, 3223, 5, 1069317947, 1, 116, '', 0);
INSERT INTO ezsearch_object_word_link VALUES (13472, 326, 3223, 0, 2, 3224, 3224, 5, 1069317947, 1, 116, '', 0);
INSERT INTO ezsearch_object_word_link VALUES (13473, 326, 3224, 0, 3, 3223, 3223, 5, 1069317947, 1, 116, '', 0);
INSERT INTO ezsearch_object_word_link VALUES (13474, 326, 3223, 0, 4, 3224, 3225, 5, 1069317947, 1, 117, '', 0);
INSERT INTO ezsearch_object_word_link VALUES (13475, 326, 3225, 0, 5, 3223, 3226, 5, 1069317947, 1, 117, '', 0);
INSERT INTO ezsearch_object_word_link VALUES (13476, 326, 3226, 0, 6, 3225, 3223, 5, 1069317947, 1, 117, '', 0);
INSERT INTO ezsearch_object_word_link VALUES (13477, 326, 3223, 0, 7, 3226, 3225, 5, 1069317947, 1, 117, '', 0);
INSERT INTO ezsearch_object_word_link VALUES (13478, 326, 3225, 0, 8, 3223, 3226, 5, 1069317947, 1, 117, '', 0);
INSERT INTO ezsearch_object_word_link VALUES (13479, 326, 3226, 0, 9, 3225, 0, 5, 1069317947, 1, 117, '', 0);
INSERT INTO ezsearch_object_word_link VALUES (13480, 327, 3227, 0, 0, 0, 3228, 5, 1069317978, 1, 116, '', 0);
INSERT INTO ezsearch_object_word_link VALUES (13481, 327, 3228, 0, 1, 3227, 3227, 5, 1069317978, 1, 116, '', 0);
INSERT INTO ezsearch_object_word_link VALUES (13482, 327, 3227, 0, 2, 3228, 3228, 5, 1069317978, 1, 116, '', 0);
INSERT INTO ezsearch_object_word_link VALUES (13483, 327, 3228, 0, 3, 3227, 3227, 5, 1069317978, 1, 116, '', 0);
INSERT INTO ezsearch_object_word_link VALUES (13484, 327, 3227, 0, 4, 3228, 3228, 5, 1069317978, 1, 117, '', 0);
INSERT INTO ezsearch_object_word_link VALUES (13485, 327, 3228, 0, 5, 3227, 3227, 5, 1069317978, 1, 117, '', 0);
INSERT INTO ezsearch_object_word_link VALUES (13486, 327, 3227, 0, 6, 3228, 3228, 5, 1069317978, 1, 117, '', 0);
INSERT INTO ezsearch_object_word_link VALUES (13487, 327, 3228, 0, 7, 3227, 0, 5, 1069317978, 1, 117, '', 0);
INSERT INTO ezsearch_object_word_link VALUES (13488, 328, 3229, 0, 0, 0, 3222, 5, 1069318020, 1, 116, '', 0);
INSERT INTO ezsearch_object_word_link VALUES (13489, 328, 3222, 0, 1, 3229, 3229, 5, 1069318020, 1, 116, '', 0);
INSERT INTO ezsearch_object_word_link VALUES (13490, 328, 3229, 0, 2, 3222, 3222, 5, 1069318020, 1, 116, '', 0);
INSERT INTO ezsearch_object_word_link VALUES (13491, 328, 3222, 0, 3, 3229, 3222, 5, 1069318020, 1, 116, '', 0);
INSERT INTO ezsearch_object_word_link VALUES (13492, 328, 3222, 0, 4, 3222, 3230, 5, 1069318020, 1, 117, '', 0);
INSERT INTO ezsearch_object_word_link VALUES (13493, 328, 3230, 0, 5, 3222, 3120, 5, 1069318020, 1, 117, '', 0);
INSERT INTO ezsearch_object_word_link VALUES (13494, 328, 3120, 0, 6, 3230, 3231, 5, 1069318020, 1, 117, '', 0);
INSERT INTO ezsearch_object_word_link VALUES (13495, 328, 3231, 0, 7, 3120, 3098, 5, 1069318020, 1, 117, '', 0);
INSERT INTO ezsearch_object_word_link VALUES (13496, 328, 3098, 0, 8, 3231, 3232, 5, 1069318020, 1, 117, '', 0);
INSERT INTO ezsearch_object_word_link VALUES (13497, 328, 3232, 0, 9, 3098, 3222, 5, 1069318020, 1, 117, '', 0);
INSERT INTO ezsearch_object_word_link VALUES (13498, 328, 3222, 0, 10, 3232, 3230, 5, 1069318020, 1, 117, '', 0);
INSERT INTO ezsearch_object_word_link VALUES (13499, 328, 3230, 0, 11, 3222, 3120, 5, 1069318020, 1, 117, '', 0);
INSERT INTO ezsearch_object_word_link VALUES (13500, 328, 3120, 0, 12, 3230, 3231, 5, 1069318020, 1, 117, '', 0);
INSERT INTO ezsearch_object_word_link VALUES (13501, 328, 3231, 0, 13, 3120, 3098, 5, 1069318020, 1, 117, '', 0);
INSERT INTO ezsearch_object_word_link VALUES (13502, 328, 3098, 0, 14, 3231, 3232, 5, 1069318020, 1, 117, '', 0);
INSERT INTO ezsearch_object_word_link VALUES (13503, 328, 3232, 0, 15, 3098, 0, 5, 1069318020, 1, 117, '', 0);
INSERT INTO ezsearch_object_word_link VALUES (13504, 329, 3233, 0, 0, 0, 3233, 27, 1069318331, 1, 215, '', 0);
INSERT INTO ezsearch_object_word_link VALUES (13505, 329, 3233, 0, 1, 3233, 3233, 27, 1069318331, 1, 215, '', 0);
INSERT INTO ezsearch_object_word_link VALUES (13506, 329, 3233, 0, 2, 3233, 3220, 27, 1069318331, 1, 216, '', 0);
INSERT INTO ezsearch_object_word_link VALUES (13507, 329, 3220, 0, 3, 3233, 3233, 27, 1069318331, 1, 216, '', 0);
INSERT INTO ezsearch_object_word_link VALUES (13508, 329, 3233, 0, 4, 3220, 3220, 27, 1069318331, 1, 216, '', 0);
INSERT INTO ezsearch_object_word_link VALUES (13509, 329, 3220, 0, 5, 3233, 0, 27, 1069318331, 1, 216, '', 0);
INSERT INTO ezsearch_object_word_link VALUES (13510, 330, 3234, 0, 0, 0, 3234, 28, 1069318374, 1, 217, '', 0);
INSERT INTO ezsearch_object_word_link VALUES (13511, 330, 3234, 0, 1, 3234, 3208, 28, 1069318374, 1, 217, '', 0);
INSERT INTO ezsearch_object_word_link VALUES (13512, 330, 3208, 0, 2, 3234, 3208, 28, 1069318374, 1, 221, '', 3);
INSERT INTO ezsearch_object_word_link VALUES (13513, 330, 3208, 0, 3, 3208, 0, 28, 1069318374, 1, 221, '', 3);
INSERT INTO ezsearch_object_word_link VALUES (13514, 331, 3235, 0, 0, 0, 3236, 5, 1069318446, 1, 116, '', 0);
INSERT INTO ezsearch_object_word_link VALUES (13515, 331, 3236, 0, 1, 3235, 3235, 5, 1069318446, 1, 116, '', 0);
INSERT INTO ezsearch_object_word_link VALUES (13516, 331, 3235, 0, 2, 3236, 3236, 5, 1069318446, 1, 116, '', 0);
INSERT INTO ezsearch_object_word_link VALUES (13517, 331, 3236, 0, 3, 3235, 3237, 5, 1069318446, 1, 116, '', 0);
INSERT INTO ezsearch_object_word_link VALUES (13518, 331, 3237, 0, 4, 3236, 3238, 5, 1069318446, 1, 117, '', 0);
INSERT INTO ezsearch_object_word_link VALUES (13519, 331, 3238, 0, 5, 3237, 3206, 5, 1069318446, 1, 117, '', 0);
INSERT INTO ezsearch_object_word_link VALUES (13520, 331, 3206, 0, 6, 3238, 3120, 5, 1069318446, 1, 117, '', 0);
INSERT INTO ezsearch_object_word_link VALUES (13521, 331, 3120, 0, 7, 3206, 3235, 5, 1069318446, 1, 117, '', 0);
INSERT INTO ezsearch_object_word_link VALUES (13522, 331, 3235, 0, 8, 3120, 3239, 5, 1069318446, 1, 117, '', 0);
INSERT INTO ezsearch_object_word_link VALUES (13523, 331, 3239, 0, 9, 3235, 3237, 5, 1069318446, 1, 117, '', 0);
INSERT INTO ezsearch_object_word_link VALUES (13524, 331, 3237, 0, 10, 3239, 3238, 5, 1069318446, 1, 117, '', 0);
INSERT INTO ezsearch_object_word_link VALUES (13525, 331, 3238, 0, 11, 3237, 3206, 5, 1069318446, 1, 117, '', 0);
INSERT INTO ezsearch_object_word_link VALUES (13526, 331, 3206, 0, 12, 3238, 3120, 5, 1069318446, 1, 117, '', 0);
INSERT INTO ezsearch_object_word_link VALUES (13527, 331, 3120, 0, 13, 3206, 3235, 5, 1069318446, 1, 117, '', 0);
INSERT INTO ezsearch_object_word_link VALUES (13528, 331, 3235, 0, 14, 3120, 3239, 5, 1069318446, 1, 117, '', 0);
INSERT INTO ezsearch_object_word_link VALUES (13529, 331, 3239, 0, 15, 3235, 0, 5, 1069318446, 1, 117, '', 0);
INSERT INTO ezsearch_object_word_link VALUES (13530, 332, 3240, 0, 0, 0, 3241, 5, 1069318482, 1, 116, '', 0);
INSERT INTO ezsearch_object_word_link VALUES (13531, 332, 3241, 0, 1, 3240, 3240, 5, 1069318482, 1, 116, '', 0);
INSERT INTO ezsearch_object_word_link VALUES (13532, 332, 3240, 0, 2, 3241, 3241, 5, 1069318482, 1, 116, '', 0);
INSERT INTO ezsearch_object_word_link VALUES (13533, 332, 3241, 0, 3, 3240, 3240, 5, 1069318482, 1, 116, '', 0);
INSERT INTO ezsearch_object_word_link VALUES (13534, 332, 3240, 0, 4, 3241, 3241, 5, 1069318482, 1, 117, '', 0);
INSERT INTO ezsearch_object_word_link VALUES (13535, 332, 3241, 0, 5, 3240, 3242, 5, 1069318482, 1, 117, '', 0);
INSERT INTO ezsearch_object_word_link VALUES (13536, 332, 3242, 0, 6, 3241, 3230, 5, 1069318482, 1, 117, '', 0);
INSERT INTO ezsearch_object_word_link VALUES (13537, 332, 3230, 0, 7, 3242, 3243, 5, 1069318482, 1, 117, '', 0);
INSERT INTO ezsearch_object_word_link VALUES (13538, 332, 3243, 0, 8, 3230, 3240, 5, 1069318482, 1, 117, '', 0);
INSERT INTO ezsearch_object_word_link VALUES (13539, 332, 3240, 0, 9, 3243, 3241, 5, 1069318482, 1, 117, '', 0);
INSERT INTO ezsearch_object_word_link VALUES (13540, 332, 3241, 0, 10, 3240, 3242, 5, 1069318482, 1, 117, '', 0);
INSERT INTO ezsearch_object_word_link VALUES (13541, 332, 3242, 0, 11, 3241, 3230, 5, 1069318482, 1, 117, '', 0);
INSERT INTO ezsearch_object_word_link VALUES (13542, 332, 3230, 0, 12, 3242, 3243, 5, 1069318482, 1, 117, '', 0);
INSERT INTO ezsearch_object_word_link VALUES (13543, 332, 3243, 0, 13, 3230, 0, 5, 1069318482, 1, 117, '', 0);
INSERT INTO ezsearch_object_word_link VALUES (13544, 333, 3244, 0, 0, 0, 3245, 5, 1069318517, 1, 116, '', 0);
INSERT INTO ezsearch_object_word_link VALUES (13545, 333, 3245, 0, 1, 3244, 3244, 5, 1069318517, 1, 116, '', 0);
INSERT INTO ezsearch_object_word_link VALUES (13546, 333, 3244, 0, 2, 3245, 3245, 5, 1069318517, 1, 116, '', 0);
INSERT INTO ezsearch_object_word_link VALUES (13547, 333, 3245, 0, 3, 3244, 3216, 5, 1069318517, 1, 116, '', 0);
INSERT INTO ezsearch_object_word_link VALUES (13548, 333, 3216, 0, 4, 3245, 3246, 5, 1069318517, 1, 117, '', 0);
INSERT INTO ezsearch_object_word_link VALUES (13549, 333, 3246, 0, 5, 3216, 3247, 5, 1069318517, 1, 117, '', 0);
INSERT INTO ezsearch_object_word_link VALUES (13550, 333, 3247, 0, 6, 3246, 3248, 5, 1069318517, 1, 117, '', 0);
INSERT INTO ezsearch_object_word_link VALUES (13551, 333, 3248, 0, 7, 3247, 3249, 5, 1069318517, 1, 117, '', 0);
INSERT INTO ezsearch_object_word_link VALUES (13552, 333, 3249, 0, 8, 3248, 3216, 5, 1069318517, 1, 117, '', 0);
INSERT INTO ezsearch_object_word_link VALUES (13553, 333, 3216, 0, 9, 3249, 3246, 5, 1069318517, 1, 117, '', 0);
INSERT INTO ezsearch_object_word_link VALUES (13554, 333, 3246, 0, 10, 3216, 3247, 5, 1069318517, 1, 117, '', 0);
INSERT INTO ezsearch_object_word_link VALUES (13555, 333, 3247, 0, 11, 3246, 3248, 5, 1069318517, 1, 117, '', 0);
INSERT INTO ezsearch_object_word_link VALUES (13556, 333, 3248, 0, 12, 3247, 3249, 5, 1069318517, 1, 117, '', 0);
INSERT INTO ezsearch_object_word_link VALUES (13557, 333, 3249, 0, 13, 3248, 0, 5, 1069318517, 1, 117, '', 0);
INSERT INTO ezsearch_object_word_link VALUES (13558, 334, 3250, 0, 0, 0, 3250, 5, 1069318560, 1, 116, '', 0);
INSERT INTO ezsearch_object_word_link VALUES (13559, 334, 3250, 0, 1, 3250, 3250, 5, 1069318560, 1, 116, '', 0);
INSERT INTO ezsearch_object_word_link VALUES (13560, 334, 3250, 0, 2, 3250, 3251, 5, 1069318560, 1, 117, '', 0);
INSERT INTO ezsearch_object_word_link VALUES (13561, 334, 3251, 0, 3, 3250, 3252, 5, 1069318560, 1, 117, '', 0);
INSERT INTO ezsearch_object_word_link VALUES (13562, 334, 3252, 0, 4, 3251, 3250, 5, 1069318560, 1, 117, '', 0);
INSERT INTO ezsearch_object_word_link VALUES (13563, 334, 3250, 0, 5, 3252, 3251, 5, 1069318560, 1, 117, '', 0);
INSERT INTO ezsearch_object_word_link VALUES (13564, 334, 3251, 0, 6, 3250, 3252, 5, 1069318560, 1, 117, '', 0);
INSERT INTO ezsearch_object_word_link VALUES (13565, 334, 3252, 0, 7, 3251, 0, 5, 1069318560, 1, 117, '', 0);
INSERT INTO ezsearch_object_word_link VALUES (13566, 335, 3253, 0, 0, 0, 3253, 5, 1069318590, 1, 116, '', 0);
INSERT INTO ezsearch_object_word_link VALUES (13567, 335, 3253, 0, 1, 3253, 3254, 5, 1069318590, 1, 116, '', 0);
INSERT INTO ezsearch_object_word_link VALUES (13568, 335, 3254, 0, 2, 3253, 3255, 5, 1069318590, 1, 117, '', 0);
INSERT INTO ezsearch_object_word_link VALUES (13569, 335, 3255, 0, 3, 3254, 3256, 5, 1069318590, 1, 117, '', 0);
INSERT INTO ezsearch_object_word_link VALUES (13570, 335, 3256, 0, 4, 3255, 3257, 5, 1069318590, 1, 117, '', 0);
INSERT INTO ezsearch_object_word_link VALUES (13571, 335, 3257, 0, 5, 3256, 3206, 5, 1069318590, 1, 117, '', 0);
INSERT INTO ezsearch_object_word_link VALUES (13572, 335, 3206, 0, 6, 3257, 3258, 5, 1069318590, 1, 117, '', 0);
INSERT INTO ezsearch_object_word_link VALUES (13573, 335, 3258, 0, 7, 3206, 3254, 5, 1069318590, 1, 117, '', 0);
INSERT INTO ezsearch_object_word_link VALUES (13574, 335, 3254, 0, 8, 3258, 3255, 5, 1069318590, 1, 117, '', 0);
INSERT INTO ezsearch_object_word_link VALUES (13575, 335, 3255, 0, 9, 3254, 3256, 5, 1069318590, 1, 117, '', 0);
INSERT INTO ezsearch_object_word_link VALUES (13576, 335, 3256, 0, 10, 3255, 3257, 5, 1069318590, 1, 117, '', 0);
INSERT INTO ezsearch_object_word_link VALUES (13577, 335, 3257, 0, 11, 3256, 3206, 5, 1069318590, 1, 117, '', 0);
INSERT INTO ezsearch_object_word_link VALUES (13578, 335, 3206, 0, 12, 3257, 3258, 5, 1069318590, 1, 117, '', 0);
INSERT INTO ezsearch_object_word_link VALUES (13579, 335, 3258, 0, 13, 3206, 0, 5, 1069318590, 1, 117, '', 0);
INSERT INTO ezsearch_object_word_link VALUES (13580, 11, 3259, 0, 0, 0, 3260, 3, 1033920746, 2, 6, '', 0);
INSERT INTO ezsearch_object_word_link VALUES (13581, 11, 3260, 0, 1, 3259, 3259, 3, 1033920746, 2, 6, '', 0);
INSERT INTO ezsearch_object_word_link VALUES (13582, 11, 3259, 0, 2, 3260, 3260, 3, 1033920746, 2, 6, '', 0);
INSERT INTO ezsearch_object_word_link VALUES (13583, 11, 3260, 0, 3, 3259, 0, 3, 1033920746, 2, 6, '', 0);
INSERT INTO ezsearch_object_word_link VALUES (13584, 12, 3261, 0, 0, 0, 3262, 3, 1033920775, 2, 6, '', 0);
INSERT INTO ezsearch_object_word_link VALUES (13585, 12, 3262, 0, 1, 3261, 3261, 3, 1033920775, 2, 6, '', 0);
INSERT INTO ezsearch_object_word_link VALUES (13586, 12, 3261, 0, 2, 3262, 3262, 3, 1033920775, 2, 6, '', 0);
INSERT INTO ezsearch_object_word_link VALUES (13587, 12, 3262, 0, 3, 3261, 0, 3, 1033920775, 2, 6, '', 0);
INSERT INTO ezsearch_object_word_link VALUES (13588, 14, 3261, 0, 0, 0, 3261, 4, 1033920830, 2, 8, '', 0);
INSERT INTO ezsearch_object_word_link VALUES (13589, 14, 3261, 0, 1, 3261, 3263, 4, 1033920830, 2, 8, '', 0);
INSERT INTO ezsearch_object_word_link VALUES (13590, 14, 3263, 0, 2, 3261, 3263, 4, 1033920830, 2, 9, '', 0);
INSERT INTO ezsearch_object_word_link VALUES (13591, 14, 3263, 0, 3, 3263, 3264, 4, 1033920830, 2, 9, '', 0);
INSERT INTO ezsearch_object_word_link VALUES (13592, 14, 3264, 0, 4, 3263, 3264, 4, 1033920830, 2, 197, '', 0);
INSERT INTO ezsearch_object_word_link VALUES (13593, 14, 3264, 0, 5, 3264, 3243, 4, 1033920830, 2, 197, '', 0);
INSERT INTO ezsearch_object_word_link VALUES (13594, 14, 3243, 0, 6, 3264, 3265, 4, 1033920830, 2, 198, '', 0);
INSERT INTO ezsearch_object_word_link VALUES (13595, 14, 3265, 0, 7, 3243, 3243, 4, 1033920830, 2, 198, '', 0);
INSERT INTO ezsearch_object_word_link VALUES (13596, 14, 3243, 0, 8, 3265, 3265, 4, 1033920830, 2, 198, '', 0);
INSERT INTO ezsearch_object_word_link VALUES (13597, 14, 3265, 0, 9, 3243, 3266, 4, 1033920830, 2, 198, '', 0);
INSERT INTO ezsearch_object_word_link VALUES (13598, 14, 3266, 0, 10, 3265, 3266, 4, 1033920830, 2, 199, '', 0);
INSERT INTO ezsearch_object_word_link VALUES (13599, 14, 3266, 0, 11, 3266, 0, 4, 1033920830, 2, 199, '', 0);
INSERT INTO ezsearch_object_word_link VALUES (13600, 13, 3267, 0, 0, 0, 3267, 3, 1033920794, 2, 6, '', 0);
INSERT INTO ezsearch_object_word_link VALUES (13601, 13, 3267, 0, 1, 3267, 0, 3, 1033920794, 2, 6, '', 0);
INSERT INTO ezsearch_object_word_link VALUES (13602, 336, 3268, 0, 0, 0, 3262, 3, 1072186809, 2, 6, '', 0);
INSERT INTO ezsearch_object_word_link VALUES (13603, 336, 3262, 0, 1, 3268, 3268, 3, 1072186809, 2, 6, '', 0);
INSERT INTO ezsearch_object_word_link VALUES (13604, 336, 3268, 0, 2, 3262, 3262, 3, 1072186809, 2, 6, '', 0);
INSERT INTO ezsearch_object_word_link VALUES (13605, 336, 3262, 0, 3, 3268, 3263, 3, 1072186809, 2, 6, '', 0);
INSERT INTO ezsearch_object_word_link VALUES (13606, 336, 3263, 0, 4, 3262, 3269, 3, 1072186809, 2, 7, '', 0);
INSERT INTO ezsearch_object_word_link VALUES (13607, 336, 3269, 0, 5, 3263, 3270, 3, 1072186809, 2, 7, '', 0);
INSERT INTO ezsearch_object_word_link VALUES (13608, 336, 3270, 0, 6, 3269, 3251, 3, 1072186809, 2, 7, '', 0);
INSERT INTO ezsearch_object_word_link VALUES (13609, 336, 3251, 0, 7, 3270, 3268, 3, 1072186809, 2, 7, '', 0);
INSERT INTO ezsearch_object_word_link VALUES (13610, 336, 3268, 0, 8, 3251, 3263, 3, 1072186809, 2, 7, '', 0);
INSERT INTO ezsearch_object_word_link VALUES (13611, 336, 3263, 0, 9, 3268, 3263, 3, 1072186809, 2, 7, '', 0);
INSERT INTO ezsearch_object_word_link VALUES (13612, 336, 3263, 0, 10, 3263, 3269, 3, 1072186809, 2, 7, '', 0);
INSERT INTO ezsearch_object_word_link VALUES (13613, 336, 3269, 0, 11, 3263, 3270, 3, 1072186809, 2, 7, '', 0);
INSERT INTO ezsearch_object_word_link VALUES (13614, 336, 3270, 0, 12, 3269, 3251, 3, 1072186809, 2, 7, '', 0);
INSERT INTO ezsearch_object_word_link VALUES (13615, 336, 3251, 0, 13, 3270, 3268, 3, 1072186809, 2, 7, '', 0);
INSERT INTO ezsearch_object_word_link VALUES (13616, 336, 3268, 0, 14, 3251, 3263, 3, 1072186809, 2, 7, '', 0);
INSERT INTO ezsearch_object_word_link VALUES (13617, 336, 3263, 0, 15, 3268, 0, 3, 1072186809, 2, 7, '', 0);
INSERT INTO ezsearch_object_word_link VALUES (13618, 10, 3268, 0, 0, 0, 3268, 4, 1033920665, 2, 8, '', 0);
INSERT INTO ezsearch_object_word_link VALUES (13619, 10, 3268, 0, 1, 3268, 3263, 4, 1033920665, 2, 8, '', 0);
INSERT INTO ezsearch_object_word_link VALUES (13620, 10, 3263, 0, 2, 3268, 3263, 4, 1033920665, 2, 9, '', 0);
INSERT INTO ezsearch_object_word_link VALUES (13621, 10, 3263, 0, 3, 3263, 0, 4, 1033920665, 2, 9, '', 0);
INSERT INTO ezsearch_object_word_link VALUES (13622, 44, 3271, 0, 0, 0, 3272, 1, 1066384457, 11, 4, '', 0);
INSERT INTO ezsearch_object_word_link VALUES (13623, 44, 3272, 0, 1, 3271, 3271, 1, 1066384457, 11, 4, '', 0);
INSERT INTO ezsearch_object_word_link VALUES (13624, 44, 3271, 0, 2, 3272, 3272, 1, 1066384457, 11, 4, '', 0);
INSERT INTO ezsearch_object_word_link VALUES (13625, 44, 3272, 0, 3, 3271, 0, 1, 1066384457, 11, 4, '', 0);
INSERT INTO ezsearch_object_word_link VALUES (13626, 43, 3273, 0, 0, 0, 3273, 14, 1066384365, 11, 152, '', 0);
INSERT INTO ezsearch_object_word_link VALUES (13627, 43, 3273, 0, 1, 3273, 3274, 14, 1066384365, 11, 152, '', 0);
INSERT INTO ezsearch_object_word_link VALUES (13628, 43, 3274, 0, 2, 3273, 3275, 14, 1066384365, 11, 155, '', 0);
INSERT INTO ezsearch_object_word_link VALUES (13629, 43, 3275, 0, 3, 3274, 3274, 14, 1066384365, 11, 155, '', 0);
INSERT INTO ezsearch_object_word_link VALUES (13630, 43, 3274, 0, 4, 3275, 3275, 14, 1066384365, 11, 155, '', 0);
INSERT INTO ezsearch_object_word_link VALUES (13631, 43, 3275, 0, 5, 3274, 0, 14, 1066384365, 11, 155, '', 0);
INSERT INTO ezsearch_object_word_link VALUES (13632, 45, 3276, 0, 0, 0, 3277, 14, 1066388816, 11, 152, '', 0);
INSERT INTO ezsearch_object_word_link VALUES (13633, 45, 3277, 0, 1, 3276, 3278, 14, 1066388816, 11, 152, '', 0);
INSERT INTO ezsearch_object_word_link VALUES (13634, 45, 3278, 0, 2, 3277, 3276, 14, 1066388816, 11, 152, '', 0);
INSERT INTO ezsearch_object_word_link VALUES (13635, 45, 3276, 0, 3, 3278, 3277, 14, 1066388816, 11, 152, '', 0);
INSERT INTO ezsearch_object_word_link VALUES (13636, 45, 3277, 0, 4, 3276, 3278, 14, 1066388816, 11, 152, '', 0);
INSERT INTO ezsearch_object_word_link VALUES (13637, 45, 3278, 0, 5, 3277, 3279, 14, 1066388816, 11, 152, '', 0);
INSERT INTO ezsearch_object_word_link VALUES (13638, 45, 3279, 0, 6, 3278, 3280, 14, 1066388816, 11, 155, '', 0);
INSERT INTO ezsearch_object_word_link VALUES (13639, 45, 3280, 0, 7, 3279, 3281, 14, 1066388816, 11, 155, '', 0);
INSERT INTO ezsearch_object_word_link VALUES (13640, 45, 3281, 0, 8, 3280, 3279, 14, 1066388816, 11, 155, '', 0);
INSERT INTO ezsearch_object_word_link VALUES (13641, 45, 3279, 0, 9, 3281, 3280, 14, 1066388816, 11, 155, '', 0);
INSERT INTO ezsearch_object_word_link VALUES (13642, 45, 3280, 0, 10, 3279, 3281, 14, 1066388816, 11, 155, '', 0);
INSERT INTO ezsearch_object_word_link VALUES (13643, 45, 3281, 0, 11, 3280, 0, 14, 1066388816, 11, 155, '', 0);
INSERT INTO ezsearch_object_word_link VALUES (13644, 115, 3282, 0, 0, 0, 3282, 14, 1066991725, 11, 152, '', 0);
INSERT INTO ezsearch_object_word_link VALUES (13645, 115, 3282, 0, 1, 3282, 3271, 14, 1066991725, 11, 152, '', 0);
INSERT INTO ezsearch_object_word_link VALUES (13646, 115, 3271, 0, 2, 3282, 3282, 14, 1066991725, 11, 155, '', 0);
INSERT INTO ezsearch_object_word_link VALUES (13647, 115, 3282, 0, 3, 3271, 3271, 14, 1066991725, 11, 155, '', 0);
INSERT INTO ezsearch_object_word_link VALUES (13648, 115, 3271, 0, 4, 3282, 3282, 14, 1066991725, 11, 155, '', 0);
INSERT INTO ezsearch_object_word_link VALUES (13649, 115, 3282, 0, 5, 3271, 0, 14, 1066991725, 11, 155, '', 0);
INSERT INTO ezsearch_object_word_link VALUES (13650, 116, 3283, 0, 0, 0, 3284, 14, 1066992054, 11, 152, '', 0);
INSERT INTO ezsearch_object_word_link VALUES (13651, 116, 3284, 0, 1, 3283, 3283, 14, 1066992054, 11, 152, '', 0);
INSERT INTO ezsearch_object_word_link VALUES (13652, 116, 3283, 0, 2, 3284, 3284, 14, 1066992054, 11, 152, '', 0);
INSERT INTO ezsearch_object_word_link VALUES (13653, 116, 3284, 0, 3, 3283, 3279, 14, 1066992054, 11, 152, '', 0);
INSERT INTO ezsearch_object_word_link VALUES (13654, 116, 3279, 0, 4, 3284, 3285, 14, 1066992054, 11, 155, '', 0);
INSERT INTO ezsearch_object_word_link VALUES (13655, 116, 3285, 0, 5, 3279, 3279, 14, 1066992054, 11, 155, '', 0);
INSERT INTO ezsearch_object_word_link VALUES (13656, 116, 3279, 0, 6, 3285, 3285, 14, 1066992054, 11, 155, '', 0);
INSERT INTO ezsearch_object_word_link VALUES (13657, 116, 3285, 0, 7, 3279, 0, 14, 1066992054, 11, 155, '', 0);
INSERT INTO ezsearch_object_word_link VALUES (13658, 46, 3276, 0, 0, 0, 3277, 1, 1066389805, 11, 4, '', 0);
INSERT INTO ezsearch_object_word_link VALUES (13659, 46, 3277, 0, 1, 3276, 3278, 1, 1066389805, 11, 4, '', 0);
INSERT INTO ezsearch_object_word_link VALUES (13660, 46, 3278, 0, 2, 3277, 3276, 1, 1066389805, 11, 4, '', 0);
INSERT INTO ezsearch_object_word_link VALUES (13661, 46, 3276, 0, 3, 3278, 3277, 1, 1066389805, 11, 4, '', 0);
INSERT INTO ezsearch_object_word_link VALUES (13662, 46, 3277, 0, 4, 3276, 3278, 1, 1066389805, 11, 4, '', 0);
INSERT INTO ezsearch_object_word_link VALUES (13663, 46, 3278, 0, 5, 3277, 0, 1, 1066389805, 11, 4, '', 0);
INSERT INTO ezsearch_object_word_link VALUES (13664, 56, 3286, 0, 0, 0, 3286, 15, 1066643397, 11, 161, '', 0);
INSERT INTO ezsearch_object_word_link VALUES (13665, 56, 3286, 0, 1, 3286, 3287, 15, 1066643397, 11, 161, '', 0);
INSERT INTO ezsearch_object_word_link VALUES (13666, 56, 3287, 0, 2, 3286, 3288, 15, 1066643397, 11, 224, '', 0);
INSERT INTO ezsearch_object_word_link VALUES (13667, 56, 3288, 0, 3, 3287, 3289, 15, 1066643397, 11, 224, '', 0);
INSERT INTO ezsearch_object_word_link VALUES (13668, 56, 3289, 0, 4, 3288, 3290, 15, 1066643397, 11, 224, '', 0);
INSERT INTO ezsearch_object_word_link VALUES (13669, 56, 3290, 0, 5, 3289, 3291, 15, 1066643397, 11, 224, '', 0);
INSERT INTO ezsearch_object_word_link VALUES (13670, 56, 3291, 0, 6, 3290, 3292, 15, 1066643397, 11, 224, '', 0);
INSERT INTO ezsearch_object_word_link VALUES (13671, 56, 3292, 0, 7, 3291, 3293, 15, 1066643397, 11, 224, '', 0);
INSERT INTO ezsearch_object_word_link VALUES (13672, 56, 3293, 0, 8, 3292, 3287, 15, 1066643397, 11, 224, '', 0);
INSERT INTO ezsearch_object_word_link VALUES (13673, 56, 3287, 0, 9, 3293, 3288, 15, 1066643397, 11, 224, '', 0);
INSERT INTO ezsearch_object_word_link VALUES (13674, 56, 3288, 0, 10, 3287, 3289, 15, 1066643397, 11, 224, '', 0);
INSERT INTO ezsearch_object_word_link VALUES (13675, 56, 3289, 0, 11, 3288, 3290, 15, 1066643397, 11, 224, '', 0);
INSERT INTO ezsearch_object_word_link VALUES (13676, 56, 3290, 0, 12, 3289, 3291, 15, 1066643397, 11, 224, '', 0);
INSERT INTO ezsearch_object_word_link VALUES (13677, 56, 3291, 0, 13, 3290, 3292, 15, 1066643397, 11, 224, '', 0);
INSERT INTO ezsearch_object_word_link VALUES (13678, 56, 3292, 0, 14, 3291, 3293, 15, 1066643397, 11, 224, '', 0);
INSERT INTO ezsearch_object_word_link VALUES (13679, 56, 3293, 0, 15, 3292, 0, 15, 1066643397, 11, 224, '', 0);





















INSERT INTO ezsearch_word VALUES (3087, 'about', 1);
INSERT INTO ezsearch_word VALUES (3088, 'my', 1);
INSERT INTO ezsearch_word VALUES (3197, 'news', 1);
INSERT INTO ezsearch_word VALUES (3198, 'latest', 1);
INSERT INTO ezsearch_word VALUES (3199, 'added', 1);
INSERT INTO ezsearch_word VALUES (3200, 'new', 1);
INSERT INTO ezsearch_word VALUES (3089, 'gallery', 2);
INSERT INTO ezsearch_word VALUES (3090, 'lorem', 2);
INSERT INTO ezsearch_word VALUES (3091, 'ipsum', 2);
INSERT INTO ezsearch_word VALUES (3092, 'dolor', 2);
INSERT INTO ezsearch_word VALUES (3093, 'sit', 2);
INSERT INTO ezsearch_word VALUES (3094, 'amet', 2);
INSERT INTO ezsearch_word VALUES (3095, 'consectetuer', 2);
INSERT INTO ezsearch_word VALUES (3096, 'adipiscing', 2);
INSERT INTO ezsearch_word VALUES (3097, 'elit', 2);
INSERT INTO ezsearch_word VALUES (3099, 'massa', 2);
INSERT INTO ezsearch_word VALUES (3100, 'maecenas', 2);
INSERT INTO ezsearch_word VALUES (3101, 'egestas', 2);
INSERT INTO ezsearch_word VALUES (3102, 'mauris', 2);
INSERT INTO ezsearch_word VALUES (3103, 'sed', 2);
INSERT INTO ezsearch_word VALUES (3104, 'eleifend', 2);
INSERT INTO ezsearch_word VALUES (3105, 'nisl', 2);
INSERT INTO ezsearch_word VALUES (3106, 'quam', 2);
INSERT INTO ezsearch_word VALUES (3107, 'aliquam', 2);
INSERT INTO ezsearch_word VALUES (3108, 'gravida', 2);
INSERT INTO ezsearch_word VALUES (3109, 'diam', 2);
INSERT INTO ezsearch_word VALUES (3110, 'wisi', 2);
INSERT INTO ezsearch_word VALUES (3111, 'et', 2);
INSERT INTO ezsearch_word VALUES (3112, 'nulla', 2);
INSERT INTO ezsearch_word VALUES (3113, 'morbi', 2);
INSERT INTO ezsearch_word VALUES (3114, 'odio', 2);
INSERT INTO ezsearch_word VALUES (3115, 'proin', 2);
INSERT INTO ezsearch_word VALUES (3116, 'est', 2);
INSERT INTO ezsearch_word VALUES (3117, 'dignissim', 2);
INSERT INTO ezsearch_word VALUES (3118, 'eget', 2);
INSERT INTO ezsearch_word VALUES (3119, 'molestie', 2);
INSERT INTO ezsearch_word VALUES (3121, 'tincidunt', 2);
INSERT INTO ezsearch_word VALUES (3122, 'at', 2);
INSERT INTO ezsearch_word VALUES (3123, 'libero', 2);
INSERT INTO ezsearch_word VALUES (3124, 'phasellus', 2);
INSERT INTO ezsearch_word VALUES (3125, 'imperdiet', 2);
INSERT INTO ezsearch_word VALUES (3126, 'purus', 2);
INSERT INTO ezsearch_word VALUES (3127, 'id', 2);
INSERT INTO ezsearch_word VALUES (3128, 'iaculis', 2);
INSERT INTO ezsearch_word VALUES (3129, 'volutpat', 2);
INSERT INTO ezsearch_word VALUES (3130, 'dapibus', 2);
INSERT INTO ezsearch_word VALUES (3131, 'neque', 2);
INSERT INTO ezsearch_word VALUES (3132, 'ac', 2);
INSERT INTO ezsearch_word VALUES (3133, 'blandit', 2);
INSERT INTO ezsearch_word VALUES (3134, 'metus', 2);
INSERT INTO ezsearch_word VALUES (3135, 'eu', 2);
INSERT INTO ezsearch_word VALUES (3136, 'turpis', 2);
INSERT INTO ezsearch_word VALUES (3137, 'eros', 2);
INSERT INTO ezsearch_word VALUES (3138, 'tristique', 2);
INSERT INTO ezsearch_word VALUES (3139, 'ut', 2);
INSERT INTO ezsearch_word VALUES (3140, 'facilisis', 2);
INSERT INTO ezsearch_word VALUES (3141, 'aenean', 2);
INSERT INTO ezsearch_word VALUES (3142, 'pharetra', 2);
INSERT INTO ezsearch_word VALUES (3143, 'scelerisque', 2);
INSERT INTO ezsearch_word VALUES (3144, 'tortor', 2);
INSERT INTO ezsearch_word VALUES (3145, 'fusce', 2);
INSERT INTO ezsearch_word VALUES (3146, 'pellentesque', 2);
INSERT INTO ezsearch_word VALUES (3147, 'ullamcorper', 2);
INSERT INTO ezsearch_word VALUES (3148, 'felis', 2);
INSERT INTO ezsearch_word VALUES (3149, 'vel', 2);
INSERT INTO ezsearch_word VALUES (3150, 'enim', 2);
INSERT INTO ezsearch_word VALUES (3151, 'sagittis', 2);
INSERT INTO ezsearch_word VALUES (3152, 'commodo', 2);
INSERT INTO ezsearch_word VALUES (3153, 'suscipit', 2);
INSERT INTO ezsearch_word VALUES (3154, 'tellus', 2);
INSERT INTO ezsearch_word VALUES (3155, 'elementum', 2);
INSERT INTO ezsearch_word VALUES (3156, 'velit', 2);
INSERT INTO ezsearch_word VALUES (3157, 'vehicula', 2);
INSERT INTO ezsearch_word VALUES (3158, 'accumsan', 2);
INSERT INTO ezsearch_word VALUES (3159, 'lacus', 2);
INSERT INTO ezsearch_word VALUES (3160, 'nunc', 2);
INSERT INTO ezsearch_word VALUES (3161, 'rhoncus', 2);
INSERT INTO ezsearch_word VALUES (3162, 'lectus', 2);
INSERT INTO ezsearch_word VALUES (3163, 'tempor', 2);
INSERT INTO ezsearch_word VALUES (3164, 'magna', 2);
INSERT INTO ezsearch_word VALUES (3165, 'mi', 2);
INSERT INTO ezsearch_word VALUES (3166, 'vitae', 2);
INSERT INTO ezsearch_word VALUES (3167, 'erat', 2);
INSERT INTO ezsearch_word VALUES (3168, 'vestibulum', 2);
INSERT INTO ezsearch_word VALUES (3169, 'fermentum', 2);
INSERT INTO ezsearch_word VALUES (3170, 'nonummy', 2);
INSERT INTO ezsearch_word VALUES (3171, 'fringilla', 2);
INSERT INTO ezsearch_word VALUES (3172, 'hac', 2);
INSERT INTO ezsearch_word VALUES (3173, 'habitasse', 2);
INSERT INTO ezsearch_word VALUES (3174, 'platea', 2);
INSERT INTO ezsearch_word VALUES (3175, 'dictumst', 2);
INSERT INTO ezsearch_word VALUES (3176, 'duis', 2);
INSERT INTO ezsearch_word VALUES (3177, 'interdum', 2);
INSERT INTO ezsearch_word VALUES (3178, 'ornare', 2);
INSERT INTO ezsearch_word VALUES (3179, 'non', 2);
INSERT INTO ezsearch_word VALUES (3180, 'sapien', 2);
INSERT INTO ezsearch_word VALUES (3181, 'facilisi', 2);
INSERT INTO ezsearch_word VALUES (3182, 'suspendisse', 2);
INSERT INTO ezsearch_word VALUES (3183, 'nec', 2);
INSERT INTO ezsearch_word VALUES (3184, 'congue', 2);
INSERT INTO ezsearch_word VALUES (3185, 'sem', 2);
INSERT INTO ezsearch_word VALUES (3186, 'viverra', 2);
INSERT INTO ezsearch_word VALUES (3187, 'consequat', 2);
INSERT INTO ezsearch_word VALUES (3188, 'donec', 2);
INSERT INTO ezsearch_word VALUES (3189, 'nam', 2);
INSERT INTO ezsearch_word VALUES (3190, 'bibendum', 2);
INSERT INTO ezsearch_word VALUES (3191, 'dui', 2);
INSERT INTO ezsearch_word VALUES (3192, 'porttitor', 2);
INSERT INTO ezsearch_word VALUES (3193, 'integer', 2);
INSERT INTO ezsearch_word VALUES (3194, 'cursus', 2);
INSERT INTO ezsearch_word VALUES (3195, 'quis', 2);
INSERT INTO ezsearch_word VALUES (3196, 'laoreet', 2);
INSERT INTO ezsearch_word VALUES (3201, 'dfghlorem', 1);
INSERT INTO ezsearch_word VALUES (3202, 'nature', 1);
INSERT INTO ezsearch_word VALUES (3203, 'images', 1);
INSERT INTO ezsearch_word VALUES (3204, 'flowers', 1);
INSERT INTO ezsearch_word VALUES (3205, 'pictures', 1);
INSERT INTO ezsearch_word VALUES (3207, 'various', 1);
INSERT INTO ezsearch_word VALUES (3209, 'blue', 1);
INSERT INTO ezsearch_word VALUES (3212, 'nice', 1);
INSERT INTO ezsearch_word VALUES (3213, 'purple', 1);
INSERT INTO ezsearch_word VALUES (3214, 'haze', 1);
INSERT INTO ezsearch_word VALUES (3215, 'one', 1);
INSERT INTO ezsearch_word VALUES (3217, 'two', 1);
INSERT INTO ezsearch_word VALUES (3218, 'yellow', 1);
INSERT INTO ezsearch_word VALUES (3210, 'flower', 2);
INSERT INTO ezsearch_word VALUES (3219, 'landscape', 1);
INSERT INTO ezsearch_word VALUES (3221, 'pond', 1);
INSERT INTO ezsearch_word VALUES (3211, 'small', 2);
INSERT INTO ezsearch_word VALUES (3223, 'ormevika', 1);
INSERT INTO ezsearch_word VALUES (3224, 'skyline', 1);
INSERT INTO ezsearch_word VALUES (3225, 'by', 1);
INSERT INTO ezsearch_word VALUES (3226, 'night', 1);
INSERT INTO ezsearch_word VALUES (3227, 'foggy', 1);
INSERT INTO ezsearch_word VALUES (3228, 'trees', 1);
INSERT INTO ezsearch_word VALUES (3229, 'water', 1);
INSERT INTO ezsearch_word VALUES (3222, 'reflection', 2);
INSERT INTO ezsearch_word VALUES (3231, 'lake', 1);
INSERT INTO ezsearch_word VALUES (3098, 'in', 4);
INSERT INTO ezsearch_word VALUES (3232, 'kongsberg', 1);
INSERT INTO ezsearch_word VALUES (3233, 'abstract', 1);
INSERT INTO ezsearch_word VALUES (3220, 'photography', 2);
INSERT INTO ezsearch_word VALUES (3234, 'misc', 1);
INSERT INTO ezsearch_word VALUES (3208, '3', 3);
INSERT INTO ezsearch_word VALUES (3235, 'cvs', 1);
INSERT INTO ezsearch_word VALUES (3236, 'branching', 1);
INSERT INTO ezsearch_word VALUES (3237, 'visual', 1);
INSERT INTO ezsearch_word VALUES (3238, 'representation', 1);
INSERT INTO ezsearch_word VALUES (3120, 'a', 7);
INSERT INTO ezsearch_word VALUES (3239, 'branch', 1);
INSERT INTO ezsearch_word VALUES (3240, 'gear', 1);
INSERT INTO ezsearch_word VALUES (3241, 'wheel', 1);
INSERT INTO ezsearch_word VALUES (3242, 'statue', 1);
INSERT INTO ezsearch_word VALUES (3230, 'from', 2);
INSERT INTO ezsearch_word VALUES (3244, 'green', 1);
INSERT INTO ezsearch_word VALUES (3245, 'clover', 1);
INSERT INTO ezsearch_word VALUES (3216, 'actually', 2);
INSERT INTO ezsearch_word VALUES (3246, 'it', 1);
INSERT INTO ezsearch_word VALUES (3247, 's', 1);
INSERT INTO ezsearch_word VALUES (3248, 'called', 1);
INSERT INTO ezsearch_word VALUES (3249, 'gaukesyre', 1);
INSERT INTO ezsearch_word VALUES (3250, 'mjaurits', 1);
INSERT INTO ezsearch_word VALUES (3252, 'cat', 1);
INSERT INTO ezsearch_word VALUES (3253, 'speeding', 1);
INSERT INTO ezsearch_word VALUES (3254, 'all', 1);
INSERT INTO ezsearch_word VALUES (3255, 'withing', 1);
INSERT INTO ezsearch_word VALUES (3256, 'legal', 1);
INSERT INTO ezsearch_word VALUES (3257, 'limits', 1);
INSERT INTO ezsearch_word VALUES (3206, 'of', 3);
INSERT INTO ezsearch_word VALUES (3258, 'course', 1);
INSERT INTO ezsearch_word VALUES (3259, 'guest', 1);
INSERT INTO ezsearch_word VALUES (3260, 'accounts', 1);
INSERT INTO ezsearch_word VALUES (3261, 'administrator', 2);
INSERT INTO ezsearch_word VALUES (3264, 'uberguru', 1);
INSERT INTO ezsearch_word VALUES (3243, 'skien', 2);
INSERT INTO ezsearch_word VALUES (3265, 'norway', 1);
INSERT INTO ezsearch_word VALUES (3266, 'developer', 1);
INSERT INTO ezsearch_word VALUES (3267, 'editors', 1);
INSERT INTO ezsearch_word VALUES (3262, 'users', 2);
INSERT INTO ezsearch_word VALUES (3269, 'group', 1);
INSERT INTO ezsearch_word VALUES (3270, 'for', 1);
INSERT INTO ezsearch_word VALUES (3251, 'the', 2);
INSERT INTO ezsearch_word VALUES (3268, 'anonymous', 2);
INSERT INTO ezsearch_word VALUES (3263, 'user', 3);
INSERT INTO ezsearch_word VALUES (3272, 'links', 1);
INSERT INTO ezsearch_word VALUES (3273, 'classes', 1);
INSERT INTO ezsearch_word VALUES (3274, 'class', 1);
INSERT INTO ezsearch_word VALUES (3275, 'grouplist', 1);
INSERT INTO ezsearch_word VALUES (3280, 'edit', 1);
INSERT INTO ezsearch_word VALUES (3281, '56', 1);
INSERT INTO ezsearch_word VALUES (3282, 'cache', 1);
INSERT INTO ezsearch_word VALUES (3271, 'setup', 2);
INSERT INTO ezsearch_word VALUES (3283, 'url', 1);
INSERT INTO ezsearch_word VALUES (3284, 'translator', 1);
INSERT INTO ezsearch_word VALUES (3279, 'content', 2);
INSERT INTO ezsearch_word VALUES (3285, 'urltranslator', 1);
INSERT INTO ezsearch_word VALUES (3276, 'look', 2);
INSERT INTO ezsearch_word VALUES (3277, 'and', 2);
INSERT INTO ezsearch_word VALUES (3278, 'feel', 2);
INSERT INTO ezsearch_word VALUES (3286, 'gallery_package', 1);
INSERT INTO ezsearch_word VALUES (3287, 'copyright', 1);
INSERT INTO ezsearch_word VALUES (3288, '&copy', 1);
INSERT INTO ezsearch_word VALUES (3289, 'ez', 1);
INSERT INTO ezsearch_word VALUES (3290, 'systems', 1);
INSERT INTO ezsearch_word VALUES (3291, 'as', 1);
INSERT INTO ezsearch_word VALUES (3292, '1999', 1);
INSERT INTO ezsearch_word VALUES (3293, '2004', 1);







INSERT INTO ezsection VALUES (1, 'Standard section', 'nor-NO', 'ezcontentnavigationpart');
INSERT INTO ezsection VALUES (2, 'Users', '', 'ezusernavigationpart');
INSERT INTO ezsection VALUES (3, 'Media', '', 'ezmedianavigationpart');
INSERT INTO ezsection VALUES (4, 'News', '', 'ezcontentnavigationpart');
INSERT INTO ezsection VALUES (5, 'Contact', '', 'ezcontentnavigationpart');
INSERT INTO ezsection VALUES (6, 'Files', '', 'ezcontentnavigationpart');
INSERT INTO ezsection VALUES (11, 'Set up object', '', 'ezsetupnavigationpart');
INSERT INTO ezsection VALUES (12, 'Links', '', 'ezcontentnavigationpart');
INSERT INTO ezsection VALUES (13, 'Blogs', '', 'ezcontentnavigationpart');





















INSERT INTO ezurl VALUES (1, 'http://ez.no', 1068713677, 1068713677, 1, 0, 'dfcdb471b240d964dc3f57b998eb0533');







INSERT INTO ezurl_object_link VALUES (1, 768, 1);







INSERT INTO ezurlalias VALUES (19, 'users/guest_accounts/test_test', '27a1813763d43de613bf05c31df7a6ef', 'content/view/full/42', 1, 0, 0);
INSERT INTO ezurlalias VALUES (22, 'setup/classes', '9e8c46c1357285763cd49ea56c57312d', 'content/view/full/45', 1, 24, 0);
INSERT INTO ezurlalias VALUES (25, 'setup/setup_links/setup_objects', 'a695bd42e59634b44441ca4e4548e94a', 'content/view/full/47', 1, 80, 0);
INSERT INTO ezurlalias VALUES (26, 'setup/fonts_and_colors', 'db4641c5ea979dba4cfd99ea3267a456', 'content/view/full/48', 1, 27, 0);
INSERT INTO ezurlalias VALUES (83, 'contact/persons/yu_wenyue', 'fc401743c753cd52d41b8bbeffbda14a', 'content/view/full/85', 1, 0, 0);
INSERT INTO ezurlalias VALUES (193, 'nature/flowers_in_june/marygold/good', '63667a5fd9f62f7128802afcbfc3eaa5', 'content/view/full/187', 1, 0, 0);
INSERT INTO ezurlalias VALUES (125, 'discussions/forum_main_group/music_discussion/latest_msg_not_sticky', '70cf693961dcdd67766bf941c3ed2202', 'content/view/full/130', 1, 0, 0);
INSERT INTO ezurlalias VALUES (126, 'discussions/forum_main_group/music_discussion/not_sticky_2', '969f470c93e2131a0884648b91691d0b', 'content/view/full/131', 1, 0, 0);
INSERT INTO ezurlalias VALUES (34, 'setup/look_and_feel/intranet', '6d6a9d6e8f6cadb080fffb1276dd1e5e', 'content/view/full/54', 1, 213, 0);
INSERT INTO ezurlalias VALUES (124, 'discussions/forum_main_group/music_discussion/new_topic_sticky/reply', 'f3dd8b6512a0b04b426ef7d7307b7229', 'content/view/full/129', 1, 0, 0);
INSERT INTO ezurlalias VALUES (122, 'about_this_forum', '55803ba2746d617ca86e2a61b1d32d8b', 'content/view/full/127', 1, 269, 0);
INSERT INTO ezurlalias VALUES (123, 'discussions/forum_main_group/music_discussion/new_topic_sticky', 'bf37b4a370ddb3935d0625a5b348dd20', 'content/view/full/128', 1, 0, 0);
INSERT INTO ezurlalias VALUES (99, 'setup/look_and_feel/corporate', 'ab9f681938bd76b97b3ab1256b61119e', 'content/view/full/54', 1, 213, 0);
INSERT INTO ezurlalias VALUES (90, 'contact/companies/foo_bar_corp/fido_barida', 'ce1be6fe76c4671d8616c8bf1b5365de', 'content/view/full/102', 1, 0, 0);
INSERT INTO ezurlalias VALUES (93, 'setup/look_and_feel/intranetyy', '53849c55dbaf18cf2c0b278123c9a7b2', 'content/view/full/54', 1, 213, 0);
INSERT INTO ezurlalias VALUES (87, 'contact/companies/foo_bar_corp', 'b22fd60d77fb6f2a6f9ac44b28c6ff16', 'content/view/full/99', 1, 0, 0);
INSERT INTO ezurlalias VALUES (88, 'contact/companies/ez_sys/vidar_langseid', 'df1e0c77c37e8039c443cb24d9494996', 'content/view/full/100', 1, 0, 0);
INSERT INTO ezurlalias VALUES (89, 'contact/companies/ez_sys/brd_farstad', '9c7d13ba2d21bc56807f81ee923bce94', 'content/view/full/101', 1, 0, 0);
INSERT INTO ezurlalias VALUES (59, 'contact/companies/abb', '809afee2cd77358a08683bf42e27636f', 'content/view/full/78', 1, 0, 0);
INSERT INTO ezurlalias VALUES (60, 'files/products/online_editor', '766820f3f5b43065be86e00af303dc78', 'content/view/full/79', 1, 0, 0);
INSERT INTO ezurlalias VALUES (61, 'files/products/ez_publish_32', 'bb00f9e0da1ab19bedc52774d1b75dd2', 'content/view/full/80', 1, 0, 0);
INSERT INTO ezurlalias VALUES (127, 'discussions/forum_main_group/music_discussion/important_sticky', '2f16cf3039c97025a43f23182b4b6d60', 'content/view/full/132', 1, 0, 0);
INSERT INTO ezurlalias VALUES (65, 'munich1', '3a6e2f1cb7b127c4984af22780094240', 'content/view/full/84', 1, 69, 0);
INSERT INTO ezurlalias VALUES (66, 'contact/persons/wenyue', '05cf086075eeb7923d9ef1d22c358892', 'content/view/full/85', 1, 83, 0);
INSERT INTO ezurlalias VALUES (84, 'contact/persons/reiten_bjrn', 'af38d7e864c796edd66d5a0aaea69c8c', 'content/view/full/90', 1, 0, 0);
INSERT INTO ezurlalias VALUES (69, 'media/images/news/munich1', '0492853131729dac783e4c4dc6e7a676', 'content/view/full/84', 1, 0, 0);
INSERT INTO ezurlalias VALUES (71, 'media/images/contact/mr_xxx', 'e613416ebc175f81b5660d2e1758d1d0', 'content/view/full/89', 1, 0, 0);
INSERT INTO ezurlalias VALUES (72, 'l', '2db95e8e1a9267b7a1188556b2013b33', 'user/logout', 0, 0, 0);
INSERT INTO ezurlalias VALUES (73, 'contact/persons/bjrn', '59dd7166c379c7fd437cd6afe746a285', 'content/view/full/90', 1, 84, 0);
INSERT INTO ezurlalias VALUES (102, 'discussions/this_is_a_new_topic', '61d5152ba3d9318df59ebe28bce4c690', 'content/view/full/112', 1, 105, 0);
INSERT INTO ezurlalias VALUES (206, 'news/latest_sdfgsdgf', 'decc79834f40f5a98a8694852ea55bf2', 'content/view/full/200', 1, 270, 0);
INSERT INTO ezurlalias VALUES (82, 'images/*', '04e9ea07da46830b94f38285ba6ea065', 'media/images/{1}', 1, 0, 1);
INSERT INTO ezurlalias VALUES (86, 'contact/companies/ez_sys', '9e1c777b00ef2ded56fe0fdf13547570', 'content/view/full/98', 1, 0, 0);
INSERT INTO ezurlalias VALUES (104, 'discussions/music_discussion', '09533dfccc8477debe545d31bccf391f', 'content/view/full/114', 1, 149, 0);
INSERT INTO ezurlalias VALUES (105, 'discussions/forum_main_group/music_discussion/this_is_a_new_topic', 'cec6b1593bf03079990a89a3fdc60c56', 'content/view/full/112', 1, 0, 0);
INSERT INTO ezurlalias VALUES (106, 'discussions/this_is_a_new_topic/*', '3597b3c74225331ec401c8abc9f6d1d4', 'discussions/music_discussion/this_is_a_new_topic/{1}', 1, 0, 1);
INSERT INTO ezurlalias VALUES (107, 'discussions/sports_discussion', 'c551943f4df3c58a693f8ba55e9b6aeb', 'content/view/full/115', 1, 151, 0);
INSERT INTO ezurlalias VALUES (117, 'discussions/forum_main_group/music_discussion/this_is_a_new_topic/foo_bar', '741cdf9f1ee1fa974ea7ec755f538271', 'content/view/full/122', 1, 0, 0);
INSERT INTO ezurlalias VALUES (111, 'discussions/forum_main_group/sports_discussion/football', '6e9c09d390322aa44bb5108b93f5f17c', 'content/view/full/119', 1, 0, 0);
INSERT INTO ezurlalias VALUES (113, 'forum/*', '94b1ef84913dabe113cb907c181ee300', 'discussions/{1}', 1, 0, 1);
INSERT INTO ezurlalias VALUES (115, 'setup/look_and_feel/forum', '00d91935e17d76f152f7aaf0c0defac2', 'content/view/full/54', 1, 213, 0);
INSERT INTO ezurlalias VALUES (114, 'discussions/forum_main_group/music_discussion/this_is_a_new_topic/my_reply', '1e03a7609698aa8a98dccf1178df0e6f', 'content/view/full/120', 1, 0, 0);
INSERT INTO ezurlalias VALUES (118, 'discussions/forum_main_group/music_discussion/what_about_pop', 'c4ebc99b2ed9792d1aee0e5fe210b852', 'content/view/full/123', 1, 0, 0);
INSERT INTO ezurlalias VALUES (119, 'discussions/forum_main_group/music_discussion/reply_wanted_for_this_topic', '6c20d2df5a828dcdb6a4fcb4897bb643', 'content/view/full/124', 1, 0, 0);
INSERT INTO ezurlalias VALUES (120, 'discussions/forum_main_group/music_discussion/reply_wanted_for_this_topic/this_is_a_reply', 'de98a1bb645ea84919a5e34688ff84e2', 'content/view/full/125', 1, 0, 0);
INSERT INTO ezurlalias VALUES (128, 'discussions/forum_main_group/sports_discussion/football/reply_2', '13a443b7e046bb36831640f1d19e33d9', 'content/view/full/133', 1, 0, 0);
INSERT INTO ezurlalias VALUES (130, 'discussions/forum_main_group/music_discussion/lkj_ssssstick', '75ee87c770e4e8be9d44200cdb71d071', 'content/view/full/135', 1, 0, 0);
INSERT INTO ezurlalias VALUES (131, 'discussions/forum_main_group/music_discussion/foo', '12c58f35c1114deeb172aba728c50ca8', 'content/view/full/136', 1, 0, 0);
INSERT INTO ezurlalias VALUES (132, 'discussions/forum_main_group/music_discussion/lkj_ssssstick/reply', '6040856b4ec5bcc1c699d95020005be5', 'content/view/full/137', 1, 0, 0);
INSERT INTO ezurlalias VALUES (135, 'discussions/forum_main_group/music_discussion/lkj_ssssstick/uyuiyui', '4c48104ea6e5ec2a78067374d9561fcb', 'content/view/full/140', 1, 0, 0);
INSERT INTO ezurlalias VALUES (136, 'discussions/forum_main_group/music_discussion/test2', '53f71d4ff69ffb3bf8c8ccfb525eabd3', 'content/view/full/141', 1, 0, 0);
INSERT INTO ezurlalias VALUES (137, 'discussions/forum_main_group/music_discussion/t4', '5da27cda0fbcd5290338b7d22cfd730c', 'content/view/full/142', 1, 0, 0);
INSERT INTO ezurlalias VALUES (138, 'discussions/forum_main_group/music_discussion/lkj_ssssstick/klj_jkl_klj', '9ae60fa076882d6807506c2232143d27', 'content/view/full/143', 1, 0, 0);
INSERT INTO ezurlalias VALUES (139, 'discussions/forum_main_group/music_discussion/test2/retest2', 'a17d07fbbd2d1b6d0fbbf8ca1509cd01', 'content/view/full/144', 1, 0, 0);
INSERT INTO ezurlalias VALUES (141, 'discussions/forum_main_group/music_discussion/lkj_ssssstick/my_reply', '1f95000d1f993ffa16a0cf83b78515bf', 'content/view/full/146', 1, 0, 0);
INSERT INTO ezurlalias VALUES (142, 'discussions/forum_main_group/music_discussion/lkj_ssssstick/retest', '0686f14064a420e6ee95aabf89c4a4f2', 'content/view/full/147', 1, 0, 0);
INSERT INTO ezurlalias VALUES (144, 'discussions/forum_main_group/music_discussion/hjg_dghsdjgf', '21f0ee2122dd5264192adc15c1e69c03', 'content/view/full/149', 1, 0, 0);
INSERT INTO ezurlalias VALUES (146, 'discussions/forum_main_group/music_discussion/hjg_dghsdjgf/dfghd_fghklj', '460d30ba47855079ac8605e1c8085993', 'content/view/full/151', 1, 0, 0);
INSERT INTO ezurlalias VALUES (159, 'blogs/computers/special_things_happened_today', '4427c3eda2e43a04f639ef1d5f1bb71e', 'content/view/full/156', 1, 0, 0);
INSERT INTO ezurlalias VALUES (158, 'blogs/personal/today_i_got_my_new_car', 'ce9118c9b6c16328082445f6d8098a0d', 'content/view/full/155', 1, 0, 0);
INSERT INTO ezurlalias VALUES (149, 'discussions/forum_main_group/music_discussion', 'a1a79985f113d5b05b22c9686b46b175', 'content/view/full/114', 1, 0, 0);
INSERT INTO ezurlalias VALUES (150, 'discussions/music_discussion/*', '2ec2a3bfcf01ad3f1323390ab26dfeac', 'discussions/forum_main_group/music_discussion/{1}', 1, 0, 1);
INSERT INTO ezurlalias VALUES (151, 'discussions/forum_main_group/sports_discussion', 'b68c5a82b8b2035eeee5788cb223bb7e', 'content/view/full/115', 1, 0, 0);
INSERT INTO ezurlalias VALUES (152, 'discussions/sports_discussion/*', '7acbf48218ca6e1d80c267911860d34f', 'discussions/forum_main_group/sports_discussion/{1}', 1, 0, 1);
INSERT INTO ezurlalias VALUES (153, 'about_me', '50793f253d2dc015e93a2f75163b0894', 'content/view/full/127', 1, 269, 0);
INSERT INTO ezurlalias VALUES (160, 'blogs/computers/special_things_happened_today/brd_farstad', '4d1dddb2000bdf69e822fb41d4000919', 'content/view/full/157', 1, 0, 0);
INSERT INTO ezurlalias VALUES (161, 'blogs/computers/special_things_happened_today/bbb', 'afc9fd5431105082994247c0ae0992b3', 'content/view/full/158', 1, 0, 0);
INSERT INTO ezurlalias VALUES (162, 'blogs/personal/for_posteritys_sake', 'c6c14fe1f69ebc2a9db76192fcb204f5', 'content/view/full/159', 1, 0, 0);
INSERT INTO ezurlalias VALUES (190, 'nature/flowers_in_june/marygold', '4426134a10c2a51fe5474a277d425ca3', 'content/view/full/185', 1, 0, 0);
INSERT INTO ezurlalias VALUES (191, 'nature/flowers_in_june/marygold/brd', '1fc258a3660094f111baddb66f526142', 'content/view/full/186', 1, 192, 0);
INSERT INTO ezurlalias VALUES (192, 'nature/flowers_in_june/marygold/nice_image', 'cb01bf081117199266b52b99e3ccfd70', 'content/view/full/186', 1, 0, 0);
INSERT INTO ezurlalias VALUES (168, 'blogs/computers/special_things_happened_today/brd', '40f4dda88233928fac915274a90476b5', 'content/view/full/165', 1, 0, 0);
INSERT INTO ezurlalias VALUES (169, 'links/news/vg', 'ae1126bc66ec164212018a497469e3b5', 'content/view/full/166', 1, 0, 0);
INSERT INTO ezurlalias VALUES (170, 'blogs/computers/special_things_happened_today/kjh', '0cca438ee3d1d3b2cdfaa9d45dbac2a7', 'content/view/full/167', 1, 0, 0);
INSERT INTO ezurlalias VALUES (171, 'links/news/sina_', '68e911c6f20934bdc959741837d8d092', 'content/view/full/168', 1, 0, 0);
INSERT INTO ezurlalias VALUES (172, 'blogs/computers/new_big_discovery_today', 'd174bf1f78f8c3cbf985909a26880d88', 'content/view/full/169', 1, 0, 0);
INSERT INTO ezurlalias VALUES (173, 'links/software/soft_house', 'aa5de9806ca77bb313e748c9bcf5def8', 'content/view/full/170', 1, 0, 0);
INSERT INTO ezurlalias VALUES (174, 'blogs/computers/no_comments_on_this_one', '0df10f829cc6d968d74ece063eaee683', 'content/view/full/171', 1, 0, 0);
INSERT INTO ezurlalias VALUES (175, 'blogs/computers/new_big_discovery_today/brd', '2aee5cbd251dbc484e78fba61e5bb7cf', 'content/view/full/172', 1, 0, 0);
INSERT INTO ezurlalias VALUES (179, 'blogs/computers/new_big_discovery_today/ghghj', 'cd10884873caf4a20621b35199f331c4', 'content/view/full/175', 1, 0, 0);
INSERT INTO ezurlalias VALUES (194, 'nature/flowers_in_june/green', '9da501e5531da587ec568f73eb5c00a3', 'content/view/full/188', 1, 0, 0);
INSERT INTO ezurlalias VALUES (181, 'blogs/entertainment/a_pirates_life', 'bb23fe0ca4a2afc405c4a70d5ff0abd0', 'content/view/full/177', 1, 0, 0);
INSERT INTO ezurlalias VALUES (182, 'setup/look_and_feel/blog', 'a0aa455a1c24b5d1d0448546c83836cf', 'content/view/full/54', 1, 213, 0);
INSERT INTO ezurlalias VALUES (183, 'blogs/entertainment/a_pirates_life/kjlh', 'dbf2c1455eff8c6100181582298d197f', 'content/view/full/178', 1, 0, 0);
INSERT INTO ezurlalias VALUES (184, 'blogs/entertainment/a_pirates_life/kjhkjh', 'e73acc89936bc771971a97eb45d51c66', 'content/view/full/179', 1, 0, 0);
INSERT INTO ezurlalias VALUES (185, 'blogs/computers/i_overslept_today', '9497b5cd127ce3f9f04e3d74c8fc4da5', 'content/view/full/180', 1, 0, 0);
INSERT INTO ezurlalias VALUES (196, 'people/asia_people/suchi', '2b6ceb88b365cbf425b48a000442a654', 'content/view/full/190', 1, 0, 0);
INSERT INTO ezurlalias VALUES (197, 'people/asia_people/maid', '4dc59141caa2b7a1cb9ec01ca94ebfc3', 'content/view/full/191', 1, 0, 0);
INSERT INTO ezurlalias VALUES (198, 'people/asia_people/ellen', 'f52e1d82b911e65778e70f3cc75916df', 'content/view/full/192', 1, 0, 0);
INSERT INTO ezurlalias VALUES (199, 'nature/flowers_in_june/green/nice_image', '7545f6989baf13ac6bedeab474e3de9c', 'content/view/full/193', 1, 0, 0);
INSERT INTO ezurlalias VALUES (200, 'nature/flowers_in_june/green/ool', '83d2ae1be41ce0d5fc0875bd94b556a1', 'content/view/full/194', 1, 0, 0);
INSERT INTO ezurlalias VALUES (201, 'nature/flowers_in_june/green/ooh', '40b0363eb8880262642a4e0c42594f5c', 'content/view/full/195', 1, 0, 0);
INSERT INTO ezurlalias VALUES (202, 'nature/flowers_in_june/marygold/dsfgsdgf', '03f4289cc8b98a14acc4ae78c3649025', 'content/view/full/196', 1, 0, 0);
INSERT INTO ezurlalias VALUES (203, 'nature/flowers_in_june/foo', '8e80ad1e11fa10ea3fd00771c45d2a2d', 'content/view/full/197', 1, 0, 0);
INSERT INTO ezurlalias VALUES (204, 'nature/flowers_in_june/marygold/jkhjkhk', 'aab1582af8e975338c9221189b17d6cb', 'content/view/full/198', 1, 0, 0);
INSERT INTO ezurlalias VALUES (207, 'nature/flowers_in_june/foo/nice_feel', '3b31350a2dd3df6615cb7a36410328c5', 'content/view/full/201', 1, 0, 0);
INSERT INTO ezurlalias VALUES (208, 'people/asia_people/xiake', '8281574139ed78c6ea3396616e2dfb20', 'content/view/full/202', 1, 0, 0);
INSERT INTO ezurlalias VALUES (209, 'nature/lucky', 'a38b40db7afdadf093ab684ed97a9bb8', 'content/view/full/203', 1, 216, 0);
INSERT INTO ezurlalias VALUES (210, 'nature/flowers_in_june/limestone', '4840af0c64a8f374728205ee032f41c9', 'content/view/full/204', 1, 0, 0);
INSERT INTO ezurlalias VALUES (211, 'nature/flowers_in_june/bombwall_boz', 'e773dfe30e5575d1ccf6ac40f2748626', 'content/view/full/205', 1, 0, 0);
INSERT INTO ezurlalias VALUES (212, 'nature/flowers_in_june/hedgehog', 'f66f727f82b616a90673e04f2dc3cfff', 'content/view/full/206', 1, 0, 0);
INSERT INTO ezurlalias VALUES (215, 'nature/games/cgwloading1600', '2b5a3fdfd44ebecbb82164584eb7c81b', 'content/view/full/208', 1, 0, 0);
INSERT INTO ezurlalias VALUES (216, 'nature/flowers_in_june/lucky', '81aac1ed0b07b6bf549ddf4a82288135', 'content/view/full/203', 1, 0, 0);
INSERT INTO ezurlalias VALUES (249, 'nature__1/*', '07ead2373ee62cfa2b9ab3251c499c97', 'nature/{1}', 1, 0, 1);
INSERT INTO ezurlalias VALUES (219, 'nature/games/champ01', '2d1a70f41c99db78ed6f8923c5979c23', 'content/view/full/211', 1, 0, 0);
INSERT INTO ezurlalias VALUES (220, 'nature/games/cover', '5bd1a87c7d91e0e069b5b324f33a2229', 'content/view/full/212', 1, 0, 0);
INSERT INTO ezurlalias VALUES (221, 'nature/games/cgimage06', '869eb2ff6c14ddbf9414611a63c44b96', 'content/view/full/213', 1, 0, 0);
INSERT INTO ezurlalias VALUES (222, 'nature/animals/sky_scraper', '0a6f23861db026d58d0600c36a583ec0', 'content/view/full/214', 1, 0, 0);
INSERT INTO ezurlalias VALUES (223, 'nature/animals/creepybox', '37f15623b438e349897a577cba4d441b', 'content/view/full/215', 1, 0, 0);
INSERT INTO ezurlalias VALUES (224, 'nature/animals/cow', '31353785d3488a6f94248b5df1c461fe', 'content/view/full/216', 1, 0, 0);
INSERT INTO ezurlalias VALUES (226, 'nature/my_pictures/lw0000039', '70e9761265394b58ecec8d8797a402ab', 'content/view/full/218', 1, 0, 0);
INSERT INTO ezurlalias VALUES (227, 'nature/my_pictures/blomst', 'd070278f420a9e5b0f6c2f9a24622ad4', 'content/view/full/219', 1, 0, 0);
INSERT INTO ezurlalias VALUES (228, 'nature/flowers_in_june/lucky/nice_one', 'f470c036c048cba377e314209f72bd59', 'content/view/full/220', 1, 0, 0);
INSERT INTO ezurlalias VALUES (230, 'cars/broom_broom/crash', '8c562c66f14b575e70041f6014a68a1e', 'content/view/full/222', 1, 0, 0);
INSERT INTO ezurlalias VALUES (231, 'nature/games/games_for_you', 'f23dc9c43404a57731461d243990484d', 'content/view/full/223', 1, 0, 0);
INSERT INTO ezurlalias VALUES (233, 'people/games/blurry_people', 'aa9a56f79db1f52b2f9333ddeca5f3fc', 'content/view/full/225', 1, 0, 0);
INSERT INTO ezurlalias VALUES (234, 'people/games/outcast', '9ed4a0ecaf24cfa841e766e9c57a65fc', 'content/view/full/226', 1, 0, 0);
INSERT INTO ezurlalias VALUES (235, 'people/games/blacksmith', 'd185b17e748c5ae0ea463da861c3e6b8', 'content/view/full/227', 1, 0, 0);
INSERT INTO ezurlalias VALUES (238, 'games/jedi_knight/logo', '9bb045dbefa56497c80667fe6589f521', 'content/view/full/230', 1, 0, 0);
INSERT INTO ezurlalias VALUES (241, 'abstract/misc/green_branch', '31027a374a0ab73a2f50e3b462b9d6a0', 'content/view/full/233', 1, 0, 0);
INSERT INTO ezurlalias VALUES (244, 'abstract/misc/clover', '5ee1e0f9265330fb866ff5033e5566e7', 'content/view/full/236', 1, 0, 0);
INSERT INTO ezurlalias VALUES (245, 'abstract/misc/the_need_for_speed', '28a175b764b7d4fe0e15823b1406ec8f', 'content/view/full/237', 1, 0, 0);
INSERT INTO ezurlalias VALUES (252, 'nature/flowers/yellow', '1794c04296bdb61ef2a829fbb2b43dbd', 'content/view/full/242', 1, 0, 0);
INSERT INTO ezurlalias VALUES (255, 'nature/landscape/skyline', 'bab64e01e92bb8021b4142b8d1175fcf', 'content/view/full/245', 1, 0, 0);
INSERT INTO ezurlalias VALUES (257, 'nature/landscape/water', 'd6ecab04885623ee57b21e1be8175667', 'content/view/full/247', 1, 0, 0);
INSERT INTO ezurlalias VALUES (14, 'users/anonymous_user', 'a37b7463e2c21098fa1a729dad4b4437', 'content/view/full/11', 1, 2, 0);
INSERT INTO ezurlalias VALUES (12, '', 'd41d8cd98f00b204e9800998ecf8427e', 'content/view/full/2', 1, 0, 0);
INSERT INTO ezurlalias VALUES (269, 'about_my_gallery', 'f9546701fd4ce1c2d4fa393c2d9ab4ac', 'content/view/full/127', 1, 0, 0);
INSERT INTO ezurlalias VALUES (205, 'news', '508c75c8507a2ae5223dfd2faeb98122', 'content/view/full/199', 1, 0, 0);
INSERT INTO ezurlalias VALUES (270, 'news/added_new_gallery', 'b0d34695c66ecec9d3cad7d15626fbe9', 'content/view/full/200', 1, 0, 0);
INSERT INTO ezurlalias VALUES (258, 'nature', '405aaff66082ffe7231d7c1f79926c17', 'content/view/full/248', 1, 0, 0);
INSERT INTO ezurlalias VALUES (259, 'nature/flowers', 'fcf4f3ad05704e53c28c28dd615dfed1', 'content/view/full/249', 1, 0, 0);
INSERT INTO ezurlalias VALUES (250, 'nature/flowers/blue_flower', '5b763d7e491af63d009ac03b80239aba', 'content/view/full/250', 1, 0, 0);
INSERT INTO ezurlalias VALUES (251, 'nature/flowers/purple_haze', '86cafbea1918587028e945ef4b683370', 'content/view/full/251', 1, 0, 0);
INSERT INTO ezurlalias VALUES (260, 'nature/flowers/yellow_flower', 'b4eda4f4f56369fa2335c7926bd80e7e', 'content/view/full/252', 1, 0, 0);
INSERT INTO ezurlalias VALUES (261, 'nature/landscape', 'c414de967eedae8262a7354d5e3e866a', 'content/view/full/253', 1, 0, 0);
INSERT INTO ezurlalias VALUES (254, 'nature/landscape/pond_reflection', 'a44de60ea29ebe58a0daf6032835ff13', 'content/view/full/254', 1, 0, 0);
INSERT INTO ezurlalias VALUES (262, 'nature/landscape/ormevika_skyline', '160b1c14354a6dd8c474dfa25cc1bc2b', 'content/view/full/255', 1, 0, 0);
INSERT INTO ezurlalias VALUES (256, 'nature/landscape/foggy_trees', '0f1800c387d13296b66c1a9dbdbeb3cd', 'content/view/full/256', 1, 0, 0);
INSERT INTO ezurlalias VALUES (263, 'nature/landscape/water_reflection', 'a0780ff9569ed64f0ea0975190b0ec0b', 'content/view/full/257', 1, 0, 0);
INSERT INTO ezurlalias VALUES (264, 'abstract', 'ce28071e1a0424ba1b7956dd3853c7fb', 'content/view/full/258', 1, 0, 0);
INSERT INTO ezurlalias VALUES (265, 'abstract/misc', '514b370e8de983586f80a3069b026ed0', 'content/view/full/259', 1, 0, 0);
INSERT INTO ezurlalias VALUES (266, 'abstract/misc/cvs_branching', 'e78f8f18386ca133abf85de1fdb99a9f', 'content/view/full/260', 1, 0, 0);
INSERT INTO ezurlalias VALUES (243, 'abstract/misc/gear_wheel', 'a9e42e6e94ea7f05fb85e81304f6c9d2', 'content/view/full/261', 1, 0, 0);
INSERT INTO ezurlalias VALUES (267, 'abstract/misc/green_clover', '720c8416fde86772a895e172a36cc80d', 'content/view/full/262', 1, 0, 0);
INSERT INTO ezurlalias VALUES (242, 'abstract/misc/mjaurits', 'e466c08f08d86491f0cdcd25f6fdec89', 'content/view/full/263', 1, 0, 0);
INSERT INTO ezurlalias VALUES (268, 'abstract/misc/speeding', 'dccac6ce16572084195113b46fa28036', 'content/view/full/264', 1, 0, 0);
INSERT INTO ezurlalias VALUES (13, 'users', '9bc65c2abec141778ffaa729489f3e87', 'content/view/full/5', 1, 0, 0);
INSERT INTO ezurlalias VALUES (15, 'users/guest_accounts', '02d4e844e3a660857a3f81585995ffe1', 'content/view/full/12', 1, 0, 0);
INSERT INTO ezurlalias VALUES (16, 'users/administrator_users', '1b1d79c16700fd6003ea7be233e754ba', 'content/view/full/13', 1, 0, 0);
INSERT INTO ezurlalias VALUES (18, 'users/administrator_users/administrator_user', 'f1305ac5f327a19b451d82719e0c3f5d', 'content/view/full/15', 1, 0, 0);
INSERT INTO ezurlalias VALUES (17, 'users/editors', '0bb9dd665c96bbc1cf36b79180786dea', 'content/view/full/14', 1, 0, 0);
INSERT INTO ezurlalias VALUES (1, 'users/anonymous_users', '3ae1aac958e1c82013689d917d34967a', 'content/view/full/265', 1, 0, 0);
INSERT INTO ezurlalias VALUES (2, 'users/anonymous_users/anonymous_user', 'aad93975f09371695ba08292fd9698db', 'content/view/full/11', 1, 0, 0);
INSERT INTO ezurlalias VALUES (20, 'media', '62933a2951ef01f4eafd9bdf4d3cd2f0', 'content/view/full/43', 1, 0, 0);
INSERT INTO ezurlalias VALUES (21, 'setup', 'a0f848942ce863cf53c0fa6cc684007d', 'content/view/full/44', 1, 0, 0);
INSERT INTO ezurlalias VALUES (23, 'setup/setup_links', '675a9c5ab6fb3f5fdfaa609b7ef9d997', 'content/view/full/46', 1, 0, 0);
INSERT INTO ezurlalias VALUES (24, 'setup/setup_links/classes', '75b3e86b0bb8a74fcb38f10fd02945e8', 'content/view/full/45', 1, 0, 0);
INSERT INTO ezurlalias VALUES (80, 'setup/setup_links/look_and_feel', '37986c863618270fa0fa6936ba217c7b', 'content/view/full/47', 1, 0, 0);
INSERT INTO ezurlalias VALUES (78, 'setup/setup_links/cache', '1f2374cab6280ecfca991a7b6e5119c6', 'content/view/full/95', 1, 0, 0);
INSERT INTO ezurlalias VALUES (79, 'setup/setup_links/url_translator', '7b226327c99e6fd78ad40eb66892d7ae', 'content/view/full/96', 1, 0, 0);
INSERT INTO ezurlalias VALUES (27, 'setup/look_and_feel', '11f42026b65f2d1801679ba58e443944', 'content/view/full/48', 1, 0, 0);
INSERT INTO ezurlalias VALUES (213, 'setup/look_and_feel/my_gallery', 'da1e93305d8b5181634ebdb1319569bd', 'content/view/full/54', 1, 0, 0);







INSERT INTO ezuser VALUES (14, 'admin', 'nospam@ez.no', 2, 'c78e3b0f3d9244ed8c6d1c29464bdff9');
INSERT INTO ezuser VALUES (108, '', '', 2, 'b909d5bf76b64b7a6fac03f7eda11ee3');
INSERT INTO ezuser VALUES (109, '', '', 2, 'e4ab2f05e418842bb3abf148f9d06c1c');
INSERT INTO ezuser VALUES (130, '', '', 2, '4ccb7125baf19de015388c99893fbb4d');
INSERT INTO ezuser VALUES (187, '', '', 1, '');
INSERT INTO ezuser VALUES (189, '', '', 1, '');
INSERT INTO ezuser VALUES (10, 'anonymous', 'nospam@ez.no', 2, '4e6f6184135228ccd45f8233d72a0363');







INSERT INTO ezuser_accountkey VALUES (1, 154, '837e17025d6b3a340cfb305769caa30d', 1068042835);
INSERT INTO ezuser_accountkey VALUES (2, 188, '281ca20cd4d47e3f3be239f6e587df70', 1068110661);
INSERT INTO ezuser_accountkey VALUES (3, 197, '6a92e8886841440681b58a699e69d4dc', 1068112344);














INSERT INTO ezuser_role VALUES (29, 1, 10);
INSERT INTO ezuser_role VALUES (25, 2, 12);
INSERT INTO ezuser_role VALUES (28, 1, 11);
INSERT INTO ezuser_role VALUES (34, 1, 13);







INSERT INTO ezuser_setting VALUES (10, 1, 1000);
INSERT INTO ezuser_setting VALUES (14, 1, 10);
INSERT INTO ezuser_setting VALUES (23, 1, 0);
INSERT INTO ezuser_setting VALUES (40, 1, 0);
INSERT INTO ezuser_setting VALUES (107, 1, 0);
INSERT INTO ezuser_setting VALUES (108, 1, 0);
INSERT INTO ezuser_setting VALUES (109, 1, 0);
INSERT INTO ezuser_setting VALUES (111, 1, 0);
INSERT INTO ezuser_setting VALUES (130, 1, 0);
INSERT INTO ezuser_setting VALUES (149, 1, 0);
INSERT INTO ezuser_setting VALUES (154, 0, 0);
INSERT INTO ezuser_setting VALUES (187, 1, 0);
INSERT INTO ezuser_setting VALUES (188, 0, 0);
INSERT INTO ezuser_setting VALUES (189, 1, 0);
INSERT INTO ezuser_setting VALUES (197, 0, 0);
INSERT INTO ezuser_setting VALUES (198, 1, 0);
INSERT INTO ezuser_setting VALUES (206, 1, 0);







INSERT INTO ezvattype VALUES (1, 'Std', 0);










































INSERT INTO ezworkflow_group VALUES (1, 'Standard', 14, 14, 1024392098, 1024392098);







INSERT INTO ezworkflow_group_link VALUES (1, 1, 0, 'Standard');














INSERT INTO ezsite_data VALUES ('ezpublish-version', '3.3');
INSERT INTO ezsite_data VALUES ('ezpublish-release', '2');



































INSERT INTO ezimagefile VALUES (1, 1104, 'var/gallery/storage/images/nature/flowers/1104-1-eng-GB/flowers.');
INSERT INTO ezimagefile VALUES (3, 1107, 'var/gallery/storage/images/nature/flowers/blue_flower/1107-1-eng-GB/blue_flower.jpg');
INSERT INTO ezimagefile VALUES (5, 1110, 'var/gallery/storage/images/nature/flowers/purple_haze/1110-1-eng-GB/purple_haze.jpg');
INSERT INTO ezimagefile VALUES (7, 1113, 'var/gallery/storage/images/nature/flowers/yellow_flower/1113-1-eng-GB/yellow_flower.jpg');
INSERT INTO ezimagefile VALUES (8, 1107, 'var/gallery/storage/images/nature/flowers/blue_flower/1107-1-eng-GB/blue_flower_small_h.jpg');
INSERT INTO ezimagefile VALUES (9, 1113, 'var/gallery/storage/images/nature/flowers/yellow_flower/1113-1-eng-GB/yellow_flower_small_h.jpg');
INSERT INTO ezimagefile VALUES (10, 1110, 'var/gallery/storage/images/nature/flowers/purple_haze/1110-1-eng-GB/purple_haze_small_h.jpg');
INSERT INTO ezimagefile VALUES (11, 1113, 'var/gallery/storage/images/nature/flowers/yellow_flower/1113-1-eng-GB/yellow_flower_small_v.jpg');
INSERT INTO ezimagefile VALUES (12, 1110, 'var/gallery/storage/images/nature/flowers/purple_haze/1110-1-eng-GB/purple_haze_small_v.jpg');
INSERT INTO ezimagefile VALUES (13, 1107, 'var/gallery/storage/images/nature/flowers/blue_flower/1107-1-eng-GB/blue_flower_small_v.jpg');
INSERT INTO ezimagefile VALUES (14, 1117, 'var/gallery/storage/images/nature/landscape/1117-1-eng-GB/landscape.');
INSERT INTO ezimagefile VALUES (16, 1120, 'var/gallery/storage/images/nature/landscape/pond_reflection/1120-1-eng-GB/pond_reflection.jpg');
INSERT INTO ezimagefile VALUES (18, 1123, 'var/gallery/storage/images/nature/landscape/ormevika_skyline/1123-1-eng-GB/ormevika_skyline.jpg');
INSERT INTO ezimagefile VALUES (20, 1126, 'var/gallery/storage/images/nature/landscape/foggy_trees/1126-1-eng-GB/foggy_trees.jpg');
INSERT INTO ezimagefile VALUES (22, 1129, 'var/gallery/storage/images/nature/landscape/water_reflection/1129-1-eng-GB/water_reflection.jpg');
INSERT INTO ezimagefile VALUES (23, 1129, 'var/gallery/storage/images/nature/landscape/water_reflection/1129-1-eng-GB/water_reflection_small_h.jpg');
INSERT INTO ezimagefile VALUES (24, 1129, 'var/gallery/storage/images/nature/landscape/water_reflection/1129-1-eng-GB/water_reflection_small_v.jpg');
INSERT INTO ezimagefile VALUES (25, 1126, 'var/gallery/storage/images/nature/landscape/foggy_trees/1126-1-eng-GB/foggy_trees_small_v.jpg');
INSERT INTO ezimagefile VALUES (26, 1123, 'var/gallery/storage/images/nature/landscape/ormevika_skyline/1123-1-eng-GB/ormevika_skyline_small_v.jpg');
INSERT INTO ezimagefile VALUES (27, 1126, 'var/gallery/storage/images/nature/landscape/foggy_trees/1126-1-eng-GB/foggy_trees_small_h.jpg');
INSERT INTO ezimagefile VALUES (28, 1123, 'var/gallery/storage/images/nature/landscape/ormevika_skyline/1123-1-eng-GB/ormevika_skyline_small_h.jpg');
INSERT INTO ezimagefile VALUES (29, 1120, 'var/gallery/storage/images/nature/landscape/pond_reflection/1120-1-eng-GB/pond_reflection_small_h.jpg');
INSERT INTO ezimagefile VALUES (30, 1113, 'var/gallery/storage/images/nature/flowers/yellow_flower/1113-1-eng-GB/yellow_flower_navigator.jpg');
INSERT INTO ezimagefile VALUES (31, 1113, 'var/gallery/storage/images/nature/flowers/yellow_flower/1113-1-eng-GB/yellow_flower_large.jpg');
INSERT INTO ezimagefile VALUES (32, 1110, 'var/gallery/storage/images/nature/flowers/purple_haze/1110-1-eng-GB/purple_haze_navigator.jpg');
INSERT INTO ezimagefile VALUES (33, 1129, 'var/gallery/storage/images/nature/landscape/water_reflection/1129-1-eng-GB/water_reflection_navigator.jpg');
INSERT INTO ezimagefile VALUES (34, 1129, 'var/gallery/storage/images/nature/landscape/water_reflection/1129-1-eng-GB/water_reflection_large.jpg');
INSERT INTO ezimagefile VALUES (35, 1126, 'var/gallery/storage/images/nature/landscape/foggy_trees/1126-1-eng-GB/foggy_trees_navigator.jpg');
INSERT INTO ezimagefile VALUES (36, 1136, 'var/gallery/storage/images/abstract/misc/1136-1-eng-GB/misc.');
INSERT INTO ezimagefile VALUES (38, 1139, 'var/gallery/storage/images/abstract/misc/cvs_branching/1139-1-eng-GB/cvs_branching.jpg');
INSERT INTO ezimagefile VALUES (40, 1142, 'var/gallery/storage/images/abstract/misc/gear_wheel/1142-1-eng-GB/gear_wheel.jpg');
INSERT INTO ezimagefile VALUES (42, 1145, 'var/gallery/storage/images/abstract/misc/green_clover/1145-1-eng-GB/green_clover.jpg');
INSERT INTO ezimagefile VALUES (44, 1148, 'var/gallery/storage/images/abstract/misc/mjaurits/1148-1-eng-GB/mjaurits.jpg');
INSERT INTO ezimagefile VALUES (46, 1151, 'var/gallery/storage/images/abstract/misc/speeding/1151-1-eng-GB/speeding.jpg');
INSERT INTO ezimagefile VALUES (47, 1151, 'var/gallery/storage/images/abstract/misc/speeding/1151-1-eng-GB/speeding_small_v.jpg');
INSERT INTO ezimagefile VALUES (48, 1148, 'var/gallery/storage/images/abstract/misc/mjaurits/1148-1-eng-GB/mjaurits_small_v.jpg');
INSERT INTO ezimagefile VALUES (49, 1145, 'var/gallery/storage/images/abstract/misc/green_clover/1145-1-eng-GB/green_clover_small_v.jpg');
INSERT INTO ezimagefile VALUES (50, 1139, 'var/gallery/storage/images/abstract/misc/cvs_branching/1139-1-eng-GB/cvs_branching_small_h.jpg');
INSERT INTO ezimagefile VALUES (51, 1151, 'var/gallery/storage/images/abstract/misc/speeding/1151-1-eng-GB/speeding_small_h.jpg');
INSERT INTO ezimagefile VALUES (52, 1148, 'var/gallery/storage/images/abstract/misc/mjaurits/1148-1-eng-GB/mjaurits_small_h.jpg');
INSERT INTO ezimagefile VALUES (53, 1145, 'var/gallery/storage/images/abstract/misc/green_clover/1145-1-eng-GB/green_clover_small_h.jpg');
INSERT INTO ezimagefile VALUES (54, 1151, 'var/gallery/storage/images/abstract/misc/speeding/1151-1-eng-GB/speeding_large.jpg');
INSERT INTO ezimagefile VALUES (55, 1148, 'var/gallery/storage/images/abstract/misc/mjaurits/1148-1-eng-GB/mjaurits_navigator.jpg');
INSERT INTO ezimagefile VALUES (56, 1142, 'var/gallery/storage/images/abstract/misc/gear_wheel/1142-1-eng-GB/gear_wheel_small_h.jpg');
INSERT INTO ezimagefile VALUES (57, 1148, 'var/gallery/storage/images/abstract/misc/mjaurits/1148-1-eng-GB/mjaurits_large.jpg');
INSERT INTO ezimagefile VALUES (58, 1151, 'var/gallery/storage/images/abstract/misc/speeding/1151-1-eng-GB/speeding_navigator.jpg');
INSERT INTO ezimagefile VALUES (59, 1145, 'var/gallery/storage/images/abstract/misc/green_clover/1145-1-eng-GB/green_clover_navigator.jpg');
INSERT INTO ezimagefile VALUES (60, 1145, 'var/gallery/storage/images/abstract/misc/green_clover/1145-1-eng-GB/green_clover_large.jpg');
INSERT INTO ezimagefile VALUES (61, 1142, 'var/gallery/storage/images/abstract/misc/gear_wheel/1142-1-eng-GB/gear_wheel_navigator.jpg');
INSERT INTO ezimagefile VALUES (62, 152, 'var/gallery/storage/images/setup/look_and_feel/my_gallery/152-54-eng-GB/my_gallery_logo.png');
INSERT INTO ezimagefile VALUES (63, 1110, 'var/gallery/storage/images/nature/flowers/purple_haze/1110-1-eng-GB/purple_haze_large.jpg');
INSERT INTO ezimagefile VALUES (64, 1107, 'var/gallery/storage/images/nature/flowers/blue_flower/1107-1-eng-GB/blue_flower_navigator.jpg');
INSERT INTO ezimagefile VALUES (65, 1136, 'var/gallery/storage/images/abstract/misc/1136-2-eng-GB/misc.');
INSERT INTO ezimagefile VALUES (66, 1104, 'var/gallery/storage/images/nature/flowers/1104-2-eng-GB/flowers.');
INSERT INTO ezimagefile VALUES (67, 1104, 'var/gallery/storage/images/nature/flowers/1104-3-eng-GB/flowers.');
INSERT INTO ezimagefile VALUES (68, 1117, 'var/gallery/storage/images/nature/landscape/1117-2-eng-GB/landscape.');
INSERT INTO ezimagefile VALUES (69, 1126, 'var/gallery/storage/images/nature/landscape/foggy_trees/1126-1-eng-GB/foggy_trees_large.jpg');
INSERT INTO ezimagefile VALUES (70, 1123, 'var/gallery/storage/images/nature/landscape/ormevika_skyline/1123-1-eng-GB/ormevika_skyline_navigator.jpg');
INSERT INTO ezimagefile VALUES (71, 1123, 'var/gallery/storage/images/nature/landscape/ormevika_skyline/1123-1-eng-GB/ormevika_skyline_large.jpg');
INSERT INTO ezimagefile VALUES (72, 1120, 'var/gallery/storage/images/nature/landscape/pond_reflection/1120-1-eng-GB/pond_reflection_navigator.jpg');
INSERT INTO ezimagefile VALUES (73, 1120, 'var/gallery/storage/images/nature/landscape/pond_reflection/1120-1-eng-GB/pond_reflection_large.jpg');
INSERT INTO ezimagefile VALUES (74, 1142, 'var/gallery/storage/images/abstract/misc/gear_wheel/1142-1-eng-GB/gear_wheel_large.jpg');
INSERT INTO ezimagefile VALUES (75, 1139, 'var/gallery/storage/images/abstract/misc/cvs_branching/1139-1-eng-GB/cvs_branching_navigator.jpg');
INSERT INTO ezimagefile VALUES (76, 1139, 'var/gallery/storage/images/abstract/misc/cvs_branching/1139-1-eng-GB/cvs_branching_large.jpg');
INSERT INTO ezimagefile VALUES (78, 152, 'var/gallery/storage/images/setup/look_and_feel/my_gallery/152-55-eng-GB/my_gallery.gif');
INSERT INTO ezimagefile VALUES (79, 152, 'var/gallery/storage/images/setup/look_and_feel/my_gallery/152-55-eng-GB/my_gallery_reference.gif');
INSERT INTO ezimagefile VALUES (80, 152, 'var/gallery/storage/images/setup/look_and_feel/my_gallery/152-55-eng-GB/my_gallery_medium.gif');
INSERT INTO ezimagefile VALUES (81, 152, 'var/gallery/storage/images/setup/look_and_feel/my_gallery/152-55-eng-GB/my_gallery_logo.gif');
INSERT INTO ezimagefile VALUES (82, 1107, 'var/gallery/storage/images/nature/flowers/blue_flower/1107-1-eng-GB/blue_flower_large.jpg');
INSERT INTO ezimagefile VALUES (84, 152, 'var/gallery/storage/images/setup/look_and_feel/my_gallery/152-56-eng-GB/my_gallery.gif');
INSERT INTO ezimagefile VALUES (85, 152, 'var/gallery/storage/images/setup/look_and_feel/my_gallery/152-56-eng-GB/my_gallery_reference.gif');
INSERT INTO ezimagefile VALUES (86, 152, 'var/gallery/storage/images/setup/look_and_feel/my_gallery/152-56-eng-GB/my_gallery_medium.gif');
INSERT INTO ezimagefile VALUES (87, 152, 'var/gallery/storage/images/setup/look_and_feel/my_gallery/152-56-eng-GB/my_gallery_logo.gif');
INSERT INTO ezimagefile VALUES (88, 103, 'var/gallery/storage/images/setup/setup_links/classes/103-11-eng-GB/classes_reference.png');
INSERT INTO ezimagefile VALUES (89, 103, 'var/gallery/storage/images/setup/setup_links/classes/103-11-eng-GB/classes_large.png');
INSERT INTO ezimagefile VALUES (90, 109, 'var/gallery/storage/images/setup/setup_links/look_and_feel/109-12-eng-GB/look_and_feel_reference.png');
INSERT INTO ezimagefile VALUES (91, 109, 'var/gallery/storage/images/setup/setup_links/look_and_feel/109-12-eng-GB/look_and_feel_large.png');
INSERT INTO ezimagefile VALUES (92, 324, 'var/gallery/storage/images/setup/setup_links/cache/324-6-eng-GB/cache_reference.png');
INSERT INTO ezimagefile VALUES (93, 324, 'var/gallery/storage/images/setup/setup_links/cache/324-6-eng-GB/cache_large.png');
INSERT INTO ezimagefile VALUES (94, 328, 'var/gallery/storage/images/setup/setup_links/url_translator/328-5-eng-GB/url_translator_reference.png');
INSERT INTO ezimagefile VALUES (95, 328, 'var/gallery/storage/images/setup/setup_links/url_translator/328-5-eng-GB/url_translator_large.png');
INSERT INTO ezimagefile VALUES (96, 152, 'var/gallery/storage/images/setup/look_and_feel/my_gallery/152-57-eng-GB/my_gallery.gif');
INSERT INTO ezimagefile VALUES (97, 152, 'var/gallery/storage/images/setup/look_and_feel/my_gallery/152-57-eng-GB/my_gallery_reference.gif');
INSERT INTO ezimagefile VALUES (98, 152, 'var/gallery/storage/images/setup/look_and_feel/my_gallery/152-57-eng-GB/my_gallery_medium.gif');
INSERT INTO ezimagefile VALUES (99, 152, 'var/gallery/storage/images/setup/look_and_feel/my_gallery/152-57-eng-GB/my_gallery_logo.gif');
INSERT INTO ezimagefile VALUES (100, 152, 'var/gallery/storage/images/setup/look_and_feel/my_gallery/152-58-eng-GB/my_gallery.gif');
INSERT INTO ezimagefile VALUES (101, 152, 'var/gallery/storage/images/setup/look_and_feel/my_gallery/152-58-eng-GB/my_gallery_reference.gif');
INSERT INTO ezimagefile VALUES (102, 152, 'var/gallery/storage/images/setup/look_and_feel/my_gallery/152-58-eng-GB/my_gallery_medium.gif');
INSERT INTO ezimagefile VALUES (103, 152, 'var/gallery/storage/images/setup/look_and_feel/my_gallery/152-58-eng-GB/my_gallery_logo.gif');
INSERT INTO ezimagefile VALUES (104, 524, 'var/gallery/storage/images/about_my_gallery/524-3-eng-GB/about_my_gallery.');
INSERT INTO ezimagefile VALUES (105, 926, 'var/gallery/storage/images/news/added_new_gallery/926-2-eng-GB/added_new_gallery.jpg');
INSERT INTO ezimagefile VALUES (106, 152, 'var/gallery/storage/images/setup/look_and_feel/my_gallery/152-58-eng-GB/my_gallery_small_h.gif');
INSERT INTO ezimagefile VALUES (108, 152, 'var/gallery/storage/images/setup/look_and_feel/my_gallery/152-59-eng-GB/my_gallery.gif');
INSERT INTO ezimagefile VALUES (109, 152, 'var/gallery/storage/images/setup/look_and_feel/my_gallery/152-59-eng-GB/my_gallery_small_h.gif');
INSERT INTO ezimagefile VALUES (111, 152, 'var/gallery/storage/images/setup/look_and_feel/my_gallery/152-60-eng-GB/my_gallery.gif');
INSERT INTO ezimagefile VALUES (112, 152, 'var/gallery/storage/images/setup/look_and_feel/my_gallery/152-60-eng-GB/my_gallery_small_h.gif');
INSERT INTO ezimagefile VALUES (114, 152, 'var/gallery/storage/images/setup/look_and_feel/my_gallery/152-61-eng-GB/my_gallery.gif');
INSERT INTO ezimagefile VALUES (115, 152, 'var/gallery/storage/images/setup/look_and_feel/my_gallery/152-61-eng-GB/my_gallery_small_h.gif');
INSERT INTO ezimagefile VALUES (116, 152, 'var/gallery/storage/images/setup/look_and_feel/my_gallery/152-61-eng-GB/my_gallery_logo.gif');
INSERT INTO ezimagefile VALUES (117, 728, 'var/storage/images/users/anonymous_users/anonymous_user/728-2-eng-GB/anonymous_user.');
INSERT INTO ezimagefile VALUES (118, 109, 'var/storage/original/image/phpAhcEu9.png');
INSERT INTO ezimagefile VALUES (119, 103, 'var/storage/original/image/phpWJgae7.png');
INSERT INTO ezimagefile VALUES (120, 109, 'var/storage/original/image/phpbVfzkm.png');
INSERT INTO ezimagefile VALUES (121, 103, 'var/storage/original/image/php7ZhvcB.png');
INSERT INTO ezimagefile VALUES (122, 103, 'var/storage/original/image/phpXz5esv.jpg');




























CREATE INDEX ezcollab_group_path62 ON ezcollab_group USING btree (path_string);







CREATE INDEX ezcollab_group_depth63 ON ezcollab_group USING btree (depth);







CREATE INDEX ezcontentbrowsebookmark_user228 ON ezcontentbrowsebookmark USING btree (user_id);







CREATE INDEX ezcontentbrowserecent_user243 ON ezcontentbrowserecent USING btree (user_id);







CREATE INDEX ezcontentclass_version262 ON ezcontentclass USING btree ("version");







CREATE INDEX ezcontentobject_attribute_contentobject_id364 ON ezcontentobject_attribute USING btree (contentobject_id);







CREATE INDEX ezcontentobject_attribute_language_code365 ON ezcontentobject_attribute USING btree (language_code);







CREATE INDEX sort_key_int366 ON ezcontentobject_attribute USING btree (sort_key_int);







CREATE INDEX sort_key_string367 ON ezcontentobject_attribute USING btree (sort_key_string);







CREATE INDEX ezcontentobject_tree_path416 ON ezcontentobject_tree USING btree (path_string);







CREATE INDEX ezcontentobject_tree_p_node_id417 ON ezcontentobject_tree USING btree (parent_node_id);







CREATE INDEX ezcontentobject_tree_co_id418 ON ezcontentobject_tree USING btree (contentobject_id);







CREATE INDEX ezcontentobject_tree_depth419 ON ezcontentobject_tree USING btree (depth);







CREATE INDEX ezenumobjectvalue_co_attr_id_co_attr_ver489 ON ezenumobjectvalue USING btree (contentobject_attribute_id, contentobject_attribute_version);







CREATE INDEX ezenumvalue_co_cl_attr_id_co_class_att_ver505 ON ezenumvalue USING btree (contentclass_attribute_id, contentclass_attribute_version);







CREATE UNIQUE INDEX ezmodule_run_workflow_process_id_s670 ON ezmodule_run USING btree (workflow_process_id);







CREATE INDEX ezpreferences_name839 ON ezpreferences USING btree (name);







CREATE INDEX ezsearch_object_word_link_object919 ON ezsearch_object_word_link USING btree (contentobject_id);







CREATE INDEX ezsearch_object_word_link_word920 ON ezsearch_object_word_link USING btree (word_id);







CREATE INDEX ezsearch_object_word_link_frequency921 ON ezsearch_object_word_link USING btree (frequency);







CREATE INDEX ezsearch_object_word_link_identifier922 ON ezsearch_object_word_link USING btree (identifier);







CREATE INDEX ezsearch_object_word_link_integer_value923 ON ezsearch_object_word_link USING btree (integer_value);







CREATE INDEX ezsearch_word960 ON ezsearch_word USING btree (word);







CREATE INDEX expiration_time986 ON ezsession USING btree (expiration_time);







CREATE UNIQUE INDEX eztrigger_def_id1015 ON eztrigger USING btree (module_name, function_name, connect_type);







CREATE INDEX ezurlalias_source_md51059 ON ezurlalias USING btree (source_md5);







CREATE INDEX ezuser_role_contentobject_id1112 ON ezuser_role USING btree (contentobject_id);







CREATE INDEX ezwaituntildateevalue_wf_ev_id_wf_ver1151 ON ezwaituntildatevalue USING btree (workflow_event_id, workflow_event_version);







CREATE INDEX ezorder_item_order_id ON ezorder_item USING btree (order_id);







CREATE INDEX ezproductcollection_item_productcollection_id ON ezproductcollection_item USING btree (productcollection_id);







CREATE INDEX ezurlalias_source_url ON ezurlalias USING btree (source_url);







CREATE INDEX ezcontentobject_attribute_co_id_ver_lang_code ON ezcontentobject_attribute USING btree (contentobject_id, "version", language_code);







CREATE INDEX ezproductcollection_item_opt_item_id ON ezproductcollection_item_opt USING btree (item_id);







CREATE INDEX ezproductcollection_item_contentobject_id ON ezproductcollection_item USING btree (productcollection_id);







CREATE INDEX ezbasket_session_id ON ezbasket USING btree (session_id);







CREATE INDEX ezoperation_memento_memento_key_main ON ezoperation_memento USING btree (memento_key, main);







CREATE INDEX eztrigger_fetch ON eztrigger USING btree (name, module_name, function_name);







CREATE INDEX ezworkflow_process_process_key ON ezworkflow_process USING btree (process_key);







CREATE INDEX ezurlalias_desturl ON ezurlalias USING btree (destination_url);







CREATE INDEX ezrss_export_rsseid ON ezrss_export_item USING btree (rssexport_id);







CREATE INDEX ezimagefile_coid ON ezimagefile USING btree (contentobject_attribute_id);







CREATE INDEX ezimagefile_file ON ezimagefile USING btree (filepath);







CREATE INDEX ezsubtree_notification_rule_id ON ezsubtree_notification_rule USING btree (id);







CREATE INDEX ezsubtree_notification_rule_user_id ON ezsubtree_notification_rule USING btree (user_id);







ALTER TABLE ONLY ezapprove_items
    ADD CONSTRAINT ezapprove_items12_key PRIMARY KEY (id);







ALTER TABLE ONLY ezbasket
    ADD CONSTRAINT ezbasket24_key PRIMARY KEY (id);







ALTER TABLE ONLY ezbinaryfile
    ADD CONSTRAINT ezbinaryfile36_key PRIMARY KEY (contentobject_attribute_id, "version");







ALTER TABLE ONLY ezcollab_group
    ADD CONSTRAINT ezcollab_group50_key PRIMARY KEY (id);







ALTER TABLE ONLY ezcollab_item
    ADD CONSTRAINT ezcollab_item71_key PRIMARY KEY (id);







ALTER TABLE ONLY ezcollab_item_group_link
    ADD CONSTRAINT ezcollab_item_group_link95_key PRIMARY KEY (collaboration_id, group_id, user_id);







ALTER TABLE ONLY ezcollab_item_message_link
    ADD CONSTRAINT ezcollab_item_message_link112_key PRIMARY KEY (id);







ALTER TABLE ONLY ezcollab_item_participant_link
    ADD CONSTRAINT ezcollab_item_participant_link128_key PRIMARY KEY (collaboration_id, participant_id);







ALTER TABLE ONLY ezcollab_item_status
    ADD CONSTRAINT ezcollab_item_status146_key PRIMARY KEY (collaboration_id, user_id);







ALTER TABLE ONLY ezcollab_notification_rule
    ADD CONSTRAINT ezcollab_notification_rule160_key PRIMARY KEY (id);







ALTER TABLE ONLY ezcollab_profile
    ADD CONSTRAINT ezcollab_profile172_key PRIMARY KEY (id);







ALTER TABLE ONLY ezcollab_simple_message
    ADD CONSTRAINT ezcollab_simple_message187_key PRIMARY KEY (id);







ALTER TABLE ONLY ezcontent_translation
    ADD CONSTRAINT ezcontent_translation210_key PRIMARY KEY (id);







ALTER TABLE ONLY ezcontentbrowsebookmark
    ADD CONSTRAINT ezcontentbrowsebookmark222_key PRIMARY KEY (id);







ALTER TABLE ONLY ezcontentbrowserecent
    ADD CONSTRAINT ezcontentbrowserecent236_key PRIMARY KEY (id);







ALTER TABLE ONLY ezcontentclass
    ADD CONSTRAINT ezcontentclass251_key PRIMARY KEY (id, "version");







ALTER TABLE ONLY ezcontentclass_attribute
    ADD CONSTRAINT ezcontentclass_attribute270_key PRIMARY KEY (id, "version");







ALTER TABLE ONLY ezcontentclass_classgroup
    ADD CONSTRAINT ezcontentclass_classgroup303_key PRIMARY KEY (contentclass_id, contentclass_version, group_id);







ALTER TABLE ONLY ezcontentclassgroup
    ADD CONSTRAINT ezcontentclassgroup316_key PRIMARY KEY (id);







ALTER TABLE ONLY ezcontentobject
    ADD CONSTRAINT ezcontentobject331_key PRIMARY KEY (id);







ALTER TABLE ONLY ezcontentobject_attribute
    ADD CONSTRAINT ezcontentobject_attribute351_key PRIMARY KEY (id, "version");







ALTER TABLE ONLY ezcontentobject_link
    ADD CONSTRAINT ezcontentobject_link375_key PRIMARY KEY (id);







ALTER TABLE ONLY ezcontentobject_name
    ADD CONSTRAINT ezcontentobject_name388_key PRIMARY KEY (contentobject_id, content_version, content_translation);







ALTER TABLE ONLY ezcontentobject_tree
    ADD CONSTRAINT ezcontentobject_tree402_key PRIMARY KEY (node_id);







ALTER TABLE ONLY ezcontentobject_version
    ADD CONSTRAINT ezcontentobject_version427_key PRIMARY KEY (id);







ALTER TABLE ONLY ezdiscountrule
    ADD CONSTRAINT ezdiscountrule445_key PRIMARY KEY (id);







ALTER TABLE ONLY ezdiscountsubrule
    ADD CONSTRAINT ezdiscountsubrule456_key PRIMARY KEY (id);







ALTER TABLE ONLY ezdiscountsubrule_value
    ADD CONSTRAINT ezdiscountsubrule_value470_key PRIMARY KEY (discountsubrule_id, value, issection);







ALTER TABLE ONLY ezenumobjectvalue
    ADD CONSTRAINT ezenumobjectvalue482_key PRIMARY KEY (contentobject_attribute_id, contentobject_attribute_version, enumid);







ALTER TABLE ONLY ezenumvalue
    ADD CONSTRAINT ezenumvalue497_key PRIMARY KEY (id, contentclass_attribute_id, contentclass_attribute_version);







ALTER TABLE ONLY ezforgot_password
    ADD CONSTRAINT ezforgot_password513_key PRIMARY KEY (id);







ALTER TABLE ONLY ezgeneral_digest_user_settings
    ADD CONSTRAINT ezgeneral_digest_user_settings526_key PRIMARY KEY (id);







ALTER TABLE ONLY ezimage
    ADD CONSTRAINT ezimage541_key PRIMARY KEY (contentobject_attribute_id, "version");







ALTER TABLE ONLY ezimagevariation
    ADD CONSTRAINT ezimagevariation556_key PRIMARY KEY (contentobject_attribute_id, "version", requested_width, requested_height);







ALTER TABLE ONLY ezinfocollection
    ADD CONSTRAINT ezinfocollection573_key PRIMARY KEY (id);







ALTER TABLE ONLY ezinfocollection_attribute
    ADD CONSTRAINT ezinfocollection_attribute585_key PRIMARY KEY (id);







ALTER TABLE ONLY ezkeyword
    ADD CONSTRAINT ezkeyword600_key PRIMARY KEY (id);







ALTER TABLE ONLY ezkeyword_attribute_link
    ADD CONSTRAINT ezkeyword_attribute_link612_key PRIMARY KEY (id);







ALTER TABLE ONLY ezmedia
    ADD CONSTRAINT ezmedia624_key PRIMARY KEY (contentobject_attribute_id, "version");







ALTER TABLE ONLY ezmessage
    ADD CONSTRAINT ezmessage646_key PRIMARY KEY (id);







ALTER TABLE ONLY ezmodule_run
    ADD CONSTRAINT ezmodule_run663_key PRIMARY KEY (id);







ALTER TABLE ONLY eznode_assignment
    ADD CONSTRAINT eznode_assignment678_key PRIMARY KEY (id);







ALTER TABLE ONLY eznotificationcollection
    ADD CONSTRAINT eznotificationcollection696_key PRIMARY KEY (id);







ALTER TABLE ONLY eznotificationcollection_item
    ADD CONSTRAINT eznotificationcollection_item711_key PRIMARY KEY (id);







ALTER TABLE ONLY eznotificationevent
    ADD CONSTRAINT eznotificationevent725_key PRIMARY KEY (id);







ALTER TABLE ONLY ezoperation_memento
    ADD CONSTRAINT ezoperation_memento745_key PRIMARY KEY (id, memento_key);







ALTER TABLE ONLY ezorder
    ADD CONSTRAINT ezorder759_key PRIMARY KEY (id);







ALTER TABLE ONLY ezorder_item
    ADD CONSTRAINT ezorder_item778_key PRIMARY KEY (id);







ALTER TABLE ONLY ezpolicy
    ADD CONSTRAINT ezpolicy792_key PRIMARY KEY (id);







ALTER TABLE ONLY ezpolicy_limitation
    ADD CONSTRAINT ezpolicy_limitation806_key PRIMARY KEY (id);







ALTER TABLE ONLY ezpolicy_limitation_value
    ADD CONSTRAINT ezpolicy_limitation_value821_key PRIMARY KEY (id);







ALTER TABLE ONLY ezpreferences
    ADD CONSTRAINT ezpreferences833_key PRIMARY KEY (id);







ALTER TABLE ONLY ezproductcollection
    ADD CONSTRAINT ezproductcollection847_key PRIMARY KEY (id);







ALTER TABLE ONLY ezproductcollection_item
    ADD CONSTRAINT ezproductcollection_item858_key PRIMARY KEY (id);







ALTER TABLE ONLY ezproductcollection_item_opt
    ADD CONSTRAINT ezproductcollection_item_opt875_key PRIMARY KEY (id);







ALTER TABLE ONLY ezrole
    ADD CONSTRAINT ezrole891_key PRIMARY KEY (id);







ALTER TABLE ONLY ezsearch_object_word_link
    ADD CONSTRAINT ezsearch_object_word_link904_key PRIMARY KEY (id);







ALTER TABLE ONLY ezsearch_return_count
    ADD CONSTRAINT ezsearch_return_count931_key PRIMARY KEY (id);







ALTER TABLE ONLY ezsearch_search_phrase
    ADD CONSTRAINT ezsearch_search_phrase944_key PRIMARY KEY (id);







ALTER TABLE ONLY ezsearch_word
    ADD CONSTRAINT ezsearch_word955_key PRIMARY KEY (id);







ALTER TABLE ONLY ezsection
    ADD CONSTRAINT ezsection968_key PRIMARY KEY (id);







ALTER TABLE ONLY ezsession
    ADD CONSTRAINT ezsession981_key PRIMARY KEY (session_key);







ALTER TABLE ONLY eztrigger
    ADD CONSTRAINT eztrigger1007_key PRIMARY KEY (id);







ALTER TABLE ONLY ezurl
    ADD CONSTRAINT ezurl1023_key PRIMARY KEY (id);







ALTER TABLE ONLY ezurl_object_link
    ADD CONSTRAINT ezurl_object_link1039_key PRIMARY KEY (url_id, contentobject_attribute_id, contentobject_attribute_version);







ALTER TABLE ONLY ezurlalias
    ADD CONSTRAINT ezurlalias1051_key PRIMARY KEY (id);







ALTER TABLE ONLY ezuser
    ADD CONSTRAINT ezuser1067_key PRIMARY KEY (contentobject_id);







ALTER TABLE ONLY ezuser_accountkey
    ADD CONSTRAINT ezuser_accountkey1081_key PRIMARY KEY (id);







ALTER TABLE ONLY ezuser_discountrule
    ADD CONSTRAINT ezuser_discountrule1094_key PRIMARY KEY (id);







ALTER TABLE ONLY ezuser_role
    ADD CONSTRAINT ezuser_role1107_key PRIMARY KEY (id);







ALTER TABLE ONLY ezuser_setting
    ADD CONSTRAINT ezuser_setting1120_key PRIMARY KEY (user_id);







ALTER TABLE ONLY ezvattype
    ADD CONSTRAINT ezvattype1132_key PRIMARY KEY (id);







ALTER TABLE ONLY ezwaituntildatevalue
    ADD CONSTRAINT ezwaituntildatevalue1144_key PRIMARY KEY (id, workflow_event_id, workflow_event_version);







ALTER TABLE ONLY ezwishlist
    ADD CONSTRAINT ezwishlist1159_key PRIMARY KEY (id);







ALTER TABLE ONLY ezworkflow
    ADD CONSTRAINT ezworkflow1171_key PRIMARY KEY (id, "version");







ALTER TABLE ONLY ezworkflow_assign
    ADD CONSTRAINT ezworkflow_assign1189_key PRIMARY KEY (id);







ALTER TABLE ONLY ezworkflow_event
    ADD CONSTRAINT ezworkflow_event1203_key PRIMARY KEY (id, "version");







ALTER TABLE ONLY ezworkflow_group
    ADD CONSTRAINT ezworkflow_group1226_key PRIMARY KEY (id);







ALTER TABLE ONLY ezworkflow_group_link
    ADD CONSTRAINT ezworkflow_group_link1241_key PRIMARY KEY (workflow_id, group_id, workflow_version);







ALTER TABLE ONLY ezworkflow_process
    ADD CONSTRAINT ezworkflow_process1254_key PRIMARY KEY (id);







ALTER TABLE ONLY ezsite_data
    ADD CONSTRAINT ezsite_data_pkey PRIMARY KEY (name);







ALTER TABLE ONLY ezpdf_export
    ADD CONSTRAINT ezpdf_export_pkey PRIMARY KEY (id);







ALTER TABLE ONLY ezrss_export
    ADD CONSTRAINT ezrss_export_pkey PRIMARY KEY (id);







ALTER TABLE ONLY ezrss_export_item
    ADD CONSTRAINT ezrss_export_item_pkey PRIMARY KEY (id);







ALTER TABLE ONLY ezrss_import
    ADD CONSTRAINT ezrss_import_pkey PRIMARY KEY (id);







ALTER TABLE ONLY ezimagefile
    ADD CONSTRAINT ezimagefile_pkey PRIMARY KEY (id);







ALTER TABLE ONLY eztipafriend_counter
    ADD CONSTRAINT eztipafriend_counter_pkey PRIMARY KEY (node_id);







ALTER TABLE ONLY ezview_counter
    ADD CONSTRAINT ezview_counter_pkey PRIMARY KEY (node_id);







ALTER TABLE ONLY ezsubtree_notification_rule
    ADD CONSTRAINT tmp_notification_rule_pkey PRIMARY KEY (id);







SELECT pg_catalog.setval ('ezapprove_items_s', 1, false);







SELECT pg_catalog.setval ('ezbasket_s', 1, false);







SELECT pg_catalog.setval ('ezcollab_group_s', 1, false);







SELECT pg_catalog.setval ('ezcollab_item_s', 1, false);







SELECT pg_catalog.setval ('ezcollab_item_message_link_s', 1, false);







SELECT pg_catalog.setval ('ezcollab_notification_rule_s', 1, false);







SELECT pg_catalog.setval ('ezcollab_profile_s', 1, false);







SELECT pg_catalog.setval ('ezcollab_simple_message_s', 1, false);







SELECT pg_catalog.setval ('ezcontent_translation_s', 1, true);







SELECT pg_catalog.setval ('ezcontentbrowsebookmark_s', 1, false);







SELECT pg_catalog.setval ('ezcontentbrowserecent_s', 142, true);







SELECT pg_catalog.setval ('ezcontentclass_s', 29, false);







SELECT pg_catalog.setval ('ezcontentclass_attribute_s', 224, true);







SELECT pg_catalog.setval ('ezcontentclassgroup_s', 4, true);







SELECT pg_catalog.setval ('ezcontentobject_s', 336, true);







SELECT pg_catalog.setval ('ezcontentobject_attribute_s', 1163, true);







SELECT pg_catalog.setval ('ezcontentobject_link_s', 1, false);







SELECT pg_catalog.setval ('ezcontentobject_tree_s', 265, true);







SELECT pg_catalog.setval ('ezcontentobject_version_s', 1007, true);







SELECT pg_catalog.setval ('ezdiscountrule_s', 1, false);







SELECT pg_catalog.setval ('ezdiscountsubrule_s', 1, false);







SELECT pg_catalog.setval ('ezenumvalue_s', 1, false);







SELECT pg_catalog.setval ('ezforgot_password_s', 1, false);







SELECT pg_catalog.setval ('ezgeneral_digest_user_settings_s', 1, false);







SELECT pg_catalog.setval ('ezinfocollection_s', 25, true);







SELECT pg_catalog.setval ('ezinfocollection_attribute_s', 29, true);







SELECT pg_catalog.setval ('ezkeyword_s', 1, false);







SELECT pg_catalog.setval ('ezkeyword_attribute_link_s', 1, false);







SELECT pg_catalog.setval ('ezmessage_s', 1, false);







SELECT pg_catalog.setval ('ezmodule_run_s', 1, false);







SELECT pg_catalog.setval ('eznode_assignment_s', 709, true);







SELECT pg_catalog.setval ('eznotificationcollection_s', 1, false);







SELECT pg_catalog.setval ('eznotificationcollection_item_s', 1, false);







SELECT pg_catalog.setval ('eznotificationevent_s', 419, true);







SELECT pg_catalog.setval ('ezoperation_memento_s', 1, false);







SELECT pg_catalog.setval ('ezorder_s', 1, false);







SELECT pg_catalog.setval ('ezorder_item_s', 1, false);







SELECT pg_catalog.setval ('ezpolicy_s', 390, true);







SELECT pg_catalog.setval ('ezpolicy_limitation_s', 309, true);







SELECT pg_catalog.setval ('ezpolicy_limitation_value_s', 643, true);







SELECT pg_catalog.setval ('ezpreferences_s', 1, false);







SELECT pg_catalog.setval ('ezproductcollection_s', 1, false);







SELECT pg_catalog.setval ('ezproductcollection_item_s', 1, false);







SELECT pg_catalog.setval ('ezproductcollection_item_opt_s', 1, false);







SELECT pg_catalog.setval ('ezrole_s', 8, true);







SELECT pg_catalog.setval ('ezsearch_object_word_link_s', 13679, true);







SELECT pg_catalog.setval ('ezsearch_return_count_s', 1, false);







SELECT pg_catalog.setval ('ezsearch_search_phrase_s', 1, false);







SELECT pg_catalog.setval ('ezsearch_word_s', 3293, true);







SELECT pg_catalog.setval ('ezsection_s', 13, true);







SELECT pg_catalog.setval ('ezsubtree_notification_rule_s', 6, true);







SELECT pg_catalog.setval ('eztrigger_s', 1, false);







SELECT pg_catalog.setval ('ezurl_s', 1, true);







SELECT pg_catalog.setval ('ezurlalias_s', 2, true);







SELECT pg_catalog.setval ('ezuser_accountkey_s', 3, true);







SELECT pg_catalog.setval ('ezuser_discountrule_s', 1, false);







SELECT pg_catalog.setval ('ezuser_role_s', 34, true);







SELECT pg_catalog.setval ('ezvattype_s', 1, true);







SELECT pg_catalog.setval ('ezwaituntildatevalue_s', 1, false);







SELECT pg_catalog.setval ('ezwishlist_s', 1, false);







SELECT pg_catalog.setval ('ezworkflow_s', 1, false);







SELECT pg_catalog.setval ('ezworkflow_assign_s', 1, false);







SELECT pg_catalog.setval ('ezworkflow_event_s', 1, false);







SELECT pg_catalog.setval ('ezworkflow_group_s', 1, true);







SELECT pg_catalog.setval ('ezworkflow_process_s', 1, false);







SELECT pg_catalog.setval ('ezpdf_export_s', 1, false);







SELECT pg_catalog.setval ('ezrss_export_s', 1, false);







SELECT pg_catalog.setval ('ezrss_export_item_s', 1, false);







SELECT pg_catalog.setval ('ezrss_import_s', 1, false);







SELECT pg_catalog.setval ('ezimagefile_s', 122, true);


