




















































































INSERT INTO ezcontentclass (id, version, name, identifier, contentobject_name, creator_id, modifier_id, created, modified, remote_id) VALUES (1,0,'Folder','folder','<short_name|name>',14,14,1024392098,1082454875,'a3d405b81be900468eb153d774f4f0d2');
INSERT INTO ezcontentclass (id, version, name, identifier, contentobject_name, creator_id, modifier_id, created, modified, remote_id) VALUES (2,0,'Article','article','<short_name|title>',14,14,1024392098,1082454989,'c15b600eb9198b1924063b5a68758232');
INSERT INTO ezcontentclass (id, version, name, identifier, contentobject_name, creator_id, modifier_id, created, modified, remote_id) VALUES (3,0,'User group','user_group','<name>',14,14,1024392098,1048494743,'25b4268cdcd01921b808a0d854b877ef');
INSERT INTO ezcontentclass (id, version, name, identifier, contentobject_name, creator_id, modifier_id, created, modified, remote_id) VALUES (4,0,'User','user','<first_name> <last_name>',14,14,1024392098,1082018364,'40faa822edc579b02c25f6bb7beec3ad');
INSERT INTO ezcontentclass (id, version, name, identifier, contentobject_name, creator_id, modifier_id, created, modified, remote_id) VALUES (5,0,'Image','image','<name>',8,14,1031484992,1048494784,'f6df12aa74e36230eb675f364fccd25a');
INSERT INTO ezcontentclass (id, version, name, identifier, contentobject_name, creator_id, modifier_id, created, modified, remote_id) VALUES (11,0,'Link','link','<name>',14,14,1052385361,1082455072,'74ec6507063150bc813549b22534ad48');
INSERT INTO ezcontentclass (id, version, name, identifier, contentobject_name, creator_id, modifier_id, created, modified, remote_id) VALUES (12,0,'File','file','<name>',14,14,1052385472,1052385669,'637d58bfddf164627bdfd265733280a0');
INSERT INTO ezcontentclass (id, version, name, identifier, contentobject_name, creator_id, modifier_id, created, modified, remote_id) VALUES (13,0,'Comment','comment','<subject>',14,14,1052385685,1082455144,'000c14f4f475e9f2955dedab72799941');
INSERT INTO ezcontentclass (id, version, name, identifier, contentobject_name, creator_id, modifier_id, created, modified, remote_id) VALUES (14,0,'Common ini settings','common_ini_settings','<name>',14,14,1081858024,1081858024,'ffedf2e73b1ea0c3e630e42e2db9c900');
INSERT INTO ezcontentclass (id, version, name, identifier, contentobject_name, creator_id, modifier_id, created, modified, remote_id) VALUES (15,0,'Template look','template_look','<title>',14,14,1081858045,1081858045,'59b43cd9feaaf0e45ac974fb4bbd3f92');





INSERT INTO ezcontentclass_attribute (id, version, contentclass_id, identifier, name, data_type_string, is_searchable, is_required, placement, data_int1, data_int2, data_int3, data_int4, data_float1, data_float2, data_float3, data_float4, data_text1, data_text2, data_text3, data_text4, data_text5, is_information_collector, can_translate) VALUES (116,0,5,'name','Name','ezstring',1,1,1,150,0,0,0,0,0,0,0,'','','','',NULL,0,1);
INSERT INTO ezcontentclass_attribute (id, version, contentclass_id, identifier, name, data_type_string, is_searchable, is_required, placement, data_int1, data_int2, data_int3, data_int4, data_float1, data_float2, data_float3, data_float4, data_text1, data_text2, data_text3, data_text4, data_text5, is_information_collector, can_translate) VALUES (6,0,3,'name','Name','ezstring',1,1,1,255,0,0,0,0,0,0,0,'','','','',NULL,0,1);
INSERT INTO ezcontentclass_attribute (id, version, contentclass_id, identifier, name, data_type_string, is_searchable, is_required, placement, data_int1, data_int2, data_int3, data_int4, data_float1, data_float2, data_float3, data_float4, data_text1, data_text2, data_text3, data_text4, data_text5, is_information_collector, can_translate) VALUES (7,0,3,'description','Description','ezstring',1,0,2,255,0,0,0,0,0,0,0,'','','','',NULL,0,1);
INSERT INTO ezcontentclass_attribute (id, version, contentclass_id, identifier, name, data_type_string, is_searchable, is_required, placement, data_int1, data_int2, data_int3, data_int4, data_float1, data_float2, data_float3, data_float4, data_text1, data_text2, data_text3, data_text4, data_text5, is_information_collector, can_translate) VALUES (118,0,5,'image','Image','ezimage',0,0,3,2,0,0,0,0,0,0,0,'','','','',NULL,0,1);
INSERT INTO ezcontentclass_attribute (id, version, contentclass_id, identifier, name, data_type_string, is_searchable, is_required, placement, data_int1, data_int2, data_int3, data_int4, data_float1, data_float2, data_float3, data_float4, data_text1, data_text2, data_text3, data_text4, data_text5, is_information_collector, can_translate) VALUES (151,0,13,'message','Message','eztext',1,1,3,20,0,0,0,0,0,0,0,'','','','','',0,1);
INSERT INTO ezcontentclass_attribute (id, version, contentclass_id, identifier, name, data_type_string, is_searchable, is_required, placement, data_int1, data_int2, data_int3, data_int4, data_float1, data_float2, data_float3, data_float4, data_text1, data_text2, data_text3, data_text4, data_text5, is_information_collector, can_translate) VALUES (149,0,13,'subject','Subject','ezstring',1,1,1,100,0,0,0,0,0,0,0,'','','','','',0,1);
INSERT INTO ezcontentclass_attribute (id, version, contentclass_id, identifier, name, data_type_string, is_searchable, is_required, placement, data_int1, data_int2, data_int3, data_int4, data_float1, data_float2, data_float3, data_float4, data_text1, data_text2, data_text3, data_text4, data_text5, is_information_collector, can_translate) VALUES (150,0,13,'author','Author','ezstring',1,1,2,0,0,0,0,0,0,0,0,'','','','','',0,1);
INSERT INTO ezcontentclass_attribute (id, version, contentclass_id, identifier, name, data_type_string, is_searchable, is_required, placement, data_int1, data_int2, data_int3, data_int4, data_float1, data_float2, data_float3, data_float4, data_text1, data_text2, data_text3, data_text4, data_text5, is_information_collector, can_translate) VALUES (117,0,5,'caption','Caption','ezxmltext',1,0,2,10,0,0,0,0,0,0,0,'','','','',NULL,0,1);
INSERT INTO ezcontentclass_attribute (id, version, contentclass_id, identifier, name, data_type_string, is_searchable, is_required, placement, data_int1, data_int2, data_int3, data_int4, data_float1, data_float2, data_float3, data_float4, data_text1, data_text2, data_text3, data_text4, data_text5, is_information_collector, can_translate) VALUES (180,0,4,'image','Image','ezimage',0,0,5,1,0,0,0,0,0,0,0,'','','','','',0,1);
INSERT INTO ezcontentclass_attribute (id, version, contentclass_id, identifier, name, data_type_string, is_searchable, is_required, placement, data_int1, data_int2, data_int3, data_int4, data_float1, data_float2, data_float3, data_float4, data_text1, data_text2, data_text3, data_text4, data_text5, is_information_collector, can_translate) VALUES (145,0,11,'location','Location','ezurl',0,0,3,0,0,0,0,0,0,0,0,'','','','','',0,1);
INSERT INTO ezcontentclass_attribute (id, version, contentclass_id, identifier, name, data_type_string, is_searchable, is_required, placement, data_int1, data_int2, data_int3, data_int4, data_float1, data_float2, data_float3, data_float4, data_text1, data_text2, data_text3, data_text4, data_text5, is_information_collector, can_translate) VALUES (143,0,11,'name','Name','ezstring',1,1,1,255,0,0,0,0,0,0,0,'','','','','',0,1);
INSERT INTO ezcontentclass_attribute (id, version, contentclass_id, identifier, name, data_type_string, is_searchable, is_required, placement, data_int1, data_int2, data_int3, data_int4, data_float1, data_float2, data_float3, data_float4, data_text1, data_text2, data_text3, data_text4, data_text5, is_information_collector, can_translate) VALUES (146,0,12,'name','Name','ezstring',1,1,1,0,0,0,0,0,0,0,0,'New file','','','',NULL,0,1);
INSERT INTO ezcontentclass_attribute (id, version, contentclass_id, identifier, name, data_type_string, is_searchable, is_required, placement, data_int1, data_int2, data_int3, data_int4, data_float1, data_float2, data_float3, data_float4, data_text1, data_text2, data_text3, data_text4, data_text5, is_information_collector, can_translate) VALUES (148,0,12,'file','File','ezbinaryfile',0,1,3,0,0,0,0,0,0,0,0,'','','','',NULL,0,1);
INSERT INTO ezcontentclass_attribute (id, version, contentclass_id, identifier, name, data_type_string, is_searchable, is_required, placement, data_int1, data_int2, data_int3, data_int4, data_float1, data_float2, data_float3, data_float4, data_text1, data_text2, data_text3, data_text4, data_text5, is_information_collector, can_translate) VALUES (147,0,12,'description','Description','ezxmltext',1,0,2,10,0,0,0,0,0,0,0,'','','','',NULL,0,1);
INSERT INTO ezcontentclass_attribute (id, version, contentclass_id, identifier, name, data_type_string, is_searchable, is_required, placement, data_int1, data_int2, data_int3, data_int4, data_float1, data_float2, data_float3, data_float4, data_text1, data_text2, data_text3, data_text4, data_text5, is_information_collector, can_translate) VALUES (120,0,2,'intro','Intro','ezxmltext',1,1,4,10,0,0,0,0,0,0,0,'','','','','',0,1);
INSERT INTO ezcontentclass_attribute (id, version, contentclass_id, identifier, name, data_type_string, is_searchable, is_required, placement, data_int1, data_int2, data_int3, data_int4, data_float1, data_float2, data_float3, data_float4, data_text1, data_text2, data_text3, data_text4, data_text5, is_information_collector, can_translate) VALUES (121,0,2,'body','Body','ezxmltext',1,0,5,20,0,0,0,0,0,0,0,'','','','','',0,1);
INSERT INTO ezcontentclass_attribute (id, version, contentclass_id, identifier, name, data_type_string, is_searchable, is_required, placement, data_int1, data_int2, data_int3, data_int4, data_float1, data_float2, data_float3, data_float4, data_text1, data_text2, data_text3, data_text4, data_text5, is_information_collector, can_translate) VALUES (158,0,1,'show_children','Show children','ezboolean',1,0,5,0,0,1,0,0,0,0,0,'','','','','',0,0);
INSERT INTO ezcontentclass_attribute (id, version, contentclass_id, identifier, name, data_type_string, is_searchable, is_required, placement, data_int1, data_int2, data_int3, data_int4, data_float1, data_float2, data_float3, data_float4, data_text1, data_text2, data_text3, data_text4, data_text5, is_information_collector, can_translate) VALUES (144,0,11,'description','Description','ezxmltext',1,0,2,20,0,0,0,0,0,0,0,'','','','','',0,1);
INSERT INTO ezcontentclass_attribute (id, version, contentclass_id, identifier, name, data_type_string, is_searchable, is_required, placement, data_int1, data_int2, data_int3, data_int4, data_float1, data_float2, data_float3, data_float4, data_text1, data_text2, data_text3, data_text4, data_text5, is_information_collector, can_translate) VALUES (154,0,2,'image','Image','ezobjectrelation',1,0,7,0,0,0,0,0,0,0,0,'','','','','',0,1);
INSERT INTO ezcontentclass_attribute (id, version, contentclass_id, identifier, name, data_type_string, is_searchable, is_required, placement, data_int1, data_int2, data_int3, data_int4, data_float1, data_float2, data_float3, data_float4, data_text1, data_text2, data_text3, data_text4, data_text5, is_information_collector, can_translate) VALUES (159,0,14,'name','Name','ezstring',1,0,1,0,0,0,0,0,0,0,0,'','','','','',0,1);
INSERT INTO ezcontentclass_attribute (id, version, contentclass_id, identifier, name, data_type_string, is_searchable, is_required, placement, data_int1, data_int2, data_int3, data_int4, data_float1, data_float2, data_float3, data_float4, data_text1, data_text2, data_text3, data_text4, data_text5, is_information_collector, can_translate) VALUES (160,0,14,'indexpage','Index Page','ezinisetting',0,0,2,1,0,0,0,0,0,0,0,'site.ini','SiteSettings','IndexPage','','override;user;admin;demo',0,1);
INSERT INTO ezcontentclass_attribute (id, version, contentclass_id, identifier, name, data_type_string, is_searchable, is_required, placement, data_int1, data_int2, data_int3, data_int4, data_float1, data_float2, data_float3, data_float4, data_text1, data_text2, data_text3, data_text4, data_text5, is_information_collector, can_translate) VALUES (161,0,14,'defaultpage','Default Page','ezinisetting',0,0,3,1,0,0,0,0,0,0,0,'site.ini','SiteSettings','DefaultPage','','override;user;admin;demo',0,1);
INSERT INTO ezcontentclass_attribute (id, version, contentclass_id, identifier, name, data_type_string, is_searchable, is_required, placement, data_int1, data_int2, data_int3, data_int4, data_float1, data_float2, data_float3, data_float4, data_text1, data_text2, data_text3, data_text4, data_text5, is_information_collector, can_translate) VALUES (162,0,14,'debugoutput','Debug Output','ezinisetting',0,0,4,2,0,0,0,0,0,0,0,'site.ini','DebugSettings','DebugOutput','','override;user;admin;demo',0,1);
INSERT INTO ezcontentclass_attribute (id, version, contentclass_id, identifier, name, data_type_string, is_searchable, is_required, placement, data_int1, data_int2, data_int3, data_int4, data_float1, data_float2, data_float3, data_float4, data_text1, data_text2, data_text3, data_text4, data_text5, is_information_collector, can_translate) VALUES (163,0,14,'debugbyip','Debug By IP','ezinisetting',0,0,5,2,0,0,0,0,0,0,0,'site.ini','DebugSettings','DebugByIP','','override;user;admin;demo',0,1);
INSERT INTO ezcontentclass_attribute (id, version, contentclass_id, identifier, name, data_type_string, is_searchable, is_required, placement, data_int1, data_int2, data_int3, data_int4, data_float1, data_float2, data_float3, data_float4, data_text1, data_text2, data_text3, data_text4, data_text5, is_information_collector, can_translate) VALUES (164,0,14,'debugiplist','Debug IP List','ezinisetting',0,0,6,6,0,0,0,0,0,0,0,'site.ini','DebugSettings','DebugIPList','','override;user;admin;demo',0,1);
INSERT INTO ezcontentclass_attribute (id, version, contentclass_id, identifier, name, data_type_string, is_searchable, is_required, placement, data_int1, data_int2, data_int3, data_int4, data_float1, data_float2, data_float3, data_float4, data_text1, data_text2, data_text3, data_text4, data_text5, is_information_collector, can_translate) VALUES (165,0,14,'debugredirection','Debug Redirection','ezinisetting',0,0,7,2,0,0,0,0,0,0,0,'site.ini','DebugSettings','DebugRedirection','','override;user;admin;demo',0,1);
INSERT INTO ezcontentclass_attribute (id, version, contentclass_id, identifier, name, data_type_string, is_searchable, is_required, placement, data_int1, data_int2, data_int3, data_int4, data_float1, data_float2, data_float3, data_float4, data_text1, data_text2, data_text3, data_text4, data_text5, is_information_collector, can_translate) VALUES (166,0,14,'viewcaching','View Caching','ezinisetting',0,0,8,2,0,0,0,0,0,0,0,'site.ini','ContentSettings','ViewCaching','','override;user;admin;demo',0,1);
INSERT INTO ezcontentclass_attribute (id, version, contentclass_id, identifier, name, data_type_string, is_searchable, is_required, placement, data_int1, data_int2, data_int3, data_int4, data_float1, data_float2, data_float3, data_float4, data_text1, data_text2, data_text3, data_text4, data_text5, is_information_collector, can_translate) VALUES (167,0,14,'templatecache','Template Cache','ezinisetting',0,0,9,2,0,0,0,0,0,0,0,'site.ini','TemplateSettings','TemplateCache','','override;user;admin;demo',0,1);
INSERT INTO ezcontentclass_attribute (id, version, contentclass_id, identifier, name, data_type_string, is_searchable, is_required, placement, data_int1, data_int2, data_int3, data_int4, data_float1, data_float2, data_float3, data_float4, data_text1, data_text2, data_text3, data_text4, data_text5, is_information_collector, can_translate) VALUES (168,0,14,'templatecompile','Template Compile','ezinisetting',0,0,10,2,0,0,0,0,0,0,0,'site.ini','TemplateSettings','TemplateCompile','','override;user;admin;demo',0,1);
INSERT INTO ezcontentclass_attribute (id, version, contentclass_id, identifier, name, data_type_string, is_searchable, is_required, placement, data_int1, data_int2, data_int3, data_int4, data_float1, data_float2, data_float3, data_float4, data_text1, data_text2, data_text3, data_text4, data_text5, is_information_collector, can_translate) VALUES (169,0,14,'imagesmall','Image Small Size','ezinisetting',0,0,11,6,0,0,0,0,0,0,0,'image.ini','small','Filters','','override;user;admin;demo',0,1);
INSERT INTO ezcontentclass_attribute (id, version, contentclass_id, identifier, name, data_type_string, is_searchable, is_required, placement, data_int1, data_int2, data_int3, data_int4, data_float1, data_float2, data_float3, data_float4, data_text1, data_text2, data_text3, data_text4, data_text5, is_information_collector, can_translate) VALUES (170,0,14,'imagemedium','Image Medium Size','ezinisetting',0,0,12,6,0,0,0,0,0,0,0,'image.ini','medium','Filters','','override;user;admin;demo',0,1);
INSERT INTO ezcontentclass_attribute (id, version, contentclass_id, identifier, name, data_type_string, is_searchable, is_required, placement, data_int1, data_int2, data_int3, data_int4, data_float1, data_float2, data_float3, data_float4, data_text1, data_text2, data_text3, data_text4, data_text5, is_information_collector, can_translate) VALUES (171,0,14,'imagelarge','Image Large Size','ezinisetting',0,0,13,6,0,0,0,0,0,0,0,'image.ini','large','Filters','','override;user;admin;demo',0,1);
INSERT INTO ezcontentclass_attribute (id, version, contentclass_id, identifier, name, data_type_string, is_searchable, is_required, placement, data_int1, data_int2, data_int3, data_int4, data_float1, data_float2, data_float3, data_float4, data_text1, data_text2, data_text3, data_text4, data_text5, is_information_collector, can_translate) VALUES (172,0,15,'title','Title','ezinisetting',0,0,1,1,0,0,0,0,0,0,0,'site.ini','SiteSettings','SiteName','','override;user;admin;demo',0,1);
INSERT INTO ezcontentclass_attribute (id, version, contentclass_id, identifier, name, data_type_string, is_searchable, is_required, placement, data_int1, data_int2, data_int3, data_int4, data_float1, data_float2, data_float3, data_float4, data_text1, data_text2, data_text3, data_text4, data_text5, is_information_collector, can_translate) VALUES (173,0,15,'meta_data','Meta data','ezinisetting',0,0,2,6,0,0,0,0,0,0,0,'site.ini','SiteSettings','MetaDataArray','','override;user;admin;demo',0,1);
INSERT INTO ezcontentclass_attribute (id, version, contentclass_id, identifier, name, data_type_string, is_searchable, is_required, placement, data_int1, data_int2, data_int3, data_int4, data_float1, data_float2, data_float3, data_float4, data_text1, data_text2, data_text3, data_text4, data_text5, is_information_collector, can_translate) VALUES (174,0,15,'image','Image','ezimage',0,0,3,0,0,0,0,0,0,0,0,'','','','','',0,1);
INSERT INTO ezcontentclass_attribute (id, version, contentclass_id, identifier, name, data_type_string, is_searchable, is_required, placement, data_int1, data_int2, data_int3, data_int4, data_float1, data_float2, data_float3, data_float4, data_text1, data_text2, data_text3, data_text4, data_text5, is_information_collector, can_translate) VALUES (175,0,15,'sitestyle','Sitestyle','ezpackage',0,0,4,0,0,0,0,0,0,0,0,'sitestyle','','','','',0,1);
INSERT INTO ezcontentclass_attribute (id, version, contentclass_id, identifier, name, data_type_string, is_searchable, is_required, placement, data_int1, data_int2, data_int3, data_int4, data_float1, data_float2, data_float3, data_float4, data_text1, data_text2, data_text3, data_text4, data_text5, is_information_collector, can_translate) VALUES (176,0,15,'id','id','ezstring',1,0,5,0,0,0,0,0,0,0,0,'','','','','',0,1);
INSERT INTO ezcontentclass_attribute (id, version, contentclass_id, identifier, name, data_type_string, is_searchable, is_required, placement, data_int1, data_int2, data_int3, data_int4, data_float1, data_float2, data_float3, data_float4, data_text1, data_text2, data_text3, data_text4, data_text5, is_information_collector, can_translate) VALUES (177,0,15,'email','Email','ezinisetting',0,0,6,1,0,0,0,0,0,0,0,'site.ini','MailSettings','AdminEmail','','override;user;admin;demo',0,1);
INSERT INTO ezcontentclass_attribute (id, version, contentclass_id, identifier, name, data_type_string, is_searchable, is_required, placement, data_int1, data_int2, data_int3, data_int4, data_float1, data_float2, data_float3, data_float4, data_text1, data_text2, data_text3, data_text4, data_text5, is_information_collector, can_translate) VALUES (178,0,15,'siteurl','Site URL','ezinisetting',0,0,7,1,0,0,0,0,0,0,0,'site.ini','SiteSettings','SiteURL','','override;user;admin;demo',0,1);
INSERT INTO ezcontentclass_attribute (id, version, contentclass_id, identifier, name, data_type_string, is_searchable, is_required, placement, data_int1, data_int2, data_int3, data_int4, data_float1, data_float2, data_float3, data_float4, data_text1, data_text2, data_text3, data_text4, data_text5, is_information_collector, can_translate) VALUES (179,0,4,'signature','Signature','eztext',1,0,4,10,0,0,0,0,0,0,0,'','','','','',0,1);
INSERT INTO ezcontentclass_attribute (id, version, contentclass_id, identifier, name, data_type_string, is_searchable, is_required, placement, data_int1, data_int2, data_int3, data_int4, data_float1, data_float2, data_float3, data_float4, data_text1, data_text2, data_text3, data_text4, data_text5, is_information_collector, can_translate) VALUES (12,0,4,'user_account','User account','ezuser',1,1,3,0,0,0,0,0,0,0,0,'','','','','',0,1);
INSERT INTO ezcontentclass_attribute (id, version, contentclass_id, identifier, name, data_type_string, is_searchable, is_required, placement, data_int1, data_int2, data_int3, data_int4, data_float1, data_float2, data_float3, data_float4, data_text1, data_text2, data_text3, data_text4, data_text5, is_information_collector, can_translate) VALUES (9,0,4,'last_name','Last name','ezstring',1,1,2,255,0,0,0,0,0,0,0,'','','','','',0,1);
INSERT INTO ezcontentclass_attribute (id, version, contentclass_id, identifier, name, data_type_string, is_searchable, is_required, placement, data_int1, data_int2, data_int3, data_int4, data_float1, data_float2, data_float3, data_float4, data_text1, data_text2, data_text3, data_text4, data_text5, is_information_collector, can_translate) VALUES (8,0,4,'first_name','First name','ezstring',1,1,1,255,0,0,0,0,0,0,0,'','','','','',0,1);
INSERT INTO ezcontentclass_attribute (id, version, contentclass_id, identifier, name, data_type_string, is_searchable, is_required, placement, data_int1, data_int2, data_int3, data_int4, data_float1, data_float2, data_float3, data_float4, data_text1, data_text2, data_text3, data_text4, data_text5, is_information_collector, can_translate) VALUES (156,0,1,'description','Description','ezxmltext',1,0,4,20,0,0,0,0,0,0,0,'','','','','',0,1);
INSERT INTO ezcontentclass_attribute (id, version, contentclass_id, identifier, name, data_type_string, is_searchable, is_required, placement, data_int1, data_int2, data_int3, data_int4, data_float1, data_float2, data_float3, data_float4, data_text1, data_text2, data_text3, data_text4, data_text5, is_information_collector, can_translate) VALUES (119,0,1,'short_description','Short description','ezxmltext',1,0,3,5,0,0,0,0,0,0,0,'','','','','',0,1);
INSERT INTO ezcontentclass_attribute (id, version, contentclass_id, identifier, name, data_type_string, is_searchable, is_required, placement, data_int1, data_int2, data_int3, data_int4, data_float1, data_float2, data_float3, data_float4, data_text1, data_text2, data_text3, data_text4, data_text5, is_information_collector, can_translate) VALUES (155,0,1,'short_name','Short name','ezstring',1,0,2,100,0,0,0,0,0,0,0,'','','','','',0,1);
INSERT INTO ezcontentclass_attribute (id, version, contentclass_id, identifier, name, data_type_string, is_searchable, is_required, placement, data_int1, data_int2, data_int3, data_int4, data_float1, data_float2, data_float3, data_float4, data_text1, data_text2, data_text3, data_text4, data_text5, is_information_collector, can_translate) VALUES (4,0,1,'name','Name','ezstring',1,1,1,255,0,0,0,0,0,0,0,'Folder','','','','',0,1);
INSERT INTO ezcontentclass_attribute (id, version, contentclass_id, identifier, name, data_type_string, is_searchable, is_required, placement, data_int1, data_int2, data_int3, data_int4, data_float1, data_float2, data_float3, data_float4, data_text1, data_text2, data_text3, data_text4, data_text5, is_information_collector, can_translate) VALUES (123,0,2,'enable_comments','Enable comments','ezboolean',0,0,6,0,0,0,0,0,0,0,0,'','','','','',0,0);
INSERT INTO ezcontentclass_attribute (id, version, contentclass_id, identifier, name, data_type_string, is_searchable, is_required, placement, data_int1, data_int2, data_int3, data_int4, data_float1, data_float2, data_float3, data_float4, data_text1, data_text2, data_text3, data_text4, data_text5, is_information_collector, can_translate) VALUES (153,0,2,'author','Author','ezauthor',0,0,3,0,0,0,0,0,0,0,0,'','','','','',0,1);
INSERT INTO ezcontentclass_attribute (id, version, contentclass_id, identifier, name, data_type_string, is_searchable, is_required, placement, data_int1, data_int2, data_int3, data_int4, data_float1, data_float2, data_float3, data_float4, data_text1, data_text2, data_text3, data_text4, data_text5, is_information_collector, can_translate) VALUES (152,0,2,'short_title','Short title','ezstring',1,0,2,255,0,0,0,0,0,0,0,'','','','','',0,1);
INSERT INTO ezcontentclass_attribute (id, version, contentclass_id, identifier, name, data_type_string, is_searchable, is_required, placement, data_int1, data_int2, data_int3, data_int4, data_float1, data_float2, data_float3, data_float4, data_text1, data_text2, data_text3, data_text4, data_text5, is_information_collector, can_translate) VALUES (1,0,2,'title','Title','ezstring',1,1,1,255,0,0,0,0,0,0,0,'New article','','','','',0,1);





INSERT INTO ezcontentclass_classgroup (contentclass_id, contentclass_version, group_id, group_name) VALUES (1,0,1,'Content');
INSERT INTO ezcontentclass_classgroup (contentclass_id, contentclass_version, group_id, group_name) VALUES (2,0,1,'Content');
INSERT INTO ezcontentclass_classgroup (contentclass_id, contentclass_version, group_id, group_name) VALUES (4,0,2,'Content');
INSERT INTO ezcontentclass_classgroup (contentclass_id, contentclass_version, group_id, group_name) VALUES (5,0,3,'Media');
INSERT INTO ezcontentclass_classgroup (contentclass_id, contentclass_version, group_id, group_name) VALUES (3,0,2,'');
INSERT INTO ezcontentclass_classgroup (contentclass_id, contentclass_version, group_id, group_name) VALUES (6,0,1,'Content');
INSERT INTO ezcontentclass_classgroup (contentclass_id, contentclass_version, group_id, group_name) VALUES (7,0,1,'Content');
INSERT INTO ezcontentclass_classgroup (contentclass_id, contentclass_version, group_id, group_name) VALUES (8,0,1,'Content');
INSERT INTO ezcontentclass_classgroup (contentclass_id, contentclass_version, group_id, group_name) VALUES (9,0,1,'Content');
INSERT INTO ezcontentclass_classgroup (contentclass_id, contentclass_version, group_id, group_name) VALUES (11,0,1,'Content');
INSERT INTO ezcontentclass_classgroup (contentclass_id, contentclass_version, group_id, group_name) VALUES (12,0,3,'Media');
INSERT INTO ezcontentclass_classgroup (contentclass_id, contentclass_version, group_id, group_name) VALUES (13,0,1,'Content');
INSERT INTO ezcontentclass_classgroup (contentclass_id, contentclass_version, group_id, group_name) VALUES (14,0,4,'Setup');
INSERT INTO ezcontentclass_classgroup (contentclass_id, contentclass_version, group_id, group_name) VALUES (15,0,4,'Setup');





INSERT INTO ezcontentclassgroup (id, name, creator_id, modifier_id, created, modified) VALUES (1,'Content',1,14,1031216928,1033922106);
INSERT INTO ezcontentclassgroup (id, name, creator_id, modifier_id, created, modified) VALUES (2,'Users',1,14,1031216941,1033922113);
INSERT INTO ezcontentclassgroup (id, name, creator_id, modifier_id, created, modified) VALUES (3,'Media',8,14,1032009743,1033922120);
INSERT INTO ezcontentclassgroup (id, name, creator_id, modifier_id, created, modified) VALUES (4,'Setup',14,14,1081858024,1081858024);





INSERT INTO ezcontentobject (id, owner_id, section_id, contentclass_id, name, current_version, is_published, published, modified, status, remote_id) VALUES (1,14,1,1,'eZ publish',2,0,1033917596,1082368572,1,'9459d3c29e15006e45197295722c7ade');
INSERT INTO ezcontentobject (id, owner_id, section_id, contentclass_id, name, current_version, is_published, published, modified, status, remote_id) VALUES (4,14,2,3,'Users',1,0,1033917596,1033917596,1,'f5c88a2209584891056f987fd965b0ba');
INSERT INTO ezcontentobject (id, owner_id, section_id, contentclass_id, name, current_version, is_published, published, modified, status, remote_id) VALUES (10,14,2,4,'Anonymous User',2,0,1033920665,1072180405,1,'faaeb9be3bd98ed09f606fc16d144eca');
INSERT INTO ezcontentobject (id, owner_id, section_id, contentclass_id, name, current_version, is_published, published, modified, status, remote_id) VALUES (11,14,2,3,'Guest accounts',1,0,1033920746,1033920746,1,'5f7f0bdb3381d6a461d8c29ff53d908f');
INSERT INTO ezcontentobject (id, owner_id, section_id, contentclass_id, name, current_version, is_published, published, modified, status, remote_id) VALUES (12,14,2,3,'Administrator users',1,0,1033920775,1033920775,1,'9b47a45624b023b1a76c73b74d704acf');
INSERT INTO ezcontentobject (id, owner_id, section_id, contentclass_id, name, current_version, is_published, published, modified, status, remote_id) VALUES (13,14,2,3,'Editors',1,0,1033920794,1033920794,1,'3c160cca19fb135f83bd02d911f04db2');
INSERT INTO ezcontentobject (id, owner_id, section_id, contentclass_id, name, current_version, is_published, published, modified, status, remote_id) VALUES (14,14,2,4,'Administrator User',1,0,1033920830,1033920830,1,'1bb4fe25487f05527efa8bfd394cecc7');
INSERT INTO ezcontentobject (id, owner_id, section_id, contentclass_id, name, current_version, is_published, published, modified, status, remote_id) VALUES (41,14,3,1,'Media',1,0,1060695457,1060695457,1,'a6e35cbcb7cd6ae4b691f3eee30cd262');
INSERT INTO ezcontentobject (id, owner_id, section_id, contentclass_id, name, current_version, is_published, published, modified, status, remote_id) VALUES (42,14,2,3,'Anonymous Users',1,0,1072180330,1072180330,1,'15b256dbea2ae72418ff5facc999e8f9');
INSERT INTO ezcontentobject (id, owner_id, section_id, contentclass_id, name, current_version, is_published, published, modified, status, remote_id) VALUES (45,14,4,1,'Setup',1,0,1079684190,1079684190,1,'241d538ce310074e602f29f49e44e938');
INSERT INTO ezcontentobject (id, owner_id, section_id, contentclass_id, name, current_version, is_published, published, modified, status, remote_id) VALUES (49,14,3,1,'Images',1,0,1080220197,1080220197,1,'e7ff633c6b8e0fd3531e74c6e712bead');
INSERT INTO ezcontentobject (id, owner_id, section_id, contentclass_id, name, current_version, is_published, published, modified, status, remote_id) VALUES (50,14,3,1,'Files',1,0,1080220220,1080220220,1,'732a5acd01b51a6fe6eab448ad4138a9');
INSERT INTO ezcontentobject (id, owner_id, section_id, contentclass_id, name, current_version, is_published, published, modified, status, remote_id) VALUES (51,14,3,1,'Multimedia',1,0,1080220233,1080220233,1,'09082deb98662a104f325aaa8c4933d3');
INSERT INTO ezcontentobject (id, owner_id, section_id, contentclass_id, name, current_version, is_published, published, modified, status, remote_id) VALUES (52,14,4,14,'Common INI settings',1,0,1082016591,1082016591,1,'27437f3547db19cf81a33c92578b2c89');
INSERT INTO ezcontentobject (id, owner_id, section_id, contentclass_id, name, current_version, is_published, published, modified, status, remote_id) VALUES (53,14,4,14,'New Common ini settings',1,0,0,0,0,'27437f3547db19cf81a33c92578b2c89');
INSERT INTO ezcontentobject (id, owner_id, section_id, contentclass_id, name, current_version, is_published, published, modified, status, remote_id) VALUES (54,14,4,15,'eZ publish',1,0,1082016652,1082016652,1,'8b8b22fe3c6061ed500fbd2b377b885f');
INSERT INTO ezcontentobject (id, owner_id, section_id, contentclass_id, name, current_version, is_published, published, modified, status, remote_id) VALUES (55,14,4,15,'New Template look',1,0,0,0,0,'8b8b22fe3c6061ed500fbd2b377b885f');





INSERT INTO ezcontentobject_attribute (id, language_code, version, contentobject_id, contentclassattribute_id, data_text, data_int, data_float, attribute_original_id, sort_key_int, sort_key_string, data_type_string) VALUES (7,'eng-GB',1,4,7,'Main group',NULL,NULL,0,0,'','ezstring');
INSERT INTO ezcontentobject_attribute (id, language_code, version, contentobject_id, contentclassattribute_id, data_text, data_int, data_float, attribute_original_id, sort_key_int, sort_key_string, data_type_string) VALUES (8,'eng-GB',1,4,6,'Users',NULL,NULL,0,0,'','ezstring');
INSERT INTO ezcontentobject_attribute (id, language_code, version, contentobject_id, contentclassattribute_id, data_text, data_int, data_float, attribute_original_id, sort_key_int, sort_key_string, data_type_string) VALUES (22,'eng-GB',1,11,6,'Guest accounts',0,0,0,0,'','ezstring');
INSERT INTO ezcontentobject_attribute (id, language_code, version, contentobject_id, contentclassattribute_id, data_text, data_int, data_float, attribute_original_id, sort_key_int, sort_key_string, data_type_string) VALUES (23,'eng-GB',1,11,7,'',0,0,0,0,'','ezstring');
INSERT INTO ezcontentobject_attribute (id, language_code, version, contentobject_id, contentclassattribute_id, data_text, data_int, data_float, attribute_original_id, sort_key_int, sort_key_string, data_type_string) VALUES (24,'eng-GB',1,12,6,'Administrator users',0,0,0,0,'','ezstring');
INSERT INTO ezcontentobject_attribute (id, language_code, version, contentobject_id, contentclassattribute_id, data_text, data_int, data_float, attribute_original_id, sort_key_int, sort_key_string, data_type_string) VALUES (25,'eng-GB',1,12,7,'',0,0,0,0,'','ezstring');
INSERT INTO ezcontentobject_attribute (id, language_code, version, contentobject_id, contentclassattribute_id, data_text, data_int, data_float, attribute_original_id, sort_key_int, sort_key_string, data_type_string) VALUES (26,'eng-GB',1,13,6,'Editors',0,0,0,0,'','ezstring');
INSERT INTO ezcontentobject_attribute (id, language_code, version, contentobject_id, contentclassattribute_id, data_text, data_int, data_float, attribute_original_id, sort_key_int, sort_key_string, data_type_string) VALUES (27,'eng-GB',1,13,7,'',0,0,0,0,'','ezstring');
INSERT INTO ezcontentobject_attribute (id, language_code, version, contentobject_id, contentclassattribute_id, data_text, data_int, data_float, attribute_original_id, sort_key_int, sort_key_string, data_type_string) VALUES (28,'eng-GB',1,14,8,'Administrator',0,0,0,0,'','ezstring');
INSERT INTO ezcontentobject_attribute (id, language_code, version, contentobject_id, contentclassattribute_id, data_text, data_int, data_float, attribute_original_id, sort_key_int, sort_key_string, data_type_string) VALUES (29,'eng-GB',1,14,9,'User',0,0,0,0,'','ezstring');
INSERT INTO ezcontentobject_attribute (id, language_code, version, contentobject_id, contentclassattribute_id, data_text, data_int, data_float, attribute_original_id, sort_key_int, sort_key_string, data_type_string) VALUES (30,'eng-GB',1,14,12,'',0,0,0,0,'','ezuser');
INSERT INTO ezcontentobject_attribute (id, language_code, version, contentobject_id, contentclassattribute_id, data_text, data_int, data_float, attribute_original_id, sort_key_int, sort_key_string, data_type_string) VALUES (98,'eng-GB',1,41,4,'Media',0,0,0,0,'','ezstring');
INSERT INTO ezcontentobject_attribute (id, language_code, version, contentobject_id, contentclassattribute_id, data_text, data_int, data_float, attribute_original_id, sort_key_int, sort_key_string, data_type_string) VALUES (99,'eng-GB',1,41,119,'<?xml version=\"1.0\" encoding=\"iso-8859-1\"?>\n<section xmlns:image=\"http://ez.no/namespaces/ezpublish3/image/\"\n         xmlns:xhtml=\"http://ez.no/namespaces/ezpublish3/xhtml/\"\n         xmlns:custom=\"http://ez.no/namespaces/ezpublish3/custom/\" />',1045487555,0,0,0,'','ezxmltext');
INSERT INTO ezcontentobject_attribute (id, language_code, version, contentobject_id, contentclassattribute_id, data_text, data_int, data_float, attribute_original_id, sort_key_int, sort_key_string, data_type_string) VALUES (100,'eng-GB',1,42,6,'Anonymous Users',0,0,0,0,'anonymous users','ezstring');
INSERT INTO ezcontentobject_attribute (id, language_code, version, contentobject_id, contentclassattribute_id, data_text, data_int, data_float, attribute_original_id, sort_key_int, sort_key_string, data_type_string) VALUES (101,'eng-GB',1,42,7,'User group for the anonymous user',0,0,0,0,'user group for the anonymous user','ezstring');
INSERT INTO ezcontentobject_attribute (id, language_code, version, contentobject_id, contentclassattribute_id, data_text, data_int, data_float, attribute_original_id, sort_key_int, sort_key_string, data_type_string) VALUES (19,'eng-GB',2,10,8,'Anonymous',0,0,0,0,'anonymous','ezstring');
INSERT INTO ezcontentobject_attribute (id, language_code, version, contentobject_id, contentclassattribute_id, data_text, data_int, data_float, attribute_original_id, sort_key_int, sort_key_string, data_type_string) VALUES (20,'eng-GB',2,10,9,'User',0,0,0,0,'user','ezstring');
INSERT INTO ezcontentobject_attribute (id, language_code, version, contentobject_id, contentclassattribute_id, data_text, data_int, data_float, attribute_original_id, sort_key_int, sort_key_string, data_type_string) VALUES (21,'eng-GB',2,10,12,'',0,0,0,0,'','ezuser');
INSERT INTO ezcontentobject_attribute (id, language_code, version, contentobject_id, contentclassattribute_id, data_text, data_int, data_float, attribute_original_id, sort_key_int, sort_key_string, data_type_string) VALUES (103,'eng-GB',1,41,155,'',0,0,0,0,'','ezstring');
INSERT INTO ezcontentobject_attribute (id, language_code, version, contentobject_id, contentclassattribute_id, data_text, data_int, data_float, attribute_original_id, sort_key_int, sort_key_string, data_type_string) VALUES (105,'eng-GB',1,41,156,'',1045487555,0,0,0,'','ezxmltext');
INSERT INTO ezcontentobject_attribute (id, language_code, version, contentobject_id, contentclassattribute_id, data_text, data_int, data_float, attribute_original_id, sort_key_int, sort_key_string, data_type_string) VALUES (109,'eng-GB',1,41,158,'',0,0,0,0,'','ezboolean');
INSERT INTO ezcontentobject_attribute (id, language_code, version, contentobject_id, contentclassattribute_id, data_text, data_int, data_float, attribute_original_id, sort_key_int, sort_key_string, data_type_string) VALUES (123,'eng-GB',1,45,4,'Setup',0,0,0,0,'setup','ezstring');
INSERT INTO ezcontentobject_attribute (id, language_code, version, contentobject_id, contentclassattribute_id, data_text, data_int, data_float, attribute_original_id, sort_key_int, sort_key_string, data_type_string) VALUES (124,'eng-GB',1,45,155,'',0,0,0,0,'','ezstring');
INSERT INTO ezcontentobject_attribute (id, language_code, version, contentobject_id, contentclassattribute_id, data_text, data_int, data_float, attribute_original_id, sort_key_int, sort_key_string, data_type_string) VALUES (125,'eng-GB',1,45,119,'<?xml version=\"1.0\" encoding=\"iso-8859-1\"?>\n<section xmlns:image=\"http://ez.no/namespaces/ezpublish3/image/\"\n         xmlns:xhtml=\"http://ez.no/namespaces/ezpublish3/xhtml/\"\n         xmlns:custom=\"http://ez.no/namespaces/ezpublish3/custom/\" />',1045487555,0,0,0,'','ezxmltext');
INSERT INTO ezcontentobject_attribute (id, language_code, version, contentobject_id, contentclassattribute_id, data_text, data_int, data_float, attribute_original_id, sort_key_int, sort_key_string, data_type_string) VALUES (126,'eng-GB',1,45,156,'<?xml version=\"1.0\" encoding=\"iso-8859-1\"?>\n<section xmlns:image=\"http://ez.no/namespaces/ezpublish3/image/\"\n         xmlns:xhtml=\"http://ez.no/namespaces/ezpublish3/xhtml/\"\n         xmlns:custom=\"http://ez.no/namespaces/ezpublish3/custom/\" />',1045487555,0,0,0,'','ezxmltext');
INSERT INTO ezcontentobject_attribute (id, language_code, version, contentobject_id, contentclassattribute_id, data_text, data_int, data_float, attribute_original_id, sort_key_int, sort_key_string, data_type_string) VALUES (128,'eng-GB',1,45,158,'',0,0,0,0,'','ezboolean');
INSERT INTO ezcontentobject_attribute (id, language_code, version, contentobject_id, contentclassattribute_id, data_text, data_int, data_float, attribute_original_id, sort_key_int, sort_key_string, data_type_string) VALUES (142,'eng-GB',1,49,4,'Images',0,0,0,0,'images','ezstring');
INSERT INTO ezcontentobject_attribute (id, language_code, version, contentobject_id, contentclassattribute_id, data_text, data_int, data_float, attribute_original_id, sort_key_int, sort_key_string, data_type_string) VALUES (143,'eng-GB',1,49,155,'',0,0,0,0,'','ezstring');
INSERT INTO ezcontentobject_attribute (id, language_code, version, contentobject_id, contentclassattribute_id, data_text, data_int, data_float, attribute_original_id, sort_key_int, sort_key_string, data_type_string) VALUES (144,'eng-GB',1,49,119,'<?xml version=\"1.0\" encoding=\"iso-8859-1\"?>\n<section xmlns:image=\"http://ez.no/namespaces/ezpublish3/image/\"\n         xmlns:xhtml=\"http://ez.no/namespaces/ezpublish3/xhtml/\"\n         xmlns:custom=\"http://ez.no/namespaces/ezpublish3/custom/\" />',1045487555,0,0,0,'','ezxmltext');
INSERT INTO ezcontentobject_attribute (id, language_code, version, contentobject_id, contentclassattribute_id, data_text, data_int, data_float, attribute_original_id, sort_key_int, sort_key_string, data_type_string) VALUES (145,'eng-GB',1,49,156,'<?xml version=\"1.0\" encoding=\"iso-8859-1\"?>\n<section xmlns:image=\"http://ez.no/namespaces/ezpublish3/image/\"\n         xmlns:xhtml=\"http://ez.no/namespaces/ezpublish3/xhtml/\"\n         xmlns:custom=\"http://ez.no/namespaces/ezpublish3/custom/\" />',1045487555,0,0,0,'','ezxmltext');
INSERT INTO ezcontentobject_attribute (id, language_code, version, contentobject_id, contentclassattribute_id, data_text, data_int, data_float, attribute_original_id, sort_key_int, sort_key_string, data_type_string) VALUES (146,'eng-GB',1,49,158,'',1,0,0,1,'','ezboolean');
INSERT INTO ezcontentobject_attribute (id, language_code, version, contentobject_id, contentclassattribute_id, data_text, data_int, data_float, attribute_original_id, sort_key_int, sort_key_string, data_type_string) VALUES (147,'eng-GB',1,50,4,'Files',0,0,0,0,'files','ezstring');
INSERT INTO ezcontentobject_attribute (id, language_code, version, contentobject_id, contentclassattribute_id, data_text, data_int, data_float, attribute_original_id, sort_key_int, sort_key_string, data_type_string) VALUES (148,'eng-GB',1,50,155,'',0,0,0,0,'','ezstring');
INSERT INTO ezcontentobject_attribute (id, language_code, version, contentobject_id, contentclassattribute_id, data_text, data_int, data_float, attribute_original_id, sort_key_int, sort_key_string, data_type_string) VALUES (149,'eng-GB',1,50,119,'<?xml version=\"1.0\" encoding=\"iso-8859-1\"?>\n<section xmlns:image=\"http://ez.no/namespaces/ezpublish3/image/\"\n         xmlns:xhtml=\"http://ez.no/namespaces/ezpublish3/xhtml/\"\n         xmlns:custom=\"http://ez.no/namespaces/ezpublish3/custom/\" />',1045487555,0,0,0,'','ezxmltext');
INSERT INTO ezcontentobject_attribute (id, language_code, version, contentobject_id, contentclassattribute_id, data_text, data_int, data_float, attribute_original_id, sort_key_int, sort_key_string, data_type_string) VALUES (150,'eng-GB',1,50,156,'<?xml version=\"1.0\" encoding=\"iso-8859-1\"?>\n<section xmlns:image=\"http://ez.no/namespaces/ezpublish3/image/\"\n         xmlns:xhtml=\"http://ez.no/namespaces/ezpublish3/xhtml/\"\n         xmlns:custom=\"http://ez.no/namespaces/ezpublish3/custom/\" />',1045487555,0,0,0,'','ezxmltext');
INSERT INTO ezcontentobject_attribute (id, language_code, version, contentobject_id, contentclassattribute_id, data_text, data_int, data_float, attribute_original_id, sort_key_int, sort_key_string, data_type_string) VALUES (151,'eng-GB',1,50,158,'',1,0,0,1,'','ezboolean');
INSERT INTO ezcontentobject_attribute (id, language_code, version, contentobject_id, contentclassattribute_id, data_text, data_int, data_float, attribute_original_id, sort_key_int, sort_key_string, data_type_string) VALUES (152,'eng-GB',1,51,4,'Multimedia',0,0,0,0,'multimedia','ezstring');
INSERT INTO ezcontentobject_attribute (id, language_code, version, contentobject_id, contentclassattribute_id, data_text, data_int, data_float, attribute_original_id, sort_key_int, sort_key_string, data_type_string) VALUES (153,'eng-GB',1,51,155,'',0,0,0,0,'','ezstring');
INSERT INTO ezcontentobject_attribute (id, language_code, version, contentobject_id, contentclassattribute_id, data_text, data_int, data_float, attribute_original_id, sort_key_int, sort_key_string, data_type_string) VALUES (154,'eng-GB',1,51,119,'<?xml version=\"1.0\" encoding=\"iso-8859-1\"?>\n<section xmlns:image=\"http://ez.no/namespaces/ezpublish3/image/\"\n         xmlns:xhtml=\"http://ez.no/namespaces/ezpublish3/xhtml/\"\n         xmlns:custom=\"http://ez.no/namespaces/ezpublish3/custom/\" />',1045487555,0,0,0,'','ezxmltext');
INSERT INTO ezcontentobject_attribute (id, language_code, version, contentobject_id, contentclassattribute_id, data_text, data_int, data_float, attribute_original_id, sort_key_int, sort_key_string, data_type_string) VALUES (155,'eng-GB',1,51,156,'<?xml version=\"1.0\" encoding=\"iso-8859-1\"?>\n<section xmlns:image=\"http://ez.no/namespaces/ezpublish3/image/\"\n         xmlns:xhtml=\"http://ez.no/namespaces/ezpublish3/xhtml/\"\n         xmlns:custom=\"http://ez.no/namespaces/ezpublish3/custom/\" />',1045487555,0,0,0,'','ezxmltext');
INSERT INTO ezcontentobject_attribute (id, language_code, version, contentobject_id, contentclassattribute_id, data_text, data_int, data_float, attribute_original_id, sort_key_int, sort_key_string, data_type_string) VALUES (156,'eng-GB',1,51,158,'',1,0,0,1,'','ezboolean');
INSERT INTO ezcontentobject_attribute (id, language_code, version, contentobject_id, contentclassattribute_id, data_text, data_int, data_float, attribute_original_id, sort_key_int, sort_key_string, data_type_string) VALUES (157,'eng-GB',1,52,159,'Common INI settings',0,0,0,0,'common ini settings','ezstring');
INSERT INTO ezcontentobject_attribute (id, language_code, version, contentobject_id, contentclassattribute_id, data_text, data_int, data_float, attribute_original_id, sort_key_int, sort_key_string, data_type_string) VALUES (158,'eng-GB',1,52,160,'/content/view/full/2/',0,0,0,0,'','ezinisetting');
INSERT INTO ezcontentobject_attribute (id, language_code, version, contentobject_id, contentclassattribute_id, data_text, data_int, data_float, attribute_original_id, sort_key_int, sort_key_string, data_type_string) VALUES (159,'eng-GB',1,52,161,'/content/view/full/2',0,0,0,0,'','ezinisetting');
INSERT INTO ezcontentobject_attribute (id, language_code, version, contentobject_id, contentclassattribute_id, data_text, data_int, data_float, attribute_original_id, sort_key_int, sort_key_string, data_type_string) VALUES (160,'eng-GB',1,52,162,'disabled',0,0,0,0,'','ezinisetting');
INSERT INTO ezcontentobject_attribute (id, language_code, version, contentobject_id, contentclassattribute_id, data_text, data_int, data_float, attribute_original_id, sort_key_int, sort_key_string, data_type_string) VALUES (161,'eng-GB',1,52,163,'disabled',0,0,0,0,'','ezinisetting');
INSERT INTO ezcontentobject_attribute (id, language_code, version, contentobject_id, contentclassattribute_id, data_text, data_int, data_float, attribute_original_id, sort_key_int, sort_key_string, data_type_string) VALUES (162,'eng-GB',1,52,164,'',0,0,0,0,'','ezinisetting');
INSERT INTO ezcontentobject_attribute (id, language_code, version, contentobject_id, contentclassattribute_id, data_text, data_int, data_float, attribute_original_id, sort_key_int, sort_key_string, data_type_string) VALUES (163,'eng-GB',1,52,165,'enabled',0,0,0,0,'','ezinisetting');
INSERT INTO ezcontentobject_attribute (id, language_code, version, contentobject_id, contentclassattribute_id, data_text, data_int, data_float, attribute_original_id, sort_key_int, sort_key_string, data_type_string) VALUES (164,'eng-GB',1,52,166,'disabled',0,0,0,0,'','ezinisetting');
INSERT INTO ezcontentobject_attribute (id, language_code, version, contentobject_id, contentclassattribute_id, data_text, data_int, data_float, attribute_original_id, sort_key_int, sort_key_string, data_type_string) VALUES (165,'eng-GB',1,52,167,'enabled',0,0,0,0,'','ezinisetting');
INSERT INTO ezcontentobject_attribute (id, language_code, version, contentobject_id, contentclassattribute_id, data_text, data_int, data_float, attribute_original_id, sort_key_int, sort_key_string, data_type_string) VALUES (166,'eng-GB',1,52,168,'enabled',0,0,0,0,'','ezinisetting');
INSERT INTO ezcontentobject_attribute (id, language_code, version, contentobject_id, contentclassattribute_id, data_text, data_int, data_float, attribute_original_id, sort_key_int, sort_key_string, data_type_string) VALUES (167,'eng-GB',1,52,169,'=geometry/scale=100;100',0,0,0,0,'','ezinisetting');
INSERT INTO ezcontentobject_attribute (id, language_code, version, contentobject_id, contentclassattribute_id, data_text, data_int, data_float, attribute_original_id, sort_key_int, sort_key_string, data_type_string) VALUES (168,'eng-GB',1,52,170,'=geometry/scale=200;200',0,0,0,0,'','ezinisetting');
INSERT INTO ezcontentobject_attribute (id, language_code, version, contentobject_id, contentclassattribute_id, data_text, data_int, data_float, attribute_original_id, sort_key_int, sort_key_string, data_type_string) VALUES (169,'eng-GB',1,52,171,'=geometry/scale=300;300',0,0,0,0,'','ezinisetting');
INSERT INTO ezcontentobject_attribute (id, language_code, version, contentobject_id, contentclassattribute_id, data_text, data_int, data_float, attribute_original_id, sort_key_int, sort_key_string, data_type_string) VALUES (170,'eng-GB',1,54,172,'eZ publish',0,0,0,0,'','ezinisetting');
INSERT INTO ezcontentobject_attribute (id, language_code, version, contentobject_id, contentclassattribute_id, data_text, data_int, data_float, attribute_original_id, sort_key_int, sort_key_string, data_type_string) VALUES (171,'eng-GB',1,54,173,'author=eZ systems\ncopyright=eZ systems\ndescription=Content Management System\nkeywords=cms, publish, e-commerce, content management, development framework',0,0,0,0,'','ezinisetting');
INSERT INTO ezcontentobject_attribute (id, language_code, version, contentobject_id, contentclassattribute_id, data_text, data_int, data_float, attribute_original_id, sort_key_int, sort_key_string, data_type_string) VALUES (172,'eng-GB',1,54,174,'<?xml version=\"1.0\" encoding=\"UTF-8\"?>\n<ezimage serial_number=\"1\"\n         is_valid=\"\"\n         filename=\"ez_publish.\"\n         suffix=\"\"\n         basename=\"ez_publish\"\n         dirpath=\"var/storage/images/setup/ez_publish/172-1-eng-GB\"\n         url=\"var/storage/images/setup/ez_publish/172-1-eng-GB/ez_publish.\"\n         original_filename=\"\"\n         mime_type=\"\"\n         width=\"\"\n         height=\"\"\n         alternative_text=\"\"\n         alias_key=\"1293033771\"\n         timestamp=\"1082016632\">\n  <original attribute_id=\"\"\n            attribute_version=\"\"\n            attribute_language=\"\" />\n</ezimage>',0,0,0,0,'','ezimage');
INSERT INTO ezcontentobject_attribute (id, language_code, version, contentobject_id, contentclassattribute_id, data_text, data_int, data_float, attribute_original_id, sort_key_int, sort_key_string, data_type_string) VALUES (173,'eng-GB',1,54,175,'0',0,0,0,0,'0','ezpackage');
INSERT INTO ezcontentobject_attribute (id, language_code, version, contentobject_id, contentclassattribute_id, data_text, data_int, data_float, attribute_original_id, sort_key_int, sort_key_string, data_type_string) VALUES (174,'eng-GB',1,54,176,'sitestyle_identifier',0,0,0,0,'sitestyle_identifier','ezstring');
INSERT INTO ezcontentobject_attribute (id, language_code, version, contentobject_id, contentclassattribute_id, data_text, data_int, data_float, attribute_original_id, sort_key_int, sort_key_string, data_type_string) VALUES (175,'eng-GB',1,54,177,'nospam@ez.no',0,0,0,0,'','ezinisetting');
INSERT INTO ezcontentobject_attribute (id, language_code, version, contentobject_id, contentclassattribute_id, data_text, data_int, data_float, attribute_original_id, sort_key_int, sort_key_string, data_type_string) VALUES (176,'eng-GB',1,54,178,'ez.no',0,0,0,0,'','ezinisetting');
INSERT INTO ezcontentobject_attribute (id, language_code, version, contentobject_id, contentclassattribute_id, data_text, data_int, data_float, attribute_original_id, sort_key_int, sort_key_string, data_type_string) VALUES (177,'eng-GB',2,10,179,'',0,0,0,0,'','eztext');
INSERT INTO ezcontentobject_attribute (id, language_code, version, contentobject_id, contentclassattribute_id, data_text, data_int, data_float, attribute_original_id, sort_key_int, sort_key_string, data_type_string) VALUES (178,'eng-GB',1,14,179,'',0,0,0,0,'','eztext');
INSERT INTO ezcontentobject_attribute (id, language_code, version, contentobject_id, contentclassattribute_id, data_text, data_int, data_float, attribute_original_id, sort_key_int, sort_key_string, data_type_string) VALUES (179,'eng-GB',2,10,180,'',0,0,0,0,'','ezimage');
INSERT INTO ezcontentobject_attribute (id, language_code, version, contentobject_id, contentclassattribute_id, data_text, data_int, data_float, attribute_original_id, sort_key_int, sort_key_string, data_type_string) VALUES (180,'eng-GB',1,14,180,'',0,0,0,0,'','ezimage');
INSERT INTO ezcontentobject_attribute (id, language_code, version, contentobject_id, contentclassattribute_id, data_text, data_int, data_float, attribute_original_id, sort_key_int, sort_key_string, data_type_string) VALUES (1,'eng-GB',2,1,4,'Welcome to eZ publish',0,0,0,0,'welcome to ez publish','ezstring');
INSERT INTO ezcontentobject_attribute (id, language_code, version, contentobject_id, contentclassattribute_id, data_text, data_int, data_float, attribute_original_id, sort_key_int, sort_key_string, data_type_string) VALUES (102,'eng-GB',2,1,155,'eZ publish',0,0,0,0,'ez publish','ezstring');
INSERT INTO ezcontentobject_attribute (id, language_code, version, contentobject_id, contentclassattribute_id, data_text, data_int, data_float, attribute_original_id, sort_key_int, sort_key_string, data_type_string) VALUES (2,'eng-GB',2,1,119,'<?xml version=\"1.0\" encoding=\"iso-8859-1\"?>\n<section xmlns:image=\"http://ez.no/namespaces/ezpublish3/image/\"\n         xmlns:xhtml=\"http://ez.no/namespaces/ezpublish3/xhtml/\"\n         xmlns:custom=\"http://ez.no/namespaces/ezpublish3/custom/\">\n  <paragraph>\n    <line>Welcome to your new eZ publish installation. You can change the look and feel of the site from within the administration interface: click on the &quot;Setup&quot; tab and use the different sections for customization (menu management, toolbar management, etc.).</line>\n  </paragraph>\n</section>',1045487555,0,0,0,'','ezxmltext');
INSERT INTO ezcontentobject_attribute (id, language_code, version, contentobject_id, contentclassattribute_id, data_text, data_int, data_float, attribute_original_id, sort_key_int, sort_key_string, data_type_string) VALUES (104,'eng-GB',2,1,156,'<?xml version=\"1.0\" encoding=\"iso-8859-1\"?>\n<section xmlns:image=\"http://ez.no/namespaces/ezpublish3/image/\"\n         xmlns:xhtml=\"http://ez.no/namespaces/ezpublish3/xhtml/\"\n         xmlns:custom=\"http://ez.no/namespaces/ezpublish3/custom/\">\n  <section>\n    <header>Templates</header>\n    <paragraph>\n      <line>eZ publish uses templates as the fundamental unit of site design. A template is basically an extended HTML file that describes how some particular type of content should be visualized. The templates for this site are located within the following directories:</line>\n      <ul>\n        <li>&quot;design/base/templates&quot;</li>\n        <li>&quot;design/base/override/templates&quot;</li>\n      </ul>\n    </paragraph>\n    <paragraph>Please do not change/edit the contents of the default design directories, which are:</paragraph>\n    <paragraph>\n      <ul>\n        <li>&quot;design/standard&quot;</li>\n        <li>&quot;design/admin&quot;</li>\n      </ul>\n    </paragraph>\n  </section>\n  <section>\n    <header>Style sheets</header>\n    <paragraph>eZ publish makes use of CSS files (Cascading Style Sheets). These files contain information about colors, text styles, font sizes, spacing and so on; and thereby dictate the overall look/appearance of the site. The CSS files for this site are located within the &quot;design/base/stylesheets&quot; directory.</paragraph>\n  </section>\n  <section>\n    <header>Configuration</header>\n    <paragraph>All configuration settings are stored within .ini files. The default ini files are located inside the &quot;settings&quot; directory. These files must not be altered. The actual configuration files for this site are contained in override files that are located within the &quot;settings/siteaccess/base&quot; directory. The settings in these files override the default configuration settings. There is a GUI frontend for editing the various configuration settings. This frontend can be found in the administration interface: Setup -&gt; Advanced -&gt; Ini settings.</paragraph>\n  </section>\n  <section>\n    <header>Documentation and guidance</header>\n    <paragraph>The       \n      <link id=\"1\">eZ publish documentation</link> covers common topics related to the setup and daily use of the eZ publish content management system/framework. In addition, it also covers some advanced topics. People who are unfamiliar with eZ publish should at least read the       \n      <link id=\"2\">&quot;eZ publish basics&quot;</link> and the       \n      <link id=\"3\">&quot;Day to day use&quot;</link> chapters.</paragraph>\n    <paragraph>If you&apos;re unable to find an answer/solution to a specific question/problem within the documentation pages, you should make use of the official       \n      <link id=\"4\">eZ publish forum</link>. People who need professional help should purchase       \n      <link id=\"5\">support</link> or       \n      <link id=\"6\">consulting</link> services. It is also possible to sign up for different       \n      <link id=\"7\">training sessions</link>.</paragraph>\n    <paragraph>For more information about eZ publish and other products/services from eZ systems, please visit       \n      <link id=\"8\">ez.no</link>.</paragraph>\n  </section>\n</section>',1045487555,0,0,0,'','ezxmltext');
INSERT INTO ezcontentobject_attribute (id, language_code, version, contentobject_id, contentclassattribute_id, data_text, data_int, data_float, attribute_original_id, sort_key_int, sort_key_string, data_type_string) VALUES (108,'eng-GB',2,1,158,'',0,0,0,0,'','ezboolean');










INSERT INTO ezcontentobject_name (contentobject_id, name, content_version, content_translation, real_translation) VALUES (1,'Root folder',1,'eng-GB','eng-GB');
INSERT INTO ezcontentobject_name (contentobject_id, name, content_version, content_translation, real_translation) VALUES (4,'Users',1,'eng-GB','eng-GB');
INSERT INTO ezcontentobject_name (contentobject_id, name, content_version, content_translation, real_translation) VALUES (10,'Anonymous User',1,'eng-GB','eng-GB');
INSERT INTO ezcontentobject_name (contentobject_id, name, content_version, content_translation, real_translation) VALUES (11,'Guest accounts',1,'eng-GB','eng-GB');
INSERT INTO ezcontentobject_name (contentobject_id, name, content_version, content_translation, real_translation) VALUES (12,'Administrator users',1,'eng-GB','eng-GB');
INSERT INTO ezcontentobject_name (contentobject_id, name, content_version, content_translation, real_translation) VALUES (13,'Editors',1,'eng-GB','eng-GB');
INSERT INTO ezcontentobject_name (contentobject_id, name, content_version, content_translation, real_translation) VALUES (14,'Administrator User',1,'eng-GB','eng-GB');
INSERT INTO ezcontentobject_name (contentobject_id, name, content_version, content_translation, real_translation) VALUES (41,'Media',1,'eng-GB','eng-GB');
INSERT INTO ezcontentobject_name (contentobject_id, name, content_version, content_translation, real_translation) VALUES (42,'Anonymous Users',1,'eng-GB','eng-GB');
INSERT INTO ezcontentobject_name (contentobject_id, name, content_version, content_translation, real_translation) VALUES (10,'Anonymous User',2,'eng-GB','eng-GB');
INSERT INTO ezcontentobject_name (contentobject_id, name, content_version, content_translation, real_translation) VALUES (45,'Setup',1,'eng-GB','eng-GB');
INSERT INTO ezcontentobject_name (contentobject_id, name, content_version, content_translation, real_translation) VALUES (49,' Images',1,'eng-GB','eng-GB');
INSERT INTO ezcontentobject_name (contentobject_id, name, content_version, content_translation, real_translation) VALUES (50,' Files',1,'eng-GB','eng-GB');
INSERT INTO ezcontentobject_name (contentobject_id, name, content_version, content_translation, real_translation) VALUES (51,' Multimedia',1,'eng-GB','eng-GB');
INSERT INTO ezcontentobject_name (contentobject_id, name, content_version, content_translation, real_translation) VALUES (52,'Common INI settings',1,'eng-GB','eng-GB');
INSERT INTO ezcontentobject_name (contentobject_id, name, content_version, content_translation, real_translation) VALUES (54,'eZ publish',1,'eng-GB','eng-GB');
INSERT INTO ezcontentobject_name (contentobject_id, name, content_version, content_translation, real_translation) VALUES (1,' eZ publish',2,'eng-GB','eng-GB');





INSERT INTO ezcontentobject_tree (node_id, parent_node_id, contentobject_id, contentobject_version, contentobject_is_published, depth, path_string, sort_field, sort_order, priority, path_identification_string, main_node_id, modified_subnode, remote_id) VALUES (1,1,0,1,1,0,'/1/',1,1,0,'',1,1082368572,'629709ba256fe317c3ddcee35453a96a');
INSERT INTO ezcontentobject_tree (node_id, parent_node_id, contentobject_id, contentobject_version, contentobject_is_published, depth, path_string, sort_field, sort_order, priority, path_identification_string, main_node_id, modified_subnode, remote_id) VALUES (2,1,1,2,1,1,'/1/2/',8,0,0,'',2,1082368572,'f3e90596361e31d496d4026eb624c983');
INSERT INTO ezcontentobject_tree (node_id, parent_node_id, contentobject_id, contentobject_version, contentobject_is_published, depth, path_string, sort_field, sort_order, priority, path_identification_string, main_node_id, modified_subnode, remote_id) VALUES (5,1,4,1,0,1,'/1/5/',1,1,0,'users',5,1081860719,'3f6d92f8044aed134f32153517850f5a');
INSERT INTO ezcontentobject_tree (node_id, parent_node_id, contentobject_id, contentobject_version, contentobject_is_published, depth, path_string, sort_field, sort_order, priority, path_identification_string, main_node_id, modified_subnode, remote_id) VALUES (12,5,11,1,1,2,'/1/5/12/',1,1,0,'users/guest_accounts',12,1081860719,'602dcf84765e56b7f999eaafd3821dd3');
INSERT INTO ezcontentobject_tree (node_id, parent_node_id, contentobject_id, contentobject_version, contentobject_is_published, depth, path_string, sort_field, sort_order, priority, path_identification_string, main_node_id, modified_subnode, remote_id) VALUES (13,5,12,1,1,2,'/1/5/13/',1,1,0,'users/administrator_users',13,1081860719,'769380b7aa94541679167eab817ca893');
INSERT INTO ezcontentobject_tree (node_id, parent_node_id, contentobject_id, contentobject_version, contentobject_is_published, depth, path_string, sort_field, sort_order, priority, path_identification_string, main_node_id, modified_subnode, remote_id) VALUES (14,5,13,1,1,2,'/1/5/14/',1,1,0,'users/editors',14,1081860719,'f7dda2854fc68f7c8455d9cb14bd04a9');
INSERT INTO ezcontentobject_tree (node_id, parent_node_id, contentobject_id, contentobject_version, contentobject_is_published, depth, path_string, sort_field, sort_order, priority, path_identification_string, main_node_id, modified_subnode, remote_id) VALUES (15,13,14,1,1,3,'/1/5/13/15/',1,1,0,'users/administrator_users/administrator_user',15,1081860719,'e5161a99f733200b9ed4e80f9c16187b');
INSERT INTO ezcontentobject_tree (node_id, parent_node_id, contentobject_id, contentobject_version, contentobject_is_published, depth, path_string, sort_field, sort_order, priority, path_identification_string, main_node_id, modified_subnode, remote_id) VALUES (43,1,41,1,1,1,'/1/43/',9,1,0,'media',43,1081860720,'75c715a51699d2d309a924eca6a95145');
INSERT INTO ezcontentobject_tree (node_id, parent_node_id, contentobject_id, contentobject_version, contentobject_is_published, depth, path_string, sort_field, sort_order, priority, path_identification_string, main_node_id, modified_subnode, remote_id) VALUES (44,5,42,1,1,2,'/1/5/44/',9,1,0,'users/anonymous_users',44,1081860719,'4fdf0072da953bb276c0c7e0141c5c9b');
INSERT INTO ezcontentobject_tree (node_id, parent_node_id, contentobject_id, contentobject_version, contentobject_is_published, depth, path_string, sort_field, sort_order, priority, path_identification_string, main_node_id, modified_subnode, remote_id) VALUES (45,44,10,2,1,3,'/1/5/44/45/',9,1,0,'users/anonymous_users/anonymous_user',45,1081860719,'2cf8343bee7b482bab82b269d8fecd76');
INSERT INTO ezcontentobject_tree (node_id, parent_node_id, contentobject_id, contentobject_version, contentobject_is_published, depth, path_string, sort_field, sort_order, priority, path_identification_string, main_node_id, modified_subnode, remote_id) VALUES (48,1,45,1,1,1,'/1/48/',9,1,0,'setup',48,1082016653,'182ce1b5af0c09fa378557c462ba2617');
INSERT INTO ezcontentobject_tree (node_id, parent_node_id, contentobject_id, contentobject_version, contentobject_is_published, depth, path_string, sort_field, sort_order, priority, path_identification_string, main_node_id, modified_subnode, remote_id) VALUES (51,43,49,1,1,2,'/1/43/51/',9,1,0,'media/images',51,1081860720,'1b26c0454b09bb49dfb1b9190ffd67cb');
INSERT INTO ezcontentobject_tree (node_id, parent_node_id, contentobject_id, contentobject_version, contentobject_is_published, depth, path_string, sort_field, sort_order, priority, path_identification_string, main_node_id, modified_subnode, remote_id) VALUES (52,43,50,1,1,2,'/1/43/52/',9,1,0,'media/files',52,1081860720,'0b113a208f7890f9ad3c24444ff5988c');
INSERT INTO ezcontentobject_tree (node_id, parent_node_id, contentobject_id, contentobject_version, contentobject_is_published, depth, path_string, sort_field, sort_order, priority, path_identification_string, main_node_id, modified_subnode, remote_id) VALUES (53,43,51,1,1,2,'/1/43/53/',9,1,0,'media/multimedia',53,1081860720,'4f18b82c75f10aad476cae5adf98c11f');
INSERT INTO ezcontentobject_tree (node_id, parent_node_id, contentobject_id, contentobject_version, contentobject_is_published, depth, path_string, sort_field, sort_order, priority, path_identification_string, main_node_id, modified_subnode, remote_id) VALUES (54,48,52,1,1,2,'/1/48/54/',1,1,0,'setup/common_ini_settings',54,1082016591,'fa9f3cff9cf90ecfae335718dcbddfe2');
INSERT INTO ezcontentobject_tree (node_id, parent_node_id, contentobject_id, contentobject_version, contentobject_is_published, depth, path_string, sort_field, sort_order, priority, path_identification_string, main_node_id, modified_subnode, remote_id) VALUES (55,48,52,0,0,2,'/TEMPPATH',1,1,0,'',0,0,'fa9f3cff9cf90ecfae335718dcbddfe2');
INSERT INTO ezcontentobject_tree (node_id, parent_node_id, contentobject_id, contentobject_version, contentobject_is_published, depth, path_string, sort_field, sort_order, priority, path_identification_string, main_node_id, modified_subnode, remote_id) VALUES (56,48,54,1,1,2,'/1/48/56/',1,1,0,'setup/ez_publish',56,1082016653,'772da20ecf88b3035d73cbdfcea0f119');
INSERT INTO ezcontentobject_tree (node_id, parent_node_id, contentobject_id, contentobject_version, contentobject_is_published, depth, path_string, sort_field, sort_order, priority, path_identification_string, main_node_id, modified_subnode, remote_id) VALUES (57,48,54,0,0,2,'/TEMPPATH',1,1,0,'',0,0,'772da20ecf88b3035d73cbdfcea0f119');





INSERT INTO ezcontentobject_version (id, contentobject_id, creator_id, version, created, modified, status, workflow_event_pos, user_id) VALUES (4,4,14,1,0,0,1,1,0);
INSERT INTO ezcontentobject_version (id, contentobject_id, creator_id, version, created, modified, status, workflow_event_pos, user_id) VALUES (439,11,14,1,1033920737,1033920746,1,0,0);
INSERT INTO ezcontentobject_version (id, contentobject_id, creator_id, version, created, modified, status, workflow_event_pos, user_id) VALUES (440,12,14,1,1033920760,1033920775,1,0,0);
INSERT INTO ezcontentobject_version (id, contentobject_id, creator_id, version, created, modified, status, workflow_event_pos, user_id) VALUES (441,13,14,1,1033920786,1033920794,1,0,0);
INSERT INTO ezcontentobject_version (id, contentobject_id, creator_id, version, created, modified, status, workflow_event_pos, user_id) VALUES (442,14,14,1,1033920808,1033920830,1,0,0);
INSERT INTO ezcontentobject_version (id, contentobject_id, creator_id, version, created, modified, status, workflow_event_pos, user_id) VALUES (472,41,14,1,1060695450,1060695457,1,0,0);
INSERT INTO ezcontentobject_version (id, contentobject_id, creator_id, version, created, modified, status, workflow_event_pos, user_id) VALUES (473,42,14,1,1072180278,1072180330,1,0,0);
INSERT INTO ezcontentobject_version (id, contentobject_id, creator_id, version, created, modified, status, workflow_event_pos, user_id) VALUES (474,10,14,2,1072180337,1072180405,1,0,0);
INSERT INTO ezcontentobject_version (id, contentobject_id, creator_id, version, created, modified, status, workflow_event_pos, user_id) VALUES (477,45,14,1,1079684084,1079684190,1,0,0);
INSERT INTO ezcontentobject_version (id, contentobject_id, creator_id, version, created, modified, status, workflow_event_pos, user_id) VALUES (488,49,14,1,1080220181,1080220197,1,0,0);
INSERT INTO ezcontentobject_version (id, contentobject_id, creator_id, version, created, modified, status, workflow_event_pos, user_id) VALUES (489,50,14,1,1080220211,1080220220,1,0,0);
INSERT INTO ezcontentobject_version (id, contentobject_id, creator_id, version, created, modified, status, workflow_event_pos, user_id) VALUES (490,51,14,1,1080220225,1080220233,1,0,0);
INSERT INTO ezcontentobject_version (id, contentobject_id, creator_id, version, created, modified, status, workflow_event_pos, user_id) VALUES (491,52,14,1,1082016497,1082016591,1,0,0);
INSERT INTO ezcontentobject_version (id, contentobject_id, creator_id, version, created, modified, status, workflow_event_pos, user_id) VALUES (492,54,14,1,1082016628,1082016652,1,0,0);
INSERT INTO ezcontentobject_version (id, contentobject_id, creator_id, version, created, modified, status, workflow_event_pos, user_id) VALUES (493,1,14,2,1082368509,1082368571,1,1,0);













































INSERT INTO ezimagefile (id, contentobject_attribute_id, filepath) VALUES (1,172,'var/storage/images/setup/ez_publish/172-1-eng-GB/ez_publish.');













































INSERT INTO eznode_assignment (id, contentobject_id, contentobject_version, parent_node, sort_field, sort_order, is_main, from_node_id, remote_id, parent_remote_id) VALUES (4,8,2,5,1,1,1,0,0,'');
INSERT INTO eznode_assignment (id, contentobject_id, contentobject_version, parent_node, sort_field, sort_order, is_main, from_node_id, remote_id, parent_remote_id) VALUES (5,42,1,5,9,1,1,0,0,'');
INSERT INTO eznode_assignment (id, contentobject_id, contentobject_version, parent_node, sort_field, sort_order, is_main, from_node_id, remote_id, parent_remote_id) VALUES (6,10,2,44,9,1,1,-1,0,'');
INSERT INTO eznode_assignment (id, contentobject_id, contentobject_version, parent_node, sort_field, sort_order, is_main, from_node_id, remote_id, parent_remote_id) VALUES (7,4,1,1,1,1,1,0,0,'');
INSERT INTO eznode_assignment (id, contentobject_id, contentobject_version, parent_node, sort_field, sort_order, is_main, from_node_id, remote_id, parent_remote_id) VALUES (8,12,1,5,1,1,1,0,0,'');
INSERT INTO eznode_assignment (id, contentobject_id, contentobject_version, parent_node, sort_field, sort_order, is_main, from_node_id, remote_id, parent_remote_id) VALUES (9,13,1,5,1,1,1,0,0,'');
INSERT INTO eznode_assignment (id, contentobject_id, contentobject_version, parent_node, sort_field, sort_order, is_main, from_node_id, remote_id, parent_remote_id) VALUES (10,14,1,13,1,1,1,0,0,'');
INSERT INTO eznode_assignment (id, contentobject_id, contentobject_version, parent_node, sort_field, sort_order, is_main, from_node_id, remote_id, parent_remote_id) VALUES (11,41,1,1,1,1,1,0,0,'');
INSERT INTO eznode_assignment (id, contentobject_id, contentobject_version, parent_node, sort_field, sort_order, is_main, from_node_id, remote_id, parent_remote_id) VALUES (12,11,1,5,1,1,1,0,0,'');
INSERT INTO eznode_assignment (id, contentobject_id, contentobject_version, parent_node, sort_field, sort_order, is_main, from_node_id, remote_id, parent_remote_id) VALUES (16,45,1,1,9,1,1,-1,0,'');
INSERT INTO eznode_assignment (id, contentobject_id, contentobject_version, parent_node, sort_field, sort_order, is_main, from_node_id, remote_id, parent_remote_id) VALUES (27,49,1,43,9,1,1,0,0,'');
INSERT INTO eznode_assignment (id, contentobject_id, contentobject_version, parent_node, sort_field, sort_order, is_main, from_node_id, remote_id, parent_remote_id) VALUES (28,50,1,43,9,1,1,0,0,'');
INSERT INTO eznode_assignment (id, contentobject_id, contentobject_version, parent_node, sort_field, sort_order, is_main, from_node_id, remote_id, parent_remote_id) VALUES (29,51,1,43,9,1,1,0,0,'');
INSERT INTO eznode_assignment (id, contentobject_id, contentobject_version, parent_node, sort_field, sort_order, is_main, from_node_id, remote_id, parent_remote_id) VALUES (30,52,1,48,1,1,1,0,0,'');
INSERT INTO eznode_assignment (id, contentobject_id, contentobject_version, parent_node, sort_field, sort_order, is_main, from_node_id, remote_id, parent_remote_id) VALUES (31,54,1,48,1,1,1,0,0,'');
INSERT INTO eznode_assignment (id, contentobject_id, contentobject_version, parent_node, sort_field, sort_order, is_main, from_node_id, remote_id, parent_remote_id) VALUES (32,1,2,1,2,1,1,0,0,'');













































INSERT INTO ezpolicy (id, role_id, function_name, module_name) VALUES (317,3,'*','content');
INSERT INTO ezpolicy (id, role_id, function_name, module_name) VALUES (308,2,'*','*');
INSERT INTO ezpolicy (id, role_id, function_name, module_name) VALUES (319,3,'login','user');
INSERT INTO ezpolicy (id, role_id, function_name, module_name) VALUES (327,1,'login','user');
INSERT INTO ezpolicy (id, role_id, function_name, module_name) VALUES (328,1,'read','content');
INSERT INTO ezpolicy (id, role_id, function_name, module_name) VALUES (329,1,'pdf','content');





INSERT INTO ezpolicy_limitation (id, policy_id, identifier) VALUES (251,328,'Section');
INSERT INTO ezpolicy_limitation (id, policy_id, identifier) VALUES (252,329,'Section');





INSERT INTO ezpolicy_limitation_value (id, limitation_id, value) VALUES (478,252,'1');
INSERT INTO ezpolicy_limitation_value (id, limitation_id, value) VALUES (477,251,'1');

























INSERT INTO ezrole (id, version, name, value) VALUES (1,0,'Anonymous','');
INSERT INTO ezrole (id, version, name, value) VALUES (2,0,'Administrator','*');
INSERT INTO ezrole (id, version, name, value) VALUES (3,0,'Editor','');




















INSERT INTO ezsearch_object_word_link (id, contentobject_id, word_id, frequency, placement, prev_word_id, next_word_id, contentclass_id, published, section_id, contentclass_attribute_id, identifier, integer_value) VALUES (201,11,57,0,0,0,58,3,1033920746,2,6,'',0);
INSERT INTO ezsearch_object_word_link (id, contentobject_id, word_id, frequency, placement, prev_word_id, next_word_id, contentclass_id, published, section_id, contentclass_attribute_id, identifier, integer_value) VALUES (202,11,58,0,1,57,57,3,1033920746,2,6,'',0);
INSERT INTO ezsearch_object_word_link (id, contentobject_id, word_id, frequency, placement, prev_word_id, next_word_id, contentclass_id, published, section_id, contentclass_attribute_id, identifier, integer_value) VALUES (203,11,57,0,2,58,58,3,1033920746,2,6,'',0);
INSERT INTO ezsearch_object_word_link (id, contentobject_id, word_id, frequency, placement, prev_word_id, next_word_id, contentclass_id, published, section_id, contentclass_attribute_id, identifier, integer_value) VALUES (204,11,58,0,3,57,0,3,1033920746,2,6,'',0);
INSERT INTO ezsearch_object_word_link (id, contentobject_id, word_id, frequency, placement, prev_word_id, next_word_id, contentclass_id, published, section_id, contentclass_attribute_id, identifier, integer_value) VALUES (213,12,61,0,0,0,62,3,1033920775,2,6,'',0);
INSERT INTO ezsearch_object_word_link (id, contentobject_id, word_id, frequency, placement, prev_word_id, next_word_id, contentclass_id, published, section_id, contentclass_attribute_id, identifier, integer_value) VALUES (214,12,62,0,1,61,61,3,1033920775,2,6,'',0);
INSERT INTO ezsearch_object_word_link (id, contentobject_id, word_id, frequency, placement, prev_word_id, next_word_id, contentclass_id, published, section_id, contentclass_attribute_id, identifier, integer_value) VALUES (215,12,61,0,2,62,62,3,1033920775,2,6,'',0);
INSERT INTO ezsearch_object_word_link (id, contentobject_id, word_id, frequency, placement, prev_word_id, next_word_id, contentclass_id, published, section_id, contentclass_attribute_id, identifier, integer_value) VALUES (216,12,62,0,3,61,0,3,1033920775,2,6,'',0);
INSERT INTO ezsearch_object_word_link (id, contentobject_id, word_id, frequency, placement, prev_word_id, next_word_id, contentclass_id, published, section_id, contentclass_attribute_id, identifier, integer_value) VALUES (217,14,61,0,0,0,61,4,1033920830,2,8,'',0);
INSERT INTO ezsearch_object_word_link (id, contentobject_id, word_id, frequency, placement, prev_word_id, next_word_id, contentclass_id, published, section_id, contentclass_attribute_id, identifier, integer_value) VALUES (218,14,61,0,1,61,63,4,1033920830,2,8,'',0);
INSERT INTO ezsearch_object_word_link (id, contentobject_id, word_id, frequency, placement, prev_word_id, next_word_id, contentclass_id, published, section_id, contentclass_attribute_id, identifier, integer_value) VALUES (219,14,63,0,2,61,63,4,1033920830,2,9,'',0);
INSERT INTO ezsearch_object_word_link (id, contentobject_id, word_id, frequency, placement, prev_word_id, next_word_id, contentclass_id, published, section_id, contentclass_attribute_id, identifier, integer_value) VALUES (220,14,63,0,3,63,64,4,1033920830,2,9,'',0);
INSERT INTO ezsearch_object_word_link (id, contentobject_id, word_id, frequency, placement, prev_word_id, next_word_id, contentclass_id, published, section_id, contentclass_attribute_id, identifier, integer_value) VALUES (221,14,64,0,4,63,65,4,1033920830,2,12,'',0);
INSERT INTO ezsearch_object_word_link (id, contentobject_id, word_id, frequency, placement, prev_word_id, next_word_id, contentclass_id, published, section_id, contentclass_attribute_id, identifier, integer_value) VALUES (222,14,65,0,5,64,64,4,1033920830,2,12,'',0);
INSERT INTO ezsearch_object_word_link (id, contentobject_id, word_id, frequency, placement, prev_word_id, next_word_id, contentclass_id, published, section_id, contentclass_attribute_id, identifier, integer_value) VALUES (223,14,64,0,6,65,65,4,1033920830,2,12,'',0);
INSERT INTO ezsearch_object_word_link (id, contentobject_id, word_id, frequency, placement, prev_word_id, next_word_id, contentclass_id, published, section_id, contentclass_attribute_id, identifier, integer_value) VALUES (224,14,65,0,7,64,0,4,1033920830,2,12,'',0);
INSERT INTO ezsearch_object_word_link (id, contentobject_id, word_id, frequency, placement, prev_word_id, next_word_id, contentclass_id, published, section_id, contentclass_attribute_id, identifier, integer_value) VALUES (225,13,66,0,0,0,66,3,1033920794,2,6,'',0);
INSERT INTO ezsearch_object_word_link (id, contentobject_id, word_id, frequency, placement, prev_word_id, next_word_id, contentclass_id, published, section_id, contentclass_attribute_id, identifier, integer_value) VALUES (226,13,66,0,1,66,0,3,1033920794,2,6,'',0);
INSERT INTO ezsearch_object_word_link (id, contentobject_id, word_id, frequency, placement, prev_word_id, next_word_id, contentclass_id, published, section_id, contentclass_attribute_id, identifier, integer_value) VALUES (227,42,67,0,0,0,62,3,1072180330,2,6,'',0);
INSERT INTO ezsearch_object_word_link (id, contentobject_id, word_id, frequency, placement, prev_word_id, next_word_id, contentclass_id, published, section_id, contentclass_attribute_id, identifier, integer_value) VALUES (228,42,62,0,1,67,67,3,1072180330,2,6,'',0);
INSERT INTO ezsearch_object_word_link (id, contentobject_id, word_id, frequency, placement, prev_word_id, next_word_id, contentclass_id, published, section_id, contentclass_attribute_id, identifier, integer_value) VALUES (229,42,67,0,2,62,62,3,1072180330,2,6,'',0);
INSERT INTO ezsearch_object_word_link (id, contentobject_id, word_id, frequency, placement, prev_word_id, next_word_id, contentclass_id, published, section_id, contentclass_attribute_id, identifier, integer_value) VALUES (230,42,62,0,3,67,63,3,1072180330,2,6,'',0);
INSERT INTO ezsearch_object_word_link (id, contentobject_id, word_id, frequency, placement, prev_word_id, next_word_id, contentclass_id, published, section_id, contentclass_attribute_id, identifier, integer_value) VALUES (231,42,63,0,4,62,68,3,1072180330,2,7,'',0);
INSERT INTO ezsearch_object_word_link (id, contentobject_id, word_id, frequency, placement, prev_word_id, next_word_id, contentclass_id, published, section_id, contentclass_attribute_id, identifier, integer_value) VALUES (232,42,68,0,5,63,69,3,1072180330,2,7,'',0);
INSERT INTO ezsearch_object_word_link (id, contentobject_id, word_id, frequency, placement, prev_word_id, next_word_id, contentclass_id, published, section_id, contentclass_attribute_id, identifier, integer_value) VALUES (233,42,69,0,6,68,70,3,1072180330,2,7,'',0);
INSERT INTO ezsearch_object_word_link (id, contentobject_id, word_id, frequency, placement, prev_word_id, next_word_id, contentclass_id, published, section_id, contentclass_attribute_id, identifier, integer_value) VALUES (234,42,70,0,7,69,67,3,1072180330,2,7,'',0);
INSERT INTO ezsearch_object_word_link (id, contentobject_id, word_id, frequency, placement, prev_word_id, next_word_id, contentclass_id, published, section_id, contentclass_attribute_id, identifier, integer_value) VALUES (235,42,67,0,8,70,63,3,1072180330,2,7,'',0);
INSERT INTO ezsearch_object_word_link (id, contentobject_id, word_id, frequency, placement, prev_word_id, next_word_id, contentclass_id, published, section_id, contentclass_attribute_id, identifier, integer_value) VALUES (236,42,63,0,9,67,63,3,1072180330,2,7,'',0);
INSERT INTO ezsearch_object_word_link (id, contentobject_id, word_id, frequency, placement, prev_word_id, next_word_id, contentclass_id, published, section_id, contentclass_attribute_id, identifier, integer_value) VALUES (237,42,63,0,10,63,68,3,1072180330,2,7,'',0);
INSERT INTO ezsearch_object_word_link (id, contentobject_id, word_id, frequency, placement, prev_word_id, next_word_id, contentclass_id, published, section_id, contentclass_attribute_id, identifier, integer_value) VALUES (238,42,68,0,11,63,69,3,1072180330,2,7,'',0);
INSERT INTO ezsearch_object_word_link (id, contentobject_id, word_id, frequency, placement, prev_word_id, next_word_id, contentclass_id, published, section_id, contentclass_attribute_id, identifier, integer_value) VALUES (239,42,69,0,12,68,70,3,1072180330,2,7,'',0);
INSERT INTO ezsearch_object_word_link (id, contentobject_id, word_id, frequency, placement, prev_word_id, next_word_id, contentclass_id, published, section_id, contentclass_attribute_id, identifier, integer_value) VALUES (240,42,70,0,13,69,67,3,1072180330,2,7,'',0);
INSERT INTO ezsearch_object_word_link (id, contentobject_id, word_id, frequency, placement, prev_word_id, next_word_id, contentclass_id, published, section_id, contentclass_attribute_id, identifier, integer_value) VALUES (241,42,67,0,14,70,63,3,1072180330,2,7,'',0);
INSERT INTO ezsearch_object_word_link (id, contentobject_id, word_id, frequency, placement, prev_word_id, next_word_id, contentclass_id, published, section_id, contentclass_attribute_id, identifier, integer_value) VALUES (242,42,63,0,15,67,0,3,1072180330,2,7,'',0);
INSERT INTO ezsearch_object_word_link (id, contentobject_id, word_id, frequency, placement, prev_word_id, next_word_id, contentclass_id, published, section_id, contentclass_attribute_id, identifier, integer_value) VALUES (243,10,67,0,0,0,67,4,1033920665,2,8,'',0);
INSERT INTO ezsearch_object_word_link (id, contentobject_id, word_id, frequency, placement, prev_word_id, next_word_id, contentclass_id, published, section_id, contentclass_attribute_id, identifier, integer_value) VALUES (244,10,67,0,1,67,63,4,1033920665,2,8,'',0);
INSERT INTO ezsearch_object_word_link (id, contentobject_id, word_id, frequency, placement, prev_word_id, next_word_id, contentclass_id, published, section_id, contentclass_attribute_id, identifier, integer_value) VALUES (245,10,63,0,2,67,63,4,1033920665,2,9,'',0);
INSERT INTO ezsearch_object_word_link (id, contentobject_id, word_id, frequency, placement, prev_word_id, next_word_id, contentclass_id, published, section_id, contentclass_attribute_id, identifier, integer_value) VALUES (246,10,63,0,3,63,67,4,1033920665,2,9,'',0);
INSERT INTO ezsearch_object_word_link (id, contentobject_id, word_id, frequency, placement, prev_word_id, next_word_id, contentclass_id, published, section_id, contentclass_attribute_id, identifier, integer_value) VALUES (247,10,67,0,4,63,65,4,1033920665,2,12,'',0);
INSERT INTO ezsearch_object_word_link (id, contentobject_id, word_id, frequency, placement, prev_word_id, next_word_id, contentclass_id, published, section_id, contentclass_attribute_id, identifier, integer_value) VALUES (248,10,65,0,5,67,67,4,1033920665,2,12,'',0);
INSERT INTO ezsearch_object_word_link (id, contentobject_id, word_id, frequency, placement, prev_word_id, next_word_id, contentclass_id, published, section_id, contentclass_attribute_id, identifier, integer_value) VALUES (249,10,67,0,6,65,65,4,1033920665,2,12,'',0);
INSERT INTO ezsearch_object_word_link (id, contentobject_id, word_id, frequency, placement, prev_word_id, next_word_id, contentclass_id, published, section_id, contentclass_attribute_id, identifier, integer_value) VALUES (250,10,65,0,7,67,0,4,1033920665,2,12,'',0);
INSERT INTO ezsearch_object_word_link (id, contentobject_id, word_id, frequency, placement, prev_word_id, next_word_id, contentclass_id, published, section_id, contentclass_attribute_id, identifier, integer_value) VALUES (1485,45,85,0,0,0,85,1,1079684190,4,4,'',0);
INSERT INTO ezsearch_object_word_link (id, contentobject_id, word_id, frequency, placement, prev_word_id, next_word_id, contentclass_id, published, section_id, contentclass_attribute_id, identifier, integer_value) VALUES (1486,45,85,0,1,85,86,1,1079684190,4,4,'',0);
INSERT INTO ezsearch_object_word_link (id, contentobject_id, word_id, frequency, placement, prev_word_id, next_word_id, contentclass_id, published, section_id, contentclass_attribute_id, identifier, integer_value) VALUES (1487,45,86,0,2,85,86,1,1079684190,4,158,'',0);
INSERT INTO ezsearch_object_word_link (id, contentobject_id, word_id, frequency, placement, prev_word_id, next_word_id, contentclass_id, published, section_id, contentclass_attribute_id, identifier, integer_value) VALUES (1488,45,86,0,3,86,0,1,1079684190,4,158,'',0);
INSERT INTO ezsearch_object_word_link (id, contentobject_id, word_id, frequency, placement, prev_word_id, next_word_id, contentclass_id, published, section_id, contentclass_attribute_id, identifier, integer_value) VALUES (2379,49,90,0,0,0,90,1,1080220197,3,4,'',0);
INSERT INTO ezsearch_object_word_link (id, contentobject_id, word_id, frequency, placement, prev_word_id, next_word_id, contentclass_id, published, section_id, contentclass_attribute_id, identifier, integer_value) VALUES (2380,49,90,0,1,90,79,1,1080220197,3,4,'',0);
INSERT INTO ezsearch_object_word_link (id, contentobject_id, word_id, frequency, placement, prev_word_id, next_word_id, contentclass_id, published, section_id, contentclass_attribute_id, identifier, integer_value) VALUES (2381,49,79,0,2,90,79,1,1080220197,3,158,'',1);
INSERT INTO ezsearch_object_word_link (id, contentobject_id, word_id, frequency, placement, prev_word_id, next_word_id, contentclass_id, published, section_id, contentclass_attribute_id, identifier, integer_value) VALUES (2382,49,79,0,3,79,0,1,1080220197,3,158,'',1);
INSERT INTO ezsearch_object_word_link (id, contentobject_id, word_id, frequency, placement, prev_word_id, next_word_id, contentclass_id, published, section_id, contentclass_attribute_id, identifier, integer_value) VALUES (2383,50,101,0,0,0,101,1,1080220220,3,4,'',0);
INSERT INTO ezsearch_object_word_link (id, contentobject_id, word_id, frequency, placement, prev_word_id, next_word_id, contentclass_id, published, section_id, contentclass_attribute_id, identifier, integer_value) VALUES (2384,50,101,0,1,101,79,1,1080220220,3,4,'',0);
INSERT INTO ezsearch_object_word_link (id, contentobject_id, word_id, frequency, placement, prev_word_id, next_word_id, contentclass_id, published, section_id, contentclass_attribute_id, identifier, integer_value) VALUES (2385,50,79,0,2,101,79,1,1080220220,3,158,'',1);
INSERT INTO ezsearch_object_word_link (id, contentobject_id, word_id, frequency, placement, prev_word_id, next_word_id, contentclass_id, published, section_id, contentclass_attribute_id, identifier, integer_value) VALUES (2386,50,79,0,3,79,0,1,1080220220,3,158,'',1);
INSERT INTO ezsearch_object_word_link (id, contentobject_id, word_id, frequency, placement, prev_word_id, next_word_id, contentclass_id, published, section_id, contentclass_attribute_id, identifier, integer_value) VALUES (2387,51,102,0,0,0,102,1,1080220233,3,4,'',0);
INSERT INTO ezsearch_object_word_link (id, contentobject_id, word_id, frequency, placement, prev_word_id, next_word_id, contentclass_id, published, section_id, contentclass_attribute_id, identifier, integer_value) VALUES (2388,51,102,0,1,102,79,1,1080220233,3,4,'',0);
INSERT INTO ezsearch_object_word_link (id, contentobject_id, word_id, frequency, placement, prev_word_id, next_word_id, contentclass_id, published, section_id, contentclass_attribute_id, identifier, integer_value) VALUES (2389,51,79,0,2,102,79,1,1080220233,3,158,'',1);
INSERT INTO ezsearch_object_word_link (id, contentobject_id, word_id, frequency, placement, prev_word_id, next_word_id, contentclass_id, published, section_id, contentclass_attribute_id, identifier, integer_value) VALUES (2390,51,79,0,3,79,0,1,1080220233,3,158,'',1);
INSERT INTO ezsearch_object_word_link (id, contentobject_id, word_id, frequency, placement, prev_word_id, next_word_id, contentclass_id, published, section_id, contentclass_attribute_id, identifier, integer_value) VALUES (2391,52,103,0,0,0,104,14,1082016591,4,159,'',0);
INSERT INTO ezsearch_object_word_link (id, contentobject_id, word_id, frequency, placement, prev_word_id, next_word_id, contentclass_id, published, section_id, contentclass_attribute_id, identifier, integer_value) VALUES (2392,52,104,0,1,103,105,14,1082016591,4,159,'',0);
INSERT INTO ezsearch_object_word_link (id, contentobject_id, word_id, frequency, placement, prev_word_id, next_word_id, contentclass_id, published, section_id, contentclass_attribute_id, identifier, integer_value) VALUES (2393,52,105,0,2,104,103,14,1082016591,4,159,'',0);
INSERT INTO ezsearch_object_word_link (id, contentobject_id, word_id, frequency, placement, prev_word_id, next_word_id, contentclass_id, published, section_id, contentclass_attribute_id, identifier, integer_value) VALUES (2394,52,103,0,3,105,104,14,1082016591,4,159,'',0);
INSERT INTO ezsearch_object_word_link (id, contentobject_id, word_id, frequency, placement, prev_word_id, next_word_id, contentclass_id, published, section_id, contentclass_attribute_id, identifier, integer_value) VALUES (2395,52,104,0,4,103,105,14,1082016591,4,159,'',0);
INSERT INTO ezsearch_object_word_link (id, contentobject_id, word_id, frequency, placement, prev_word_id, next_word_id, contentclass_id, published, section_id, contentclass_attribute_id, identifier, integer_value) VALUES (2396,52,105,0,5,104,0,14,1082016591,4,159,'',0);
INSERT INTO ezsearch_object_word_link (id, contentobject_id, word_id, frequency, placement, prev_word_id, next_word_id, contentclass_id, published, section_id, contentclass_attribute_id, identifier, integer_value) VALUES (2397,54,106,0,0,0,106,15,1082016652,4,176,'',0);
INSERT INTO ezsearch_object_word_link (id, contentobject_id, word_id, frequency, placement, prev_word_id, next_word_id, contentclass_id, published, section_id, contentclass_attribute_id, identifier, integer_value) VALUES (2398,54,106,0,1,106,0,15,1082016652,4,176,'',0);
INSERT INTO ezsearch_object_word_link (id, contentobject_id, word_id, frequency, placement, prev_word_id, next_word_id, contentclass_id, published, section_id, contentclass_attribute_id, identifier, integer_value) VALUES (2399,1,107,0,0,0,108,1,1033917596,1,4,'',0);
INSERT INTO ezsearch_object_word_link (id, contentobject_id, word_id, frequency, placement, prev_word_id, next_word_id, contentclass_id, published, section_id, contentclass_attribute_id, identifier, integer_value) VALUES (2400,1,108,0,1,107,109,1,1033917596,1,4,'',0);
INSERT INTO ezsearch_object_word_link (id, contentobject_id, word_id, frequency, placement, prev_word_id, next_word_id, contentclass_id, published, section_id, contentclass_attribute_id, identifier, integer_value) VALUES (2401,1,109,0,2,108,110,1,1033917596,1,4,'',0);
INSERT INTO ezsearch_object_word_link (id, contentobject_id, word_id, frequency, placement, prev_word_id, next_word_id, contentclass_id, published, section_id, contentclass_attribute_id, identifier, integer_value) VALUES (2402,1,110,0,3,109,107,1,1033917596,1,4,'',0);
INSERT INTO ezsearch_object_word_link (id, contentobject_id, word_id, frequency, placement, prev_word_id, next_word_id, contentclass_id, published, section_id, contentclass_attribute_id, identifier, integer_value) VALUES (2403,1,107,0,4,110,108,1,1033917596,1,4,'',0);
INSERT INTO ezsearch_object_word_link (id, contentobject_id, word_id, frequency, placement, prev_word_id, next_word_id, contentclass_id, published, section_id, contentclass_attribute_id, identifier, integer_value) VALUES (2404,1,108,0,5,107,109,1,1033917596,1,4,'',0);
INSERT INTO ezsearch_object_word_link (id, contentobject_id, word_id, frequency, placement, prev_word_id, next_word_id, contentclass_id, published, section_id, contentclass_attribute_id, identifier, integer_value) VALUES (2405,1,109,0,6,108,110,1,1033917596,1,4,'',0);
INSERT INTO ezsearch_object_word_link (id, contentobject_id, word_id, frequency, placement, prev_word_id, next_word_id, contentclass_id, published, section_id, contentclass_attribute_id, identifier, integer_value) VALUES (2406,1,110,0,7,109,109,1,1033917596,1,4,'',0);
INSERT INTO ezsearch_object_word_link (id, contentobject_id, word_id, frequency, placement, prev_word_id, next_word_id, contentclass_id, published, section_id, contentclass_attribute_id, identifier, integer_value) VALUES (2407,1,109,0,8,110,110,1,1033917596,1,155,'',0);
INSERT INTO ezsearch_object_word_link (id, contentobject_id, word_id, frequency, placement, prev_word_id, next_word_id, contentclass_id, published, section_id, contentclass_attribute_id, identifier, integer_value) VALUES (2408,1,110,0,9,109,109,1,1033917596,1,155,'',0);
INSERT INTO ezsearch_object_word_link (id, contentobject_id, word_id, frequency, placement, prev_word_id, next_word_id, contentclass_id, published, section_id, contentclass_attribute_id, identifier, integer_value) VALUES (2409,1,109,0,10,110,110,1,1033917596,1,155,'',0);
INSERT INTO ezsearch_object_word_link (id, contentobject_id, word_id, frequency, placement, prev_word_id, next_word_id, contentclass_id, published, section_id, contentclass_attribute_id, identifier, integer_value) VALUES (2410,1,110,0,11,109,107,1,1033917596,1,155,'',0);
INSERT INTO ezsearch_object_word_link (id, contentobject_id, word_id, frequency, placement, prev_word_id, next_word_id, contentclass_id, published, section_id, contentclass_attribute_id, identifier, integer_value) VALUES (2411,1,107,0,12,110,108,1,1033917596,1,119,'',0);
INSERT INTO ezsearch_object_word_link (id, contentobject_id, word_id, frequency, placement, prev_word_id, next_word_id, contentclass_id, published, section_id, contentclass_attribute_id, identifier, integer_value) VALUES (2412,1,108,0,13,107,111,1,1033917596,1,119,'',0);
INSERT INTO ezsearch_object_word_link (id, contentobject_id, word_id, frequency, placement, prev_word_id, next_word_id, contentclass_id, published, section_id, contentclass_attribute_id, identifier, integer_value) VALUES (2413,1,111,0,14,108,112,1,1033917596,1,119,'',0);
INSERT INTO ezsearch_object_word_link (id, contentobject_id, word_id, frequency, placement, prev_word_id, next_word_id, contentclass_id, published, section_id, contentclass_attribute_id, identifier, integer_value) VALUES (2414,1,112,0,15,111,109,1,1033917596,1,119,'',0);
INSERT INTO ezsearch_object_word_link (id, contentobject_id, word_id, frequency, placement, prev_word_id, next_word_id, contentclass_id, published, section_id, contentclass_attribute_id, identifier, integer_value) VALUES (2415,1,109,0,16,112,110,1,1033917596,1,119,'',0);
INSERT INTO ezsearch_object_word_link (id, contentobject_id, word_id, frequency, placement, prev_word_id, next_word_id, contentclass_id, published, section_id, contentclass_attribute_id, identifier, integer_value) VALUES (2416,1,110,0,17,109,113,1,1033917596,1,119,'',0);
INSERT INTO ezsearch_object_word_link (id, contentobject_id, word_id, frequency, placement, prev_word_id, next_word_id, contentclass_id, published, section_id, contentclass_attribute_id, identifier, integer_value) VALUES (2417,1,113,0,18,110,114,1,1033917596,1,119,'',0);
INSERT INTO ezsearch_object_word_link (id, contentobject_id, word_id, frequency, placement, prev_word_id, next_word_id, contentclass_id, published, section_id, contentclass_attribute_id, identifier, integer_value) VALUES (2418,1,114,0,19,113,115,1,1033917596,1,119,'',0);
INSERT INTO ezsearch_object_word_link (id, contentobject_id, word_id, frequency, placement, prev_word_id, next_word_id, contentclass_id, published, section_id, contentclass_attribute_id, identifier, integer_value) VALUES (2419,1,115,0,20,114,116,1,1033917596,1,119,'',0);
INSERT INTO ezsearch_object_word_link (id, contentobject_id, word_id, frequency, placement, prev_word_id, next_word_id, contentclass_id, published, section_id, contentclass_attribute_id, identifier, integer_value) VALUES (2420,1,116,0,21,115,70,1,1033917596,1,119,'',0);
INSERT INTO ezsearch_object_word_link (id, contentobject_id, word_id, frequency, placement, prev_word_id, next_word_id, contentclass_id, published, section_id, contentclass_attribute_id, identifier, integer_value) VALUES (2421,1,70,0,22,116,117,1,1033917596,1,119,'',0);
INSERT INTO ezsearch_object_word_link (id, contentobject_id, word_id, frequency, placement, prev_word_id, next_word_id, contentclass_id, published, section_id, contentclass_attribute_id, identifier, integer_value) VALUES (2422,1,117,0,23,70,118,1,1033917596,1,119,'',0);
INSERT INTO ezsearch_object_word_link (id, contentobject_id, word_id, frequency, placement, prev_word_id, next_word_id, contentclass_id, published, section_id, contentclass_attribute_id, identifier, integer_value) VALUES (2423,1,118,0,24,117,119,1,1033917596,1,119,'',0);
INSERT INTO ezsearch_object_word_link (id, contentobject_id, word_id, frequency, placement, prev_word_id, next_word_id, contentclass_id, published, section_id, contentclass_attribute_id, identifier, integer_value) VALUES (2424,1,119,0,25,118,120,1,1033917596,1,119,'',0);
INSERT INTO ezsearch_object_word_link (id, contentobject_id, word_id, frequency, placement, prev_word_id, next_word_id, contentclass_id, published, section_id, contentclass_attribute_id, identifier, integer_value) VALUES (2425,1,120,0,26,119,70,1,1033917596,1,119,'',0);
INSERT INTO ezsearch_object_word_link (id, contentobject_id, word_id, frequency, placement, prev_word_id, next_word_id, contentclass_id, published, section_id, contentclass_attribute_id, identifier, integer_value) VALUES (2426,1,70,0,27,120,121,1,1033917596,1,119,'',0);
INSERT INTO ezsearch_object_word_link (id, contentobject_id, word_id, frequency, placement, prev_word_id, next_word_id, contentclass_id, published, section_id, contentclass_attribute_id, identifier, integer_value) VALUES (2427,1,121,0,28,70,122,1,1033917596,1,119,'',0);
INSERT INTO ezsearch_object_word_link (id, contentobject_id, word_id, frequency, placement, prev_word_id, next_word_id, contentclass_id, published, section_id, contentclass_attribute_id, identifier, integer_value) VALUES (2428,1,122,0,29,121,123,1,1033917596,1,119,'',0);
INSERT INTO ezsearch_object_word_link (id, contentobject_id, word_id, frequency, placement, prev_word_id, next_word_id, contentclass_id, published, section_id, contentclass_attribute_id, identifier, integer_value) VALUES (2429,1,123,0,30,122,70,1,1033917596,1,119,'',0);
INSERT INTO ezsearch_object_word_link (id, contentobject_id, word_id, frequency, placement, prev_word_id, next_word_id, contentclass_id, published, section_id, contentclass_attribute_id, identifier, integer_value) VALUES (2430,1,70,0,31,123,124,1,1033917596,1,119,'',0);
INSERT INTO ezsearch_object_word_link (id, contentobject_id, word_id, frequency, placement, prev_word_id, next_word_id, contentclass_id, published, section_id, contentclass_attribute_id, identifier, integer_value) VALUES (2431,1,124,0,32,70,125,1,1033917596,1,119,'',0);
INSERT INTO ezsearch_object_word_link (id, contentobject_id, word_id, frequency, placement, prev_word_id, next_word_id, contentclass_id, published, section_id, contentclass_attribute_id, identifier, integer_value) VALUES (2432,1,125,0,33,124,126,1,1033917596,1,119,'',0);
INSERT INTO ezsearch_object_word_link (id, contentobject_id, word_id, frequency, placement, prev_word_id, next_word_id, contentclass_id, published, section_id, contentclass_attribute_id, identifier, integer_value) VALUES (2433,1,126,0,34,125,127,1,1033917596,1,119,'',0);
INSERT INTO ezsearch_object_word_link (id, contentobject_id, word_id, frequency, placement, prev_word_id, next_word_id, contentclass_id, published, section_id, contentclass_attribute_id, identifier, integer_value) VALUES (2434,1,127,0,35,126,70,1,1033917596,1,119,'',0);
INSERT INTO ezsearch_object_word_link (id, contentobject_id, word_id, frequency, placement, prev_word_id, next_word_id, contentclass_id, published, section_id, contentclass_attribute_id, identifier, integer_value) VALUES (2435,1,70,0,36,127,128,1,1033917596,1,119,'',0);
INSERT INTO ezsearch_object_word_link (id, contentobject_id, word_id, frequency, placement, prev_word_id, next_word_id, contentclass_id, published, section_id, contentclass_attribute_id, identifier, integer_value) VALUES (2436,1,128,0,37,70,129,1,1033917596,1,119,'',0);
INSERT INTO ezsearch_object_word_link (id, contentobject_id, word_id, frequency, placement, prev_word_id, next_word_id, contentclass_id, published, section_id, contentclass_attribute_id, identifier, integer_value) VALUES (2437,1,129,0,38,128,118,1,1033917596,1,119,'',0);
INSERT INTO ezsearch_object_word_link (id, contentobject_id, word_id, frequency, placement, prev_word_id, next_word_id, contentclass_id, published, section_id, contentclass_attribute_id, identifier, integer_value) VALUES (2438,1,118,0,39,129,130,1,1033917596,1,119,'',0);
INSERT INTO ezsearch_object_word_link (id, contentobject_id, word_id, frequency, placement, prev_word_id, next_word_id, contentclass_id, published, section_id, contentclass_attribute_id, identifier, integer_value) VALUES (2439,1,130,0,40,118,70,1,1033917596,1,119,'',0);
INSERT INTO ezsearch_object_word_link (id, contentobject_id, word_id, frequency, placement, prev_word_id, next_word_id, contentclass_id, published, section_id, contentclass_attribute_id, identifier, integer_value) VALUES (2440,1,70,0,41,130,131,1,1033917596,1,119,'',0);
INSERT INTO ezsearch_object_word_link (id, contentobject_id, word_id, frequency, placement, prev_word_id, next_word_id, contentclass_id, published, section_id, contentclass_attribute_id, identifier, integer_value) VALUES (2441,1,131,0,42,70,132,1,1033917596,1,119,'',0);
INSERT INTO ezsearch_object_word_link (id, contentobject_id, word_id, frequency, placement, prev_word_id, next_word_id, contentclass_id, published, section_id, contentclass_attribute_id, identifier, integer_value) VALUES (2442,1,132,0,43,131,69,1,1033917596,1,119,'',0);
INSERT INTO ezsearch_object_word_link (id, contentobject_id, word_id, frequency, placement, prev_word_id, next_word_id, contentclass_id, published, section_id, contentclass_attribute_id, identifier, integer_value) VALUES (2443,1,69,0,44,132,133,1,1033917596,1,119,'',0);
INSERT INTO ezsearch_object_word_link (id, contentobject_id, word_id, frequency, placement, prev_word_id, next_word_id, contentclass_id, published, section_id, contentclass_attribute_id, identifier, integer_value) VALUES (2444,1,133,0,45,69,134,1,1033917596,1,119,'',0);
INSERT INTO ezsearch_object_word_link (id, contentobject_id, word_id, frequency, placement, prev_word_id, next_word_id, contentclass_id, published, section_id, contentclass_attribute_id, identifier, integer_value) VALUES (2445,1,134,0,46,133,135,1,1033917596,1,119,'',0);
INSERT INTO ezsearch_object_word_link (id, contentobject_id, word_id, frequency, placement, prev_word_id, next_word_id, contentclass_id, published, section_id, contentclass_attribute_id, identifier, integer_value) VALUES (2446,1,135,0,47,134,136,1,1033917596,1,119,'',0);
INSERT INTO ezsearch_object_word_link (id, contentobject_id, word_id, frequency, placement, prev_word_id, next_word_id, contentclass_id, published, section_id, contentclass_attribute_id, identifier, integer_value) VALUES (2447,1,136,0,48,135,135,1,1033917596,1,119,'',0);
INSERT INTO ezsearch_object_word_link (id, contentobject_id, word_id, frequency, placement, prev_word_id, next_word_id, contentclass_id, published, section_id, contentclass_attribute_id, identifier, integer_value) VALUES (2448,1,135,0,49,136,137,1,1033917596,1,119,'',0);
INSERT INTO ezsearch_object_word_link (id, contentobject_id, word_id, frequency, placement, prev_word_id, next_word_id, contentclass_id, published, section_id, contentclass_attribute_id, identifier, integer_value) VALUES (2449,1,137,0,50,135,107,1,1033917596,1,119,'',0);
INSERT INTO ezsearch_object_word_link (id, contentobject_id, word_id, frequency, placement, prev_word_id, next_word_id, contentclass_id, published, section_id, contentclass_attribute_id, identifier, integer_value) VALUES (2450,1,107,0,51,137,108,1,1033917596,1,119,'',0);
INSERT INTO ezsearch_object_word_link (id, contentobject_id, word_id, frequency, placement, prev_word_id, next_word_id, contentclass_id, published, section_id, contentclass_attribute_id, identifier, integer_value) VALUES (2451,1,108,0,52,107,111,1,1033917596,1,119,'',0);
INSERT INTO ezsearch_object_word_link (id, contentobject_id, word_id, frequency, placement, prev_word_id, next_word_id, contentclass_id, published, section_id, contentclass_attribute_id, identifier, integer_value) VALUES (2452,1,111,0,53,108,112,1,1033917596,1,119,'',0);
INSERT INTO ezsearch_object_word_link (id, contentobject_id, word_id, frequency, placement, prev_word_id, next_word_id, contentclass_id, published, section_id, contentclass_attribute_id, identifier, integer_value) VALUES (2453,1,112,0,54,111,109,1,1033917596,1,119,'',0);
INSERT INTO ezsearch_object_word_link (id, contentobject_id, word_id, frequency, placement, prev_word_id, next_word_id, contentclass_id, published, section_id, contentclass_attribute_id, identifier, integer_value) VALUES (2454,1,109,0,55,112,110,1,1033917596,1,119,'',0);
INSERT INTO ezsearch_object_word_link (id, contentobject_id, word_id, frequency, placement, prev_word_id, next_word_id, contentclass_id, published, section_id, contentclass_attribute_id, identifier, integer_value) VALUES (2455,1,110,0,56,109,113,1,1033917596,1,119,'',0);
INSERT INTO ezsearch_object_word_link (id, contentobject_id, word_id, frequency, placement, prev_word_id, next_word_id, contentclass_id, published, section_id, contentclass_attribute_id, identifier, integer_value) VALUES (2456,1,113,0,57,110,114,1,1033917596,1,119,'',0);
INSERT INTO ezsearch_object_word_link (id, contentobject_id, word_id, frequency, placement, prev_word_id, next_word_id, contentclass_id, published, section_id, contentclass_attribute_id, identifier, integer_value) VALUES (2457,1,114,0,58,113,115,1,1033917596,1,119,'',0);
INSERT INTO ezsearch_object_word_link (id, contentobject_id, word_id, frequency, placement, prev_word_id, next_word_id, contentclass_id, published, section_id, contentclass_attribute_id, identifier, integer_value) VALUES (2458,1,115,0,59,114,116,1,1033917596,1,119,'',0);
INSERT INTO ezsearch_object_word_link (id, contentobject_id, word_id, frequency, placement, prev_word_id, next_word_id, contentclass_id, published, section_id, contentclass_attribute_id, identifier, integer_value) VALUES (2459,1,116,0,60,115,70,1,1033917596,1,119,'',0);
INSERT INTO ezsearch_object_word_link (id, contentobject_id, word_id, frequency, placement, prev_word_id, next_word_id, contentclass_id, published, section_id, contentclass_attribute_id, identifier, integer_value) VALUES (2460,1,70,0,61,116,117,1,1033917596,1,119,'',0);
INSERT INTO ezsearch_object_word_link (id, contentobject_id, word_id, frequency, placement, prev_word_id, next_word_id, contentclass_id, published, section_id, contentclass_attribute_id, identifier, integer_value) VALUES (2461,1,117,0,62,70,118,1,1033917596,1,119,'',0);
INSERT INTO ezsearch_object_word_link (id, contentobject_id, word_id, frequency, placement, prev_word_id, next_word_id, contentclass_id, published, section_id, contentclass_attribute_id, identifier, integer_value) VALUES (2462,1,118,0,63,117,119,1,1033917596,1,119,'',0);
INSERT INTO ezsearch_object_word_link (id, contentobject_id, word_id, frequency, placement, prev_word_id, next_word_id, contentclass_id, published, section_id, contentclass_attribute_id, identifier, integer_value) VALUES (2463,1,119,0,64,118,120,1,1033917596,1,119,'',0);
INSERT INTO ezsearch_object_word_link (id, contentobject_id, word_id, frequency, placement, prev_word_id, next_word_id, contentclass_id, published, section_id, contentclass_attribute_id, identifier, integer_value) VALUES (2464,1,120,0,65,119,70,1,1033917596,1,119,'',0);
INSERT INTO ezsearch_object_word_link (id, contentobject_id, word_id, frequency, placement, prev_word_id, next_word_id, contentclass_id, published, section_id, contentclass_attribute_id, identifier, integer_value) VALUES (2465,1,70,0,66,120,121,1,1033917596,1,119,'',0);
INSERT INTO ezsearch_object_word_link (id, contentobject_id, word_id, frequency, placement, prev_word_id, next_word_id, contentclass_id, published, section_id, contentclass_attribute_id, identifier, integer_value) VALUES (2466,1,121,0,67,70,122,1,1033917596,1,119,'',0);
INSERT INTO ezsearch_object_word_link (id, contentobject_id, word_id, frequency, placement, prev_word_id, next_word_id, contentclass_id, published, section_id, contentclass_attribute_id, identifier, integer_value) VALUES (2467,1,122,0,68,121,123,1,1033917596,1,119,'',0);
INSERT INTO ezsearch_object_word_link (id, contentobject_id, word_id, frequency, placement, prev_word_id, next_word_id, contentclass_id, published, section_id, contentclass_attribute_id, identifier, integer_value) VALUES (2468,1,123,0,69,122,70,1,1033917596,1,119,'',0);
INSERT INTO ezsearch_object_word_link (id, contentobject_id, word_id, frequency, placement, prev_word_id, next_word_id, contentclass_id, published, section_id, contentclass_attribute_id, identifier, integer_value) VALUES (2469,1,70,0,70,123,124,1,1033917596,1,119,'',0);
INSERT INTO ezsearch_object_word_link (id, contentobject_id, word_id, frequency, placement, prev_word_id, next_word_id, contentclass_id, published, section_id, contentclass_attribute_id, identifier, integer_value) VALUES (2470,1,124,0,71,70,125,1,1033917596,1,119,'',0);
INSERT INTO ezsearch_object_word_link (id, contentobject_id, word_id, frequency, placement, prev_word_id, next_word_id, contentclass_id, published, section_id, contentclass_attribute_id, identifier, integer_value) VALUES (2471,1,125,0,72,124,126,1,1033917596,1,119,'',0);
INSERT INTO ezsearch_object_word_link (id, contentobject_id, word_id, frequency, placement, prev_word_id, next_word_id, contentclass_id, published, section_id, contentclass_attribute_id, identifier, integer_value) VALUES (2472,1,126,0,73,125,127,1,1033917596,1,119,'',0);
INSERT INTO ezsearch_object_word_link (id, contentobject_id, word_id, frequency, placement, prev_word_id, next_word_id, contentclass_id, published, section_id, contentclass_attribute_id, identifier, integer_value) VALUES (2473,1,127,0,74,126,70,1,1033917596,1,119,'',0);
INSERT INTO ezsearch_object_word_link (id, contentobject_id, word_id, frequency, placement, prev_word_id, next_word_id, contentclass_id, published, section_id, contentclass_attribute_id, identifier, integer_value) VALUES (2474,1,70,0,75,127,128,1,1033917596,1,119,'',0);
INSERT INTO ezsearch_object_word_link (id, contentobject_id, word_id, frequency, placement, prev_word_id, next_word_id, contentclass_id, published, section_id, contentclass_attribute_id, identifier, integer_value) VALUES (2475,1,128,0,76,70,129,1,1033917596,1,119,'',0);
INSERT INTO ezsearch_object_word_link (id, contentobject_id, word_id, frequency, placement, prev_word_id, next_word_id, contentclass_id, published, section_id, contentclass_attribute_id, identifier, integer_value) VALUES (2476,1,129,0,77,128,118,1,1033917596,1,119,'',0);
INSERT INTO ezsearch_object_word_link (id, contentobject_id, word_id, frequency, placement, prev_word_id, next_word_id, contentclass_id, published, section_id, contentclass_attribute_id, identifier, integer_value) VALUES (2477,1,118,0,78,129,130,1,1033917596,1,119,'',0);
INSERT INTO ezsearch_object_word_link (id, contentobject_id, word_id, frequency, placement, prev_word_id, next_word_id, contentclass_id, published, section_id, contentclass_attribute_id, identifier, integer_value) VALUES (2478,1,130,0,79,118,70,1,1033917596,1,119,'',0);
INSERT INTO ezsearch_object_word_link (id, contentobject_id, word_id, frequency, placement, prev_word_id, next_word_id, contentclass_id, published, section_id, contentclass_attribute_id, identifier, integer_value) VALUES (2479,1,70,0,80,130,131,1,1033917596,1,119,'',0);
INSERT INTO ezsearch_object_word_link (id, contentobject_id, word_id, frequency, placement, prev_word_id, next_word_id, contentclass_id, published, section_id, contentclass_attribute_id, identifier, integer_value) VALUES (2480,1,131,0,81,70,132,1,1033917596,1,119,'',0);
INSERT INTO ezsearch_object_word_link (id, contentobject_id, word_id, frequency, placement, prev_word_id, next_word_id, contentclass_id, published, section_id, contentclass_attribute_id, identifier, integer_value) VALUES (2481,1,132,0,82,131,69,1,1033917596,1,119,'',0);
INSERT INTO ezsearch_object_word_link (id, contentobject_id, word_id, frequency, placement, prev_word_id, next_word_id, contentclass_id, published, section_id, contentclass_attribute_id, identifier, integer_value) VALUES (2482,1,69,0,83,132,133,1,1033917596,1,119,'',0);
INSERT INTO ezsearch_object_word_link (id, contentobject_id, word_id, frequency, placement, prev_word_id, next_word_id, contentclass_id, published, section_id, contentclass_attribute_id, identifier, integer_value) VALUES (2483,1,133,0,84,69,134,1,1033917596,1,119,'',0);
INSERT INTO ezsearch_object_word_link (id, contentobject_id, word_id, frequency, placement, prev_word_id, next_word_id, contentclass_id, published, section_id, contentclass_attribute_id, identifier, integer_value) VALUES (2484,1,134,0,85,133,135,1,1033917596,1,119,'',0);
INSERT INTO ezsearch_object_word_link (id, contentobject_id, word_id, frequency, placement, prev_word_id, next_word_id, contentclass_id, published, section_id, contentclass_attribute_id, identifier, integer_value) VALUES (2485,1,135,0,86,134,136,1,1033917596,1,119,'',0);
INSERT INTO ezsearch_object_word_link (id, contentobject_id, word_id, frequency, placement, prev_word_id, next_word_id, contentclass_id, published, section_id, contentclass_attribute_id, identifier, integer_value) VALUES (2486,1,136,0,87,135,135,1,1033917596,1,119,'',0);
INSERT INTO ezsearch_object_word_link (id, contentobject_id, word_id, frequency, placement, prev_word_id, next_word_id, contentclass_id, published, section_id, contentclass_attribute_id, identifier, integer_value) VALUES (2487,1,135,0,88,136,137,1,1033917596,1,119,'',0);
INSERT INTO ezsearch_object_word_link (id, contentobject_id, word_id, frequency, placement, prev_word_id, next_word_id, contentclass_id, published, section_id, contentclass_attribute_id, identifier, integer_value) VALUES (2488,1,137,0,89,135,138,1,1033917596,1,119,'',0);
INSERT INTO ezsearch_object_word_link (id, contentobject_id, word_id, frequency, placement, prev_word_id, next_word_id, contentclass_id, published, section_id, contentclass_attribute_id, identifier, integer_value) VALUES (2489,1,138,0,90,137,109,1,1033917596,1,156,'',0);
INSERT INTO ezsearch_object_word_link (id, contentobject_id, word_id, frequency, placement, prev_word_id, next_word_id, contentclass_id, published, section_id, contentclass_attribute_id, identifier, integer_value) VALUES (2490,1,109,0,91,138,110,1,1033917596,1,156,'',0);
INSERT INTO ezsearch_object_word_link (id, contentobject_id, word_id, frequency, placement, prev_word_id, next_word_id, contentclass_id, published, section_id, contentclass_attribute_id, identifier, integer_value) VALUES (2491,1,110,0,92,109,139,1,1033917596,1,156,'',0);
INSERT INTO ezsearch_object_word_link (id, contentobject_id, word_id, frequency, placement, prev_word_id, next_word_id, contentclass_id, published, section_id, contentclass_attribute_id, identifier, integer_value) VALUES (2492,1,139,0,93,110,138,1,1033917596,1,156,'',0);
INSERT INTO ezsearch_object_word_link (id, contentobject_id, word_id, frequency, placement, prev_word_id, next_word_id, contentclass_id, published, section_id, contentclass_attribute_id, identifier, integer_value) VALUES (2493,1,138,0,94,139,140,1,1033917596,1,156,'',0);
INSERT INTO ezsearch_object_word_link (id, contentobject_id, word_id, frequency, placement, prev_word_id, next_word_id, contentclass_id, published, section_id, contentclass_attribute_id, identifier, integer_value) VALUES (2494,1,140,0,95,138,70,1,1033917596,1,156,'',0);
INSERT INTO ezsearch_object_word_link (id, contentobject_id, word_id, frequency, placement, prev_word_id, next_word_id, contentclass_id, published, section_id, contentclass_attribute_id, identifier, integer_value) VALUES (2495,1,70,0,96,140,141,1,1033917596,1,156,'',0);
INSERT INTO ezsearch_object_word_link (id, contentobject_id, word_id, frequency, placement, prev_word_id, next_word_id, contentclass_id, published, section_id, contentclass_attribute_id, identifier, integer_value) VALUES (2496,1,141,0,97,70,142,1,1033917596,1,156,'',0);
INSERT INTO ezsearch_object_word_link (id, contentobject_id, word_id, frequency, placement, prev_word_id, next_word_id, contentclass_id, published, section_id, contentclass_attribute_id, identifier, integer_value) VALUES (2497,1,142,0,98,141,120,1,1033917596,1,156,'',0);
INSERT INTO ezsearch_object_word_link (id, contentobject_id, word_id, frequency, placement, prev_word_id, next_word_id, contentclass_id, published, section_id, contentclass_attribute_id, identifier, integer_value) VALUES (2498,1,120,0,99,142,121,1,1033917596,1,156,'',0);
INSERT INTO ezsearch_object_word_link (id, contentobject_id, word_id, frequency, placement, prev_word_id, next_word_id, contentclass_id, published, section_id, contentclass_attribute_id, identifier, integer_value) VALUES (2499,1,121,0,100,120,143,1,1033917596,1,156,'',0);
INSERT INTO ezsearch_object_word_link (id, contentobject_id, word_id, frequency, placement, prev_word_id, next_word_id, contentclass_id, published, section_id, contentclass_attribute_id, identifier, integer_value) VALUES (2500,1,143,0,101,121,144,1,1033917596,1,156,'',0);
INSERT INTO ezsearch_object_word_link (id, contentobject_id, word_id, frequency, placement, prev_word_id, next_word_id, contentclass_id, published, section_id, contentclass_attribute_id, identifier, integer_value) VALUES (2501,1,144,0,102,143,145,1,1033917596,1,156,'',0);
INSERT INTO ezsearch_object_word_link (id, contentobject_id, word_id, frequency, placement, prev_word_id, next_word_id, contentclass_id, published, section_id, contentclass_attribute_id, identifier, integer_value) VALUES (2502,1,145,0,103,144,146,1,1033917596,1,156,'',0);
INSERT INTO ezsearch_object_word_link (id, contentobject_id, word_id, frequency, placement, prev_word_id, next_word_id, contentclass_id, published, section_id, contentclass_attribute_id, identifier, integer_value) VALUES (2503,1,146,0,104,145,147,1,1033917596,1,156,'',0);
INSERT INTO ezsearch_object_word_link (id, contentobject_id, word_id, frequency, placement, prev_word_id, next_word_id, contentclass_id, published, section_id, contentclass_attribute_id, identifier, integer_value) VALUES (2504,1,147,0,105,146,148,1,1033917596,1,156,'',0);
INSERT INTO ezsearch_object_word_link (id, contentobject_id, word_id, frequency, placement, prev_word_id, next_word_id, contentclass_id, published, section_id, contentclass_attribute_id, identifier, integer_value) VALUES (2505,1,148,0,106,147,149,1,1033917596,1,156,'',0);
INSERT INTO ezsearch_object_word_link (id, contentobject_id, word_id, frequency, placement, prev_word_id, next_word_id, contentclass_id, published, section_id, contentclass_attribute_id, identifier, integer_value) VALUES (2506,1,149,0,107,148,150,1,1033917596,1,156,'',0);
INSERT INTO ezsearch_object_word_link (id, contentobject_id, word_id, frequency, placement, prev_word_id, next_word_id, contentclass_id, published, section_id, contentclass_attribute_id, identifier, integer_value) VALUES (2507,1,150,0,108,149,151,1,1033917596,1,156,'',0);
INSERT INTO ezsearch_object_word_link (id, contentobject_id, word_id, frequency, placement, prev_word_id, next_word_id, contentclass_id, published, section_id, contentclass_attribute_id, identifier, integer_value) VALUES (2508,1,151,0,109,150,152,1,1033917596,1,156,'',0);
INSERT INTO ezsearch_object_word_link (id, contentobject_id, word_id, frequency, placement, prev_word_id, next_word_id, contentclass_id, published, section_id, contentclass_attribute_id, identifier, integer_value) VALUES (2509,1,152,0,110,151,153,1,1033917596,1,156,'',0);
INSERT INTO ezsearch_object_word_link (id, contentobject_id, word_id, frequency, placement, prev_word_id, next_word_id, contentclass_id, published, section_id, contentclass_attribute_id, identifier, integer_value) VALUES (2510,1,153,0,111,152,154,1,1033917596,1,156,'',0);
INSERT INTO ezsearch_object_word_link (id, contentobject_id, word_id, frequency, placement, prev_word_id, next_word_id, contentclass_id, published, section_id, contentclass_attribute_id, identifier, integer_value) VALUES (2511,1,154,0,112,153,155,1,1033917596,1,156,'',0);
INSERT INTO ezsearch_object_word_link (id, contentobject_id, word_id, frequency, placement, prev_word_id, next_word_id, contentclass_id, published, section_id, contentclass_attribute_id, identifier, integer_value) VALUES (2512,1,155,0,113,154,156,1,1033917596,1,156,'',0);
INSERT INTO ezsearch_object_word_link (id, contentobject_id, word_id, frequency, placement, prev_word_id, next_word_id, contentclass_id, published, section_id, contentclass_attribute_id, identifier, integer_value) VALUES (2513,1,156,0,114,155,157,1,1033917596,1,156,'',0);
INSERT INTO ezsearch_object_word_link (id, contentobject_id, word_id, frequency, placement, prev_word_id, next_word_id, contentclass_id, published, section_id, contentclass_attribute_id, identifier, integer_value) VALUES (2514,1,157,0,115,156,120,1,1033917596,1,156,'',0);
INSERT INTO ezsearch_object_word_link (id, contentobject_id, word_id, frequency, placement, prev_word_id, next_word_id, contentclass_id, published, section_id, contentclass_attribute_id, identifier, integer_value) VALUES (2515,1,120,0,116,157,158,1,1033917596,1,156,'',0);
INSERT INTO ezsearch_object_word_link (id, contentobject_id, word_id, frequency, placement, prev_word_id, next_word_id, contentclass_id, published, section_id, contentclass_attribute_id, identifier, integer_value) VALUES (2516,1,158,0,117,120,159,1,1033917596,1,156,'',0);
INSERT INTO ezsearch_object_word_link (id, contentobject_id, word_id, frequency, placement, prev_word_id, next_word_id, contentclass_id, published, section_id, contentclass_attribute_id, identifier, integer_value) VALUES (2517,1,159,0,118,158,160,1,1033917596,1,156,'',0);
INSERT INTO ezsearch_object_word_link (id, contentobject_id, word_id, frequency, placement, prev_word_id, next_word_id, contentclass_id, published, section_id, contentclass_attribute_id, identifier, integer_value) VALUES (2518,1,160,0,119,159,161,1,1033917596,1,156,'',0);
INSERT INTO ezsearch_object_word_link (id, contentobject_id, word_id, frequency, placement, prev_word_id, next_word_id, contentclass_id, published, section_id, contentclass_attribute_id, identifier, integer_value) VALUES (2519,1,161,0,120,160,70,1,1033917596,1,156,'',0);
INSERT INTO ezsearch_object_word_link (id, contentobject_id, word_id, frequency, placement, prev_word_id, next_word_id, contentclass_id, published, section_id, contentclass_attribute_id, identifier, integer_value) VALUES (2520,1,70,0,121,161,138,1,1033917596,1,156,'',0);
INSERT INTO ezsearch_object_word_link (id, contentobject_id, word_id, frequency, placement, prev_word_id, next_word_id, contentclass_id, published, section_id, contentclass_attribute_id, identifier, integer_value) VALUES (2521,1,138,0,122,70,69,1,1033917596,1,156,'',0);
INSERT INTO ezsearch_object_word_link (id, contentobject_id, word_id, frequency, placement, prev_word_id, next_word_id, contentclass_id, published, section_id, contentclass_attribute_id, identifier, integer_value) VALUES (2522,1,69,0,123,138,162,1,1033917596,1,156,'',0);
INSERT INTO ezsearch_object_word_link (id, contentobject_id, word_id, frequency, placement, prev_word_id, next_word_id, contentclass_id, published, section_id, contentclass_attribute_id, identifier, integer_value) VALUES (2523,1,162,0,124,69,121,1,1033917596,1,156,'',0);
INSERT INTO ezsearch_object_word_link (id, contentobject_id, word_id, frequency, placement, prev_word_id, next_word_id, contentclass_id, published, section_id, contentclass_attribute_id, identifier, integer_value) VALUES (2524,1,121,0,125,162,163,1,1033917596,1,156,'',0);
INSERT INTO ezsearch_object_word_link (id, contentobject_id, word_id, frequency, placement, prev_word_id, next_word_id, contentclass_id, published, section_id, contentclass_attribute_id, identifier, integer_value) VALUES (2525,1,163,0,126,121,164,1,1033917596,1,156,'',0);
INSERT INTO ezsearch_object_word_link (id, contentobject_id, word_id, frequency, placement, prev_word_id, next_word_id, contentclass_id, published, section_id, contentclass_attribute_id, identifier, integer_value) VALUES (2526,1,164,0,127,163,123,1,1033917596,1,156,'',0);
INSERT INTO ezsearch_object_word_link (id, contentobject_id, word_id, frequency, placement, prev_word_id, next_word_id, contentclass_id, published, section_id, contentclass_attribute_id, identifier, integer_value) VALUES (2527,1,123,0,128,164,70,1,1033917596,1,156,'',0);
INSERT INTO ezsearch_object_word_link (id, contentobject_id, word_id, frequency, placement, prev_word_id, next_word_id, contentclass_id, published, section_id, contentclass_attribute_id, identifier, integer_value) VALUES (2528,1,70,0,129,123,165,1,1033917596,1,156,'',0);
INSERT INTO ezsearch_object_word_link (id, contentobject_id, word_id, frequency, placement, prev_word_id, next_word_id, contentclass_id, published, section_id, contentclass_attribute_id, identifier, integer_value) VALUES (2529,1,165,0,130,70,166,1,1033917596,1,156,'',0);
INSERT INTO ezsearch_object_word_link (id, contentobject_id, word_id, frequency, placement, prev_word_id, next_word_id, contentclass_id, published, section_id, contentclass_attribute_id, identifier, integer_value) VALUES (2530,1,166,0,131,165,167,1,1033917596,1,156,'',0);
INSERT INTO ezsearch_object_word_link (id, contentobject_id, word_id, frequency, placement, prev_word_id, next_word_id, contentclass_id, published, section_id, contentclass_attribute_id, identifier, integer_value) VALUES (2531,1,167,0,132,166,168,1,1033917596,1,156,'',0);
INSERT INTO ezsearch_object_word_link (id, contentobject_id, word_id, frequency, placement, prev_word_id, next_word_id, contentclass_id, published, section_id, contentclass_attribute_id, identifier, integer_value) VALUES (2532,1,168,0,133,167,169,1,1033917596,1,156,'',0);
INSERT INTO ezsearch_object_word_link (id, contentobject_id, word_id, frequency, placement, prev_word_id, next_word_id, contentclass_id, published, section_id, contentclass_attribute_id, identifier, integer_value) VALUES (2533,1,169,0,134,168,167,1,1033917596,1,156,'',0);
INSERT INTO ezsearch_object_word_link (id, contentobject_id, word_id, frequency, placement, prev_word_id, next_word_id, contentclass_id, published, section_id, contentclass_attribute_id, identifier, integer_value) VALUES (2534,1,167,0,135,169,168,1,1033917596,1,156,'',0);
INSERT INTO ezsearch_object_word_link (id, contentobject_id, word_id, frequency, placement, prev_word_id, next_word_id, contentclass_id, published, section_id, contentclass_attribute_id, identifier, integer_value) VALUES (2535,1,168,0,136,167,170,1,1033917596,1,156,'',0);
INSERT INTO ezsearch_object_word_link (id, contentobject_id, word_id, frequency, placement, prev_word_id, next_word_id, contentclass_id, published, section_id, contentclass_attribute_id, identifier, integer_value) VALUES (2536,1,170,0,137,168,169,1,1033917596,1,156,'',0);
INSERT INTO ezsearch_object_word_link (id, contentobject_id, word_id, frequency, placement, prev_word_id, next_word_id, contentclass_id, published, section_id, contentclass_attribute_id, identifier, integer_value) VALUES (2537,1,169,0,138,170,171,1,1033917596,1,156,'',0);
INSERT INTO ezsearch_object_word_link (id, contentobject_id, word_id, frequency, placement, prev_word_id, next_word_id, contentclass_id, published, section_id, contentclass_attribute_id, identifier, integer_value) VALUES (2538,1,171,0,139,169,172,1,1033917596,1,156,'',0);
INSERT INTO ezsearch_object_word_link (id, contentobject_id, word_id, frequency, placement, prev_word_id, next_word_id, contentclass_id, published, section_id, contentclass_attribute_id, identifier, integer_value) VALUES (2539,1,172,0,140,171,173,1,1033917596,1,156,'',0);
INSERT INTO ezsearch_object_word_link (id, contentobject_id, word_id, frequency, placement, prev_word_id, next_word_id, contentclass_id, published, section_id, contentclass_attribute_id, identifier, integer_value) VALUES (2540,1,173,0,141,172,116,1,1033917596,1,156,'',0);
INSERT INTO ezsearch_object_word_link (id, contentobject_id, word_id, frequency, placement, prev_word_id, next_word_id, contentclass_id, published, section_id, contentclass_attribute_id, identifier, integer_value) VALUES (2541,1,116,0,142,173,174,1,1033917596,1,156,'',0);
INSERT INTO ezsearch_object_word_link (id, contentobject_id, word_id, frequency, placement, prev_word_id, next_word_id, contentclass_id, published, section_id, contentclass_attribute_id, identifier, integer_value) VALUES (2542,1,174,0,143,116,70,1,1033917596,1,156,'',0);
INSERT INTO ezsearch_object_word_link (id, contentobject_id, word_id, frequency, placement, prev_word_id, next_word_id, contentclass_id, published, section_id, contentclass_attribute_id, identifier, integer_value) VALUES (2543,1,70,0,144,174,175,1,1033917596,1,156,'',0);
INSERT INTO ezsearch_object_word_link (id, contentobject_id, word_id, frequency, placement, prev_word_id, next_word_id, contentclass_id, published, section_id, contentclass_attribute_id, identifier, integer_value) VALUES (2544,1,175,0,145,70,120,1,1033917596,1,156,'',0);
INSERT INTO ezsearch_object_word_link (id, contentobject_id, word_id, frequency, placement, prev_word_id, next_word_id, contentclass_id, published, section_id, contentclass_attribute_id, identifier, integer_value) VALUES (2545,1,120,0,146,175,70,1,1033917596,1,156,'',0);
INSERT INTO ezsearch_object_word_link (id, contentobject_id, word_id, frequency, placement, prev_word_id, next_word_id, contentclass_id, published, section_id, contentclass_attribute_id, identifier, integer_value) VALUES (2546,1,70,0,147,120,176,1,1033917596,1,156,'',0);
INSERT INTO ezsearch_object_word_link (id, contentobject_id, word_id, frequency, placement, prev_word_id, next_word_id, contentclass_id, published, section_id, contentclass_attribute_id, identifier, integer_value) VALUES (2547,1,176,0,148,70,143,1,1033917596,1,156,'',0);
INSERT INTO ezsearch_object_word_link (id, contentobject_id, word_id, frequency, placement, prev_word_id, next_word_id, contentclass_id, published, section_id, contentclass_attribute_id, identifier, integer_value) VALUES (2548,1,143,0,149,176,166,1,1033917596,1,156,'',0);
INSERT INTO ezsearch_object_word_link (id, contentobject_id, word_id, frequency, placement, prev_word_id, next_word_id, contentclass_id, published, section_id, contentclass_attribute_id, identifier, integer_value) VALUES (2549,1,166,0,150,143,177,1,1033917596,1,156,'',0);
INSERT INTO ezsearch_object_word_link (id, contentobject_id, word_id, frequency, placement, prev_word_id, next_word_id, contentclass_id, published, section_id, contentclass_attribute_id, identifier, integer_value) VALUES (2550,1,177,0,151,166,163,1,1033917596,1,156,'',0);
INSERT INTO ezsearch_object_word_link (id, contentobject_id, word_id, frequency, placement, prev_word_id, next_word_id, contentclass_id, published, section_id, contentclass_attribute_id, identifier, integer_value) VALUES (2551,1,163,0,152,177,167,1,1033917596,1,156,'',0);
INSERT INTO ezsearch_object_word_link (id, contentobject_id, word_id, frequency, placement, prev_word_id, next_word_id, contentclass_id, published, section_id, contentclass_attribute_id, identifier, integer_value) VALUES (2552,1,167,0,153,163,178,1,1033917596,1,156,'',0);
INSERT INTO ezsearch_object_word_link (id, contentobject_id, word_id, frequency, placement, prev_word_id, next_word_id, contentclass_id, published, section_id, contentclass_attribute_id, identifier, integer_value) VALUES (2553,1,178,0,154,167,167,1,1033917596,1,156,'',0);
INSERT INTO ezsearch_object_word_link (id, contentobject_id, word_id, frequency, placement, prev_word_id, next_word_id, contentclass_id, published, section_id, contentclass_attribute_id, identifier, integer_value) VALUES (2554,1,167,0,155,178,179,1,1033917596,1,156,'',0);
INSERT INTO ezsearch_object_word_link (id, contentobject_id, word_id, frequency, placement, prev_word_id, next_word_id, contentclass_id, published, section_id, contentclass_attribute_id, identifier, integer_value) VALUES (2555,1,179,0,156,167,180,1,1033917596,1,156,'',0);
INSERT INTO ezsearch_object_word_link (id, contentobject_id, word_id, frequency, placement, prev_word_id, next_word_id, contentclass_id, published, section_id, contentclass_attribute_id, identifier, integer_value) VALUES (2556,1,180,0,157,179,181,1,1033917596,1,156,'',0);
INSERT INTO ezsearch_object_word_link (id, contentobject_id, word_id, frequency, placement, prev_word_id, next_word_id, contentclass_id, published, section_id, contentclass_attribute_id, identifier, integer_value) VALUES (2557,1,181,0,158,180,109,1,1033917596,1,156,'',0);
INSERT INTO ezsearch_object_word_link (id, contentobject_id, word_id, frequency, placement, prev_word_id, next_word_id, contentclass_id, published, section_id, contentclass_attribute_id, identifier, integer_value) VALUES (2558,1,109,0,159,181,110,1,1033917596,1,156,'',0);
INSERT INTO ezsearch_object_word_link (id, contentobject_id, word_id, frequency, placement, prev_word_id, next_word_id, contentclass_id, published, section_id, contentclass_attribute_id, identifier, integer_value) VALUES (2559,1,110,0,160,109,182,1,1033917596,1,156,'',0);
INSERT INTO ezsearch_object_word_link (id, contentobject_id, word_id, frequency, placement, prev_word_id, next_word_id, contentclass_id, published, section_id, contentclass_attribute_id, identifier, integer_value) VALUES (2560,1,182,0,161,110,130,1,1033917596,1,156,'',0);
INSERT INTO ezsearch_object_word_link (id, contentobject_id, word_id, frequency, placement, prev_word_id, next_word_id, contentclass_id, published, section_id, contentclass_attribute_id, identifier, integer_value) VALUES (2561,1,130,0,162,182,120,1,1033917596,1,156,'',0);
INSERT INTO ezsearch_object_word_link (id, contentobject_id, word_id, frequency, placement, prev_word_id, next_word_id, contentclass_id, published, section_id, contentclass_attribute_id, identifier, integer_value) VALUES (2562,1,120,0,163,130,183,1,1033917596,1,156,'',0);
INSERT INTO ezsearch_object_word_link (id, contentobject_id, word_id, frequency, placement, prev_word_id, next_word_id, contentclass_id, published, section_id, contentclass_attribute_id, identifier, integer_value) VALUES (2563,1,183,0,164,120,101,1,1033917596,1,156,'',0);
INSERT INTO ezsearch_object_word_link (id, contentobject_id, word_id, frequency, placement, prev_word_id, next_word_id, contentclass_id, published, section_id, contentclass_attribute_id, identifier, integer_value) VALUES (2564,1,101,0,165,183,184,1,1033917596,1,156,'',0);
INSERT INTO ezsearch_object_word_link (id, contentobject_id, word_id, frequency, placement, prev_word_id, next_word_id, contentclass_id, published, section_id, contentclass_attribute_id, identifier, integer_value) VALUES (2565,1,184,0,166,101,180,1,1033917596,1,156,'',0);
INSERT INTO ezsearch_object_word_link (id, contentobject_id, word_id, frequency, placement, prev_word_id, next_word_id, contentclass_id, published, section_id, contentclass_attribute_id, identifier, integer_value) VALUES (2566,1,180,0,167,184,181,1,1033917596,1,156,'',0);
INSERT INTO ezsearch_object_word_link (id, contentobject_id, word_id, frequency, placement, prev_word_id, next_word_id, contentclass_id, published, section_id, contentclass_attribute_id, identifier, integer_value) VALUES (2567,1,181,0,168,180,185,1,1033917596,1,156,'',0);
INSERT INTO ezsearch_object_word_link (id, contentobject_id, word_id, frequency, placement, prev_word_id, next_word_id, contentclass_id, published, section_id, contentclass_attribute_id, identifier, integer_value) VALUES (2568,1,185,0,169,181,101,1,1033917596,1,156,'',0);
INSERT INTO ezsearch_object_word_link (id, contentobject_id, word_id, frequency, placement, prev_word_id, next_word_id, contentclass_id, published, section_id, contentclass_attribute_id, identifier, integer_value) VALUES (2569,1,101,0,170,185,186,1,1033917596,1,156,'',0);
INSERT INTO ezsearch_object_word_link (id, contentobject_id, word_id, frequency, placement, prev_word_id, next_word_id, contentclass_id, published, section_id, contentclass_attribute_id, identifier, integer_value) VALUES (2570,1,186,0,171,101,187,1,1033917596,1,156,'',0);
INSERT INTO ezsearch_object_word_link (id, contentobject_id, word_id, frequency, placement, prev_word_id, next_word_id, contentclass_id, published, section_id, contentclass_attribute_id, identifier, integer_value) VALUES (2571,1,187,0,172,186,188,1,1033917596,1,156,'',0);
INSERT INTO ezsearch_object_word_link (id, contentobject_id, word_id, frequency, placement, prev_word_id, next_word_id, contentclass_id, published, section_id, contentclass_attribute_id, identifier, integer_value) VALUES (2572,1,188,0,173,187,189,1,1033917596,1,156,'',0);
INSERT INTO ezsearch_object_word_link (id, contentobject_id, word_id, frequency, placement, prev_word_id, next_word_id, contentclass_id, published, section_id, contentclass_attribute_id, identifier, integer_value) VALUES (2573,1,189,0,174,188,190,1,1033917596,1,156,'',0);
INSERT INTO ezsearch_object_word_link (id, contentobject_id, word_id, frequency, placement, prev_word_id, next_word_id, contentclass_id, published, section_id, contentclass_attribute_id, identifier, integer_value) VALUES (2574,1,190,0,175,189,191,1,1033917596,1,156,'',0);
INSERT INTO ezsearch_object_word_link (id, contentobject_id, word_id, frequency, placement, prev_word_id, next_word_id, contentclass_id, published, section_id, contentclass_attribute_id, identifier, integer_value) VALUES (2575,1,191,0,176,190,192,1,1033917596,1,156,'',0);
INSERT INTO ezsearch_object_word_link (id, contentobject_id, word_id, frequency, placement, prev_word_id, next_word_id, contentclass_id, published, section_id, contentclass_attribute_id, identifier, integer_value) VALUES (2576,1,192,0,177,191,193,1,1033917596,1,156,'',0);
INSERT INTO ezsearch_object_word_link (id, contentobject_id, word_id, frequency, placement, prev_word_id, next_word_id, contentclass_id, published, section_id, contentclass_attribute_id, identifier, integer_value) VALUES (2577,1,193,0,178,192,194,1,1033917596,1,156,'',0);
INSERT INTO ezsearch_object_word_link (id, contentobject_id, word_id, frequency, placement, prev_word_id, next_word_id, contentclass_id, published, section_id, contentclass_attribute_id, identifier, integer_value) VALUES (2578,1,194,0,179,193,118,1,1033917596,1,156,'',0);
INSERT INTO ezsearch_object_word_link (id, contentobject_id, word_id, frequency, placement, prev_word_id, next_word_id, contentclass_id, published, section_id, contentclass_attribute_id, identifier, integer_value) VALUES (2579,1,118,0,180,194,195,1,1033917596,1,156,'',0);
INSERT INTO ezsearch_object_word_link (id, contentobject_id, word_id, frequency, placement, prev_word_id, next_word_id, contentclass_id, published, section_id, contentclass_attribute_id, identifier, integer_value) VALUES (2580,1,195,0,181,118,127,1,1033917596,1,156,'',0);
INSERT INTO ezsearch_object_word_link (id, contentobject_id, word_id, frequency, placement, prev_word_id, next_word_id, contentclass_id, published, section_id, contentclass_attribute_id, identifier, integer_value) VALUES (2581,1,127,0,182,195,118,1,1033917596,1,156,'',0);
INSERT INTO ezsearch_object_word_link (id, contentobject_id, word_id, frequency, placement, prev_word_id, next_word_id, contentclass_id, published, section_id, contentclass_attribute_id, identifier, integer_value) VALUES (2582,1,118,0,183,127,196,1,1033917596,1,156,'',0);
INSERT INTO ezsearch_object_word_link (id, contentobject_id, word_id, frequency, placement, prev_word_id, next_word_id, contentclass_id, published, section_id, contentclass_attribute_id, identifier, integer_value) VALUES (2583,1,196,0,184,118,197,1,1033917596,1,156,'',0);
INSERT INTO ezsearch_object_word_link (id, contentobject_id, word_id, frequency, placement, prev_word_id, next_word_id, contentclass_id, published, section_id, contentclass_attribute_id, identifier, integer_value) VALUES (2584,1,197,0,185,196,70,1,1033917596,1,156,'',0);
INSERT INTO ezsearch_object_word_link (id, contentobject_id, word_id, frequency, placement, prev_word_id, next_word_id, contentclass_id, published, section_id, contentclass_attribute_id, identifier, integer_value) VALUES (2585,1,70,0,186,197,198,1,1033917596,1,156,'',0);
INSERT INTO ezsearch_object_word_link (id, contentobject_id, word_id, frequency, placement, prev_word_id, next_word_id, contentclass_id, published, section_id, contentclass_attribute_id, identifier, integer_value) VALUES (2586,1,198,0,187,70,117,1,1033917596,1,156,'',0);
INSERT INTO ezsearch_object_word_link (id, contentobject_id, word_id, frequency, placement, prev_word_id, next_word_id, contentclass_id, published, section_id, contentclass_attribute_id, identifier, integer_value) VALUES (2587,1,117,0,188,198,199,1,1033917596,1,156,'',0);
INSERT INTO ezsearch_object_word_link (id, contentobject_id, word_id, frequency, placement, prev_word_id, next_word_id, contentclass_id, published, section_id, contentclass_attribute_id, identifier, integer_value) VALUES (2588,1,199,0,189,117,120,1,1033917596,1,156,'',0);
INSERT INTO ezsearch_object_word_link (id, contentobject_id, word_id, frequency, placement, prev_word_id, next_word_id, contentclass_id, published, section_id, contentclass_attribute_id, identifier, integer_value) VALUES (2589,1,120,0,190,199,70,1,1033917596,1,156,'',0);
INSERT INTO ezsearch_object_word_link (id, contentobject_id, word_id, frequency, placement, prev_word_id, next_word_id, contentclass_id, published, section_id, contentclass_attribute_id, identifier, integer_value) VALUES (2590,1,70,0,191,120,121,1,1033917596,1,156,'',0);
INSERT INTO ezsearch_object_word_link (id, contentobject_id, word_id, frequency, placement, prev_word_id, next_word_id, contentclass_id, published, section_id, contentclass_attribute_id, identifier, integer_value) VALUES (2591,1,121,0,192,70,70,1,1033917596,1,156,'',0);
INSERT INTO ezsearch_object_word_link (id, contentobject_id, word_id, frequency, placement, prev_word_id, next_word_id, contentclass_id, published, section_id, contentclass_attribute_id, identifier, integer_value) VALUES (2592,1,70,0,193,121,183,1,1033917596,1,156,'',0);
INSERT INTO ezsearch_object_word_link (id, contentobject_id, word_id, frequency, placement, prev_word_id, next_word_id, contentclass_id, published, section_id, contentclass_attribute_id, identifier, integer_value) VALUES (2593,1,183,0,194,70,101,1,1033917596,1,156,'',0);
INSERT INTO ezsearch_object_word_link (id, contentobject_id, word_id, frequency, placement, prev_word_id, next_word_id, contentclass_id, published, section_id, contentclass_attribute_id, identifier, integer_value) VALUES (2594,1,101,0,195,183,69,1,1033917596,1,156,'',0);
INSERT INTO ezsearch_object_word_link (id, contentobject_id, word_id, frequency, placement, prev_word_id, next_word_id, contentclass_id, published, section_id, contentclass_attribute_id, identifier, integer_value) VALUES (2595,1,69,0,196,101,162,1,1033917596,1,156,'',0);
INSERT INTO ezsearch_object_word_link (id, contentobject_id, word_id, frequency, placement, prev_word_id, next_word_id, contentclass_id, published, section_id, contentclass_attribute_id, identifier, integer_value) VALUES (2596,1,162,0,197,69,121,1,1033917596,1,156,'',0);
INSERT INTO ezsearch_object_word_link (id, contentobject_id, word_id, frequency, placement, prev_word_id, next_word_id, contentclass_id, published, section_id, contentclass_attribute_id, identifier, integer_value) VALUES (2597,1,121,0,198,162,163,1,1033917596,1,156,'',0);
INSERT INTO ezsearch_object_word_link (id, contentobject_id, word_id, frequency, placement, prev_word_id, next_word_id, contentclass_id, published, section_id, contentclass_attribute_id, identifier, integer_value) VALUES (2598,1,163,0,199,121,164,1,1033917596,1,156,'',0);
INSERT INTO ezsearch_object_word_link (id, contentobject_id, word_id, frequency, placement, prev_word_id, next_word_id, contentclass_id, published, section_id, contentclass_attribute_id, identifier, integer_value) VALUES (2599,1,164,0,200,163,123,1,1033917596,1,156,'',0);
INSERT INTO ezsearch_object_word_link (id, contentobject_id, word_id, frequency, placement, prev_word_id, next_word_id, contentclass_id, published, section_id, contentclass_attribute_id, identifier, integer_value) VALUES (2600,1,123,0,201,164,70,1,1033917596,1,156,'',0);
INSERT INTO ezsearch_object_word_link (id, contentobject_id, word_id, frequency, placement, prev_word_id, next_word_id, contentclass_id, published, section_id, contentclass_attribute_id, identifier, integer_value) VALUES (2601,1,70,0,202,123,167,1,1033917596,1,156,'',0);
INSERT INTO ezsearch_object_word_link (id, contentobject_id, word_id, frequency, placement, prev_word_id, next_word_id, contentclass_id, published, section_id, contentclass_attribute_id, identifier, integer_value) VALUES (2602,1,167,0,203,70,168,1,1033917596,1,156,'',0);
INSERT INTO ezsearch_object_word_link (id, contentobject_id, word_id, frequency, placement, prev_word_id, next_word_id, contentclass_id, published, section_id, contentclass_attribute_id, identifier, integer_value) VALUES (2603,1,168,0,204,167,200,1,1033917596,1,156,'',0);
INSERT INTO ezsearch_object_word_link (id, contentobject_id, word_id, frequency, placement, prev_word_id, next_word_id, contentclass_id, published, section_id, contentclass_attribute_id, identifier, integer_value) VALUES (2604,1,200,0,205,168,201,1,1033917596,1,156,'',0);
INSERT INTO ezsearch_object_word_link (id, contentobject_id, word_id, frequency, placement, prev_word_id, next_word_id, contentclass_id, published, section_id, contentclass_attribute_id, identifier, integer_value) VALUES (2605,1,201,0,206,200,202,1,1033917596,1,156,'',0);
INSERT INTO ezsearch_object_word_link (id, contentobject_id, word_id, frequency, placement, prev_word_id, next_word_id, contentclass_id, published, section_id, contentclass_attribute_id, identifier, integer_value) VALUES (2606,1,202,0,207,201,203,1,1033917596,1,156,'',0);
INSERT INTO ezsearch_object_word_link (id, contentobject_id, word_id, frequency, placement, prev_word_id, next_word_id, contentclass_id, published, section_id, contentclass_attribute_id, identifier, integer_value) VALUES (2607,1,203,0,208,202,202,1,1033917596,1,156,'',0);
INSERT INTO ezsearch_object_word_link (id, contentobject_id, word_id, frequency, placement, prev_word_id, next_word_id, contentclass_id, published, section_id, contentclass_attribute_id, identifier, integer_value) VALUES (2608,1,202,0,209,203,105,1,1033917596,1,156,'',0);
INSERT INTO ezsearch_object_word_link (id, contentobject_id, word_id, frequency, placement, prev_word_id, next_word_id, contentclass_id, published, section_id, contentclass_attribute_id, identifier, integer_value) VALUES (2609,1,105,0,210,202,163,1,1033917596,1,156,'',0);
INSERT INTO ezsearch_object_word_link (id, contentobject_id, word_id, frequency, placement, prev_word_id, next_word_id, contentclass_id, published, section_id, contentclass_attribute_id, identifier, integer_value) VALUES (2610,1,163,0,211,105,204,1,1033917596,1,156,'',0);
INSERT INTO ezsearch_object_word_link (id, contentobject_id, word_id, frequency, placement, prev_word_id, next_word_id, contentclass_id, published, section_id, contentclass_attribute_id, identifier, integer_value) VALUES (2611,1,204,0,212,163,123,1,1033917596,1,156,'',0);
INSERT INTO ezsearch_object_word_link (id, contentobject_id, word_id, frequency, placement, prev_word_id, next_word_id, contentclass_id, published, section_id, contentclass_attribute_id, identifier, integer_value) VALUES (2612,1,123,0,213,204,104,1,1033917596,1,156,'',0);
INSERT INTO ezsearch_object_word_link (id, contentobject_id, word_id, frequency, placement, prev_word_id, next_word_id, contentclass_id, published, section_id, contentclass_attribute_id, identifier, integer_value) VALUES (2613,1,104,0,214,123,101,1,1033917596,1,156,'',0);
INSERT INTO ezsearch_object_word_link (id, contentobject_id, word_id, frequency, placement, prev_word_id, next_word_id, contentclass_id, published, section_id, contentclass_attribute_id, identifier, integer_value) VALUES (2614,1,101,0,215,104,70,1,1033917596,1,156,'',0);
INSERT INTO ezsearch_object_word_link (id, contentobject_id, word_id, frequency, placement, prev_word_id, next_word_id, contentclass_id, published, section_id, contentclass_attribute_id, identifier, integer_value) VALUES (2615,1,70,0,216,101,176,1,1033917596,1,156,'',0);
INSERT INTO ezsearch_object_word_link (id, contentobject_id, word_id, frequency, placement, prev_word_id, next_word_id, contentclass_id, published, section_id, contentclass_attribute_id, identifier, integer_value) VALUES (2616,1,176,0,217,70,104,1,1033917596,1,156,'',0);
INSERT INTO ezsearch_object_word_link (id, contentobject_id, word_id, frequency, placement, prev_word_id, next_word_id, contentclass_id, published, section_id, contentclass_attribute_id, identifier, integer_value) VALUES (2617,1,104,0,218,176,101,1,1033917596,1,156,'',0);
INSERT INTO ezsearch_object_word_link (id, contentobject_id, word_id, frequency, placement, prev_word_id, next_word_id, contentclass_id, published, section_id, contentclass_attribute_id, identifier, integer_value) VALUES (2618,1,101,0,219,104,163,1,1033917596,1,156,'',0);
INSERT INTO ezsearch_object_word_link (id, contentobject_id, word_id, frequency, placement, prev_word_id, next_word_id, contentclass_id, published, section_id, contentclass_attribute_id, identifier, integer_value) VALUES (2619,1,163,0,220,101,164,1,1033917596,1,156,'',0);
INSERT INTO ezsearch_object_word_link (id, contentobject_id, word_id, frequency, placement, prev_word_id, next_word_id, contentclass_id, published, section_id, contentclass_attribute_id, identifier, integer_value) VALUES (2620,1,164,0,221,163,205,1,1033917596,1,156,'',0);
INSERT INTO ezsearch_object_word_link (id, contentobject_id, word_id, frequency, placement, prev_word_id, next_word_id, contentclass_id, published, section_id, contentclass_attribute_id, identifier, integer_value) VALUES (2621,1,205,0,222,164,70,1,1033917596,1,156,'',0);
INSERT INTO ezsearch_object_word_link (id, contentobject_id, word_id, frequency, placement, prev_word_id, next_word_id, contentclass_id, published, section_id, contentclass_attribute_id, identifier, integer_value) VALUES (2622,1,70,0,223,205,206,1,1033917596,1,156,'',0);
INSERT INTO ezsearch_object_word_link (id, contentobject_id, word_id, frequency, placement, prev_word_id, next_word_id, contentclass_id, published, section_id, contentclass_attribute_id, identifier, integer_value) VALUES (2623,1,206,0,224,70,201,1,1033917596,1,156,'',0);
INSERT INTO ezsearch_object_word_link (id, contentobject_id, word_id, frequency, placement, prev_word_id, next_word_id, contentclass_id, published, section_id, contentclass_attribute_id, identifier, integer_value) VALUES (2624,1,201,0,225,206,185,1,1033917596,1,156,'',0);
INSERT INTO ezsearch_object_word_link (id, contentobject_id, word_id, frequency, placement, prev_word_id, next_word_id, contentclass_id, published, section_id, contentclass_attribute_id, identifier, integer_value) VALUES (2625,1,185,0,226,201,101,1,1033917596,1,156,'',0);
INSERT INTO ezsearch_object_word_link (id, contentobject_id, word_id, frequency, placement, prev_word_id, next_word_id, contentclass_id, published, section_id, contentclass_attribute_id, identifier, integer_value) VALUES (2626,1,101,0,227,185,207,1,1033917596,1,156,'',0);
INSERT INTO ezsearch_object_word_link (id, contentobject_id, word_id, frequency, placement, prev_word_id, next_word_id, contentclass_id, published, section_id, contentclass_attribute_id, identifier, integer_value) VALUES (2627,1,207,0,228,101,173,1,1033917596,1,156,'',0);
INSERT INTO ezsearch_object_word_link (id, contentobject_id, word_id, frequency, placement, prev_word_id, next_word_id, contentclass_id, published, section_id, contentclass_attribute_id, identifier, integer_value) VALUES (2628,1,173,0,229,207,160,1,1033917596,1,156,'',0);
INSERT INTO ezsearch_object_word_link (id, contentobject_id, word_id, frequency, placement, prev_word_id, next_word_id, contentclass_id, published, section_id, contentclass_attribute_id, identifier, integer_value) VALUES (2629,1,160,0,230,173,208,1,1033917596,1,156,'',0);
INSERT INTO ezsearch_object_word_link (id, contentobject_id, word_id, frequency, placement, prev_word_id, next_word_id, contentclass_id, published, section_id, contentclass_attribute_id, identifier, integer_value) VALUES (2630,1,208,0,231,160,70,1,1033917596,1,156,'',0);
INSERT INTO ezsearch_object_word_link (id, contentobject_id, word_id, frequency, placement, prev_word_id, next_word_id, contentclass_id, published, section_id, contentclass_attribute_id, identifier, integer_value) VALUES (2631,1,70,0,232,208,209,1,1033917596,1,156,'',0);
INSERT INTO ezsearch_object_word_link (id, contentobject_id, word_id, frequency, placement, prev_word_id, next_word_id, contentclass_id, published, section_id, contentclass_attribute_id, identifier, integer_value) VALUES (2632,1,209,0,233,70,202,1,1033917596,1,156,'',0);
INSERT INTO ezsearch_object_word_link (id, contentobject_id, word_id, frequency, placement, prev_word_id, next_word_id, contentclass_id, published, section_id, contentclass_attribute_id, identifier, integer_value) VALUES (2633,1,202,0,234,209,101,1,1033917596,1,156,'',0);
INSERT INTO ezsearch_object_word_link (id, contentobject_id, word_id, frequency, placement, prev_word_id, next_word_id, contentclass_id, published, section_id, contentclass_attribute_id, identifier, integer_value) VALUES (2634,1,101,0,235,202,69,1,1033917596,1,156,'',0);
INSERT INTO ezsearch_object_word_link (id, contentobject_id, word_id, frequency, placement, prev_word_id, next_word_id, contentclass_id, published, section_id, contentclass_attribute_id, identifier, integer_value) VALUES (2635,1,69,0,236,101,162,1,1033917596,1,156,'',0);
INSERT INTO ezsearch_object_word_link (id, contentobject_id, word_id, frequency, placement, prev_word_id, next_word_id, contentclass_id, published, section_id, contentclass_attribute_id, identifier, integer_value) VALUES (2636,1,162,0,237,69,121,1,1033917596,1,156,'',0);
INSERT INTO ezsearch_object_word_link (id, contentobject_id, word_id, frequency, placement, prev_word_id, next_word_id, contentclass_id, published, section_id, contentclass_attribute_id, identifier, integer_value) VALUES (2637,1,121,0,238,162,163,1,1033917596,1,156,'',0);
INSERT INTO ezsearch_object_word_link (id, contentobject_id, word_id, frequency, placement, prev_word_id, next_word_id, contentclass_id, published, section_id, contentclass_attribute_id, identifier, integer_value) VALUES (2638,1,163,0,239,121,210,1,1033917596,1,156,'',0);
INSERT INTO ezsearch_object_word_link (id, contentobject_id, word_id, frequency, placement, prev_word_id, next_word_id, contentclass_id, published, section_id, contentclass_attribute_id, identifier, integer_value) VALUES (2639,1,210,0,240,163,211,1,1033917596,1,156,'',0);
INSERT INTO ezsearch_object_word_link (id, contentobject_id, word_id, frequency, placement, prev_word_id, next_word_id, contentclass_id, published, section_id, contentclass_attribute_id, identifier, integer_value) VALUES (2640,1,211,0,241,210,170,1,1033917596,1,156,'',0);
INSERT INTO ezsearch_object_word_link (id, contentobject_id, word_id, frequency, placement, prev_word_id, next_word_id, contentclass_id, published, section_id, contentclass_attribute_id, identifier, integer_value) VALUES (2641,1,170,0,242,211,101,1,1033917596,1,156,'',0);
INSERT INTO ezsearch_object_word_link (id, contentobject_id, word_id, frequency, placement, prev_word_id, next_word_id, contentclass_id, published, section_id, contentclass_attribute_id, identifier, integer_value) VALUES (2642,1,101,0,243,170,152,1,1033917596,1,156,'',0);
INSERT INTO ezsearch_object_word_link (id, contentobject_id, word_id, frequency, placement, prev_word_id, next_word_id, contentclass_id, published, section_id, contentclass_attribute_id, identifier, integer_value) VALUES (2643,1,152,0,244,101,163,1,1033917596,1,156,'',0);
INSERT INTO ezsearch_object_word_link (id, contentobject_id, word_id, frequency, placement, prev_word_id, next_word_id, contentclass_id, published, section_id, contentclass_attribute_id, identifier, integer_value) VALUES (2644,1,163,0,245,152,164,1,1033917596,1,156,'',0);
INSERT INTO ezsearch_object_word_link (id, contentobject_id, word_id, frequency, placement, prev_word_id, next_word_id, contentclass_id, published, section_id, contentclass_attribute_id, identifier, integer_value) VALUES (2645,1,164,0,246,163,123,1,1033917596,1,156,'',0);
INSERT INTO ezsearch_object_word_link (id, contentobject_id, word_id, frequency, placement, prev_word_id, next_word_id, contentclass_id, published, section_id, contentclass_attribute_id, identifier, integer_value) VALUES (2646,1,123,0,247,164,70,1,1033917596,1,156,'',0);
INSERT INTO ezsearch_object_word_link (id, contentobject_id, word_id, frequency, placement, prev_word_id, next_word_id, contentclass_id, published, section_id, contentclass_attribute_id, identifier, integer_value) VALUES (2647,1,70,0,248,123,212,1,1033917596,1,156,'',0);
INSERT INTO ezsearch_object_word_link (id, contentobject_id, word_id, frequency, placement, prev_word_id, next_word_id, contentclass_id, published, section_id, contentclass_attribute_id, identifier, integer_value) VALUES (2648,1,212,0,249,70,213,1,1033917596,1,156,'',0);
INSERT INTO ezsearch_object_word_link (id, contentobject_id, word_id, frequency, placement, prev_word_id, next_word_id, contentclass_id, published, section_id, contentclass_attribute_id, identifier, integer_value) VALUES (2649,1,213,0,250,212,214,1,1033917596,1,156,'',0);
INSERT INTO ezsearch_object_word_link (id, contentobject_id, word_id, frequency, placement, prev_word_id, next_word_id, contentclass_id, published, section_id, contentclass_attribute_id, identifier, integer_value) VALUES (2650,1,214,0,251,213,201,1,1033917596,1,156,'',0);
INSERT INTO ezsearch_object_word_link (id, contentobject_id, word_id, frequency, placement, prev_word_id, next_word_id, contentclass_id, published, section_id, contentclass_attribute_id, identifier, integer_value) VALUES (2651,1,201,0,252,214,70,1,1033917596,1,156,'',0);
INSERT INTO ezsearch_object_word_link (id, contentobject_id, word_id, frequency, placement, prev_word_id, next_word_id, contentclass_id, published, section_id, contentclass_attribute_id, identifier, integer_value) VALUES (2652,1,70,0,253,201,105,1,1033917596,1,156,'',0);
INSERT INTO ezsearch_object_word_link (id, contentobject_id, word_id, frequency, placement, prev_word_id, next_word_id, contentclass_id, published, section_id, contentclass_attribute_id, identifier, integer_value) VALUES (2653,1,105,0,254,70,211,1,1033917596,1,156,'',0);
INSERT INTO ezsearch_object_word_link (id, contentobject_id, word_id, frequency, placement, prev_word_id, next_word_id, contentclass_id, published, section_id, contentclass_attribute_id, identifier, integer_value) VALUES (2654,1,211,0,255,105,185,1,1033917596,1,156,'',0);
INSERT INTO ezsearch_object_word_link (id, contentobject_id, word_id, frequency, placement, prev_word_id, next_word_id, contentclass_id, published, section_id, contentclass_attribute_id, identifier, integer_value) VALUES (2655,1,185,0,256,211,101,1,1033917596,1,156,'',0);
INSERT INTO ezsearch_object_word_link (id, contentobject_id, word_id, frequency, placement, prev_word_id, next_word_id, contentclass_id, published, section_id, contentclass_attribute_id, identifier, integer_value) VALUES (2656,1,101,0,257,185,170,1,1033917596,1,156,'',0);
INSERT INTO ezsearch_object_word_link (id, contentobject_id, word_id, frequency, placement, prev_word_id, next_word_id, contentclass_id, published, section_id, contentclass_attribute_id, identifier, integer_value) VALUES (2657,1,170,0,258,101,70,1,1033917596,1,156,'',0);
INSERT INTO ezsearch_object_word_link (id, contentobject_id, word_id, frequency, placement, prev_word_id, next_word_id, contentclass_id, published, section_id, contentclass_attribute_id, identifier, integer_value) VALUES (2658,1,70,0,259,170,176,1,1033917596,1,156,'',0);
INSERT INTO ezsearch_object_word_link (id, contentobject_id, word_id, frequency, placement, prev_word_id, next_word_id, contentclass_id, published, section_id, contentclass_attribute_id, identifier, integer_value) VALUES (2659,1,176,0,260,70,202,1,1033917596,1,156,'',0);
INSERT INTO ezsearch_object_word_link (id, contentobject_id, word_id, frequency, placement, prev_word_id, next_word_id, contentclass_id, published, section_id, contentclass_attribute_id, identifier, integer_value) VALUES (2660,1,202,0,261,176,105,1,1033917596,1,156,'',0);
INSERT INTO ezsearch_object_word_link (id, contentobject_id, word_id, frequency, placement, prev_word_id, next_word_id, contentclass_id, published, section_id, contentclass_attribute_id, identifier, integer_value) VALUES (2661,1,105,0,262,202,215,1,1033917596,1,156,'',0);
INSERT INTO ezsearch_object_word_link (id, contentobject_id, word_id, frequency, placement, prev_word_id, next_word_id, contentclass_id, published, section_id, contentclass_attribute_id, identifier, integer_value) VALUES (2662,1,215,0,263,105,146,1,1033917596,1,156,'',0);
INSERT INTO ezsearch_object_word_link (id, contentobject_id, word_id, frequency, placement, prev_word_id, next_word_id, contentclass_id, published, section_id, contentclass_attribute_id, identifier, integer_value) VALUES (2663,1,146,0,264,215,144,1,1033917596,1,156,'',0);
INSERT INTO ezsearch_object_word_link (id, contentobject_id, word_id, frequency, placement, prev_word_id, next_word_id, contentclass_id, published, section_id, contentclass_attribute_id, identifier, integer_value) VALUES (2664,1,144,0,265,146,216,1,1033917596,1,156,'',0);
INSERT INTO ezsearch_object_word_link (id, contentobject_id, word_id, frequency, placement, prev_word_id, next_word_id, contentclass_id, published, section_id, contentclass_attribute_id, identifier, integer_value) VALUES (2665,1,216,0,266,144,217,1,1033917596,1,156,'',0);
INSERT INTO ezsearch_object_word_link (id, contentobject_id, word_id, frequency, placement, prev_word_id, next_word_id, contentclass_id, published, section_id, contentclass_attribute_id, identifier, integer_value) VALUES (2666,1,217,0,267,216,69,1,1033917596,1,156,'',0);
INSERT INTO ezsearch_object_word_link (id, contentobject_id, word_id, frequency, placement, prev_word_id, next_word_id, contentclass_id, published, section_id, contentclass_attribute_id, identifier, integer_value) VALUES (2667,1,69,0,268,217,218,1,1033917596,1,156,'',0);
INSERT INTO ezsearch_object_word_link (id, contentobject_id, word_id, frequency, placement, prev_word_id, next_word_id, contentclass_id, published, section_id, contentclass_attribute_id, identifier, integer_value) VALUES (2668,1,218,0,269,69,70,1,1033917596,1,156,'',0);
INSERT INTO ezsearch_object_word_link (id, contentobject_id, word_id, frequency, placement, prev_word_id, next_word_id, contentclass_id, published, section_id, contentclass_attribute_id, identifier, integer_value) VALUES (2669,1,70,0,270,218,219,1,1033917596,1,156,'',0);
INSERT INTO ezsearch_object_word_link (id, contentobject_id, word_id, frequency, placement, prev_word_id, next_word_id, contentclass_id, published, section_id, contentclass_attribute_id, identifier, integer_value) VALUES (2670,1,219,0,271,70,202,1,1033917596,1,156,'',0);
INSERT INTO ezsearch_object_word_link (id, contentobject_id, word_id, frequency, placement, prev_word_id, next_word_id, contentclass_id, published, section_id, contentclass_attribute_id, identifier, integer_value) VALUES (2671,1,202,0,272,219,105,1,1033917596,1,156,'',0);
INSERT INTO ezsearch_object_word_link (id, contentobject_id, word_id, frequency, placement, prev_word_id, next_word_id, contentclass_id, published, section_id, contentclass_attribute_id, identifier, integer_value) VALUES (2672,1,105,0,273,202,162,1,1033917596,1,156,'',0);
INSERT INTO ezsearch_object_word_link (id, contentobject_id, word_id, frequency, placement, prev_word_id, next_word_id, contentclass_id, published, section_id, contentclass_attribute_id, identifier, integer_value) VALUES (2673,1,162,0,274,105,217,1,1033917596,1,156,'',0);
INSERT INTO ezsearch_object_word_link (id, contentobject_id, word_id, frequency, placement, prev_word_id, next_word_id, contentclass_id, published, section_id, contentclass_attribute_id, identifier, integer_value) VALUES (2674,1,217,0,275,162,115,1,1033917596,1,156,'',0);
INSERT INTO ezsearch_object_word_link (id, contentobject_id, word_id, frequency, placement, prev_word_id, next_word_id, contentclass_id, published, section_id, contentclass_attribute_id, identifier, integer_value) VALUES (2675,1,115,0,276,217,160,1,1033917596,1,156,'',0);
INSERT INTO ezsearch_object_word_link (id, contentobject_id, word_id, frequency, placement, prev_word_id, next_word_id, contentclass_id, published, section_id, contentclass_attribute_id, identifier, integer_value) VALUES (2676,1,160,0,277,115,220,1,1033917596,1,156,'',0);
INSERT INTO ezsearch_object_word_link (id, contentobject_id, word_id, frequency, placement, prev_word_id, next_word_id, contentclass_id, published, section_id, contentclass_attribute_id, identifier, integer_value) VALUES (2677,1,220,0,278,160,211,1,1033917596,1,156,'',0);
INSERT INTO ezsearch_object_word_link (id, contentobject_id, word_id, frequency, placement, prev_word_id, next_word_id, contentclass_id, published, section_id, contentclass_attribute_id, identifier, integer_value) VALUES (2678,1,211,0,279,220,70,1,1033917596,1,156,'',0);
INSERT INTO ezsearch_object_word_link (id, contentobject_id, word_id, frequency, placement, prev_word_id, next_word_id, contentclass_id, published, section_id, contentclass_attribute_id, identifier, integer_value) VALUES (2679,1,70,0,280,211,124,1,1033917596,1,156,'',0);
INSERT INTO ezsearch_object_word_link (id, contentobject_id, word_id, frequency, placement, prev_word_id, next_word_id, contentclass_id, published, section_id, contentclass_attribute_id, identifier, integer_value) VALUES (2680,1,124,0,281,70,125,1,1033917596,1,156,'',0);
INSERT INTO ezsearch_object_word_link (id, contentobject_id, word_id, frequency, placement, prev_word_id, next_word_id, contentclass_id, published, section_id, contentclass_attribute_id, identifier, integer_value) VALUES (2681,1,125,0,282,124,85,1,1033917596,1,156,'',0);
INSERT INTO ezsearch_object_word_link (id, contentobject_id, word_id, frequency, placement, prev_word_id, next_word_id, contentclass_id, published, section_id, contentclass_attribute_id, identifier, integer_value) VALUES (2682,1,85,0,283,125,221,1,1033917596,1,156,'',0);
INSERT INTO ezsearch_object_word_link (id, contentobject_id, word_id, frequency, placement, prev_word_id, next_word_id, contentclass_id, published, section_id, contentclass_attribute_id, identifier, integer_value) VALUES (2683,1,221,0,284,85,104,1,1033917596,1,156,'',0);
INSERT INTO ezsearch_object_word_link (id, contentobject_id, word_id, frequency, placement, prev_word_id, next_word_id, contentclass_id, published, section_id, contentclass_attribute_id, identifier, integer_value) VALUES (2684,1,104,0,285,221,105,1,1033917596,1,156,'',0);
INSERT INTO ezsearch_object_word_link (id, contentobject_id, word_id, frequency, placement, prev_word_id, next_word_id, contentclass_id, published, section_id, contentclass_attribute_id, identifier, integer_value) VALUES (2685,1,105,0,286,104,222,1,1033917596,1,156,'',0);
INSERT INTO ezsearch_object_word_link (id, contentobject_id, word_id, frequency, placement, prev_word_id, next_word_id, contentclass_id, published, section_id, contentclass_attribute_id, identifier, integer_value) VALUES (2686,1,222,0,287,105,118,1,1033917596,1,156,'',0);
INSERT INTO ezsearch_object_word_link (id, contentobject_id, word_id, frequency, placement, prev_word_id, next_word_id, contentclass_id, published, section_id, contentclass_attribute_id, identifier, integer_value) VALUES (2687,1,118,0,288,222,223,1,1033917596,1,156,'',0);
INSERT INTO ezsearch_object_word_link (id, contentobject_id, word_id, frequency, placement, prev_word_id, next_word_id, contentclass_id, published, section_id, contentclass_attribute_id, identifier, integer_value) VALUES (2688,1,223,0,289,118,70,1,1033917596,1,156,'',0);
INSERT INTO ezsearch_object_word_link (id, contentobject_id, word_id, frequency, placement, prev_word_id, next_word_id, contentclass_id, published, section_id, contentclass_attribute_id, identifier, integer_value) VALUES (2689,1,70,0,290,223,109,1,1033917596,1,156,'',0);
INSERT INTO ezsearch_object_word_link (id, contentobject_id, word_id, frequency, placement, prev_word_id, next_word_id, contentclass_id, published, section_id, contentclass_attribute_id, identifier, integer_value) VALUES (2690,1,109,0,291,70,110,1,1033917596,1,156,'',0);
INSERT INTO ezsearch_object_word_link (id, contentobject_id, word_id, frequency, placement, prev_word_id, next_word_id, contentclass_id, published, section_id, contentclass_attribute_id, identifier, integer_value) VALUES (2691,1,110,0,292,109,222,1,1033917596,1,156,'',0);
INSERT INTO ezsearch_object_word_link (id, contentobject_id, word_id, frequency, placement, prev_word_id, next_word_id, contentclass_id, published, section_id, contentclass_attribute_id, identifier, integer_value) VALUES (2692,1,222,0,293,110,224,1,1033917596,1,156,'',0);
INSERT INTO ezsearch_object_word_link (id, contentobject_id, word_id, frequency, placement, prev_word_id, next_word_id, contentclass_id, published, section_id, contentclass_attribute_id, identifier, integer_value) VALUES (2693,1,224,0,294,222,103,1,1033917596,1,156,'',0);
INSERT INTO ezsearch_object_word_link (id, contentobject_id, word_id, frequency, placement, prev_word_id, next_word_id, contentclass_id, published, section_id, contentclass_attribute_id, identifier, integer_value) VALUES (2694,1,103,0,295,224,225,1,1033917596,1,156,'',0);
INSERT INTO ezsearch_object_word_link (id, contentobject_id, word_id, frequency, placement, prev_word_id, next_word_id, contentclass_id, published, section_id, contentclass_attribute_id, identifier, integer_value) VALUES (2695,1,225,0,296,103,226,1,1033917596,1,156,'',0);
INSERT INTO ezsearch_object_word_link (id, contentobject_id, word_id, frequency, placement, prev_word_id, next_word_id, contentclass_id, published, section_id, contentclass_attribute_id, identifier, integer_value) VALUES (2696,1,226,0,297,225,108,1,1033917596,1,156,'',0);
INSERT INTO ezsearch_object_word_link (id, contentobject_id, word_id, frequency, placement, prev_word_id, next_word_id, contentclass_id, published, section_id, contentclass_attribute_id, identifier, integer_value) VALUES (2697,1,108,0,298,226,70,1,1033917596,1,156,'',0);
INSERT INTO ezsearch_object_word_link (id, contentobject_id, word_id, frequency, placement, prev_word_id, next_word_id, contentclass_id, published, section_id, contentclass_attribute_id, identifier, integer_value) VALUES (2698,1,70,0,299,108,85,1,1033917596,1,156,'',0);
INSERT INTO ezsearch_object_word_link (id, contentobject_id, word_id, frequency, placement, prev_word_id, next_word_id, contentclass_id, published, section_id, contentclass_attribute_id, identifier, integer_value) VALUES (2699,1,85,0,300,70,118,1,1033917596,1,156,'',0);
INSERT INTO ezsearch_object_word_link (id, contentobject_id, word_id, frequency, placement, prev_word_id, next_word_id, contentclass_id, published, section_id, contentclass_attribute_id, identifier, integer_value) VALUES (2700,1,118,0,301,85,227,1,1033917596,1,156,'',0);
INSERT INTO ezsearch_object_word_link (id, contentobject_id, word_id, frequency, placement, prev_word_id, next_word_id, contentclass_id, published, section_id, contentclass_attribute_id, identifier, integer_value) VALUES (2701,1,227,0,302,118,130,1,1033917596,1,156,'',0);
INSERT INTO ezsearch_object_word_link (id, contentobject_id, word_id, frequency, placement, prev_word_id, next_word_id, contentclass_id, published, section_id, contentclass_attribute_id, identifier, integer_value) VALUES (2702,1,130,0,303,227,120,1,1033917596,1,156,'',0);
INSERT INTO ezsearch_object_word_link (id, contentobject_id, word_id, frequency, placement, prev_word_id, next_word_id, contentclass_id, published, section_id, contentclass_attribute_id, identifier, integer_value) VALUES (2703,1,120,0,304,130,70,1,1033917596,1,156,'',0);
INSERT INTO ezsearch_object_word_link (id, contentobject_id, word_id, frequency, placement, prev_word_id, next_word_id, contentclass_id, published, section_id, contentclass_attribute_id, identifier, integer_value) VALUES (2704,1,70,0,305,120,109,1,1033917596,1,156,'',0);
INSERT INTO ezsearch_object_word_link (id, contentobject_id, word_id, frequency, placement, prev_word_id, next_word_id, contentclass_id, published, section_id, contentclass_attribute_id, identifier, integer_value) VALUES (2705,1,109,0,306,70,110,1,1033917596,1,156,'',0);
INSERT INTO ezsearch_object_word_link (id, contentobject_id, word_id, frequency, placement, prev_word_id, next_word_id, contentclass_id, published, section_id, contentclass_attribute_id, identifier, integer_value) VALUES (2706,1,110,0,307,109,158,1,1033917596,1,156,'',0);
INSERT INTO ezsearch_object_word_link (id, contentobject_id, word_id, frequency, placement, prev_word_id, next_word_id, contentclass_id, published, section_id, contentclass_attribute_id, identifier, integer_value) VALUES (2707,1,158,0,308,110,135,1,1033917596,1,156,'',0);
INSERT INTO ezsearch_object_word_link (id, contentobject_id, word_id, frequency, placement, prev_word_id, next_word_id, contentclass_id, published, section_id, contentclass_attribute_id, identifier, integer_value) VALUES (2708,1,135,0,309,158,228,1,1033917596,1,156,'',0);
INSERT INTO ezsearch_object_word_link (id, contentobject_id, word_id, frequency, placement, prev_word_id, next_word_id, contentclass_id, published, section_id, contentclass_attribute_id, identifier, integer_value) VALUES (2709,1,228,0,310,135,229,1,1033917596,1,156,'',0);
INSERT INTO ezsearch_object_word_link (id, contentobject_id, word_id, frequency, placement, prev_word_id, next_word_id, contentclass_id, published, section_id, contentclass_attribute_id, identifier, integer_value) VALUES (2710,1,229,0,311,228,211,1,1033917596,1,156,'',0);
INSERT INTO ezsearch_object_word_link (id, contentobject_id, word_id, frequency, placement, prev_word_id, next_word_id, contentclass_id, published, section_id, contentclass_attribute_id, identifier, integer_value) VALUES (2711,1,211,0,312,229,230,1,1033917596,1,156,'',0);
INSERT INTO ezsearch_object_word_link (id, contentobject_id, word_id, frequency, placement, prev_word_id, next_word_id, contentclass_id, published, section_id, contentclass_attribute_id, identifier, integer_value) VALUES (2712,1,230,0,313,211,231,1,1033917596,1,156,'',0);
INSERT INTO ezsearch_object_word_link (id, contentobject_id, word_id, frequency, placement, prev_word_id, next_word_id, contentclass_id, published, section_id, contentclass_attribute_id, identifier, integer_value) VALUES (2713,1,231,0,314,230,232,1,1033917596,1,156,'',0);
INSERT INTO ezsearch_object_word_link (id, contentobject_id, word_id, frequency, placement, prev_word_id, next_word_id, contentclass_id, published, section_id, contentclass_attribute_id, identifier, integer_value) VALUES (2714,1,232,0,315,231,224,1,1033917596,1,156,'',0);
INSERT INTO ezsearch_object_word_link (id, contentobject_id, word_id, frequency, placement, prev_word_id, next_word_id, contentclass_id, published, section_id, contentclass_attribute_id, identifier, integer_value) VALUES (2715,1,224,0,316,232,155,1,1033917596,1,156,'',0);
INSERT INTO ezsearch_object_word_link (id, contentobject_id, word_id, frequency, placement, prev_word_id, next_word_id, contentclass_id, published, section_id, contentclass_attribute_id, identifier, integer_value) VALUES (2716,1,155,0,317,224,221,1,1033917596,1,156,'',0);
INSERT INTO ezsearch_object_word_link (id, contentobject_id, word_id, frequency, placement, prev_word_id, next_word_id, contentclass_id, published, section_id, contentclass_attribute_id, identifier, integer_value) VALUES (2717,1,221,0,318,155,225,1,1033917596,1,156,'',0);
INSERT INTO ezsearch_object_word_link (id, contentobject_id, word_id, frequency, placement, prev_word_id, next_word_id, contentclass_id, published, section_id, contentclass_attribute_id, identifier, integer_value) VALUES (2718,1,225,0,319,221,233,1,1033917596,1,156,'',0);
INSERT INTO ezsearch_object_word_link (id, contentobject_id, word_id, frequency, placement, prev_word_id, next_word_id, contentclass_id, published, section_id, contentclass_attribute_id, identifier, integer_value) VALUES (2719,1,233,0,320,225,234,1,1033917596,1,156,'',0);
INSERT INTO ezsearch_object_word_link (id, contentobject_id, word_id, frequency, placement, prev_word_id, next_word_id, contentclass_id, published, section_id, contentclass_attribute_id, identifier, integer_value) VALUES (2720,1,234,0,321,233,163,1,1033917596,1,156,'',0);
INSERT INTO ezsearch_object_word_link (id, contentobject_id, word_id, frequency, placement, prev_word_id, next_word_id, contentclass_id, published, section_id, contentclass_attribute_id, identifier, integer_value) VALUES (2721,1,163,0,322,234,235,1,1033917596,1,156,'',0);
INSERT INTO ezsearch_object_word_link (id, contentobject_id, word_id, frequency, placement, prev_word_id, next_word_id, contentclass_id, published, section_id, contentclass_attribute_id, identifier, integer_value) VALUES (2722,1,235,0,323,163,236,1,1033917596,1,156,'',0);
INSERT INTO ezsearch_object_word_link (id, contentobject_id, word_id, frequency, placement, prev_word_id, next_word_id, contentclass_id, published, section_id, contentclass_attribute_id, identifier, integer_value) VALUES (2723,1,236,0,324,235,109,1,1033917596,1,156,'',0);
INSERT INTO ezsearch_object_word_link (id, contentobject_id, word_id, frequency, placement, prev_word_id, next_word_id, contentclass_id, published, section_id, contentclass_attribute_id, identifier, integer_value) VALUES (2724,1,109,0,325,236,110,1,1033917596,1,156,'',0);
INSERT INTO ezsearch_object_word_link (id, contentobject_id, word_id, frequency, placement, prev_word_id, next_word_id, contentclass_id, published, section_id, contentclass_attribute_id, identifier, integer_value) VALUES (2725,1,110,0,326,109,159,1,1033917596,1,156,'',0);
INSERT INTO ezsearch_object_word_link (id, contentobject_id, word_id, frequency, placement, prev_word_id, next_word_id, contentclass_id, published, section_id, contentclass_attribute_id, identifier, integer_value) VALUES (2726,1,159,0,327,110,237,1,1033917596,1,156,'',0);
INSERT INTO ezsearch_object_word_link (id, contentobject_id, word_id, frequency, placement, prev_word_id, next_word_id, contentclass_id, published, section_id, contentclass_attribute_id, identifier, integer_value) VALUES (2727,1,237,0,328,159,238,1,1033917596,1,156,'',0);
INSERT INTO ezsearch_object_word_link (id, contentobject_id, word_id, frequency, placement, prev_word_id, next_word_id, contentclass_id, published, section_id, contentclass_attribute_id, identifier, integer_value) VALUES (2728,1,238,0,329,237,239,1,1033917596,1,156,'',0);
INSERT INTO ezsearch_object_word_link (id, contentobject_id, word_id, frequency, placement, prev_word_id, next_word_id, contentclass_id, published, section_id, contentclass_attribute_id, identifier, integer_value) VALUES (2729,1,239,0,330,238,70,1,1033917596,1,156,'',0);
INSERT INTO ezsearch_object_word_link (id, contentobject_id, word_id, frequency, placement, prev_word_id, next_word_id, contentclass_id, published, section_id, contentclass_attribute_id, identifier, integer_value) VALUES (2730,1,70,0,331,239,240,1,1033917596,1,156,'',0);
INSERT INTO ezsearch_object_word_link (id, contentobject_id, word_id, frequency, placement, prev_word_id, next_word_id, contentclass_id, published, section_id, contentclass_attribute_id, identifier, integer_value) VALUES (2731,1,240,0,332,70,110,1,1033917596,1,156,'',0);
INSERT INTO ezsearch_object_word_link (id, contentobject_id, word_id, frequency, placement, prev_word_id, next_word_id, contentclass_id, published, section_id, contentclass_attribute_id, identifier, integer_value) VALUES (2732,1,110,0,333,240,241,1,1033917596,1,156,'',0);
INSERT INTO ezsearch_object_word_link (id, contentobject_id, word_id, frequency, placement, prev_word_id, next_word_id, contentclass_id, published, section_id, contentclass_attribute_id, identifier, integer_value) VALUES (2733,1,241,0,334,110,118,1,1033917596,1,156,'',0);
INSERT INTO ezsearch_object_word_link (id, contentobject_id, word_id, frequency, placement, prev_word_id, next_word_id, contentclass_id, published, section_id, contentclass_attribute_id, identifier, integer_value) VALUES (2734,1,118,0,335,241,70,1,1033917596,1,156,'',0);
INSERT INTO ezsearch_object_word_link (id, contentobject_id, word_id, frequency, placement, prev_word_id, next_word_id, contentclass_id, published, section_id, contentclass_attribute_id, identifier, integer_value) VALUES (2735,1,70,0,336,118,242,1,1033917596,1,156,'',0);
INSERT INTO ezsearch_object_word_link (id, contentobject_id, word_id, frequency, placement, prev_word_id, next_word_id, contentclass_id, published, section_id, contentclass_attribute_id, identifier, integer_value) VALUES (2736,1,242,0,337,70,108,1,1033917596,1,156,'',0);
INSERT INTO ezsearch_object_word_link (id, contentobject_id, word_id, frequency, placement, prev_word_id, next_word_id, contentclass_id, published, section_id, contentclass_attribute_id, identifier, integer_value) VALUES (2737,1,108,0,338,242,243,1,1033917596,1,156,'',0);
INSERT INTO ezsearch_object_word_link (id, contentobject_id, word_id, frequency, placement, prev_word_id, next_word_id, contentclass_id, published, section_id, contentclass_attribute_id, identifier, integer_value) VALUES (2738,1,243,0,339,108,244,1,1033917596,1,156,'',0);
INSERT INTO ezsearch_object_word_link (id, contentobject_id, word_id, frequency, placement, prev_word_id, next_word_id, contentclass_id, published, section_id, contentclass_attribute_id, identifier, integer_value) VALUES (2739,1,244,0,340,243,245,1,1033917596,1,156,'',0);
INSERT INTO ezsearch_object_word_link (id, contentobject_id, word_id, frequency, placement, prev_word_id, next_word_id, contentclass_id, published, section_id, contentclass_attribute_id, identifier, integer_value) VALUES (2740,1,245,0,341,244,246,1,1033917596,1,156,'',0);
INSERT INTO ezsearch_object_word_link (id, contentobject_id, word_id, frequency, placement, prev_word_id, next_word_id, contentclass_id, published, section_id, contentclass_attribute_id, identifier, integer_value) VALUES (2741,1,246,0,342,245,114,1,1033917596,1,156,'',0);
INSERT INTO ezsearch_object_word_link (id, contentobject_id, word_id, frequency, placement, prev_word_id, next_word_id, contentclass_id, published, section_id, contentclass_attribute_id, identifier, integer_value) VALUES (2742,1,114,0,343,246,247,1,1033917596,1,156,'',0);
INSERT INTO ezsearch_object_word_link (id, contentobject_id, word_id, frequency, placement, prev_word_id, next_word_id, contentclass_id, published, section_id, contentclass_attribute_id, identifier, integer_value) VALUES (2743,1,247,0,344,114,248,1,1033917596,1,156,'',0);
INSERT INTO ezsearch_object_word_link (id, contentobject_id, word_id, frequency, placement, prev_word_id, next_word_id, contentclass_id, published, section_id, contentclass_attribute_id, identifier, integer_value) VALUES (2744,1,248,0,345,247,108,1,1033917596,1,156,'',0);
INSERT INTO ezsearch_object_word_link (id, contentobject_id, word_id, frequency, placement, prev_word_id, next_word_id, contentclass_id, published, section_id, contentclass_attribute_id, identifier, integer_value) VALUES (2745,1,108,0,346,248,249,1,1033917596,1,156,'',0);
INSERT INTO ezsearch_object_word_link (id, contentobject_id, word_id, frequency, placement, prev_word_id, next_word_id, contentclass_id, published, section_id, contentclass_attribute_id, identifier, integer_value) VALUES (2746,1,249,0,347,108,148,1,1033917596,1,156,'',0);
INSERT INTO ezsearch_object_word_link (id, contentobject_id, word_id, frequency, placement, prev_word_id, next_word_id, contentclass_id, published, section_id, contentclass_attribute_id, identifier, integer_value) VALUES (2747,1,148,0,348,249,250,1,1033917596,1,156,'',0);
INSERT INTO ezsearch_object_word_link (id, contentobject_id, word_id, frequency, placement, prev_word_id, next_word_id, contentclass_id, published, section_id, contentclass_attribute_id, identifier, integer_value) VALUES (2748,1,250,0,349,148,251,1,1033917596,1,156,'',0);
INSERT INTO ezsearch_object_word_link (id, contentobject_id, word_id, frequency, placement, prev_word_id, next_word_id, contentclass_id, published, section_id, contentclass_attribute_id, identifier, integer_value) VALUES (2749,1,251,0,350,250,108,1,1033917596,1,156,'',0);
INSERT INTO ezsearch_object_word_link (id, contentobject_id, word_id, frequency, placement, prev_word_id, next_word_id, contentclass_id, published, section_id, contentclass_attribute_id, identifier, integer_value) VALUES (2750,1,108,0,351,251,144,1,1033917596,1,156,'',0);
INSERT INTO ezsearch_object_word_link (id, contentobject_id, word_id, frequency, placement, prev_word_id, next_word_id, contentclass_id, published, section_id, contentclass_attribute_id, identifier, integer_value) VALUES (2751,1,144,0,352,108,252,1,1033917596,1,156,'',0);
INSERT INTO ezsearch_object_word_link (id, contentobject_id, word_id, frequency, placement, prev_word_id, next_word_id, contentclass_id, published, section_id, contentclass_attribute_id, identifier, integer_value) VALUES (2752,1,252,0,353,144,253,1,1033917596,1,156,'',0);
INSERT INTO ezsearch_object_word_link (id, contentobject_id, word_id, frequency, placement, prev_word_id, next_word_id, contentclass_id, published, section_id, contentclass_attribute_id, identifier, integer_value) VALUES (2753,1,253,0,354,252,254,1,1033917596,1,156,'',0);
INSERT INTO ezsearch_object_word_link (id, contentobject_id, word_id, frequency, placement, prev_word_id, next_word_id, contentclass_id, published, section_id, contentclass_attribute_id, identifier, integer_value) VALUES (2754,1,254,0,355,253,123,1,1033917596,1,156,'',0);
INSERT INTO ezsearch_object_word_link (id, contentobject_id, word_id, frequency, placement, prev_word_id, next_word_id, contentclass_id, published, section_id, contentclass_attribute_id, identifier, integer_value) VALUES (2755,1,123,0,356,254,70,1,1033917596,1,156,'',0);
INSERT INTO ezsearch_object_word_link (id, contentobject_id, word_id, frequency, placement, prev_word_id, next_word_id, contentclass_id, published, section_id, contentclass_attribute_id, identifier, integer_value) VALUES (2756,1,70,0,357,123,222,1,1033917596,1,156,'',0);
INSERT INTO ezsearch_object_word_link (id, contentobject_id, word_id, frequency, placement, prev_word_id, next_word_id, contentclass_id, published, section_id, contentclass_attribute_id, identifier, integer_value) VALUES (2757,1,222,0,358,70,255,1,1033917596,1,156,'',0);
INSERT INTO ezsearch_object_word_link (id, contentobject_id, word_id, frequency, placement, prev_word_id, next_word_id, contentclass_id, published, section_id, contentclass_attribute_id, identifier, integer_value) VALUES (2758,1,255,0,359,222,114,1,1033917596,1,156,'',0);
INSERT INTO ezsearch_object_word_link (id, contentobject_id, word_id, frequency, placement, prev_word_id, next_word_id, contentclass_id, published, section_id, contentclass_attribute_id, identifier, integer_value) VALUES (2759,1,114,0,360,255,159,1,1033917596,1,156,'',0);
INSERT INTO ezsearch_object_word_link (id, contentobject_id, word_id, frequency, placement, prev_word_id, next_word_id, contentclass_id, published, section_id, contentclass_attribute_id, identifier, integer_value) VALUES (2760,1,159,0,361,114,256,1,1033917596,1,156,'',0);
INSERT INTO ezsearch_object_word_link (id, contentobject_id, word_id, frequency, placement, prev_word_id, next_word_id, contentclass_id, published, section_id, contentclass_attribute_id, identifier, integer_value) VALUES (2761,1,256,0,362,159,130,1,1033917596,1,156,'',0);
INSERT INTO ezsearch_object_word_link (id, contentobject_id, word_id, frequency, placement, prev_word_id, next_word_id, contentclass_id, published, section_id, contentclass_attribute_id, identifier, integer_value) VALUES (2762,1,130,0,363,256,120,1,1033917596,1,156,'',0);
INSERT INTO ezsearch_object_word_link (id, contentobject_id, word_id, frequency, placement, prev_word_id, next_word_id, contentclass_id, published, section_id, contentclass_attribute_id, identifier, integer_value) VALUES (2763,1,120,0,364,130,70,1,1033917596,1,156,'',0);
INSERT INTO ezsearch_object_word_link (id, contentobject_id, word_id, frequency, placement, prev_word_id, next_word_id, contentclass_id, published, section_id, contentclass_attribute_id, identifier, integer_value) VALUES (2764,1,70,0,365,120,257,1,1033917596,1,156,'',0);
INSERT INTO ezsearch_object_word_link (id, contentobject_id, word_id, frequency, placement, prev_word_id, next_word_id, contentclass_id, published, section_id, contentclass_attribute_id, identifier, integer_value) VALUES (2765,1,257,0,366,70,109,1,1033917596,1,156,'',0);
INSERT INTO ezsearch_object_word_link (id, contentobject_id, word_id, frequency, placement, prev_word_id, next_word_id, contentclass_id, published, section_id, contentclass_attribute_id, identifier, integer_value) VALUES (2766,1,109,0,367,257,110,1,1033917596,1,156,'',0);
INSERT INTO ezsearch_object_word_link (id, contentobject_id, word_id, frequency, placement, prev_word_id, next_word_id, contentclass_id, published, section_id, contentclass_attribute_id, identifier, integer_value) VALUES (2767,1,110,0,368,109,258,1,1033917596,1,156,'',0);
INSERT INTO ezsearch_object_word_link (id, contentobject_id, word_id, frequency, placement, prev_word_id, next_word_id, contentclass_id, published, section_id, contentclass_attribute_id, identifier, integer_value) VALUES (2768,1,258,0,369,110,233,1,1033917596,1,156,'',0);
INSERT INTO ezsearch_object_word_link (id, contentobject_id, word_id, frequency, placement, prev_word_id, next_word_id, contentclass_id, published, section_id, contentclass_attribute_id, identifier, integer_value) VALUES (2769,1,233,0,370,258,234,1,1033917596,1,156,'',0);
INSERT INTO ezsearch_object_word_link (id, contentobject_id, word_id, frequency, placement, prev_word_id, next_word_id, contentclass_id, published, section_id, contentclass_attribute_id, identifier, integer_value) VALUES (2770,1,234,0,371,233,259,1,1033917596,1,156,'',0);
INSERT INTO ezsearch_object_word_link (id, contentobject_id, word_id, frequency, placement, prev_word_id, next_word_id, contentclass_id, published, section_id, contentclass_attribute_id, identifier, integer_value) VALUES (2771,1,259,0,372,234,260,1,1033917596,1,156,'',0);
INSERT INTO ezsearch_object_word_link (id, contentobject_id, word_id, frequency, placement, prev_word_id, next_word_id, contentclass_id, published, section_id, contentclass_attribute_id, identifier, integer_value) VALUES (2772,1,260,0,373,259,261,1,1033917596,1,156,'',0);
INSERT INTO ezsearch_object_word_link (id, contentobject_id, word_id, frequency, placement, prev_word_id, next_word_id, contentclass_id, published, section_id, contentclass_attribute_id, identifier, integer_value) VALUES (2773,1,261,0,374,260,159,1,1033917596,1,156,'',0);
INSERT INTO ezsearch_object_word_link (id, contentobject_id, word_id, frequency, placement, prev_word_id, next_word_id, contentclass_id, published, section_id, contentclass_attribute_id, identifier, integer_value) VALUES (2774,1,159,0,375,261,262,1,1033917596,1,156,'',0);
INSERT INTO ezsearch_object_word_link (id, contentobject_id, word_id, frequency, placement, prev_word_id, next_word_id, contentclass_id, published, section_id, contentclass_attribute_id, identifier, integer_value) VALUES (2775,1,262,0,376,159,263,1,1033917596,1,156,'',0);
INSERT INTO ezsearch_object_word_link (id, contentobject_id, word_id, frequency, placement, prev_word_id, next_word_id, contentclass_id, published, section_id, contentclass_attribute_id, identifier, integer_value) VALUES (2776,1,263,0,377,262,264,1,1033917596,1,156,'',0);
INSERT INTO ezsearch_object_word_link (id, contentobject_id, word_id, frequency, placement, prev_word_id, next_word_id, contentclass_id, published, section_id, contentclass_attribute_id, identifier, integer_value) VALUES (2777,1,264,0,378,263,265,1,1033917596,1,156,'',0);
INSERT INTO ezsearch_object_word_link (id, contentobject_id, word_id, frequency, placement, prev_word_id, next_word_id, contentclass_id, published, section_id, contentclass_attribute_id, identifier, integer_value) VALUES (2778,1,265,0,379,264,266,1,1033917596,1,156,'',0);
INSERT INTO ezsearch_object_word_link (id, contentobject_id, word_id, frequency, placement, prev_word_id, next_word_id, contentclass_id, published, section_id, contentclass_attribute_id, identifier, integer_value) VALUES (2779,1,266,0,380,265,231,1,1033917596,1,156,'',0);
INSERT INTO ezsearch_object_word_link (id, contentobject_id, word_id, frequency, placement, prev_word_id, next_word_id, contentclass_id, published, section_id, contentclass_attribute_id, identifier, integer_value) VALUES (2780,1,231,0,381,266,146,1,1033917596,1,156,'',0);
INSERT INTO ezsearch_object_word_link (id, contentobject_id, word_id, frequency, placement, prev_word_id, next_word_id, contentclass_id, published, section_id, contentclass_attribute_id, identifier, integer_value) VALUES (2781,1,146,0,382,231,232,1,1033917596,1,156,'',0);
INSERT INTO ezsearch_object_word_link (id, contentobject_id, word_id, frequency, placement, prev_word_id, next_word_id, contentclass_id, published, section_id, contentclass_attribute_id, identifier, integer_value) VALUES (2782,1,232,0,383,146,267,1,1033917596,1,156,'',0);
INSERT INTO ezsearch_object_word_link (id, contentobject_id, word_id, frequency, placement, prev_word_id, next_word_id, contentclass_id, published, section_id, contentclass_attribute_id, identifier, integer_value) VALUES (2783,1,267,0,384,232,108,1,1033917596,1,156,'',0);
INSERT INTO ezsearch_object_word_link (id, contentobject_id, word_id, frequency, placement, prev_word_id, next_word_id, contentclass_id, published, section_id, contentclass_attribute_id, identifier, integer_value) VALUES (2784,1,108,0,385,267,268,1,1033917596,1,156,'',0);
INSERT INTO ezsearch_object_word_link (id, contentobject_id, word_id, frequency, placement, prev_word_id, next_word_id, contentclass_id, published, section_id, contentclass_attribute_id, identifier, integer_value) VALUES (2785,1,268,0,386,108,269,1,1033917596,1,156,'',0);
INSERT INTO ezsearch_object_word_link (id, contentobject_id, word_id, frequency, placement, prev_word_id, next_word_id, contentclass_id, published, section_id, contentclass_attribute_id, identifier, integer_value) VALUES (2786,1,269,0,387,268,69,1,1033917596,1,156,'',0);
INSERT INTO ezsearch_object_word_link (id, contentobject_id, word_id, frequency, placement, prev_word_id, next_word_id, contentclass_id, published, section_id, contentclass_attribute_id, identifier, integer_value) VALUES (2787,1,69,0,388,269,131,1,1033917596,1,156,'',0);
INSERT INTO ezsearch_object_word_link (id, contentobject_id, word_id, frequency, placement, prev_word_id, next_word_id, contentclass_id, published, section_id, contentclass_attribute_id, identifier, integer_value) VALUES (2788,1,131,0,389,69,270,1,1033917596,1,156,'',0);
INSERT INTO ezsearch_object_word_link (id, contentobject_id, word_id, frequency, placement, prev_word_id, next_word_id, contentclass_id, published, section_id, contentclass_attribute_id, identifier, integer_value) VALUES (2789,1,270,0,390,131,271,1,1033917596,1,156,'',0);
INSERT INTO ezsearch_object_word_link (id, contentobject_id, word_id, frequency, placement, prev_word_id, next_word_id, contentclass_id, published, section_id, contentclass_attribute_id, identifier, integer_value) VALUES (2790,1,271,0,391,270,69,1,1033917596,1,156,'',0);
INSERT INTO ezsearch_object_word_link (id, contentobject_id, word_id, frequency, placement, prev_word_id, next_word_id, contentclass_id, published, section_id, contentclass_attribute_id, identifier, integer_value) VALUES (2791,1,69,0,392,271,272,1,1033917596,1,156,'',0);
INSERT INTO ezsearch_object_word_link (id, contentobject_id, word_id, frequency, placement, prev_word_id, next_word_id, contentclass_id, published, section_id, contentclass_attribute_id, identifier, integer_value) VALUES (2792,1,272,0,393,69,187,1,1033917596,1,156,'',0);
INSERT INTO ezsearch_object_word_link (id, contentobject_id, word_id, frequency, placement, prev_word_id, next_word_id, contentclass_id, published, section_id, contentclass_attribute_id, identifier, integer_value) VALUES (2793,1,187,0,394,272,188,1,1033917596,1,156,'',0);
INSERT INTO ezsearch_object_word_link (id, contentobject_id, word_id, frequency, placement, prev_word_id, next_word_id, contentclass_id, published, section_id, contentclass_attribute_id, identifier, integer_value) VALUES (2794,1,188,0,395,187,109,1,1033917596,1,156,'',0);
INSERT INTO ezsearch_object_word_link (id, contentobject_id, word_id, frequency, placement, prev_word_id, next_word_id, contentclass_id, published, section_id, contentclass_attribute_id, identifier, integer_value) VALUES (2795,1,109,0,396,188,110,1,1033917596,1,156,'',0);
INSERT INTO ezsearch_object_word_link (id, contentobject_id, word_id, frequency, placement, prev_word_id, next_word_id, contentclass_id, published, section_id, contentclass_attribute_id, identifier, integer_value) VALUES (2796,1,110,0,397,109,118,1,1033917596,1,156,'',0);
INSERT INTO ezsearch_object_word_link (id, contentobject_id, word_id, frequency, placement, prev_word_id, next_word_id, contentclass_id, published, section_id, contentclass_attribute_id, identifier, integer_value) VALUES (2797,1,118,0,398,110,273,1,1033917596,1,156,'',0);
INSERT INTO ezsearch_object_word_link (id, contentobject_id, word_id, frequency, placement, prev_word_id, next_word_id, contentclass_id, published, section_id, contentclass_attribute_id, identifier, integer_value) VALUES (2798,1,273,0,399,118,274,1,1033917596,1,156,'',0);
INSERT INTO ezsearch_object_word_link (id, contentobject_id, word_id, frequency, placement, prev_word_id, next_word_id, contentclass_id, published, section_id, contentclass_attribute_id, identifier, integer_value) VALUES (2799,1,274,0,400,273,266,1,1033917596,1,156,'',0);
INSERT INTO ezsearch_object_word_link (id, contentobject_id, word_id, frequency, placement, prev_word_id, next_word_id, contentclass_id, published, section_id, contentclass_attribute_id, identifier, integer_value) VALUES (2800,1,266,0,401,274,122,1,1033917596,1,156,'',0);
INSERT INTO ezsearch_object_word_link (id, contentobject_id, word_id, frequency, placement, prev_word_id, next_word_id, contentclass_id, published, section_id, contentclass_attribute_id, identifier, integer_value) VALUES (2801,1,122,0,402,266,109,1,1033917596,1,156,'',0);
INSERT INTO ezsearch_object_word_link (id, contentobject_id, word_id, frequency, placement, prev_word_id, next_word_id, contentclass_id, published, section_id, contentclass_attribute_id, identifier, integer_value) VALUES (2802,1,109,0,403,122,275,1,1033917596,1,156,'',0);
INSERT INTO ezsearch_object_word_link (id, contentobject_id, word_id, frequency, placement, prev_word_id, next_word_id, contentclass_id, published, section_id, contentclass_attribute_id, identifier, integer_value) VALUES (2803,1,275,0,404,109,171,1,1033917596,1,156,'',0);
INSERT INTO ezsearch_object_word_link (id, contentobject_id, word_id, frequency, placement, prev_word_id, next_word_id, contentclass_id, published, section_id, contentclass_attribute_id, identifier, integer_value) VALUES (2804,1,171,0,405,275,276,1,1033917596,1,156,'',0);
INSERT INTO ezsearch_object_word_link (id, contentobject_id, word_id, frequency, placement, prev_word_id, next_word_id, contentclass_id, published, section_id, contentclass_attribute_id, identifier, integer_value) VALUES (2805,1,276,0,406,171,277,1,1033917596,1,156,'',0);
INSERT INTO ezsearch_object_word_link (id, contentobject_id, word_id, frequency, placement, prev_word_id, next_word_id, contentclass_id, published, section_id, contentclass_attribute_id, identifier, integer_value) VALUES (2806,1,277,0,407,276,138,1,1033917596,1,156,'',0);
INSERT INTO ezsearch_object_word_link (id, contentobject_id, word_id, frequency, placement, prev_word_id, next_word_id, contentclass_id, published, section_id, contentclass_attribute_id, identifier, integer_value) VALUES (2807,1,138,0,408,277,109,1,1033917596,1,156,'',0);
INSERT INTO ezsearch_object_word_link (id, contentobject_id, word_id, frequency, placement, prev_word_id, next_word_id, contentclass_id, published, section_id, contentclass_attribute_id, identifier, integer_value) VALUES (2808,1,109,0,409,138,110,1,1033917596,1,156,'',0);
INSERT INTO ezsearch_object_word_link (id, contentobject_id, word_id, frequency, placement, prev_word_id, next_word_id, contentclass_id, published, section_id, contentclass_attribute_id, identifier, integer_value) VALUES (2809,1,110,0,410,109,139,1,1033917596,1,156,'',0);
INSERT INTO ezsearch_object_word_link (id, contentobject_id, word_id, frequency, placement, prev_word_id, next_word_id, contentclass_id, published, section_id, contentclass_attribute_id, identifier, integer_value) VALUES (2810,1,139,0,411,110,138,1,1033917596,1,156,'',0);
INSERT INTO ezsearch_object_word_link (id, contentobject_id, word_id, frequency, placement, prev_word_id, next_word_id, contentclass_id, published, section_id, contentclass_attribute_id, identifier, integer_value) VALUES (2811,1,138,0,412,139,140,1,1033917596,1,156,'',0);
INSERT INTO ezsearch_object_word_link (id, contentobject_id, word_id, frequency, placement, prev_word_id, next_word_id, contentclass_id, published, section_id, contentclass_attribute_id, identifier, integer_value) VALUES (2812,1,140,0,413,138,70,1,1033917596,1,156,'',0);
INSERT INTO ezsearch_object_word_link (id, contentobject_id, word_id, frequency, placement, prev_word_id, next_word_id, contentclass_id, published, section_id, contentclass_attribute_id, identifier, integer_value) VALUES (2813,1,70,0,414,140,141,1,1033917596,1,156,'',0);
INSERT INTO ezsearch_object_word_link (id, contentobject_id, word_id, frequency, placement, prev_word_id, next_word_id, contentclass_id, published, section_id, contentclass_attribute_id, identifier, integer_value) VALUES (2814,1,141,0,415,70,142,1,1033917596,1,156,'',0);
INSERT INTO ezsearch_object_word_link (id, contentobject_id, word_id, frequency, placement, prev_word_id, next_word_id, contentclass_id, published, section_id, contentclass_attribute_id, identifier, integer_value) VALUES (2815,1,142,0,416,141,120,1,1033917596,1,156,'',0);
INSERT INTO ezsearch_object_word_link (id, contentobject_id, word_id, frequency, placement, prev_word_id, next_word_id, contentclass_id, published, section_id, contentclass_attribute_id, identifier, integer_value) VALUES (2816,1,120,0,417,142,121,1,1033917596,1,156,'',0);
INSERT INTO ezsearch_object_word_link (id, contentobject_id, word_id, frequency, placement, prev_word_id, next_word_id, contentclass_id, published, section_id, contentclass_attribute_id, identifier, integer_value) VALUES (2817,1,121,0,418,120,143,1,1033917596,1,156,'',0);
INSERT INTO ezsearch_object_word_link (id, contentobject_id, word_id, frequency, placement, prev_word_id, next_word_id, contentclass_id, published, section_id, contentclass_attribute_id, identifier, integer_value) VALUES (2818,1,143,0,419,121,144,1,1033917596,1,156,'',0);
INSERT INTO ezsearch_object_word_link (id, contentobject_id, word_id, frequency, placement, prev_word_id, next_word_id, contentclass_id, published, section_id, contentclass_attribute_id, identifier, integer_value) VALUES (2819,1,144,0,420,143,145,1,1033917596,1,156,'',0);
INSERT INTO ezsearch_object_word_link (id, contentobject_id, word_id, frequency, placement, prev_word_id, next_word_id, contentclass_id, published, section_id, contentclass_attribute_id, identifier, integer_value) VALUES (2820,1,145,0,421,144,146,1,1033917596,1,156,'',0);
INSERT INTO ezsearch_object_word_link (id, contentobject_id, word_id, frequency, placement, prev_word_id, next_word_id, contentclass_id, published, section_id, contentclass_attribute_id, identifier, integer_value) VALUES (2821,1,146,0,422,145,147,1,1033917596,1,156,'',0);
INSERT INTO ezsearch_object_word_link (id, contentobject_id, word_id, frequency, placement, prev_word_id, next_word_id, contentclass_id, published, section_id, contentclass_attribute_id, identifier, integer_value) VALUES (2822,1,147,0,423,146,148,1,1033917596,1,156,'',0);
INSERT INTO ezsearch_object_word_link (id, contentobject_id, word_id, frequency, placement, prev_word_id, next_word_id, contentclass_id, published, section_id, contentclass_attribute_id, identifier, integer_value) VALUES (2823,1,148,0,424,147,149,1,1033917596,1,156,'',0);
INSERT INTO ezsearch_object_word_link (id, contentobject_id, word_id, frequency, placement, prev_word_id, next_word_id, contentclass_id, published, section_id, contentclass_attribute_id, identifier, integer_value) VALUES (2824,1,149,0,425,148,150,1,1033917596,1,156,'',0);
INSERT INTO ezsearch_object_word_link (id, contentobject_id, word_id, frequency, placement, prev_word_id, next_word_id, contentclass_id, published, section_id, contentclass_attribute_id, identifier, integer_value) VALUES (2825,1,150,0,426,149,151,1,1033917596,1,156,'',0);
INSERT INTO ezsearch_object_word_link (id, contentobject_id, word_id, frequency, placement, prev_word_id, next_word_id, contentclass_id, published, section_id, contentclass_attribute_id, identifier, integer_value) VALUES (2826,1,151,0,427,150,152,1,1033917596,1,156,'',0);
INSERT INTO ezsearch_object_word_link (id, contentobject_id, word_id, frequency, placement, prev_word_id, next_word_id, contentclass_id, published, section_id, contentclass_attribute_id, identifier, integer_value) VALUES (2827,1,152,0,428,151,153,1,1033917596,1,156,'',0);
INSERT INTO ezsearch_object_word_link (id, contentobject_id, word_id, frequency, placement, prev_word_id, next_word_id, contentclass_id, published, section_id, contentclass_attribute_id, identifier, integer_value) VALUES (2828,1,153,0,429,152,154,1,1033917596,1,156,'',0);
INSERT INTO ezsearch_object_word_link (id, contentobject_id, word_id, frequency, placement, prev_word_id, next_word_id, contentclass_id, published, section_id, contentclass_attribute_id, identifier, integer_value) VALUES (2829,1,154,0,430,153,155,1,1033917596,1,156,'',0);
INSERT INTO ezsearch_object_word_link (id, contentobject_id, word_id, frequency, placement, prev_word_id, next_word_id, contentclass_id, published, section_id, contentclass_attribute_id, identifier, integer_value) VALUES (2830,1,155,0,431,154,156,1,1033917596,1,156,'',0);
INSERT INTO ezsearch_object_word_link (id, contentobject_id, word_id, frequency, placement, prev_word_id, next_word_id, contentclass_id, published, section_id, contentclass_attribute_id, identifier, integer_value) VALUES (2831,1,156,0,432,155,157,1,1033917596,1,156,'',0);
INSERT INTO ezsearch_object_word_link (id, contentobject_id, word_id, frequency, placement, prev_word_id, next_word_id, contentclass_id, published, section_id, contentclass_attribute_id, identifier, integer_value) VALUES (2832,1,157,0,433,156,120,1,1033917596,1,156,'',0);
INSERT INTO ezsearch_object_word_link (id, contentobject_id, word_id, frequency, placement, prev_word_id, next_word_id, contentclass_id, published, section_id, contentclass_attribute_id, identifier, integer_value) VALUES (2833,1,120,0,434,157,158,1,1033917596,1,156,'',0);
INSERT INTO ezsearch_object_word_link (id, contentobject_id, word_id, frequency, placement, prev_word_id, next_word_id, contentclass_id, published, section_id, contentclass_attribute_id, identifier, integer_value) VALUES (2834,1,158,0,435,120,159,1,1033917596,1,156,'',0);
INSERT INTO ezsearch_object_word_link (id, contentobject_id, word_id, frequency, placement, prev_word_id, next_word_id, contentclass_id, published, section_id, contentclass_attribute_id, identifier, integer_value) VALUES (2835,1,159,0,436,158,160,1,1033917596,1,156,'',0);
INSERT INTO ezsearch_object_word_link (id, contentobject_id, word_id, frequency, placement, prev_word_id, next_word_id, contentclass_id, published, section_id, contentclass_attribute_id, identifier, integer_value) VALUES (2836,1,160,0,437,159,161,1,1033917596,1,156,'',0);
INSERT INTO ezsearch_object_word_link (id, contentobject_id, word_id, frequency, placement, prev_word_id, next_word_id, contentclass_id, published, section_id, contentclass_attribute_id, identifier, integer_value) VALUES (2837,1,161,0,438,160,70,1,1033917596,1,156,'',0);
INSERT INTO ezsearch_object_word_link (id, contentobject_id, word_id, frequency, placement, prev_word_id, next_word_id, contentclass_id, published, section_id, contentclass_attribute_id, identifier, integer_value) VALUES (2838,1,70,0,439,161,138,1,1033917596,1,156,'',0);
INSERT INTO ezsearch_object_word_link (id, contentobject_id, word_id, frequency, placement, prev_word_id, next_word_id, contentclass_id, published, section_id, contentclass_attribute_id, identifier, integer_value) VALUES (2839,1,138,0,440,70,69,1,1033917596,1,156,'',0);
INSERT INTO ezsearch_object_word_link (id, contentobject_id, word_id, frequency, placement, prev_word_id, next_word_id, contentclass_id, published, section_id, contentclass_attribute_id, identifier, integer_value) VALUES (2840,1,69,0,441,138,162,1,1033917596,1,156,'',0);
INSERT INTO ezsearch_object_word_link (id, contentobject_id, word_id, frequency, placement, prev_word_id, next_word_id, contentclass_id, published, section_id, contentclass_attribute_id, identifier, integer_value) VALUES (2841,1,162,0,442,69,121,1,1033917596,1,156,'',0);
INSERT INTO ezsearch_object_word_link (id, contentobject_id, word_id, frequency, placement, prev_word_id, next_word_id, contentclass_id, published, section_id, contentclass_attribute_id, identifier, integer_value) VALUES (2842,1,121,0,443,162,163,1,1033917596,1,156,'',0);
INSERT INTO ezsearch_object_word_link (id, contentobject_id, word_id, frequency, placement, prev_word_id, next_word_id, contentclass_id, published, section_id, contentclass_attribute_id, identifier, integer_value) VALUES (2843,1,163,0,444,121,164,1,1033917596,1,156,'',0);
INSERT INTO ezsearch_object_word_link (id, contentobject_id, word_id, frequency, placement, prev_word_id, next_word_id, contentclass_id, published, section_id, contentclass_attribute_id, identifier, integer_value) VALUES (2844,1,164,0,445,163,123,1,1033917596,1,156,'',0);
INSERT INTO ezsearch_object_word_link (id, contentobject_id, word_id, frequency, placement, prev_word_id, next_word_id, contentclass_id, published, section_id, contentclass_attribute_id, identifier, integer_value) VALUES (2845,1,123,0,446,164,70,1,1033917596,1,156,'',0);
INSERT INTO ezsearch_object_word_link (id, contentobject_id, word_id, frequency, placement, prev_word_id, next_word_id, contentclass_id, published, section_id, contentclass_attribute_id, identifier, integer_value) VALUES (2846,1,70,0,447,123,165,1,1033917596,1,156,'',0);
INSERT INTO ezsearch_object_word_link (id, contentobject_id, word_id, frequency, placement, prev_word_id, next_word_id, contentclass_id, published, section_id, contentclass_attribute_id, identifier, integer_value) VALUES (2847,1,165,0,448,70,166,1,1033917596,1,156,'',0);
INSERT INTO ezsearch_object_word_link (id, contentobject_id, word_id, frequency, placement, prev_word_id, next_word_id, contentclass_id, published, section_id, contentclass_attribute_id, identifier, integer_value) VALUES (2848,1,166,0,449,165,167,1,1033917596,1,156,'',0);
INSERT INTO ezsearch_object_word_link (id, contentobject_id, word_id, frequency, placement, prev_word_id, next_word_id, contentclass_id, published, section_id, contentclass_attribute_id, identifier, integer_value) VALUES (2849,1,167,0,450,166,168,1,1033917596,1,156,'',0);
INSERT INTO ezsearch_object_word_link (id, contentobject_id, word_id, frequency, placement, prev_word_id, next_word_id, contentclass_id, published, section_id, contentclass_attribute_id, identifier, integer_value) VALUES (2850,1,168,0,451,167,169,1,1033917596,1,156,'',0);
INSERT INTO ezsearch_object_word_link (id, contentobject_id, word_id, frequency, placement, prev_word_id, next_word_id, contentclass_id, published, section_id, contentclass_attribute_id, identifier, integer_value) VALUES (2851,1,169,0,452,168,167,1,1033917596,1,156,'',0);
INSERT INTO ezsearch_object_word_link (id, contentobject_id, word_id, frequency, placement, prev_word_id, next_word_id, contentclass_id, published, section_id, contentclass_attribute_id, identifier, integer_value) VALUES (2852,1,167,0,453,169,168,1,1033917596,1,156,'',0);
INSERT INTO ezsearch_object_word_link (id, contentobject_id, word_id, frequency, placement, prev_word_id, next_word_id, contentclass_id, published, section_id, contentclass_attribute_id, identifier, integer_value) VALUES (2853,1,168,0,454,167,170,1,1033917596,1,156,'',0);
INSERT INTO ezsearch_object_word_link (id, contentobject_id, word_id, frequency, placement, prev_word_id, next_word_id, contentclass_id, published, section_id, contentclass_attribute_id, identifier, integer_value) VALUES (2854,1,170,0,455,168,169,1,1033917596,1,156,'',0);
INSERT INTO ezsearch_object_word_link (id, contentobject_id, word_id, frequency, placement, prev_word_id, next_word_id, contentclass_id, published, section_id, contentclass_attribute_id, identifier, integer_value) VALUES (2855,1,169,0,456,170,171,1,1033917596,1,156,'',0);
INSERT INTO ezsearch_object_word_link (id, contentobject_id, word_id, frequency, placement, prev_word_id, next_word_id, contentclass_id, published, section_id, contentclass_attribute_id, identifier, integer_value) VALUES (2856,1,171,0,457,169,172,1,1033917596,1,156,'',0);
INSERT INTO ezsearch_object_word_link (id, contentobject_id, word_id, frequency, placement, prev_word_id, next_word_id, contentclass_id, published, section_id, contentclass_attribute_id, identifier, integer_value) VALUES (2857,1,172,0,458,171,173,1,1033917596,1,156,'',0);
INSERT INTO ezsearch_object_word_link (id, contentobject_id, word_id, frequency, placement, prev_word_id, next_word_id, contentclass_id, published, section_id, contentclass_attribute_id, identifier, integer_value) VALUES (2858,1,173,0,459,172,116,1,1033917596,1,156,'',0);
INSERT INTO ezsearch_object_word_link (id, contentobject_id, word_id, frequency, placement, prev_word_id, next_word_id, contentclass_id, published, section_id, contentclass_attribute_id, identifier, integer_value) VALUES (2859,1,116,0,460,173,174,1,1033917596,1,156,'',0);
INSERT INTO ezsearch_object_word_link (id, contentobject_id, word_id, frequency, placement, prev_word_id, next_word_id, contentclass_id, published, section_id, contentclass_attribute_id, identifier, integer_value) VALUES (2860,1,174,0,461,116,70,1,1033917596,1,156,'',0);
INSERT INTO ezsearch_object_word_link (id, contentobject_id, word_id, frequency, placement, prev_word_id, next_word_id, contentclass_id, published, section_id, contentclass_attribute_id, identifier, integer_value) VALUES (2861,1,70,0,462,174,175,1,1033917596,1,156,'',0);
INSERT INTO ezsearch_object_word_link (id, contentobject_id, word_id, frequency, placement, prev_word_id, next_word_id, contentclass_id, published, section_id, contentclass_attribute_id, identifier, integer_value) VALUES (2862,1,175,0,463,70,120,1,1033917596,1,156,'',0);
INSERT INTO ezsearch_object_word_link (id, contentobject_id, word_id, frequency, placement, prev_word_id, next_word_id, contentclass_id, published, section_id, contentclass_attribute_id, identifier, integer_value) VALUES (2863,1,120,0,464,175,70,1,1033917596,1,156,'',0);
INSERT INTO ezsearch_object_word_link (id, contentobject_id, word_id, frequency, placement, prev_word_id, next_word_id, contentclass_id, published, section_id, contentclass_attribute_id, identifier, integer_value) VALUES (2864,1,70,0,465,120,176,1,1033917596,1,156,'',0);
INSERT INTO ezsearch_object_word_link (id, contentobject_id, word_id, frequency, placement, prev_word_id, next_word_id, contentclass_id, published, section_id, contentclass_attribute_id, identifier, integer_value) VALUES (2865,1,176,0,466,70,143,1,1033917596,1,156,'',0);
INSERT INTO ezsearch_object_word_link (id, contentobject_id, word_id, frequency, placement, prev_word_id, next_word_id, contentclass_id, published, section_id, contentclass_attribute_id, identifier, integer_value) VALUES (2866,1,143,0,467,176,166,1,1033917596,1,156,'',0);
INSERT INTO ezsearch_object_word_link (id, contentobject_id, word_id, frequency, placement, prev_word_id, next_word_id, contentclass_id, published, section_id, contentclass_attribute_id, identifier, integer_value) VALUES (2867,1,166,0,468,143,177,1,1033917596,1,156,'',0);
INSERT INTO ezsearch_object_word_link (id, contentobject_id, word_id, frequency, placement, prev_word_id, next_word_id, contentclass_id, published, section_id, contentclass_attribute_id, identifier, integer_value) VALUES (2868,1,177,0,469,166,163,1,1033917596,1,156,'',0);
INSERT INTO ezsearch_object_word_link (id, contentobject_id, word_id, frequency, placement, prev_word_id, next_word_id, contentclass_id, published, section_id, contentclass_attribute_id, identifier, integer_value) VALUES (2869,1,163,0,470,177,167,1,1033917596,1,156,'',0);
INSERT INTO ezsearch_object_word_link (id, contentobject_id, word_id, frequency, placement, prev_word_id, next_word_id, contentclass_id, published, section_id, contentclass_attribute_id, identifier, integer_value) VALUES (2870,1,167,0,471,163,178,1,1033917596,1,156,'',0);
INSERT INTO ezsearch_object_word_link (id, contentobject_id, word_id, frequency, placement, prev_word_id, next_word_id, contentclass_id, published, section_id, contentclass_attribute_id, identifier, integer_value) VALUES (2871,1,178,0,472,167,167,1,1033917596,1,156,'',0);
INSERT INTO ezsearch_object_word_link (id, contentobject_id, word_id, frequency, placement, prev_word_id, next_word_id, contentclass_id, published, section_id, contentclass_attribute_id, identifier, integer_value) VALUES (2872,1,167,0,473,178,179,1,1033917596,1,156,'',0);
INSERT INTO ezsearch_object_word_link (id, contentobject_id, word_id, frequency, placement, prev_word_id, next_word_id, contentclass_id, published, section_id, contentclass_attribute_id, identifier, integer_value) VALUES (2873,1,179,0,474,167,180,1,1033917596,1,156,'',0);
INSERT INTO ezsearch_object_word_link (id, contentobject_id, word_id, frequency, placement, prev_word_id, next_word_id, contentclass_id, published, section_id, contentclass_attribute_id, identifier, integer_value) VALUES (2874,1,180,0,475,179,181,1,1033917596,1,156,'',0);
INSERT INTO ezsearch_object_word_link (id, contentobject_id, word_id, frequency, placement, prev_word_id, next_word_id, contentclass_id, published, section_id, contentclass_attribute_id, identifier, integer_value) VALUES (2875,1,181,0,476,180,109,1,1033917596,1,156,'',0);
INSERT INTO ezsearch_object_word_link (id, contentobject_id, word_id, frequency, placement, prev_word_id, next_word_id, contentclass_id, published, section_id, contentclass_attribute_id, identifier, integer_value) VALUES (2876,1,109,0,477,181,110,1,1033917596,1,156,'',0);
INSERT INTO ezsearch_object_word_link (id, contentobject_id, word_id, frequency, placement, prev_word_id, next_word_id, contentclass_id, published, section_id, contentclass_attribute_id, identifier, integer_value) VALUES (2877,1,110,0,478,109,182,1,1033917596,1,156,'',0);
INSERT INTO ezsearch_object_word_link (id, contentobject_id, word_id, frequency, placement, prev_word_id, next_word_id, contentclass_id, published, section_id, contentclass_attribute_id, identifier, integer_value) VALUES (2878,1,182,0,479,110,130,1,1033917596,1,156,'',0);
INSERT INTO ezsearch_object_word_link (id, contentobject_id, word_id, frequency, placement, prev_word_id, next_word_id, contentclass_id, published, section_id, contentclass_attribute_id, identifier, integer_value) VALUES (2879,1,130,0,480,182,120,1,1033917596,1,156,'',0);
INSERT INTO ezsearch_object_word_link (id, contentobject_id, word_id, frequency, placement, prev_word_id, next_word_id, contentclass_id, published, section_id, contentclass_attribute_id, identifier, integer_value) VALUES (2880,1,120,0,481,130,183,1,1033917596,1,156,'',0);
INSERT INTO ezsearch_object_word_link (id, contentobject_id, word_id, frequency, placement, prev_word_id, next_word_id, contentclass_id, published, section_id, contentclass_attribute_id, identifier, integer_value) VALUES (2881,1,183,0,482,120,101,1,1033917596,1,156,'',0);
INSERT INTO ezsearch_object_word_link (id, contentobject_id, word_id, frequency, placement, prev_word_id, next_word_id, contentclass_id, published, section_id, contentclass_attribute_id, identifier, integer_value) VALUES (2882,1,101,0,483,183,184,1,1033917596,1,156,'',0);
INSERT INTO ezsearch_object_word_link (id, contentobject_id, word_id, frequency, placement, prev_word_id, next_word_id, contentclass_id, published, section_id, contentclass_attribute_id, identifier, integer_value) VALUES (2883,1,184,0,484,101,180,1,1033917596,1,156,'',0);
INSERT INTO ezsearch_object_word_link (id, contentobject_id, word_id, frequency, placement, prev_word_id, next_word_id, contentclass_id, published, section_id, contentclass_attribute_id, identifier, integer_value) VALUES (2884,1,180,0,485,184,181,1,1033917596,1,156,'',0);
INSERT INTO ezsearch_object_word_link (id, contentobject_id, word_id, frequency, placement, prev_word_id, next_word_id, contentclass_id, published, section_id, contentclass_attribute_id, identifier, integer_value) VALUES (2885,1,181,0,486,180,185,1,1033917596,1,156,'',0);
INSERT INTO ezsearch_object_word_link (id, contentobject_id, word_id, frequency, placement, prev_word_id, next_word_id, contentclass_id, published, section_id, contentclass_attribute_id, identifier, integer_value) VALUES (2886,1,185,0,487,181,101,1,1033917596,1,156,'',0);
INSERT INTO ezsearch_object_word_link (id, contentobject_id, word_id, frequency, placement, prev_word_id, next_word_id, contentclass_id, published, section_id, contentclass_attribute_id, identifier, integer_value) VALUES (2887,1,101,0,488,185,186,1,1033917596,1,156,'',0);
INSERT INTO ezsearch_object_word_link (id, contentobject_id, word_id, frequency, placement, prev_word_id, next_word_id, contentclass_id, published, section_id, contentclass_attribute_id, identifier, integer_value) VALUES (2888,1,186,0,489,101,187,1,1033917596,1,156,'',0);
INSERT INTO ezsearch_object_word_link (id, contentobject_id, word_id, frequency, placement, prev_word_id, next_word_id, contentclass_id, published, section_id, contentclass_attribute_id, identifier, integer_value) VALUES (2889,1,187,0,490,186,188,1,1033917596,1,156,'',0);
INSERT INTO ezsearch_object_word_link (id, contentobject_id, word_id, frequency, placement, prev_word_id, next_word_id, contentclass_id, published, section_id, contentclass_attribute_id, identifier, integer_value) VALUES (2890,1,188,0,491,187,189,1,1033917596,1,156,'',0);
INSERT INTO ezsearch_object_word_link (id, contentobject_id, word_id, frequency, placement, prev_word_id, next_word_id, contentclass_id, published, section_id, contentclass_attribute_id, identifier, integer_value) VALUES (2891,1,189,0,492,188,190,1,1033917596,1,156,'',0);
INSERT INTO ezsearch_object_word_link (id, contentobject_id, word_id, frequency, placement, prev_word_id, next_word_id, contentclass_id, published, section_id, contentclass_attribute_id, identifier, integer_value) VALUES (2892,1,190,0,493,189,191,1,1033917596,1,156,'',0);
INSERT INTO ezsearch_object_word_link (id, contentobject_id, word_id, frequency, placement, prev_word_id, next_word_id, contentclass_id, published, section_id, contentclass_attribute_id, identifier, integer_value) VALUES (2893,1,191,0,494,190,192,1,1033917596,1,156,'',0);
INSERT INTO ezsearch_object_word_link (id, contentobject_id, word_id, frequency, placement, prev_word_id, next_word_id, contentclass_id, published, section_id, contentclass_attribute_id, identifier, integer_value) VALUES (2894,1,192,0,495,191,193,1,1033917596,1,156,'',0);
INSERT INTO ezsearch_object_word_link (id, contentobject_id, word_id, frequency, placement, prev_word_id, next_word_id, contentclass_id, published, section_id, contentclass_attribute_id, identifier, integer_value) VALUES (2895,1,193,0,496,192,194,1,1033917596,1,156,'',0);
INSERT INTO ezsearch_object_word_link (id, contentobject_id, word_id, frequency, placement, prev_word_id, next_word_id, contentclass_id, published, section_id, contentclass_attribute_id, identifier, integer_value) VALUES (2896,1,194,0,497,193,118,1,1033917596,1,156,'',0);
INSERT INTO ezsearch_object_word_link (id, contentobject_id, word_id, frequency, placement, prev_word_id, next_word_id, contentclass_id, published, section_id, contentclass_attribute_id, identifier, integer_value) VALUES (2897,1,118,0,498,194,195,1,1033917596,1,156,'',0);
INSERT INTO ezsearch_object_word_link (id, contentobject_id, word_id, frequency, placement, prev_word_id, next_word_id, contentclass_id, published, section_id, contentclass_attribute_id, identifier, integer_value) VALUES (2898,1,195,0,499,118,127,1,1033917596,1,156,'',0);
INSERT INTO ezsearch_object_word_link (id, contentobject_id, word_id, frequency, placement, prev_word_id, next_word_id, contentclass_id, published, section_id, contentclass_attribute_id, identifier, integer_value) VALUES (2899,1,127,0,500,195,118,1,1033917596,1,156,'',0);
INSERT INTO ezsearch_object_word_link (id, contentobject_id, word_id, frequency, placement, prev_word_id, next_word_id, contentclass_id, published, section_id, contentclass_attribute_id, identifier, integer_value) VALUES (2900,1,118,0,501,127,196,1,1033917596,1,156,'',0);
INSERT INTO ezsearch_object_word_link (id, contentobject_id, word_id, frequency, placement, prev_word_id, next_word_id, contentclass_id, published, section_id, contentclass_attribute_id, identifier, integer_value) VALUES (2901,1,196,0,502,118,197,1,1033917596,1,156,'',0);
INSERT INTO ezsearch_object_word_link (id, contentobject_id, word_id, frequency, placement, prev_word_id, next_word_id, contentclass_id, published, section_id, contentclass_attribute_id, identifier, integer_value) VALUES (2902,1,197,0,503,196,70,1,1033917596,1,156,'',0);
INSERT INTO ezsearch_object_word_link (id, contentobject_id, word_id, frequency, placement, prev_word_id, next_word_id, contentclass_id, published, section_id, contentclass_attribute_id, identifier, integer_value) VALUES (2903,1,70,0,504,197,198,1,1033917596,1,156,'',0);
INSERT INTO ezsearch_object_word_link (id, contentobject_id, word_id, frequency, placement, prev_word_id, next_word_id, contentclass_id, published, section_id, contentclass_attribute_id, identifier, integer_value) VALUES (2904,1,198,0,505,70,117,1,1033917596,1,156,'',0);
INSERT INTO ezsearch_object_word_link (id, contentobject_id, word_id, frequency, placement, prev_word_id, next_word_id, contentclass_id, published, section_id, contentclass_attribute_id, identifier, integer_value) VALUES (2905,1,117,0,506,198,199,1,1033917596,1,156,'',0);
INSERT INTO ezsearch_object_word_link (id, contentobject_id, word_id, frequency, placement, prev_word_id, next_word_id, contentclass_id, published, section_id, contentclass_attribute_id, identifier, integer_value) VALUES (2906,1,199,0,507,117,120,1,1033917596,1,156,'',0);
INSERT INTO ezsearch_object_word_link (id, contentobject_id, word_id, frequency, placement, prev_word_id, next_word_id, contentclass_id, published, section_id, contentclass_attribute_id, identifier, integer_value) VALUES (2907,1,120,0,508,199,70,1,1033917596,1,156,'',0);
INSERT INTO ezsearch_object_word_link (id, contentobject_id, word_id, frequency, placement, prev_word_id, next_word_id, contentclass_id, published, section_id, contentclass_attribute_id, identifier, integer_value) VALUES (2908,1,70,0,509,120,121,1,1033917596,1,156,'',0);
INSERT INTO ezsearch_object_word_link (id, contentobject_id, word_id, frequency, placement, prev_word_id, next_word_id, contentclass_id, published, section_id, contentclass_attribute_id, identifier, integer_value) VALUES (2909,1,121,0,510,70,70,1,1033917596,1,156,'',0);
INSERT INTO ezsearch_object_word_link (id, contentobject_id, word_id, frequency, placement, prev_word_id, next_word_id, contentclass_id, published, section_id, contentclass_attribute_id, identifier, integer_value) VALUES (2910,1,70,0,511,121,183,1,1033917596,1,156,'',0);
INSERT INTO ezsearch_object_word_link (id, contentobject_id, word_id, frequency, placement, prev_word_id, next_word_id, contentclass_id, published, section_id, contentclass_attribute_id, identifier, integer_value) VALUES (2911,1,183,0,512,70,101,1,1033917596,1,156,'',0);
INSERT INTO ezsearch_object_word_link (id, contentobject_id, word_id, frequency, placement, prev_word_id, next_word_id, contentclass_id, published, section_id, contentclass_attribute_id, identifier, integer_value) VALUES (2912,1,101,0,513,183,69,1,1033917596,1,156,'',0);
INSERT INTO ezsearch_object_word_link (id, contentobject_id, word_id, frequency, placement, prev_word_id, next_word_id, contentclass_id, published, section_id, contentclass_attribute_id, identifier, integer_value) VALUES (2913,1,69,0,514,101,162,1,1033917596,1,156,'',0);
INSERT INTO ezsearch_object_word_link (id, contentobject_id, word_id, frequency, placement, prev_word_id, next_word_id, contentclass_id, published, section_id, contentclass_attribute_id, identifier, integer_value) VALUES (2914,1,162,0,515,69,121,1,1033917596,1,156,'',0);
INSERT INTO ezsearch_object_word_link (id, contentobject_id, word_id, frequency, placement, prev_word_id, next_word_id, contentclass_id, published, section_id, contentclass_attribute_id, identifier, integer_value) VALUES (2915,1,121,0,516,162,163,1,1033917596,1,156,'',0);
INSERT INTO ezsearch_object_word_link (id, contentobject_id, word_id, frequency, placement, prev_word_id, next_word_id, contentclass_id, published, section_id, contentclass_attribute_id, identifier, integer_value) VALUES (2916,1,163,0,517,121,164,1,1033917596,1,156,'',0);
INSERT INTO ezsearch_object_word_link (id, contentobject_id, word_id, frequency, placement, prev_word_id, next_word_id, contentclass_id, published, section_id, contentclass_attribute_id, identifier, integer_value) VALUES (2917,1,164,0,518,163,123,1,1033917596,1,156,'',0);
INSERT INTO ezsearch_object_word_link (id, contentobject_id, word_id, frequency, placement, prev_word_id, next_word_id, contentclass_id, published, section_id, contentclass_attribute_id, identifier, integer_value) VALUES (2918,1,123,0,519,164,70,1,1033917596,1,156,'',0);
INSERT INTO ezsearch_object_word_link (id, contentobject_id, word_id, frequency, placement, prev_word_id, next_word_id, contentclass_id, published, section_id, contentclass_attribute_id, identifier, integer_value) VALUES (2919,1,70,0,520,123,167,1,1033917596,1,156,'',0);
INSERT INTO ezsearch_object_word_link (id, contentobject_id, word_id, frequency, placement, prev_word_id, next_word_id, contentclass_id, published, section_id, contentclass_attribute_id, identifier, integer_value) VALUES (2920,1,167,0,521,70,168,1,1033917596,1,156,'',0);
INSERT INTO ezsearch_object_word_link (id, contentobject_id, word_id, frequency, placement, prev_word_id, next_word_id, contentclass_id, published, section_id, contentclass_attribute_id, identifier, integer_value) VALUES (2921,1,168,0,522,167,200,1,1033917596,1,156,'',0);
INSERT INTO ezsearch_object_word_link (id, contentobject_id, word_id, frequency, placement, prev_word_id, next_word_id, contentclass_id, published, section_id, contentclass_attribute_id, identifier, integer_value) VALUES (2922,1,200,0,523,168,201,1,1033917596,1,156,'',0);
INSERT INTO ezsearch_object_word_link (id, contentobject_id, word_id, frequency, placement, prev_word_id, next_word_id, contentclass_id, published, section_id, contentclass_attribute_id, identifier, integer_value) VALUES (2923,1,201,0,524,200,202,1,1033917596,1,156,'',0);
INSERT INTO ezsearch_object_word_link (id, contentobject_id, word_id, frequency, placement, prev_word_id, next_word_id, contentclass_id, published, section_id, contentclass_attribute_id, identifier, integer_value) VALUES (2924,1,202,0,525,201,203,1,1033917596,1,156,'',0);
INSERT INTO ezsearch_object_word_link (id, contentobject_id, word_id, frequency, placement, prev_word_id, next_word_id, contentclass_id, published, section_id, contentclass_attribute_id, identifier, integer_value) VALUES (2925,1,203,0,526,202,202,1,1033917596,1,156,'',0);
INSERT INTO ezsearch_object_word_link (id, contentobject_id, word_id, frequency, placement, prev_word_id, next_word_id, contentclass_id, published, section_id, contentclass_attribute_id, identifier, integer_value) VALUES (2926,1,202,0,527,203,105,1,1033917596,1,156,'',0);
INSERT INTO ezsearch_object_word_link (id, contentobject_id, word_id, frequency, placement, prev_word_id, next_word_id, contentclass_id, published, section_id, contentclass_attribute_id, identifier, integer_value) VALUES (2927,1,105,0,528,202,163,1,1033917596,1,156,'',0);
INSERT INTO ezsearch_object_word_link (id, contentobject_id, word_id, frequency, placement, prev_word_id, next_word_id, contentclass_id, published, section_id, contentclass_attribute_id, identifier, integer_value) VALUES (2928,1,163,0,529,105,204,1,1033917596,1,156,'',0);
INSERT INTO ezsearch_object_word_link (id, contentobject_id, word_id, frequency, placement, prev_word_id, next_word_id, contentclass_id, published, section_id, contentclass_attribute_id, identifier, integer_value) VALUES (2929,1,204,0,530,163,123,1,1033917596,1,156,'',0);
INSERT INTO ezsearch_object_word_link (id, contentobject_id, word_id, frequency, placement, prev_word_id, next_word_id, contentclass_id, published, section_id, contentclass_attribute_id, identifier, integer_value) VALUES (2930,1,123,0,531,204,104,1,1033917596,1,156,'',0);
INSERT INTO ezsearch_object_word_link (id, contentobject_id, word_id, frequency, placement, prev_word_id, next_word_id, contentclass_id, published, section_id, contentclass_attribute_id, identifier, integer_value) VALUES (2931,1,104,0,532,123,101,1,1033917596,1,156,'',0);
INSERT INTO ezsearch_object_word_link (id, contentobject_id, word_id, frequency, placement, prev_word_id, next_word_id, contentclass_id, published, section_id, contentclass_attribute_id, identifier, integer_value) VALUES (2932,1,101,0,533,104,70,1,1033917596,1,156,'',0);
INSERT INTO ezsearch_object_word_link (id, contentobject_id, word_id, frequency, placement, prev_word_id, next_word_id, contentclass_id, published, section_id, contentclass_attribute_id, identifier, integer_value) VALUES (2933,1,70,0,534,101,176,1,1033917596,1,156,'',0);
INSERT INTO ezsearch_object_word_link (id, contentobject_id, word_id, frequency, placement, prev_word_id, next_word_id, contentclass_id, published, section_id, contentclass_attribute_id, identifier, integer_value) VALUES (2934,1,176,0,535,70,104,1,1033917596,1,156,'',0);
INSERT INTO ezsearch_object_word_link (id, contentobject_id, word_id, frequency, placement, prev_word_id, next_word_id, contentclass_id, published, section_id, contentclass_attribute_id, identifier, integer_value) VALUES (2935,1,104,0,536,176,101,1,1033917596,1,156,'',0);
INSERT INTO ezsearch_object_word_link (id, contentobject_id, word_id, frequency, placement, prev_word_id, next_word_id, contentclass_id, published, section_id, contentclass_attribute_id, identifier, integer_value) VALUES (2936,1,101,0,537,104,163,1,1033917596,1,156,'',0);
INSERT INTO ezsearch_object_word_link (id, contentobject_id, word_id, frequency, placement, prev_word_id, next_word_id, contentclass_id, published, section_id, contentclass_attribute_id, identifier, integer_value) VALUES (2937,1,163,0,538,101,164,1,1033917596,1,156,'',0);
INSERT INTO ezsearch_object_word_link (id, contentobject_id, word_id, frequency, placement, prev_word_id, next_word_id, contentclass_id, published, section_id, contentclass_attribute_id, identifier, integer_value) VALUES (2938,1,164,0,539,163,205,1,1033917596,1,156,'',0);
INSERT INTO ezsearch_object_word_link (id, contentobject_id, word_id, frequency, placement, prev_word_id, next_word_id, contentclass_id, published, section_id, contentclass_attribute_id, identifier, integer_value) VALUES (2939,1,205,0,540,164,70,1,1033917596,1,156,'',0);
INSERT INTO ezsearch_object_word_link (id, contentobject_id, word_id, frequency, placement, prev_word_id, next_word_id, contentclass_id, published, section_id, contentclass_attribute_id, identifier, integer_value) VALUES (2940,1,70,0,541,205,206,1,1033917596,1,156,'',0);
INSERT INTO ezsearch_object_word_link (id, contentobject_id, word_id, frequency, placement, prev_word_id, next_word_id, contentclass_id, published, section_id, contentclass_attribute_id, identifier, integer_value) VALUES (2941,1,206,0,542,70,201,1,1033917596,1,156,'',0);
INSERT INTO ezsearch_object_word_link (id, contentobject_id, word_id, frequency, placement, prev_word_id, next_word_id, contentclass_id, published, section_id, contentclass_attribute_id, identifier, integer_value) VALUES (2942,1,201,0,543,206,185,1,1033917596,1,156,'',0);
INSERT INTO ezsearch_object_word_link (id, contentobject_id, word_id, frequency, placement, prev_word_id, next_word_id, contentclass_id, published, section_id, contentclass_attribute_id, identifier, integer_value) VALUES (2943,1,185,0,544,201,101,1,1033917596,1,156,'',0);
INSERT INTO ezsearch_object_word_link (id, contentobject_id, word_id, frequency, placement, prev_word_id, next_word_id, contentclass_id, published, section_id, contentclass_attribute_id, identifier, integer_value) VALUES (2944,1,101,0,545,185,207,1,1033917596,1,156,'',0);
INSERT INTO ezsearch_object_word_link (id, contentobject_id, word_id, frequency, placement, prev_word_id, next_word_id, contentclass_id, published, section_id, contentclass_attribute_id, identifier, integer_value) VALUES (2945,1,207,0,546,101,173,1,1033917596,1,156,'',0);
INSERT INTO ezsearch_object_word_link (id, contentobject_id, word_id, frequency, placement, prev_word_id, next_word_id, contentclass_id, published, section_id, contentclass_attribute_id, identifier, integer_value) VALUES (2946,1,173,0,547,207,160,1,1033917596,1,156,'',0);
INSERT INTO ezsearch_object_word_link (id, contentobject_id, word_id, frequency, placement, prev_word_id, next_word_id, contentclass_id, published, section_id, contentclass_attribute_id, identifier, integer_value) VALUES (2947,1,160,0,548,173,208,1,1033917596,1,156,'',0);
INSERT INTO ezsearch_object_word_link (id, contentobject_id, word_id, frequency, placement, prev_word_id, next_word_id, contentclass_id, published, section_id, contentclass_attribute_id, identifier, integer_value) VALUES (2948,1,208,0,549,160,70,1,1033917596,1,156,'',0);
INSERT INTO ezsearch_object_word_link (id, contentobject_id, word_id, frequency, placement, prev_word_id, next_word_id, contentclass_id, published, section_id, contentclass_attribute_id, identifier, integer_value) VALUES (2949,1,70,0,550,208,209,1,1033917596,1,156,'',0);
INSERT INTO ezsearch_object_word_link (id, contentobject_id, word_id, frequency, placement, prev_word_id, next_word_id, contentclass_id, published, section_id, contentclass_attribute_id, identifier, integer_value) VALUES (2950,1,209,0,551,70,202,1,1033917596,1,156,'',0);
INSERT INTO ezsearch_object_word_link (id, contentobject_id, word_id, frequency, placement, prev_word_id, next_word_id, contentclass_id, published, section_id, contentclass_attribute_id, identifier, integer_value) VALUES (2951,1,202,0,552,209,101,1,1033917596,1,156,'',0);
INSERT INTO ezsearch_object_word_link (id, contentobject_id, word_id, frequency, placement, prev_word_id, next_word_id, contentclass_id, published, section_id, contentclass_attribute_id, identifier, integer_value) VALUES (2952,1,101,0,553,202,69,1,1033917596,1,156,'',0);
INSERT INTO ezsearch_object_word_link (id, contentobject_id, word_id, frequency, placement, prev_word_id, next_word_id, contentclass_id, published, section_id, contentclass_attribute_id, identifier, integer_value) VALUES (2953,1,69,0,554,101,162,1,1033917596,1,156,'',0);
INSERT INTO ezsearch_object_word_link (id, contentobject_id, word_id, frequency, placement, prev_word_id, next_word_id, contentclass_id, published, section_id, contentclass_attribute_id, identifier, integer_value) VALUES (2954,1,162,0,555,69,121,1,1033917596,1,156,'',0);
INSERT INTO ezsearch_object_word_link (id, contentobject_id, word_id, frequency, placement, prev_word_id, next_word_id, contentclass_id, published, section_id, contentclass_attribute_id, identifier, integer_value) VALUES (2955,1,121,0,556,162,163,1,1033917596,1,156,'',0);
INSERT INTO ezsearch_object_word_link (id, contentobject_id, word_id, frequency, placement, prev_word_id, next_word_id, contentclass_id, published, section_id, contentclass_attribute_id, identifier, integer_value) VALUES (2956,1,163,0,557,121,210,1,1033917596,1,156,'',0);
INSERT INTO ezsearch_object_word_link (id, contentobject_id, word_id, frequency, placement, prev_word_id, next_word_id, contentclass_id, published, section_id, contentclass_attribute_id, identifier, integer_value) VALUES (2957,1,210,0,558,163,211,1,1033917596,1,156,'',0);
INSERT INTO ezsearch_object_word_link (id, contentobject_id, word_id, frequency, placement, prev_word_id, next_word_id, contentclass_id, published, section_id, contentclass_attribute_id, identifier, integer_value) VALUES (2958,1,211,0,559,210,170,1,1033917596,1,156,'',0);
INSERT INTO ezsearch_object_word_link (id, contentobject_id, word_id, frequency, placement, prev_word_id, next_word_id, contentclass_id, published, section_id, contentclass_attribute_id, identifier, integer_value) VALUES (2959,1,170,0,560,211,101,1,1033917596,1,156,'',0);
INSERT INTO ezsearch_object_word_link (id, contentobject_id, word_id, frequency, placement, prev_word_id, next_word_id, contentclass_id, published, section_id, contentclass_attribute_id, identifier, integer_value) VALUES (2960,1,101,0,561,170,152,1,1033917596,1,156,'',0);
INSERT INTO ezsearch_object_word_link (id, contentobject_id, word_id, frequency, placement, prev_word_id, next_word_id, contentclass_id, published, section_id, contentclass_attribute_id, identifier, integer_value) VALUES (2961,1,152,0,562,101,163,1,1033917596,1,156,'',0);
INSERT INTO ezsearch_object_word_link (id, contentobject_id, word_id, frequency, placement, prev_word_id, next_word_id, contentclass_id, published, section_id, contentclass_attribute_id, identifier, integer_value) VALUES (2962,1,163,0,563,152,164,1,1033917596,1,156,'',0);
INSERT INTO ezsearch_object_word_link (id, contentobject_id, word_id, frequency, placement, prev_word_id, next_word_id, contentclass_id, published, section_id, contentclass_attribute_id, identifier, integer_value) VALUES (2963,1,164,0,564,163,123,1,1033917596,1,156,'',0);
INSERT INTO ezsearch_object_word_link (id, contentobject_id, word_id, frequency, placement, prev_word_id, next_word_id, contentclass_id, published, section_id, contentclass_attribute_id, identifier, integer_value) VALUES (2964,1,123,0,565,164,70,1,1033917596,1,156,'',0);
INSERT INTO ezsearch_object_word_link (id, contentobject_id, word_id, frequency, placement, prev_word_id, next_word_id, contentclass_id, published, section_id, contentclass_attribute_id, identifier, integer_value) VALUES (2965,1,70,0,566,123,212,1,1033917596,1,156,'',0);
INSERT INTO ezsearch_object_word_link (id, contentobject_id, word_id, frequency, placement, prev_word_id, next_word_id, contentclass_id, published, section_id, contentclass_attribute_id, identifier, integer_value) VALUES (2966,1,212,0,567,70,213,1,1033917596,1,156,'',0);
INSERT INTO ezsearch_object_word_link (id, contentobject_id, word_id, frequency, placement, prev_word_id, next_word_id, contentclass_id, published, section_id, contentclass_attribute_id, identifier, integer_value) VALUES (2967,1,213,0,568,212,214,1,1033917596,1,156,'',0);
INSERT INTO ezsearch_object_word_link (id, contentobject_id, word_id, frequency, placement, prev_word_id, next_word_id, contentclass_id, published, section_id, contentclass_attribute_id, identifier, integer_value) VALUES (2968,1,214,0,569,213,201,1,1033917596,1,156,'',0);
INSERT INTO ezsearch_object_word_link (id, contentobject_id, word_id, frequency, placement, prev_word_id, next_word_id, contentclass_id, published, section_id, contentclass_attribute_id, identifier, integer_value) VALUES (2969,1,201,0,570,214,70,1,1033917596,1,156,'',0);
INSERT INTO ezsearch_object_word_link (id, contentobject_id, word_id, frequency, placement, prev_word_id, next_word_id, contentclass_id, published, section_id, contentclass_attribute_id, identifier, integer_value) VALUES (2970,1,70,0,571,201,105,1,1033917596,1,156,'',0);
INSERT INTO ezsearch_object_word_link (id, contentobject_id, word_id, frequency, placement, prev_word_id, next_word_id, contentclass_id, published, section_id, contentclass_attribute_id, identifier, integer_value) VALUES (2971,1,105,0,572,70,211,1,1033917596,1,156,'',0);
INSERT INTO ezsearch_object_word_link (id, contentobject_id, word_id, frequency, placement, prev_word_id, next_word_id, contentclass_id, published, section_id, contentclass_attribute_id, identifier, integer_value) VALUES (2972,1,211,0,573,105,185,1,1033917596,1,156,'',0);
INSERT INTO ezsearch_object_word_link (id, contentobject_id, word_id, frequency, placement, prev_word_id, next_word_id, contentclass_id, published, section_id, contentclass_attribute_id, identifier, integer_value) VALUES (2973,1,185,0,574,211,101,1,1033917596,1,156,'',0);
INSERT INTO ezsearch_object_word_link (id, contentobject_id, word_id, frequency, placement, prev_word_id, next_word_id, contentclass_id, published, section_id, contentclass_attribute_id, identifier, integer_value) VALUES (2974,1,101,0,575,185,170,1,1033917596,1,156,'',0);
INSERT INTO ezsearch_object_word_link (id, contentobject_id, word_id, frequency, placement, prev_word_id, next_word_id, contentclass_id, published, section_id, contentclass_attribute_id, identifier, integer_value) VALUES (2975,1,170,0,576,101,70,1,1033917596,1,156,'',0);
INSERT INTO ezsearch_object_word_link (id, contentobject_id, word_id, frequency, placement, prev_word_id, next_word_id, contentclass_id, published, section_id, contentclass_attribute_id, identifier, integer_value) VALUES (2976,1,70,0,577,170,176,1,1033917596,1,156,'',0);
INSERT INTO ezsearch_object_word_link (id, contentobject_id, word_id, frequency, placement, prev_word_id, next_word_id, contentclass_id, published, section_id, contentclass_attribute_id, identifier, integer_value) VALUES (2977,1,176,0,578,70,202,1,1033917596,1,156,'',0);
INSERT INTO ezsearch_object_word_link (id, contentobject_id, word_id, frequency, placement, prev_word_id, next_word_id, contentclass_id, published, section_id, contentclass_attribute_id, identifier, integer_value) VALUES (2978,1,202,0,579,176,105,1,1033917596,1,156,'',0);
INSERT INTO ezsearch_object_word_link (id, contentobject_id, word_id, frequency, placement, prev_word_id, next_word_id, contentclass_id, published, section_id, contentclass_attribute_id, identifier, integer_value) VALUES (2979,1,105,0,580,202,215,1,1033917596,1,156,'',0);
INSERT INTO ezsearch_object_word_link (id, contentobject_id, word_id, frequency, placement, prev_word_id, next_word_id, contentclass_id, published, section_id, contentclass_attribute_id, identifier, integer_value) VALUES (2980,1,215,0,581,105,146,1,1033917596,1,156,'',0);
INSERT INTO ezsearch_object_word_link (id, contentobject_id, word_id, frequency, placement, prev_word_id, next_word_id, contentclass_id, published, section_id, contentclass_attribute_id, identifier, integer_value) VALUES (2981,1,146,0,582,215,144,1,1033917596,1,156,'',0);
INSERT INTO ezsearch_object_word_link (id, contentobject_id, word_id, frequency, placement, prev_word_id, next_word_id, contentclass_id, published, section_id, contentclass_attribute_id, identifier, integer_value) VALUES (2982,1,144,0,583,146,216,1,1033917596,1,156,'',0);
INSERT INTO ezsearch_object_word_link (id, contentobject_id, word_id, frequency, placement, prev_word_id, next_word_id, contentclass_id, published, section_id, contentclass_attribute_id, identifier, integer_value) VALUES (2983,1,216,0,584,144,217,1,1033917596,1,156,'',0);
INSERT INTO ezsearch_object_word_link (id, contentobject_id, word_id, frequency, placement, prev_word_id, next_word_id, contentclass_id, published, section_id, contentclass_attribute_id, identifier, integer_value) VALUES (2984,1,217,0,585,216,69,1,1033917596,1,156,'',0);
INSERT INTO ezsearch_object_word_link (id, contentobject_id, word_id, frequency, placement, prev_word_id, next_word_id, contentclass_id, published, section_id, contentclass_attribute_id, identifier, integer_value) VALUES (2985,1,69,0,586,217,218,1,1033917596,1,156,'',0);
INSERT INTO ezsearch_object_word_link (id, contentobject_id, word_id, frequency, placement, prev_word_id, next_word_id, contentclass_id, published, section_id, contentclass_attribute_id, identifier, integer_value) VALUES (2986,1,218,0,587,69,70,1,1033917596,1,156,'',0);
INSERT INTO ezsearch_object_word_link (id, contentobject_id, word_id, frequency, placement, prev_word_id, next_word_id, contentclass_id, published, section_id, contentclass_attribute_id, identifier, integer_value) VALUES (2987,1,70,0,588,218,219,1,1033917596,1,156,'',0);
INSERT INTO ezsearch_object_word_link (id, contentobject_id, word_id, frequency, placement, prev_word_id, next_word_id, contentclass_id, published, section_id, contentclass_attribute_id, identifier, integer_value) VALUES (2988,1,219,0,589,70,202,1,1033917596,1,156,'',0);
INSERT INTO ezsearch_object_word_link (id, contentobject_id, word_id, frequency, placement, prev_word_id, next_word_id, contentclass_id, published, section_id, contentclass_attribute_id, identifier, integer_value) VALUES (2989,1,202,0,590,219,105,1,1033917596,1,156,'',0);
INSERT INTO ezsearch_object_word_link (id, contentobject_id, word_id, frequency, placement, prev_word_id, next_word_id, contentclass_id, published, section_id, contentclass_attribute_id, identifier, integer_value) VALUES (2990,1,105,0,591,202,162,1,1033917596,1,156,'',0);
INSERT INTO ezsearch_object_word_link (id, contentobject_id, word_id, frequency, placement, prev_word_id, next_word_id, contentclass_id, published, section_id, contentclass_attribute_id, identifier, integer_value) VALUES (2991,1,162,0,592,105,217,1,1033917596,1,156,'',0);
INSERT INTO ezsearch_object_word_link (id, contentobject_id, word_id, frequency, placement, prev_word_id, next_word_id, contentclass_id, published, section_id, contentclass_attribute_id, identifier, integer_value) VALUES (2992,1,217,0,593,162,115,1,1033917596,1,156,'',0);
INSERT INTO ezsearch_object_word_link (id, contentobject_id, word_id, frequency, placement, prev_word_id, next_word_id, contentclass_id, published, section_id, contentclass_attribute_id, identifier, integer_value) VALUES (2993,1,115,0,594,217,160,1,1033917596,1,156,'',0);
INSERT INTO ezsearch_object_word_link (id, contentobject_id, word_id, frequency, placement, prev_word_id, next_word_id, contentclass_id, published, section_id, contentclass_attribute_id, identifier, integer_value) VALUES (2994,1,160,0,595,115,220,1,1033917596,1,156,'',0);
INSERT INTO ezsearch_object_word_link (id, contentobject_id, word_id, frequency, placement, prev_word_id, next_word_id, contentclass_id, published, section_id, contentclass_attribute_id, identifier, integer_value) VALUES (2995,1,220,0,596,160,211,1,1033917596,1,156,'',0);
INSERT INTO ezsearch_object_word_link (id, contentobject_id, word_id, frequency, placement, prev_word_id, next_word_id, contentclass_id, published, section_id, contentclass_attribute_id, identifier, integer_value) VALUES (2996,1,211,0,597,220,70,1,1033917596,1,156,'',0);
INSERT INTO ezsearch_object_word_link (id, contentobject_id, word_id, frequency, placement, prev_word_id, next_word_id, contentclass_id, published, section_id, contentclass_attribute_id, identifier, integer_value) VALUES (2997,1,70,0,598,211,124,1,1033917596,1,156,'',0);
INSERT INTO ezsearch_object_word_link (id, contentobject_id, word_id, frequency, placement, prev_word_id, next_word_id, contentclass_id, published, section_id, contentclass_attribute_id, identifier, integer_value) VALUES (2998,1,124,0,599,70,125,1,1033917596,1,156,'',0);
INSERT INTO ezsearch_object_word_link (id, contentobject_id, word_id, frequency, placement, prev_word_id, next_word_id, contentclass_id, published, section_id, contentclass_attribute_id, identifier, integer_value) VALUES (2999,1,125,0,600,124,85,1,1033917596,1,156,'',0);
INSERT INTO ezsearch_object_word_link (id, contentobject_id, word_id, frequency, placement, prev_word_id, next_word_id, contentclass_id, published, section_id, contentclass_attribute_id, identifier, integer_value) VALUES (3000,1,85,0,601,125,221,1,1033917596,1,156,'',0);
INSERT INTO ezsearch_object_word_link (id, contentobject_id, word_id, frequency, placement, prev_word_id, next_word_id, contentclass_id, published, section_id, contentclass_attribute_id, identifier, integer_value) VALUES (3001,1,221,0,602,85,104,1,1033917596,1,156,'',0);
INSERT INTO ezsearch_object_word_link (id, contentobject_id, word_id, frequency, placement, prev_word_id, next_word_id, contentclass_id, published, section_id, contentclass_attribute_id, identifier, integer_value) VALUES (3002,1,104,0,603,221,105,1,1033917596,1,156,'',0);
INSERT INTO ezsearch_object_word_link (id, contentobject_id, word_id, frequency, placement, prev_word_id, next_word_id, contentclass_id, published, section_id, contentclass_attribute_id, identifier, integer_value) VALUES (3003,1,105,0,604,104,222,1,1033917596,1,156,'',0);
INSERT INTO ezsearch_object_word_link (id, contentobject_id, word_id, frequency, placement, prev_word_id, next_word_id, contentclass_id, published, section_id, contentclass_attribute_id, identifier, integer_value) VALUES (3004,1,222,0,605,105,118,1,1033917596,1,156,'',0);
INSERT INTO ezsearch_object_word_link (id, contentobject_id, word_id, frequency, placement, prev_word_id, next_word_id, contentclass_id, published, section_id, contentclass_attribute_id, identifier, integer_value) VALUES (3005,1,118,0,606,222,223,1,1033917596,1,156,'',0);
INSERT INTO ezsearch_object_word_link (id, contentobject_id, word_id, frequency, placement, prev_word_id, next_word_id, contentclass_id, published, section_id, contentclass_attribute_id, identifier, integer_value) VALUES (3006,1,223,0,607,118,70,1,1033917596,1,156,'',0);
INSERT INTO ezsearch_object_word_link (id, contentobject_id, word_id, frequency, placement, prev_word_id, next_word_id, contentclass_id, published, section_id, contentclass_attribute_id, identifier, integer_value) VALUES (3007,1,70,0,608,223,109,1,1033917596,1,156,'',0);
INSERT INTO ezsearch_object_word_link (id, contentobject_id, word_id, frequency, placement, prev_word_id, next_word_id, contentclass_id, published, section_id, contentclass_attribute_id, identifier, integer_value) VALUES (3008,1,109,0,609,70,110,1,1033917596,1,156,'',0);
INSERT INTO ezsearch_object_word_link (id, contentobject_id, word_id, frequency, placement, prev_word_id, next_word_id, contentclass_id, published, section_id, contentclass_attribute_id, identifier, integer_value) VALUES (3009,1,110,0,610,109,222,1,1033917596,1,156,'',0);
INSERT INTO ezsearch_object_word_link (id, contentobject_id, word_id, frequency, placement, prev_word_id, next_word_id, contentclass_id, published, section_id, contentclass_attribute_id, identifier, integer_value) VALUES (3010,1,222,0,611,110,224,1,1033917596,1,156,'',0);
INSERT INTO ezsearch_object_word_link (id, contentobject_id, word_id, frequency, placement, prev_word_id, next_word_id, contentclass_id, published, section_id, contentclass_attribute_id, identifier, integer_value) VALUES (3011,1,224,0,612,222,103,1,1033917596,1,156,'',0);
INSERT INTO ezsearch_object_word_link (id, contentobject_id, word_id, frequency, placement, prev_word_id, next_word_id, contentclass_id, published, section_id, contentclass_attribute_id, identifier, integer_value) VALUES (3012,1,103,0,613,224,225,1,1033917596,1,156,'',0);
INSERT INTO ezsearch_object_word_link (id, contentobject_id, word_id, frequency, placement, prev_word_id, next_word_id, contentclass_id, published, section_id, contentclass_attribute_id, identifier, integer_value) VALUES (3013,1,225,0,614,103,226,1,1033917596,1,156,'',0);
INSERT INTO ezsearch_object_word_link (id, contentobject_id, word_id, frequency, placement, prev_word_id, next_word_id, contentclass_id, published, section_id, contentclass_attribute_id, identifier, integer_value) VALUES (3014,1,226,0,615,225,108,1,1033917596,1,156,'',0);
INSERT INTO ezsearch_object_word_link (id, contentobject_id, word_id, frequency, placement, prev_word_id, next_word_id, contentclass_id, published, section_id, contentclass_attribute_id, identifier, integer_value) VALUES (3015,1,108,0,616,226,70,1,1033917596,1,156,'',0);
INSERT INTO ezsearch_object_word_link (id, contentobject_id, word_id, frequency, placement, prev_word_id, next_word_id, contentclass_id, published, section_id, contentclass_attribute_id, identifier, integer_value) VALUES (3016,1,70,0,617,108,85,1,1033917596,1,156,'',0);
INSERT INTO ezsearch_object_word_link (id, contentobject_id, word_id, frequency, placement, prev_word_id, next_word_id, contentclass_id, published, section_id, contentclass_attribute_id, identifier, integer_value) VALUES (3017,1,85,0,618,70,118,1,1033917596,1,156,'',0);
INSERT INTO ezsearch_object_word_link (id, contentobject_id, word_id, frequency, placement, prev_word_id, next_word_id, contentclass_id, published, section_id, contentclass_attribute_id, identifier, integer_value) VALUES (3018,1,118,0,619,85,227,1,1033917596,1,156,'',0);
INSERT INTO ezsearch_object_word_link (id, contentobject_id, word_id, frequency, placement, prev_word_id, next_word_id, contentclass_id, published, section_id, contentclass_attribute_id, identifier, integer_value) VALUES (3019,1,227,0,620,118,130,1,1033917596,1,156,'',0);
INSERT INTO ezsearch_object_word_link (id, contentobject_id, word_id, frequency, placement, prev_word_id, next_word_id, contentclass_id, published, section_id, contentclass_attribute_id, identifier, integer_value) VALUES (3020,1,130,0,621,227,120,1,1033917596,1,156,'',0);
INSERT INTO ezsearch_object_word_link (id, contentobject_id, word_id, frequency, placement, prev_word_id, next_word_id, contentclass_id, published, section_id, contentclass_attribute_id, identifier, integer_value) VALUES (3021,1,120,0,622,130,70,1,1033917596,1,156,'',0);
INSERT INTO ezsearch_object_word_link (id, contentobject_id, word_id, frequency, placement, prev_word_id, next_word_id, contentclass_id, published, section_id, contentclass_attribute_id, identifier, integer_value) VALUES (3022,1,70,0,623,120,109,1,1033917596,1,156,'',0);
INSERT INTO ezsearch_object_word_link (id, contentobject_id, word_id, frequency, placement, prev_word_id, next_word_id, contentclass_id, published, section_id, contentclass_attribute_id, identifier, integer_value) VALUES (3023,1,109,0,624,70,110,1,1033917596,1,156,'',0);
INSERT INTO ezsearch_object_word_link (id, contentobject_id, word_id, frequency, placement, prev_word_id, next_word_id, contentclass_id, published, section_id, contentclass_attribute_id, identifier, integer_value) VALUES (3024,1,110,0,625,109,158,1,1033917596,1,156,'',0);
INSERT INTO ezsearch_object_word_link (id, contentobject_id, word_id, frequency, placement, prev_word_id, next_word_id, contentclass_id, published, section_id, contentclass_attribute_id, identifier, integer_value) VALUES (3025,1,158,0,626,110,135,1,1033917596,1,156,'',0);
INSERT INTO ezsearch_object_word_link (id, contentobject_id, word_id, frequency, placement, prev_word_id, next_word_id, contentclass_id, published, section_id, contentclass_attribute_id, identifier, integer_value) VALUES (3026,1,135,0,627,158,228,1,1033917596,1,156,'',0);
INSERT INTO ezsearch_object_word_link (id, contentobject_id, word_id, frequency, placement, prev_word_id, next_word_id, contentclass_id, published, section_id, contentclass_attribute_id, identifier, integer_value) VALUES (3027,1,228,0,628,135,229,1,1033917596,1,156,'',0);
INSERT INTO ezsearch_object_word_link (id, contentobject_id, word_id, frequency, placement, prev_word_id, next_word_id, contentclass_id, published, section_id, contentclass_attribute_id, identifier, integer_value) VALUES (3028,1,229,0,629,228,211,1,1033917596,1,156,'',0);
INSERT INTO ezsearch_object_word_link (id, contentobject_id, word_id, frequency, placement, prev_word_id, next_word_id, contentclass_id, published, section_id, contentclass_attribute_id, identifier, integer_value) VALUES (3029,1,211,0,630,229,230,1,1033917596,1,156,'',0);
INSERT INTO ezsearch_object_word_link (id, contentobject_id, word_id, frequency, placement, prev_word_id, next_word_id, contentclass_id, published, section_id, contentclass_attribute_id, identifier, integer_value) VALUES (3030,1,230,0,631,211,231,1,1033917596,1,156,'',0);
INSERT INTO ezsearch_object_word_link (id, contentobject_id, word_id, frequency, placement, prev_word_id, next_word_id, contentclass_id, published, section_id, contentclass_attribute_id, identifier, integer_value) VALUES (3031,1,231,0,632,230,232,1,1033917596,1,156,'',0);
INSERT INTO ezsearch_object_word_link (id, contentobject_id, word_id, frequency, placement, prev_word_id, next_word_id, contentclass_id, published, section_id, contentclass_attribute_id, identifier, integer_value) VALUES (3032,1,232,0,633,231,224,1,1033917596,1,156,'',0);
INSERT INTO ezsearch_object_word_link (id, contentobject_id, word_id, frequency, placement, prev_word_id, next_word_id, contentclass_id, published, section_id, contentclass_attribute_id, identifier, integer_value) VALUES (3033,1,224,0,634,232,155,1,1033917596,1,156,'',0);
INSERT INTO ezsearch_object_word_link (id, contentobject_id, word_id, frequency, placement, prev_word_id, next_word_id, contentclass_id, published, section_id, contentclass_attribute_id, identifier, integer_value) VALUES (3034,1,155,0,635,224,221,1,1033917596,1,156,'',0);
INSERT INTO ezsearch_object_word_link (id, contentobject_id, word_id, frequency, placement, prev_word_id, next_word_id, contentclass_id, published, section_id, contentclass_attribute_id, identifier, integer_value) VALUES (3035,1,221,0,636,155,225,1,1033917596,1,156,'',0);
INSERT INTO ezsearch_object_word_link (id, contentobject_id, word_id, frequency, placement, prev_word_id, next_word_id, contentclass_id, published, section_id, contentclass_attribute_id, identifier, integer_value) VALUES (3036,1,225,0,637,221,233,1,1033917596,1,156,'',0);
INSERT INTO ezsearch_object_word_link (id, contentobject_id, word_id, frequency, placement, prev_word_id, next_word_id, contentclass_id, published, section_id, contentclass_attribute_id, identifier, integer_value) VALUES (3037,1,233,0,638,225,234,1,1033917596,1,156,'',0);
INSERT INTO ezsearch_object_word_link (id, contentobject_id, word_id, frequency, placement, prev_word_id, next_word_id, contentclass_id, published, section_id, contentclass_attribute_id, identifier, integer_value) VALUES (3038,1,234,0,639,233,163,1,1033917596,1,156,'',0);
INSERT INTO ezsearch_object_word_link (id, contentobject_id, word_id, frequency, placement, prev_word_id, next_word_id, contentclass_id, published, section_id, contentclass_attribute_id, identifier, integer_value) VALUES (3039,1,163,0,640,234,235,1,1033917596,1,156,'',0);
INSERT INTO ezsearch_object_word_link (id, contentobject_id, word_id, frequency, placement, prev_word_id, next_word_id, contentclass_id, published, section_id, contentclass_attribute_id, identifier, integer_value) VALUES (3040,1,235,0,641,163,236,1,1033917596,1,156,'',0);
INSERT INTO ezsearch_object_word_link (id, contentobject_id, word_id, frequency, placement, prev_word_id, next_word_id, contentclass_id, published, section_id, contentclass_attribute_id, identifier, integer_value) VALUES (3041,1,236,0,642,235,109,1,1033917596,1,156,'',0);
INSERT INTO ezsearch_object_word_link (id, contentobject_id, word_id, frequency, placement, prev_word_id, next_word_id, contentclass_id, published, section_id, contentclass_attribute_id, identifier, integer_value) VALUES (3042,1,109,0,643,236,110,1,1033917596,1,156,'',0);
INSERT INTO ezsearch_object_word_link (id, contentobject_id, word_id, frequency, placement, prev_word_id, next_word_id, contentclass_id, published, section_id, contentclass_attribute_id, identifier, integer_value) VALUES (3043,1,110,0,644,109,159,1,1033917596,1,156,'',0);
INSERT INTO ezsearch_object_word_link (id, contentobject_id, word_id, frequency, placement, prev_word_id, next_word_id, contentclass_id, published, section_id, contentclass_attribute_id, identifier, integer_value) VALUES (3044,1,159,0,645,110,237,1,1033917596,1,156,'',0);
INSERT INTO ezsearch_object_word_link (id, contentobject_id, word_id, frequency, placement, prev_word_id, next_word_id, contentclass_id, published, section_id, contentclass_attribute_id, identifier, integer_value) VALUES (3045,1,237,0,646,159,238,1,1033917596,1,156,'',0);
INSERT INTO ezsearch_object_word_link (id, contentobject_id, word_id, frequency, placement, prev_word_id, next_word_id, contentclass_id, published, section_id, contentclass_attribute_id, identifier, integer_value) VALUES (3046,1,238,0,647,237,239,1,1033917596,1,156,'',0);
INSERT INTO ezsearch_object_word_link (id, contentobject_id, word_id, frequency, placement, prev_word_id, next_word_id, contentclass_id, published, section_id, contentclass_attribute_id, identifier, integer_value) VALUES (3047,1,239,0,648,238,70,1,1033917596,1,156,'',0);
INSERT INTO ezsearch_object_word_link (id, contentobject_id, word_id, frequency, placement, prev_word_id, next_word_id, contentclass_id, published, section_id, contentclass_attribute_id, identifier, integer_value) VALUES (3048,1,70,0,649,239,240,1,1033917596,1,156,'',0);
INSERT INTO ezsearch_object_word_link (id, contentobject_id, word_id, frequency, placement, prev_word_id, next_word_id, contentclass_id, published, section_id, contentclass_attribute_id, identifier, integer_value) VALUES (3049,1,240,0,650,70,110,1,1033917596,1,156,'',0);
INSERT INTO ezsearch_object_word_link (id, contentobject_id, word_id, frequency, placement, prev_word_id, next_word_id, contentclass_id, published, section_id, contentclass_attribute_id, identifier, integer_value) VALUES (3050,1,110,0,651,240,241,1,1033917596,1,156,'',0);
INSERT INTO ezsearch_object_word_link (id, contentobject_id, word_id, frequency, placement, prev_word_id, next_word_id, contentclass_id, published, section_id, contentclass_attribute_id, identifier, integer_value) VALUES (3051,1,241,0,652,110,118,1,1033917596,1,156,'',0);
INSERT INTO ezsearch_object_word_link (id, contentobject_id, word_id, frequency, placement, prev_word_id, next_word_id, contentclass_id, published, section_id, contentclass_attribute_id, identifier, integer_value) VALUES (3052,1,118,0,653,241,70,1,1033917596,1,156,'',0);
INSERT INTO ezsearch_object_word_link (id, contentobject_id, word_id, frequency, placement, prev_word_id, next_word_id, contentclass_id, published, section_id, contentclass_attribute_id, identifier, integer_value) VALUES (3053,1,70,0,654,118,242,1,1033917596,1,156,'',0);
INSERT INTO ezsearch_object_word_link (id, contentobject_id, word_id, frequency, placement, prev_word_id, next_word_id, contentclass_id, published, section_id, contentclass_attribute_id, identifier, integer_value) VALUES (3054,1,242,0,655,70,108,1,1033917596,1,156,'',0);
INSERT INTO ezsearch_object_word_link (id, contentobject_id, word_id, frequency, placement, prev_word_id, next_word_id, contentclass_id, published, section_id, contentclass_attribute_id, identifier, integer_value) VALUES (3055,1,108,0,656,242,243,1,1033917596,1,156,'',0);
INSERT INTO ezsearch_object_word_link (id, contentobject_id, word_id, frequency, placement, prev_word_id, next_word_id, contentclass_id, published, section_id, contentclass_attribute_id, identifier, integer_value) VALUES (3056,1,243,0,657,108,244,1,1033917596,1,156,'',0);
INSERT INTO ezsearch_object_word_link (id, contentobject_id, word_id, frequency, placement, prev_word_id, next_word_id, contentclass_id, published, section_id, contentclass_attribute_id, identifier, integer_value) VALUES (3057,1,244,0,658,243,245,1,1033917596,1,156,'',0);
INSERT INTO ezsearch_object_word_link (id, contentobject_id, word_id, frequency, placement, prev_word_id, next_word_id, contentclass_id, published, section_id, contentclass_attribute_id, identifier, integer_value) VALUES (3058,1,245,0,659,244,246,1,1033917596,1,156,'',0);
INSERT INTO ezsearch_object_word_link (id, contentobject_id, word_id, frequency, placement, prev_word_id, next_word_id, contentclass_id, published, section_id, contentclass_attribute_id, identifier, integer_value) VALUES (3059,1,246,0,660,245,114,1,1033917596,1,156,'',0);
INSERT INTO ezsearch_object_word_link (id, contentobject_id, word_id, frequency, placement, prev_word_id, next_word_id, contentclass_id, published, section_id, contentclass_attribute_id, identifier, integer_value) VALUES (3060,1,114,0,661,246,247,1,1033917596,1,156,'',0);
INSERT INTO ezsearch_object_word_link (id, contentobject_id, word_id, frequency, placement, prev_word_id, next_word_id, contentclass_id, published, section_id, contentclass_attribute_id, identifier, integer_value) VALUES (3061,1,247,0,662,114,248,1,1033917596,1,156,'',0);
INSERT INTO ezsearch_object_word_link (id, contentobject_id, word_id, frequency, placement, prev_word_id, next_word_id, contentclass_id, published, section_id, contentclass_attribute_id, identifier, integer_value) VALUES (3062,1,248,0,663,247,108,1,1033917596,1,156,'',0);
INSERT INTO ezsearch_object_word_link (id, contentobject_id, word_id, frequency, placement, prev_word_id, next_word_id, contentclass_id, published, section_id, contentclass_attribute_id, identifier, integer_value) VALUES (3063,1,108,0,664,248,249,1,1033917596,1,156,'',0);
INSERT INTO ezsearch_object_word_link (id, contentobject_id, word_id, frequency, placement, prev_word_id, next_word_id, contentclass_id, published, section_id, contentclass_attribute_id, identifier, integer_value) VALUES (3064,1,249,0,665,108,148,1,1033917596,1,156,'',0);
INSERT INTO ezsearch_object_word_link (id, contentobject_id, word_id, frequency, placement, prev_word_id, next_word_id, contentclass_id, published, section_id, contentclass_attribute_id, identifier, integer_value) VALUES (3065,1,148,0,666,249,250,1,1033917596,1,156,'',0);
INSERT INTO ezsearch_object_word_link (id, contentobject_id, word_id, frequency, placement, prev_word_id, next_word_id, contentclass_id, published, section_id, contentclass_attribute_id, identifier, integer_value) VALUES (3066,1,250,0,667,148,251,1,1033917596,1,156,'',0);
INSERT INTO ezsearch_object_word_link (id, contentobject_id, word_id, frequency, placement, prev_word_id, next_word_id, contentclass_id, published, section_id, contentclass_attribute_id, identifier, integer_value) VALUES (3067,1,251,0,668,250,108,1,1033917596,1,156,'',0);
INSERT INTO ezsearch_object_word_link (id, contentobject_id, word_id, frequency, placement, prev_word_id, next_word_id, contentclass_id, published, section_id, contentclass_attribute_id, identifier, integer_value) VALUES (3068,1,108,0,669,251,144,1,1033917596,1,156,'',0);
INSERT INTO ezsearch_object_word_link (id, contentobject_id, word_id, frequency, placement, prev_word_id, next_word_id, contentclass_id, published, section_id, contentclass_attribute_id, identifier, integer_value) VALUES (3069,1,144,0,670,108,252,1,1033917596,1,156,'',0);
INSERT INTO ezsearch_object_word_link (id, contentobject_id, word_id, frequency, placement, prev_word_id, next_word_id, contentclass_id, published, section_id, contentclass_attribute_id, identifier, integer_value) VALUES (3070,1,252,0,671,144,253,1,1033917596,1,156,'',0);
INSERT INTO ezsearch_object_word_link (id, contentobject_id, word_id, frequency, placement, prev_word_id, next_word_id, contentclass_id, published, section_id, contentclass_attribute_id, identifier, integer_value) VALUES (3071,1,253,0,672,252,254,1,1033917596,1,156,'',0);
INSERT INTO ezsearch_object_word_link (id, contentobject_id, word_id, frequency, placement, prev_word_id, next_word_id, contentclass_id, published, section_id, contentclass_attribute_id, identifier, integer_value) VALUES (3072,1,254,0,673,253,123,1,1033917596,1,156,'',0);
INSERT INTO ezsearch_object_word_link (id, contentobject_id, word_id, frequency, placement, prev_word_id, next_word_id, contentclass_id, published, section_id, contentclass_attribute_id, identifier, integer_value) VALUES (3073,1,123,0,674,254,70,1,1033917596,1,156,'',0);
INSERT INTO ezsearch_object_word_link (id, contentobject_id, word_id, frequency, placement, prev_word_id, next_word_id, contentclass_id, published, section_id, contentclass_attribute_id, identifier, integer_value) VALUES (3074,1,70,0,675,123,222,1,1033917596,1,156,'',0);
INSERT INTO ezsearch_object_word_link (id, contentobject_id, word_id, frequency, placement, prev_word_id, next_word_id, contentclass_id, published, section_id, contentclass_attribute_id, identifier, integer_value) VALUES (3075,1,222,0,676,70,255,1,1033917596,1,156,'',0);
INSERT INTO ezsearch_object_word_link (id, contentobject_id, word_id, frequency, placement, prev_word_id, next_word_id, contentclass_id, published, section_id, contentclass_attribute_id, identifier, integer_value) VALUES (3076,1,255,0,677,222,114,1,1033917596,1,156,'',0);
INSERT INTO ezsearch_object_word_link (id, contentobject_id, word_id, frequency, placement, prev_word_id, next_word_id, contentclass_id, published, section_id, contentclass_attribute_id, identifier, integer_value) VALUES (3077,1,114,0,678,255,159,1,1033917596,1,156,'',0);
INSERT INTO ezsearch_object_word_link (id, contentobject_id, word_id, frequency, placement, prev_word_id, next_word_id, contentclass_id, published, section_id, contentclass_attribute_id, identifier, integer_value) VALUES (3078,1,159,0,679,114,256,1,1033917596,1,156,'',0);
INSERT INTO ezsearch_object_word_link (id, contentobject_id, word_id, frequency, placement, prev_word_id, next_word_id, contentclass_id, published, section_id, contentclass_attribute_id, identifier, integer_value) VALUES (3079,1,256,0,680,159,130,1,1033917596,1,156,'',0);
INSERT INTO ezsearch_object_word_link (id, contentobject_id, word_id, frequency, placement, prev_word_id, next_word_id, contentclass_id, published, section_id, contentclass_attribute_id, identifier, integer_value) VALUES (3080,1,130,0,681,256,120,1,1033917596,1,156,'',0);
INSERT INTO ezsearch_object_word_link (id, contentobject_id, word_id, frequency, placement, prev_word_id, next_word_id, contentclass_id, published, section_id, contentclass_attribute_id, identifier, integer_value) VALUES (3081,1,120,0,682,130,70,1,1033917596,1,156,'',0);
INSERT INTO ezsearch_object_word_link (id, contentobject_id, word_id, frequency, placement, prev_word_id, next_word_id, contentclass_id, published, section_id, contentclass_attribute_id, identifier, integer_value) VALUES (3082,1,70,0,683,120,257,1,1033917596,1,156,'',0);
INSERT INTO ezsearch_object_word_link (id, contentobject_id, word_id, frequency, placement, prev_word_id, next_word_id, contentclass_id, published, section_id, contentclass_attribute_id, identifier, integer_value) VALUES (3083,1,257,0,684,70,109,1,1033917596,1,156,'',0);
INSERT INTO ezsearch_object_word_link (id, contentobject_id, word_id, frequency, placement, prev_word_id, next_word_id, contentclass_id, published, section_id, contentclass_attribute_id, identifier, integer_value) VALUES (3084,1,109,0,685,257,110,1,1033917596,1,156,'',0);
INSERT INTO ezsearch_object_word_link (id, contentobject_id, word_id, frequency, placement, prev_word_id, next_word_id, contentclass_id, published, section_id, contentclass_attribute_id, identifier, integer_value) VALUES (3085,1,110,0,686,109,258,1,1033917596,1,156,'',0);
INSERT INTO ezsearch_object_word_link (id, contentobject_id, word_id, frequency, placement, prev_word_id, next_word_id, contentclass_id, published, section_id, contentclass_attribute_id, identifier, integer_value) VALUES (3086,1,258,0,687,110,233,1,1033917596,1,156,'',0);
INSERT INTO ezsearch_object_word_link (id, contentobject_id, word_id, frequency, placement, prev_word_id, next_word_id, contentclass_id, published, section_id, contentclass_attribute_id, identifier, integer_value) VALUES (3087,1,233,0,688,258,234,1,1033917596,1,156,'',0);
INSERT INTO ezsearch_object_word_link (id, contentobject_id, word_id, frequency, placement, prev_word_id, next_word_id, contentclass_id, published, section_id, contentclass_attribute_id, identifier, integer_value) VALUES (3088,1,234,0,689,233,259,1,1033917596,1,156,'',0);
INSERT INTO ezsearch_object_word_link (id, contentobject_id, word_id, frequency, placement, prev_word_id, next_word_id, contentclass_id, published, section_id, contentclass_attribute_id, identifier, integer_value) VALUES (3089,1,259,0,690,234,260,1,1033917596,1,156,'',0);
INSERT INTO ezsearch_object_word_link (id, contentobject_id, word_id, frequency, placement, prev_word_id, next_word_id, contentclass_id, published, section_id, contentclass_attribute_id, identifier, integer_value) VALUES (3090,1,260,0,691,259,261,1,1033917596,1,156,'',0);
INSERT INTO ezsearch_object_word_link (id, contentobject_id, word_id, frequency, placement, prev_word_id, next_word_id, contentclass_id, published, section_id, contentclass_attribute_id, identifier, integer_value) VALUES (3091,1,261,0,692,260,159,1,1033917596,1,156,'',0);
INSERT INTO ezsearch_object_word_link (id, contentobject_id, word_id, frequency, placement, prev_word_id, next_word_id, contentclass_id, published, section_id, contentclass_attribute_id, identifier, integer_value) VALUES (3092,1,159,0,693,261,262,1,1033917596,1,156,'',0);
INSERT INTO ezsearch_object_word_link (id, contentobject_id, word_id, frequency, placement, prev_word_id, next_word_id, contentclass_id, published, section_id, contentclass_attribute_id, identifier, integer_value) VALUES (3093,1,262,0,694,159,263,1,1033917596,1,156,'',0);
INSERT INTO ezsearch_object_word_link (id, contentobject_id, word_id, frequency, placement, prev_word_id, next_word_id, contentclass_id, published, section_id, contentclass_attribute_id, identifier, integer_value) VALUES (3094,1,263,0,695,262,264,1,1033917596,1,156,'',0);
INSERT INTO ezsearch_object_word_link (id, contentobject_id, word_id, frequency, placement, prev_word_id, next_word_id, contentclass_id, published, section_id, contentclass_attribute_id, identifier, integer_value) VALUES (3095,1,264,0,696,263,265,1,1033917596,1,156,'',0);
INSERT INTO ezsearch_object_word_link (id, contentobject_id, word_id, frequency, placement, prev_word_id, next_word_id, contentclass_id, published, section_id, contentclass_attribute_id, identifier, integer_value) VALUES (3096,1,265,0,697,264,266,1,1033917596,1,156,'',0);
INSERT INTO ezsearch_object_word_link (id, contentobject_id, word_id, frequency, placement, prev_word_id, next_word_id, contentclass_id, published, section_id, contentclass_attribute_id, identifier, integer_value) VALUES (3097,1,266,0,698,265,231,1,1033917596,1,156,'',0);
INSERT INTO ezsearch_object_word_link (id, contentobject_id, word_id, frequency, placement, prev_word_id, next_word_id, contentclass_id, published, section_id, contentclass_attribute_id, identifier, integer_value) VALUES (3098,1,231,0,699,266,146,1,1033917596,1,156,'',0);
INSERT INTO ezsearch_object_word_link (id, contentobject_id, word_id, frequency, placement, prev_word_id, next_word_id, contentclass_id, published, section_id, contentclass_attribute_id, identifier, integer_value) VALUES (3099,1,146,0,700,231,232,1,1033917596,1,156,'',0);
INSERT INTO ezsearch_object_word_link (id, contentobject_id, word_id, frequency, placement, prev_word_id, next_word_id, contentclass_id, published, section_id, contentclass_attribute_id, identifier, integer_value) VALUES (3100,1,232,0,701,146,267,1,1033917596,1,156,'',0);
INSERT INTO ezsearch_object_word_link (id, contentobject_id, word_id, frequency, placement, prev_word_id, next_word_id, contentclass_id, published, section_id, contentclass_attribute_id, identifier, integer_value) VALUES (3101,1,267,0,702,232,108,1,1033917596,1,156,'',0);
INSERT INTO ezsearch_object_word_link (id, contentobject_id, word_id, frequency, placement, prev_word_id, next_word_id, contentclass_id, published, section_id, contentclass_attribute_id, identifier, integer_value) VALUES (3102,1,108,0,703,267,268,1,1033917596,1,156,'',0);
INSERT INTO ezsearch_object_word_link (id, contentobject_id, word_id, frequency, placement, prev_word_id, next_word_id, contentclass_id, published, section_id, contentclass_attribute_id, identifier, integer_value) VALUES (3103,1,268,0,704,108,269,1,1033917596,1,156,'',0);
INSERT INTO ezsearch_object_word_link (id, contentobject_id, word_id, frequency, placement, prev_word_id, next_word_id, contentclass_id, published, section_id, contentclass_attribute_id, identifier, integer_value) VALUES (3104,1,269,0,705,268,69,1,1033917596,1,156,'',0);
INSERT INTO ezsearch_object_word_link (id, contentobject_id, word_id, frequency, placement, prev_word_id, next_word_id, contentclass_id, published, section_id, contentclass_attribute_id, identifier, integer_value) VALUES (3105,1,69,0,706,269,131,1,1033917596,1,156,'',0);
INSERT INTO ezsearch_object_word_link (id, contentobject_id, word_id, frequency, placement, prev_word_id, next_word_id, contentclass_id, published, section_id, contentclass_attribute_id, identifier, integer_value) VALUES (3106,1,131,0,707,69,270,1,1033917596,1,156,'',0);
INSERT INTO ezsearch_object_word_link (id, contentobject_id, word_id, frequency, placement, prev_word_id, next_word_id, contentclass_id, published, section_id, contentclass_attribute_id, identifier, integer_value) VALUES (3107,1,270,0,708,131,271,1,1033917596,1,156,'',0);
INSERT INTO ezsearch_object_word_link (id, contentobject_id, word_id, frequency, placement, prev_word_id, next_word_id, contentclass_id, published, section_id, contentclass_attribute_id, identifier, integer_value) VALUES (3108,1,271,0,709,270,69,1,1033917596,1,156,'',0);
INSERT INTO ezsearch_object_word_link (id, contentobject_id, word_id, frequency, placement, prev_word_id, next_word_id, contentclass_id, published, section_id, contentclass_attribute_id, identifier, integer_value) VALUES (3109,1,69,0,710,271,272,1,1033917596,1,156,'',0);
INSERT INTO ezsearch_object_word_link (id, contentobject_id, word_id, frequency, placement, prev_word_id, next_word_id, contentclass_id, published, section_id, contentclass_attribute_id, identifier, integer_value) VALUES (3110,1,272,0,711,69,187,1,1033917596,1,156,'',0);
INSERT INTO ezsearch_object_word_link (id, contentobject_id, word_id, frequency, placement, prev_word_id, next_word_id, contentclass_id, published, section_id, contentclass_attribute_id, identifier, integer_value) VALUES (3111,1,187,0,712,272,188,1,1033917596,1,156,'',0);
INSERT INTO ezsearch_object_word_link (id, contentobject_id, word_id, frequency, placement, prev_word_id, next_word_id, contentclass_id, published, section_id, contentclass_attribute_id, identifier, integer_value) VALUES (3112,1,188,0,713,187,109,1,1033917596,1,156,'',0);
INSERT INTO ezsearch_object_word_link (id, contentobject_id, word_id, frequency, placement, prev_word_id, next_word_id, contentclass_id, published, section_id, contentclass_attribute_id, identifier, integer_value) VALUES (3113,1,109,0,714,188,110,1,1033917596,1,156,'',0);
INSERT INTO ezsearch_object_word_link (id, contentobject_id, word_id, frequency, placement, prev_word_id, next_word_id, contentclass_id, published, section_id, contentclass_attribute_id, identifier, integer_value) VALUES (3114,1,110,0,715,109,118,1,1033917596,1,156,'',0);
INSERT INTO ezsearch_object_word_link (id, contentobject_id, word_id, frequency, placement, prev_word_id, next_word_id, contentclass_id, published, section_id, contentclass_attribute_id, identifier, integer_value) VALUES (3115,1,118,0,716,110,273,1,1033917596,1,156,'',0);
INSERT INTO ezsearch_object_word_link (id, contentobject_id, word_id, frequency, placement, prev_word_id, next_word_id, contentclass_id, published, section_id, contentclass_attribute_id, identifier, integer_value) VALUES (3116,1,273,0,717,118,274,1,1033917596,1,156,'',0);
INSERT INTO ezsearch_object_word_link (id, contentobject_id, word_id, frequency, placement, prev_word_id, next_word_id, contentclass_id, published, section_id, contentclass_attribute_id, identifier, integer_value) VALUES (3117,1,274,0,718,273,266,1,1033917596,1,156,'',0);
INSERT INTO ezsearch_object_word_link (id, contentobject_id, word_id, frequency, placement, prev_word_id, next_word_id, contentclass_id, published, section_id, contentclass_attribute_id, identifier, integer_value) VALUES (3118,1,266,0,719,274,122,1,1033917596,1,156,'',0);
INSERT INTO ezsearch_object_word_link (id, contentobject_id, word_id, frequency, placement, prev_word_id, next_word_id, contentclass_id, published, section_id, contentclass_attribute_id, identifier, integer_value) VALUES (3119,1,122,0,720,266,109,1,1033917596,1,156,'',0);
INSERT INTO ezsearch_object_word_link (id, contentobject_id, word_id, frequency, placement, prev_word_id, next_word_id, contentclass_id, published, section_id, contentclass_attribute_id, identifier, integer_value) VALUES (3120,1,109,0,721,122,275,1,1033917596,1,156,'',0);
INSERT INTO ezsearch_object_word_link (id, contentobject_id, word_id, frequency, placement, prev_word_id, next_word_id, contentclass_id, published, section_id, contentclass_attribute_id, identifier, integer_value) VALUES (3121,1,275,0,722,109,171,1,1033917596,1,156,'',0);
INSERT INTO ezsearch_object_word_link (id, contentobject_id, word_id, frequency, placement, prev_word_id, next_word_id, contentclass_id, published, section_id, contentclass_attribute_id, identifier, integer_value) VALUES (3122,1,171,0,723,275,276,1,1033917596,1,156,'',0);
INSERT INTO ezsearch_object_word_link (id, contentobject_id, word_id, frequency, placement, prev_word_id, next_word_id, contentclass_id, published, section_id, contentclass_attribute_id, identifier, integer_value) VALUES (3123,1,276,0,724,171,277,1,1033917596,1,156,'',0);
INSERT INTO ezsearch_object_word_link (id, contentobject_id, word_id, frequency, placement, prev_word_id, next_word_id, contentclass_id, published, section_id, contentclass_attribute_id, identifier, integer_value) VALUES (3124,1,277,0,725,276,86,1,1033917596,1,156,'',0);
INSERT INTO ezsearch_object_word_link (id, contentobject_id, word_id, frequency, placement, prev_word_id, next_word_id, contentclass_id, published, section_id, contentclass_attribute_id, identifier, integer_value) VALUES (3125,1,86,0,726,277,86,1,1033917596,1,158,'',0);
INSERT INTO ezsearch_object_word_link (id, contentobject_id, word_id, frequency, placement, prev_word_id, next_word_id, contentclass_id, published, section_id, contentclass_attribute_id, identifier, integer_value) VALUES (3126,1,86,0,727,86,0,1,1033917596,1,158,'',0);















INSERT INTO ezsearch_word (id, word, object_count) VALUES (57,'guest',1);
INSERT INTO ezsearch_word (id, word, object_count) VALUES (58,'accounts',1);
INSERT INTO ezsearch_word (id, word, object_count) VALUES (61,'administrator',2);
INSERT INTO ezsearch_word (id, word, object_count) VALUES (62,'users',2);
INSERT INTO ezsearch_word (id, word, object_count) VALUES (63,'user',3);
INSERT INTO ezsearch_word (id, word, object_count) VALUES (64,'admin',1);
INSERT INTO ezsearch_word (id, word, object_count) VALUES (65,'nospam@ez.no',2);
INSERT INTO ezsearch_word (id, word, object_count) VALUES (66,'editors',1);
INSERT INTO ezsearch_word (id, word, object_count) VALUES (67,'anonymous',2);
INSERT INTO ezsearch_word (id, word, object_count) VALUES (68,'group',1);
INSERT INTO ezsearch_word (id, word, object_count) VALUES (69,'for',2);
INSERT INTO ezsearch_word (id, word, object_count) VALUES (70,'the',2);
INSERT INTO ezsearch_word (id, word, object_count) VALUES (79,'1',3);
INSERT INTO ezsearch_word (id, word, object_count) VALUES (85,'setup',2);
INSERT INTO ezsearch_word (id, word, object_count) VALUES (86,'0',2);
INSERT INTO ezsearch_word (id, word, object_count) VALUES (90,'images',1);
INSERT INTO ezsearch_word (id, word, object_count) VALUES (101,'files',2);
INSERT INTO ezsearch_word (id, word, object_count) VALUES (102,'multimedia',1);
INSERT INTO ezsearch_word (id, word, object_count) VALUES (103,'common',2);
INSERT INTO ezsearch_word (id, word, object_count) VALUES (104,'ini',2);
INSERT INTO ezsearch_word (id, word, object_count) VALUES (105,'settings',2);
INSERT INTO ezsearch_word (id, word, object_count) VALUES (106,'sitestyle_identifier',1);
INSERT INTO ezsearch_word (id, word, object_count) VALUES (107,'welcome',1);
INSERT INTO ezsearch_word (id, word, object_count) VALUES (108,'to',1);
INSERT INTO ezsearch_word (id, word, object_count) VALUES (109,'ez',1);
INSERT INTO ezsearch_word (id, word, object_count) VALUES (110,'publish',1);
INSERT INTO ezsearch_word (id, word, object_count) VALUES (111,'your',1);
INSERT INTO ezsearch_word (id, word, object_count) VALUES (112,'new',1);
INSERT INTO ezsearch_word (id, word, object_count) VALUES (113,'installation',1);
INSERT INTO ezsearch_word (id, word, object_count) VALUES (114,'you',1);
INSERT INTO ezsearch_word (id, word, object_count) VALUES (115,'can',1);
INSERT INTO ezsearch_word (id, word, object_count) VALUES (116,'change',1);
INSERT INTO ezsearch_word (id, word, object_count) VALUES (117,'look',1);
INSERT INTO ezsearch_word (id, word, object_count) VALUES (118,'and',1);
INSERT INTO ezsearch_word (id, word, object_count) VALUES (119,'feel',1);
INSERT INTO ezsearch_word (id, word, object_count) VALUES (120,'of',1);
INSERT INTO ezsearch_word (id, word, object_count) VALUES (121,'site',1);
INSERT INTO ezsearch_word (id, word, object_count) VALUES (122,'from',1);
INSERT INTO ezsearch_word (id, word, object_count) VALUES (123,'within',1);
INSERT INTO ezsearch_word (id, word, object_count) VALUES (124,'administration',1);
INSERT INTO ezsearch_word (id, word, object_count) VALUES (125,'interface',1);
INSERT INTO ezsearch_word (id, word, object_count) VALUES (126,'click',1);
INSERT INTO ezsearch_word (id, word, object_count) VALUES (127,'on',1);
INSERT INTO ezsearch_word (id, word, object_count) VALUES (128,'\"setup\"',1);
INSERT INTO ezsearch_word (id, word, object_count) VALUES (129,'tab',1);
INSERT INTO ezsearch_word (id, word, object_count) VALUES (130,'use',1);
INSERT INTO ezsearch_word (id, word, object_count) VALUES (131,'different',1);
INSERT INTO ezsearch_word (id, word, object_count) VALUES (132,'sections',1);
INSERT INTO ezsearch_word (id, word, object_count) VALUES (133,'customization',1);
INSERT INTO ezsearch_word (id, word, object_count) VALUES (134,'menu',1);
INSERT INTO ezsearch_word (id, word, object_count) VALUES (135,'management',1);
INSERT INTO ezsearch_word (id, word, object_count) VALUES (136,'toolbar',1);
INSERT INTO ezsearch_word (id, word, object_count) VALUES (137,'etc.',1);
INSERT INTO ezsearch_word (id, word, object_count) VALUES (138,'templates',1);
INSERT INTO ezsearch_word (id, word, object_count) VALUES (139,'uses',1);
INSERT INTO ezsearch_word (id, word, object_count) VALUES (140,'as',1);
INSERT INTO ezsearch_word (id, word, object_count) VALUES (141,'fundamental',1);
INSERT INTO ezsearch_word (id, word, object_count) VALUES (142,'unit',1);
INSERT INTO ezsearch_word (id, word, object_count) VALUES (143,'design',1);
INSERT INTO ezsearch_word (id, word, object_count) VALUES (144,'a',1);
INSERT INTO ezsearch_word (id, word, object_count) VALUES (145,'template',1);
INSERT INTO ezsearch_word (id, word, object_count) VALUES (146,'is',1);
INSERT INTO ezsearch_word (id, word, object_count) VALUES (147,'basically',1);
INSERT INTO ezsearch_word (id, word, object_count) VALUES (148,'an',1);
INSERT INTO ezsearch_word (id, word, object_count) VALUES (149,'extended',1);
INSERT INTO ezsearch_word (id, word, object_count) VALUES (150,'html',1);
INSERT INTO ezsearch_word (id, word, object_count) VALUES (151,'file',1);
INSERT INTO ezsearch_word (id, word, object_count) VALUES (152,'that',1);
INSERT INTO ezsearch_word (id, word, object_count) VALUES (153,'describes',1);
INSERT INTO ezsearch_word (id, word, object_count) VALUES (154,'how',1);
INSERT INTO ezsearch_word (id, word, object_count) VALUES (155,'some',1);
INSERT INTO ezsearch_word (id, word, object_count) VALUES (156,'particular',1);
INSERT INTO ezsearch_word (id, word, object_count) VALUES (157,'type',1);
INSERT INTO ezsearch_word (id, word, object_count) VALUES (158,'content',1);
INSERT INTO ezsearch_word (id, word, object_count) VALUES (159,'should',1);
INSERT INTO ezsearch_word (id, word, object_count) VALUES (160,'be',1);
INSERT INTO ezsearch_word (id, word, object_count) VALUES (161,'visualized',1);
INSERT INTO ezsearch_word (id, word, object_count) VALUES (162,'this',1);
INSERT INTO ezsearch_word (id, word, object_count) VALUES (163,'are',1);
INSERT INTO ezsearch_word (id, word, object_count) VALUES (164,'located',1);
INSERT INTO ezsearch_word (id, word, object_count) VALUES (165,'following',1);
INSERT INTO ezsearch_word (id, word, object_count) VALUES (166,'directories',1);
INSERT INTO ezsearch_word (id, word, object_count) VALUES (167,'\"design',1);
INSERT INTO ezsearch_word (id, word, object_count) VALUES (168,'base',1);
INSERT INTO ezsearch_word (id, word, object_count) VALUES (169,'templates\"',1);
INSERT INTO ezsearch_word (id, word, object_count) VALUES (170,'override',1);
INSERT INTO ezsearch_word (id, word, object_count) VALUES (171,'please',1);
INSERT INTO ezsearch_word (id, word, object_count) VALUES (172,'do',1);
INSERT INTO ezsearch_word (id, word, object_count) VALUES (173,'not',1);
INSERT INTO ezsearch_word (id, word, object_count) VALUES (174,'edit',1);
INSERT INTO ezsearch_word (id, word, object_count) VALUES (175,'contents',1);
INSERT INTO ezsearch_word (id, word, object_count) VALUES (176,'default',1);
INSERT INTO ezsearch_word (id, word, object_count) VALUES (177,'which',1);
INSERT INTO ezsearch_word (id, word, object_count) VALUES (178,'standard\"',1);
INSERT INTO ezsearch_word (id, word, object_count) VALUES (179,'admin\"',1);
INSERT INTO ezsearch_word (id, word, object_count) VALUES (180,'style',1);
INSERT INTO ezsearch_word (id, word, object_count) VALUES (181,'sheets',1);
INSERT INTO ezsearch_word (id, word, object_count) VALUES (182,'makes',1);
INSERT INTO ezsearch_word (id, word, object_count) VALUES (183,'css',1);
INSERT INTO ezsearch_word (id, word, object_count) VALUES (184,'cascading',1);
INSERT INTO ezsearch_word (id, word, object_count) VALUES (185,'these',1);
INSERT INTO ezsearch_word (id, word, object_count) VALUES (186,'contain',1);
INSERT INTO ezsearch_word (id, word, object_count) VALUES (187,'information',1);
INSERT INTO ezsearch_word (id, word, object_count) VALUES (188,'about',1);
INSERT INTO ezsearch_word (id, word, object_count) VALUES (189,'colors',1);
INSERT INTO ezsearch_word (id, word, object_count) VALUES (190,'text',1);
INSERT INTO ezsearch_word (id, word, object_count) VALUES (191,'styles',1);
INSERT INTO ezsearch_word (id, word, object_count) VALUES (192,'font',1);
INSERT INTO ezsearch_word (id, word, object_count) VALUES (193,'sizes',1);
INSERT INTO ezsearch_word (id, word, object_count) VALUES (194,'spacing',1);
INSERT INTO ezsearch_word (id, word, object_count) VALUES (195,'so',1);
INSERT INTO ezsearch_word (id, word, object_count) VALUES (196,'thereby',1);
INSERT INTO ezsearch_word (id, word, object_count) VALUES (197,'dictate',1);
INSERT INTO ezsearch_word (id, word, object_count) VALUES (198,'overall',1);
INSERT INTO ezsearch_word (id, word, object_count) VALUES (199,'appearance',1);
INSERT INTO ezsearch_word (id, word, object_count) VALUES (200,'stylesheets\"',1);
INSERT INTO ezsearch_word (id, word, object_count) VALUES (201,'directory',1);
INSERT INTO ezsearch_word (id, word, object_count) VALUES (202,'configuration',1);
INSERT INTO ezsearch_word (id, word, object_count) VALUES (203,'all',1);
INSERT INTO ezsearch_word (id, word, object_count) VALUES (204,'stored',1);
INSERT INTO ezsearch_word (id, word, object_count) VALUES (205,'inside',1);
INSERT INTO ezsearch_word (id, word, object_count) VALUES (206,'\"settings\"',1);
INSERT INTO ezsearch_word (id, word, object_count) VALUES (207,'must',1);
INSERT INTO ezsearch_word (id, word, object_count) VALUES (208,'altered',1);
INSERT INTO ezsearch_word (id, word, object_count) VALUES (209,'actual',1);
INSERT INTO ezsearch_word (id, word, object_count) VALUES (210,'contained',1);
INSERT INTO ezsearch_word (id, word, object_count) VALUES (211,'in',1);
INSERT INTO ezsearch_word (id, word, object_count) VALUES (212,'\"settings',1);
INSERT INTO ezsearch_word (id, word, object_count) VALUES (213,'siteaccess',1);
INSERT INTO ezsearch_word (id, word, object_count) VALUES (214,'base\"',1);
INSERT INTO ezsearch_word (id, word, object_count) VALUES (215,'there',1);
INSERT INTO ezsearch_word (id, word, object_count) VALUES (216,'gui',1);
INSERT INTO ezsearch_word (id, word, object_count) VALUES (217,'frontend',1);
INSERT INTO ezsearch_word (id, word, object_count) VALUES (218,'editing',1);
INSERT INTO ezsearch_word (id, word, object_count) VALUES (219,'various',1);
INSERT INTO ezsearch_word (id, word, object_count) VALUES (220,'found',1);
INSERT INTO ezsearch_word (id, word, object_count) VALUES (221,'advanced',1);
INSERT INTO ezsearch_word (id, word, object_count) VALUES (222,'documentation',1);
INSERT INTO ezsearch_word (id, word, object_count) VALUES (223,'guidance',1);
INSERT INTO ezsearch_word (id, word, object_count) VALUES (224,'covers',1);
INSERT INTO ezsearch_word (id, word, object_count) VALUES (225,'topics',1);
INSERT INTO ezsearch_word (id, word, object_count) VALUES (226,'related',1);
INSERT INTO ezsearch_word (id, word, object_count) VALUES (227,'daily',1);
INSERT INTO ezsearch_word (id, word, object_count) VALUES (228,'system',1);
INSERT INTO ezsearch_word (id, word, object_count) VALUES (229,'framework',1);
INSERT INTO ezsearch_word (id, word, object_count) VALUES (230,'addition',1);
INSERT INTO ezsearch_word (id, word, object_count) VALUES (231,'it',1);
INSERT INTO ezsearch_word (id, word, object_count) VALUES (232,'also',1);
INSERT INTO ezsearch_word (id, word, object_count) VALUES (233,'people',1);
INSERT INTO ezsearch_word (id, word, object_count) VALUES (234,'who',1);
INSERT INTO ezsearch_word (id, word, object_count) VALUES (235,'unfamiliar',1);
INSERT INTO ezsearch_word (id, word, object_count) VALUES (236,'with',1);
INSERT INTO ezsearch_word (id, word, object_count) VALUES (237,'at',1);
INSERT INTO ezsearch_word (id, word, object_count) VALUES (238,'least',1);
INSERT INTO ezsearch_word (id, word, object_count) VALUES (239,'read',1);
INSERT INTO ezsearch_word (id, word, object_count) VALUES (240,'\"ez',1);
INSERT INTO ezsearch_word (id, word, object_count) VALUES (241,'basics\"',1);
INSERT INTO ezsearch_word (id, word, object_count) VALUES (242,'\"day',1);
INSERT INTO ezsearch_word (id, word, object_count) VALUES (243,'day',1);
INSERT INTO ezsearch_word (id, word, object_count) VALUES (244,'use\"',1);
INSERT INTO ezsearch_word (id, word, object_count) VALUES (245,'chapters',1);
INSERT INTO ezsearch_word (id, word, object_count) VALUES (246,'if',1);
INSERT INTO ezsearch_word (id, word, object_count) VALUES (247,'re',1);
INSERT INTO ezsearch_word (id, word, object_count) VALUES (248,'unable',1);
INSERT INTO ezsearch_word (id, word, object_count) VALUES (249,'find',1);
INSERT INTO ezsearch_word (id, word, object_count) VALUES (250,'answer',1);
INSERT INTO ezsearch_word (id, word, object_count) VALUES (251,'solution',1);
INSERT INTO ezsearch_word (id, word, object_count) VALUES (252,'specific',1);
INSERT INTO ezsearch_word (id, word, object_count) VALUES (253,'question',1);
INSERT INTO ezsearch_word (id, word, object_count) VALUES (254,'problem',1);
INSERT INTO ezsearch_word (id, word, object_count) VALUES (255,'pages',1);
INSERT INTO ezsearch_word (id, word, object_count) VALUES (256,'make',1);
INSERT INTO ezsearch_word (id, word, object_count) VALUES (257,'official',1);
INSERT INTO ezsearch_word (id, word, object_count) VALUES (258,'forum',1);
INSERT INTO ezsearch_word (id, word, object_count) VALUES (259,'need',1);
INSERT INTO ezsearch_word (id, word, object_count) VALUES (260,'professional',1);
INSERT INTO ezsearch_word (id, word, object_count) VALUES (261,'help',1);
INSERT INTO ezsearch_word (id, word, object_count) VALUES (262,'purchase',1);
INSERT INTO ezsearch_word (id, word, object_count) VALUES (263,'support',1);
INSERT INTO ezsearch_word (id, word, object_count) VALUES (264,'or',1);
INSERT INTO ezsearch_word (id, word, object_count) VALUES (265,'consulting',1);
INSERT INTO ezsearch_word (id, word, object_count) VALUES (266,'services',1);
INSERT INTO ezsearch_word (id, word, object_count) VALUES (267,'possible',1);
INSERT INTO ezsearch_word (id, word, object_count) VALUES (268,'sign',1);
INSERT INTO ezsearch_word (id, word, object_count) VALUES (269,'up',1);
INSERT INTO ezsearch_word (id, word, object_count) VALUES (270,'training',1);
INSERT INTO ezsearch_word (id, word, object_count) VALUES (271,'sessions',1);
INSERT INTO ezsearch_word (id, word, object_count) VALUES (272,'more',1);
INSERT INTO ezsearch_word (id, word, object_count) VALUES (273,'other',1);
INSERT INTO ezsearch_word (id, word, object_count) VALUES (274,'products',1);
INSERT INTO ezsearch_word (id, word, object_count) VALUES (275,'systems',1);
INSERT INTO ezsearch_word (id, word, object_count) VALUES (276,'visit',1);
INSERT INTO ezsearch_word (id, word, object_count) VALUES (277,'ez.no',1);





INSERT INTO ezsection (id, name, locale, navigation_part_identifier) VALUES (1,'Standard section','','ezcontentnavigationpart');
INSERT INTO ezsection (id, name, locale, navigation_part_identifier) VALUES (2,'Users','','ezusernavigationpart');
INSERT INTO ezsection (id, name, locale, navigation_part_identifier) VALUES (3,'Media','','ezmedianavigationpart');
INSERT INTO ezsection (id, name, locale, navigation_part_identifier) VALUES (4,'Setup','','ezsetupnavigationpart');










INSERT INTO ezsite_data (name, value) VALUES ('ezpublish-version','3.4.0');
INSERT INTO ezsite_data (name, value) VALUES ('ezpublish-release','7');

























INSERT INTO ezurl (id, url, created, modified, is_valid, last_checked, original_url_md5) VALUES (1,'http://ez.no/ez_publish/documentation',1082368571,1082368571,1,0,'1c4c1d746fbd23350bcfa5e978841f23');
INSERT INTO ezurl (id, url, created, modified, is_valid, last_checked, original_url_md5) VALUES (2,'http://ez.no/ez_publish/documentation/eZ_publish_basics',1082368571,1082368571,1,0,'5ca92fe4817cc195283779360ddc308b');
INSERT INTO ezurl (id, url, created, modified, is_valid, last_checked, original_url_md5) VALUES (3,'http://ez.no/ez_publish/documentation/day_to_day_use',1082368571,1082368571,1,0,'9aa3c35e22c69315d8557424af40f760');
INSERT INTO ezurl (id, url, created, modified, is_valid, last_checked, original_url_md5) VALUES (4,'http://ez.no/community/forum',1082368571,1082368571,1,0,'41caff1d7f5ad51e70ad46abbcf28fb7');
INSERT INTO ezurl (id, url, created, modified, is_valid, last_checked, original_url_md5) VALUES (5,'http://ez.no/services/support',1082368571,1082368571,1,0,'7f0bed2dad9e69cc2c573d0868fe1a00');
INSERT INTO ezurl (id, url, created, modified, is_valid, last_checked, original_url_md5) VALUES (6,'http://ez.no/services/consulting',1082368571,1082368571,1,0,'90c2b2894d43ee98fd5df8452dbfbfbd');
INSERT INTO ezurl (id, url, created, modified, is_valid, last_checked, original_url_md5) VALUES (7,'http://ez.no/services/training',1082368571,1082368571,1,0,'23b22a1f1e566e15dead54b6d1b42706');
INSERT INTO ezurl (id, url, created, modified, is_valid, last_checked, original_url_md5) VALUES (8,'http://ez.no',1082368571,1082368571,1,0,'dfcdb471b240d964dc3f57b998eb0533');





INSERT INTO ezurl_object_link (url_id, contentobject_attribute_id, contentobject_attribute_version) VALUES (1,104,2);
INSERT INTO ezurl_object_link (url_id, contentobject_attribute_id, contentobject_attribute_version) VALUES (2,104,2);
INSERT INTO ezurl_object_link (url_id, contentobject_attribute_id, contentobject_attribute_version) VALUES (3,104,2);
INSERT INTO ezurl_object_link (url_id, contentobject_attribute_id, contentobject_attribute_version) VALUES (4,104,2);
INSERT INTO ezurl_object_link (url_id, contentobject_attribute_id, contentobject_attribute_version) VALUES (5,104,2);
INSERT INTO ezurl_object_link (url_id, contentobject_attribute_id, contentobject_attribute_version) VALUES (6,104,2);
INSERT INTO ezurl_object_link (url_id, contentobject_attribute_id, contentobject_attribute_version) VALUES (7,104,2);
INSERT INTO ezurl_object_link (url_id, contentobject_attribute_id, contentobject_attribute_version) VALUES (8,104,2);





INSERT INTO ezurlalias (id, source_url, source_md5, destination_url, is_internal, forward_to_id, is_wildcard) VALUES (12,'','d41d8cd98f00b204e9800998ecf8427e','content/view/full/2',1,0,0);
INSERT INTO ezurlalias (id, source_url, source_md5, destination_url, is_internal, forward_to_id, is_wildcard) VALUES (13,'users','9bc65c2abec141778ffaa729489f3e87','content/view/full/5',1,0,0);
INSERT INTO ezurlalias (id, source_url, source_md5, destination_url, is_internal, forward_to_id, is_wildcard) VALUES (15,'users/guest_accounts','02d4e844e3a660857a3f81585995ffe1','content/view/full/12',1,0,0);
INSERT INTO ezurlalias (id, source_url, source_md5, destination_url, is_internal, forward_to_id, is_wildcard) VALUES (16,'users/administrator_users','1b1d79c16700fd6003ea7be233e754ba','content/view/full/13',1,0,0);
INSERT INTO ezurlalias (id, source_url, source_md5, destination_url, is_internal, forward_to_id, is_wildcard) VALUES (17,'users/editors','0bb9dd665c96bbc1cf36b79180786dea','content/view/full/14',1,0,0);
INSERT INTO ezurlalias (id, source_url, source_md5, destination_url, is_internal, forward_to_id, is_wildcard) VALUES (18,'users/administrator_users/administrator_user','f1305ac5f327a19b451d82719e0c3f5d','content/view/full/15',1,0,0);
INSERT INTO ezurlalias (id, source_url, source_md5, destination_url, is_internal, forward_to_id, is_wildcard) VALUES (20,'media','62933a2951ef01f4eafd9bdf4d3cd2f0','content/view/full/43',1,0,0);
INSERT INTO ezurlalias (id, source_url, source_md5, destination_url, is_internal, forward_to_id, is_wildcard) VALUES (21,'users/anonymous_users','3ae1aac958e1c82013689d917d34967a','content/view/full/44',1,0,0);
INSERT INTO ezurlalias (id, source_url, source_md5, destination_url, is_internal, forward_to_id, is_wildcard) VALUES (22,'users/anonymous_users/anonymous_user','aad93975f09371695ba08292fd9698db','content/view/full/45',1,0,0);
INSERT INTO ezurlalias (id, source_url, source_md5, destination_url, is_internal, forward_to_id, is_wildcard) VALUES (25,'setup','a0f848942ce863cf53c0fa6cc684007d','content/view/full/48',1,0,0);
INSERT INTO ezurlalias (id, source_url, source_md5, destination_url, is_internal, forward_to_id, is_wildcard) VALUES (27,'foo_bar_folder/images/vbanner','c60212835de76414f9bfd21eecb8f221','content/view/full/50',1,0,0);
INSERT INTO ezurlalias (id, source_url, source_md5, destination_url, is_internal, forward_to_id, is_wildcard) VALUES (28,'media/images','38985339d4a5aadfc41ab292b4527046','content/view/full/51',1,0,0);
INSERT INTO ezurlalias (id, source_url, source_md5, destination_url, is_internal, forward_to_id, is_wildcard) VALUES (29,'media/files','ad5a8c6f6aac3b1b9df267fe22e7aef6','content/view/full/52',1,0,0);
INSERT INTO ezurlalias (id, source_url, source_md5, destination_url, is_internal, forward_to_id, is_wildcard) VALUES (30,'media/multimedia','562a0ac498571c6c3529173184a2657c','content/view/full/53',1,0,0);
INSERT INTO ezurlalias (id, source_url, source_md5, destination_url, is_internal, forward_to_id, is_wildcard) VALUES (31,'setup/common_ini_settings','e501fe6c81ed14a5af2b322d248102d8','content/view/full/54',1,0,0);
INSERT INTO ezurlalias (id, source_url, source_md5, destination_url, is_internal, forward_to_id, is_wildcard) VALUES (32,'setup/ez_publish','3776c01da81c1097664bbe79831ed287','content/view/full/56',1,0,0);





INSERT INTO ezuser (contentobject_id, login, email, password_hash_type, password_hash) VALUES (10,'anonymous','nospam@ez.no',2,'4e6f6184135228ccd45f8233d72a0363');
INSERT INTO ezuser (contentobject_id, login, email, password_hash_type, password_hash) VALUES (14,'admin','nospam@ez.no',2,'c78e3b0f3d9244ed8c6d1c29464bdff9');















INSERT INTO ezuser_role (id, role_id, contentobject_id, limit_identifier, limit_value) VALUES (31,1,42,'','');
INSERT INTO ezuser_role (id, role_id, contentobject_id, limit_identifier, limit_value) VALUES (25,2,12,'','');
INSERT INTO ezuser_role (id, role_id, contentobject_id, limit_identifier, limit_value) VALUES (30,3,13,'','');
INSERT INTO ezuser_role (id, role_id, contentobject_id, limit_identifier, limit_value) VALUES (28,1,11,'','');





INSERT INTO ezuser_setting (user_id, is_enabled, max_login) VALUES (10,1,1000);
INSERT INTO ezuser_setting (user_id, is_enabled, max_login) VALUES (14,1,10);
INSERT INTO ezuser_setting (user_id, is_enabled, max_login) VALUES (23,1,0);
INSERT INTO ezuser_setting (user_id, is_enabled, max_login) VALUES (40,1,0);





INSERT INTO ezvattype (id, name, percentage) VALUES (1,'Std',0);



































INSERT INTO ezworkflow_group (id, name, creator_id, modifier_id, created, modified) VALUES (1,'Standard',14,14,1024392098,1024392098);





INSERT INTO ezworkflow_group_link (workflow_id, group_id, workflow_version, group_name) VALUES (1,1,0,'Standard');






