




















































































INSERT INTO ezcontentclass (id, version, name, identifier, contentobject_name, creator_id, modifier_id, created, modified) VALUES (1,0,'Folder','folder','<name>',14,14,1024392098,1048494694);
INSERT INTO ezcontentclass (id, version, name, identifier, contentobject_name, creator_id, modifier_id, created, modified) VALUES (2,0,'Article','article','<title>',14,14,1024392098,1048494722);
INSERT INTO ezcontentclass (id, version, name, identifier, contentobject_name, creator_id, modifier_id, created, modified) VALUES (3,0,'User group','user_group','<name>',14,14,1024392098,1048494743);
INSERT INTO ezcontentclass (id, version, name, identifier, contentobject_name, creator_id, modifier_id, created, modified) VALUES (4,0,'User','user','<first_name> <last_name>',14,14,1024392098,1048494759);
INSERT INTO ezcontentclass (id, version, name, identifier, contentobject_name, creator_id, modifier_id, created, modified) VALUES (5,0,'Image','image','<name>',8,14,1031484992,1048494784);
INSERT INTO ezcontentclass (id, version, name, identifier, contentobject_name, creator_id, modifier_id, created, modified) VALUES (6,0,'Forum','forum','<name>',14,14,1052384723,1052384870);
INSERT INTO ezcontentclass (id, version, name, identifier, contentobject_name, creator_id, modifier_id, created, modified) VALUES (7,0,'Forum message','forum_message','<topic>',14,14,1052384877,1052384943);
INSERT INTO ezcontentclass (id, version, name, identifier, contentobject_name, creator_id, modifier_id, created, modified) VALUES (8,0,'Product','product','<title>',14,14,1052384951,1052385067);
INSERT INTO ezcontentclass (id, version, name, identifier, contentobject_name, creator_id, modifier_id, created, modified) VALUES (9,0,'Product review','product_review','<title>',14,14,1052385080,1052385252);
INSERT INTO ezcontentclass (id, version, name, identifier, contentobject_name, creator_id, modifier_id, created, modified) VALUES (10,0,'Info page','info_page','<name>',14,14,1052385274,1052385353);
INSERT INTO ezcontentclass (id, version, name, identifier, contentobject_name, creator_id, modifier_id, created, modified) VALUES (11,0,'Link','link','<title>',14,14,1052385361,1052385453);
INSERT INTO ezcontentclass (id, version, name, identifier, contentobject_name, creator_id, modifier_id, created, modified) VALUES (12,0,'File','file','<name>',14,14,1052385472,1052385669);
INSERT INTO ezcontentclass (id, version, name, identifier, contentobject_name, creator_id, modifier_id, created, modified) VALUES (13,0,'Comment','comment','<subject>',14,14,1052385685,1052385756);





INSERT INTO ezcontentclass_attribute (id, version, contentclass_id, identifier, name, data_type_string, is_searchable, is_required, placement, data_int1, data_int2, data_int3, data_int4, data_float1, data_float2, data_float3, data_float4, data_text1, data_text2, data_text3, data_text4, data_text5, is_information_collector, can_translate) VALUES (123,0,2,'enable_comments','Enable comments','ezboolean',0,0,5,0,0,0,0,0,0,0,0,'','','','',NULL,0,1);
INSERT INTO ezcontentclass_attribute (id, version, contentclass_id, identifier, name, data_type_string, is_searchable, is_required, placement, data_int1, data_int2, data_int3, data_int4, data_float1, data_float2, data_float3, data_float4, data_text1, data_text2, data_text3, data_text4, data_text5, is_information_collector, can_translate) VALUES (119,0,1,'description','Description','ezxmltext',1,0,2,10,0,0,0,0,0,0,0,'','','','',NULL,0,1);
INSERT INTO ezcontentclass_attribute (id, version, contentclass_id, identifier, name, data_type_string, is_searchable, is_required, placement, data_int1, data_int2, data_int3, data_int4, data_float1, data_float2, data_float3, data_float4, data_text1, data_text2, data_text3, data_text4, data_text5, is_information_collector, can_translate) VALUES (116,0,5,'name','Name','ezstring',1,1,1,150,0,0,0,0,0,0,0,'','','','',NULL,0,1);
INSERT INTO ezcontentclass_attribute (id, version, contentclass_id, identifier, name, data_type_string, is_searchable, is_required, placement, data_int1, data_int2, data_int3, data_int4, data_float1, data_float2, data_float3, data_float4, data_text1, data_text2, data_text3, data_text4, data_text5, is_information_collector, can_translate) VALUES (6,0,3,'name','Name','ezstring',1,1,1,255,0,0,0,0,0,0,0,'','','','',NULL,0,1);
INSERT INTO ezcontentclass_attribute (id, version, contentclass_id, identifier, name, data_type_string, is_searchable, is_required, placement, data_int1, data_int2, data_int3, data_int4, data_float1, data_float2, data_float3, data_float4, data_text1, data_text2, data_text3, data_text4, data_text5, is_information_collector, can_translate) VALUES (7,0,3,'description','Description','ezstring',1,0,2,255,0,0,0,0,0,0,0,'','','','',NULL,0,1);
INSERT INTO ezcontentclass_attribute (id, version, contentclass_id, identifier, name, data_type_string, is_searchable, is_required, placement, data_int1, data_int2, data_int3, data_int4, data_float1, data_float2, data_float3, data_float4, data_text1, data_text2, data_text3, data_text4, data_text5, is_information_collector, can_translate) VALUES (9,0,4,'last_name','Last name','ezstring',1,1,2,255,0,0,0,0,0,0,0,'','','','',NULL,0,1);
INSERT INTO ezcontentclass_attribute (id, version, contentclass_id, identifier, name, data_type_string, is_searchable, is_required, placement, data_int1, data_int2, data_int3, data_int4, data_float1, data_float2, data_float3, data_float4, data_text1, data_text2, data_text3, data_text4, data_text5, is_information_collector, can_translate) VALUES (12,0,4,'user_account','User account','ezuser',1,1,3,0,0,0,0,0,0,0,0,'','','','',NULL,0,1);
INSERT INTO ezcontentclass_attribute (id, version, contentclass_id, identifier, name, data_type_string, is_searchable, is_required, placement, data_int1, data_int2, data_int3, data_int4, data_float1, data_float2, data_float3, data_float4, data_text1, data_text2, data_text3, data_text4, data_text5, is_information_collector, can_translate) VALUES (118,0,5,'image','Image','ezimage',0,0,3,2,0,0,0,0,0,0,0,'','','','',NULL,0,1);
INSERT INTO ezcontentclass_attribute (id, version, contentclass_id, identifier, name, data_type_string, is_searchable, is_required, placement, data_int1, data_int2, data_int3, data_int4, data_float1, data_float2, data_float3, data_float4, data_text1, data_text2, data_text3, data_text4, data_text5, is_information_collector, can_translate) VALUES (4,0,1,'name','Name','ezstring',1,1,1,255,0,0,0,0,0,0,0,'Folder','','','',NULL,0,1);
INSERT INTO ezcontentclass_attribute (id, version, contentclass_id, identifier, name, data_type_string, is_searchable, is_required, placement, data_int1, data_int2, data_int3, data_int4, data_float1, data_float2, data_float3, data_float4, data_text1, data_text2, data_text3, data_text4, data_text5, is_information_collector, can_translate) VALUES (122,0,2,'thumbnail','Thumbnail','ezimage',0,0,4,2,0,0,0,0,0,0,0,'','','','',NULL,0,1);
INSERT INTO ezcontentclass_attribute (id, version, contentclass_id, identifier, name, data_type_string, is_searchable, is_required, placement, data_int1, data_int2, data_int3, data_int4, data_float1, data_float2, data_float3, data_float4, data_text1, data_text2, data_text3, data_text4, data_text5, is_information_collector, can_translate) VALUES (121,0,2,'body','Body','ezxmltext',1,0,3,20,0,0,0,0,0,0,0,'','','','',NULL,0,1);
INSERT INTO ezcontentclass_attribute (id, version, contentclass_id, identifier, name, data_type_string, is_searchable, is_required, placement, data_int1, data_int2, data_int3, data_int4, data_float1, data_float2, data_float3, data_float4, data_text1, data_text2, data_text3, data_text4, data_text5, is_information_collector, can_translate) VALUES (120,0,2,'intro','Intro','ezxmltext',1,1,2,10,0,0,0,0,0,0,0,'','','','',NULL,0,1);
INSERT INTO ezcontentclass_attribute (id, version, contentclass_id, identifier, name, data_type_string, is_searchable, is_required, placement, data_int1, data_int2, data_int3, data_int4, data_float1, data_float2, data_float3, data_float4, data_text1, data_text2, data_text3, data_text4, data_text5, is_information_collector, can_translate) VALUES (1,0,2,'title','Title','ezstring',1,1,1,255,0,0,0,0,0,0,0,'New article','','','',NULL,0,1);
INSERT INTO ezcontentclass_attribute (id, version, contentclass_id, identifier, name, data_type_string, is_searchable, is_required, placement, data_int1, data_int2, data_int3, data_int4, data_float1, data_float2, data_float3, data_float4, data_text1, data_text2, data_text3, data_text4, data_text5, is_information_collector, can_translate) VALUES (117,0,5,'caption','Caption','ezxmltext',1,0,2,10,0,0,0,0,0,0,0,'','','','',NULL,0,1);
INSERT INTO ezcontentclass_attribute (id, version, contentclass_id, identifier, name, data_type_string, is_searchable, is_required, placement, data_int1, data_int2, data_int3, data_int4, data_float1, data_float2, data_float3, data_float4, data_text1, data_text2, data_text3, data_text4, data_text5, is_information_collector, can_translate) VALUES (8,0,4,'first_name','First name','ezstring',1,1,1,255,0,0,0,0,0,0,0,'','','','',NULL,0,1);
INSERT INTO ezcontentclass_attribute (id, version, contentclass_id, identifier, name, data_type_string, is_searchable, is_required, placement, data_int1, data_int2, data_int3, data_int4, data_float1, data_float2, data_float3, data_float4, data_text1, data_text2, data_text3, data_text4, data_text5, is_information_collector, can_translate) VALUES (127,0,7,'topic','Topic','ezstring',1,1,1,150,0,0,0,0,0,0,0,'New topic','','','',NULL,0,1);
INSERT INTO ezcontentclass_attribute (id, version, contentclass_id, identifier, name, data_type_string, is_searchable, is_required, placement, data_int1, data_int2, data_int3, data_int4, data_float1, data_float2, data_float3, data_float4, data_text1, data_text2, data_text3, data_text4, data_text5, is_information_collector, can_translate) VALUES (128,0,7,'message','Message','eztext',1,1,2,10,0,0,0,0,0,0,0,'','','','',NULL,0,1);
INSERT INTO ezcontentclass_attribute (id, version, contentclass_id, identifier, name, data_type_string, is_searchable, is_required, placement, data_int1, data_int2, data_int3, data_int4, data_float1, data_float2, data_float3, data_float4, data_text1, data_text2, data_text3, data_text4, data_text5, is_information_collector, can_translate) VALUES (126,0,6,'description','Description','ezxmltext',1,0,3,15,0,0,0,0,0,0,0,'','','','',NULL,0,1);
INSERT INTO ezcontentclass_attribute (id, version, contentclass_id, identifier, name, data_type_string, is_searchable, is_required, placement, data_int1, data_int2, data_int3, data_int4, data_float1, data_float2, data_float3, data_float4, data_text1, data_text2, data_text3, data_text4, data_text5, is_information_collector, can_translate) VALUES (125,0,6,'icon','Icon','ezimage',0,0,2,1,0,0,0,0,0,0,0,'','','','',NULL,0,1);
INSERT INTO ezcontentclass_attribute (id, version, contentclass_id, identifier, name, data_type_string, is_searchable, is_required, placement, data_int1, data_int2, data_int3, data_int4, data_float1, data_float2, data_float3, data_float4, data_text1, data_text2, data_text3, data_text4, data_text5, is_information_collector, can_translate) VALUES (124,0,6,'name','Name','ezstring',1,1,1,150,0,0,0,0,0,0,0,'','','','',NULL,0,1);
INSERT INTO ezcontentclass_attribute (id, version, contentclass_id, identifier, name, data_type_string, is_searchable, is_required, placement, data_int1, data_int2, data_int3, data_int4, data_float1, data_float2, data_float3, data_float4, data_text1, data_text2, data_text3, data_text4, data_text5, is_information_collector, can_translate) VALUES (134,0,8,'photo','Photo','ezimage',0,0,6,1,0,0,0,0,0,0,0,'','','','',NULL,0,1);
INSERT INTO ezcontentclass_attribute (id, version, contentclass_id, identifier, name, data_type_string, is_searchable, is_required, placement, data_int1, data_int2, data_int3, data_int4, data_float1, data_float2, data_float3, data_float4, data_text1, data_text2, data_text3, data_text4, data_text5, is_information_collector, can_translate) VALUES (133,0,8,'price','Price','ezprice',0,1,5,1,0,0,0,1,0,0,0,'','','','',NULL,0,1);
INSERT INTO ezcontentclass_attribute (id, version, contentclass_id, identifier, name, data_type_string, is_searchable, is_required, placement, data_int1, data_int2, data_int3, data_int4, data_float1, data_float2, data_float3, data_float4, data_text1, data_text2, data_text3, data_text4, data_text5, is_information_collector, can_translate) VALUES (132,0,8,'description','Description','ezxmltext',1,0,4,10,0,0,0,0,0,0,0,'','','','',NULL,0,1);
INSERT INTO ezcontentclass_attribute (id, version, contentclass_id, identifier, name, data_type_string, is_searchable, is_required, placement, data_int1, data_int2, data_int3, data_int4, data_float1, data_float2, data_float3, data_float4, data_text1, data_text2, data_text3, data_text4, data_text5, is_information_collector, can_translate) VALUES (131,0,8,'intro','Intro','ezxmltext',1,0,3,10,0,0,0,0,0,0,0,'','','','',NULL,0,1);
INSERT INTO ezcontentclass_attribute (id, version, contentclass_id, identifier, name, data_type_string, is_searchable, is_required, placement, data_int1, data_int2, data_int3, data_int4, data_float1, data_float2, data_float3, data_float4, data_text1, data_text2, data_text3, data_text4, data_text5, is_information_collector, can_translate) VALUES (130,0,8,'product_nr','Product nr.','ezstring',1,0,2,40,0,0,0,0,0,0,0,'','','','',NULL,0,1);
INSERT INTO ezcontentclass_attribute (id, version, contentclass_id, identifier, name, data_type_string, is_searchable, is_required, placement, data_int1, data_int2, data_int3, data_int4, data_float1, data_float2, data_float3, data_float4, data_text1, data_text2, data_text3, data_text4, data_text5, is_information_collector, can_translate) VALUES (129,0,8,'title','Title','ezstring',1,1,1,100,0,0,0,0,0,0,0,'','','','',NULL,0,1);
INSERT INTO ezcontentclass_attribute (id, version, contentclass_id, identifier, name, data_type_string, is_searchable, is_required, placement, data_int1, data_int2, data_int3, data_int4, data_float1, data_float2, data_float3, data_float4, data_text1, data_text2, data_text3, data_text4, data_text5, is_information_collector, can_translate) VALUES (139,0,9,'review','Review','ezxmltext',1,0,5,10,0,0,0,0,0,0,0,'','','','',NULL,0,1);
INSERT INTO ezcontentclass_attribute (id, version, contentclass_id, identifier, name, data_type_string, is_searchable, is_required, placement, data_int1, data_int2, data_int3, data_int4, data_float1, data_float2, data_float3, data_float4, data_text1, data_text2, data_text3, data_text4, data_text5, is_information_collector, can_translate) VALUES (138,0,9,'geography','Town, Country','ezstring',1,1,4,0,0,0,0,0,0,0,0,'','','','',NULL,0,1);
INSERT INTO ezcontentclass_attribute (id, version, contentclass_id, identifier, name, data_type_string, is_searchable, is_required, placement, data_int1, data_int2, data_int3, data_int4, data_float1, data_float2, data_float3, data_float4, data_text1, data_text2, data_text3, data_text4, data_text5, is_information_collector, can_translate) VALUES (137,0,9,'reviewer_name','Reviewer Name','ezstring',1,1,3,0,0,0,0,0,0,0,0,'','','','',NULL,0,1);
INSERT INTO ezcontentclass_attribute (id, version, contentclass_id, identifier, name, data_type_string, is_searchable, is_required, placement, data_int1, data_int2, data_int3, data_int4, data_float1, data_float2, data_float3, data_float4, data_text1, data_text2, data_text3, data_text4, data_text5, is_information_collector, can_translate) VALUES (136,0,9,'rating','Rating','ezenum',1,0,2,0,0,0,0,0,0,0,0,'','','','',NULL,0,1);
INSERT INTO ezcontentclass_attribute (id, version, contentclass_id, identifier, name, data_type_string, is_searchable, is_required, placement, data_int1, data_int2, data_int3, data_int4, data_float1, data_float2, data_float3, data_float4, data_text1, data_text2, data_text3, data_text4, data_text5, is_information_collector, can_translate) VALUES (135,0,9,'title','Title','ezstring',1,1,1,50,0,0,0,0,0,0,0,'','','','',NULL,0,1);
INSERT INTO ezcontentclass_attribute (id, version, contentclass_id, identifier, name, data_type_string, is_searchable, is_required, placement, data_int1, data_int2, data_int3, data_int4, data_float1, data_float2, data_float3, data_float4, data_text1, data_text2, data_text3, data_text4, data_text5, is_information_collector, can_translate) VALUES (142,0,10,'image','Image','ezimage',0,0,3,1,0,0,0,0,0,0,0,'','','','',NULL,0,1);
INSERT INTO ezcontentclass_attribute (id, version, contentclass_id, identifier, name, data_type_string, is_searchable, is_required, placement, data_int1, data_int2, data_int3, data_int4, data_float1, data_float2, data_float3, data_float4, data_text1, data_text2, data_text3, data_text4, data_text5, is_information_collector, can_translate) VALUES (141,0,10,'body','Body','ezxmltext',1,0,2,20,0,0,0,0,0,0,0,'','','','',NULL,0,1);
INSERT INTO ezcontentclass_attribute (id, version, contentclass_id, identifier, name, data_type_string, is_searchable, is_required, placement, data_int1, data_int2, data_int3, data_int4, data_float1, data_float2, data_float3, data_float4, data_text1, data_text2, data_text3, data_text4, data_text5, is_information_collector, can_translate) VALUES (140,0,10,'name','Name','ezstring',1,1,1,100,0,0,0,0,0,0,0,'','','','',NULL,0,1);
INSERT INTO ezcontentclass_attribute (id, version, contentclass_id, identifier, name, data_type_string, is_searchable, is_required, placement, data_int1, data_int2, data_int3, data_int4, data_float1, data_float2, data_float3, data_float4, data_text1, data_text2, data_text3, data_text4, data_text5, is_information_collector, can_translate) VALUES (146,0,12,'name','Name','ezstring',1,1,1,0,0,0,0,0,0,0,0,'New file','','','',NULL,0,1);
INSERT INTO ezcontentclass_attribute (id, version, contentclass_id, identifier, name, data_type_string, is_searchable, is_required, placement, data_int1, data_int2, data_int3, data_int4, data_float1, data_float2, data_float3, data_float4, data_text1, data_text2, data_text3, data_text4, data_text5, is_information_collector, can_translate) VALUES (148,0,12,'file','File','ezbinaryfile',0,1,3,0,0,0,0,0,0,0,0,'','','','',NULL,0,1);
INSERT INTO ezcontentclass_attribute (id, version, contentclass_id, identifier, name, data_type_string, is_searchable, is_required, placement, data_int1, data_int2, data_int3, data_int4, data_float1, data_float2, data_float3, data_float4, data_text1, data_text2, data_text3, data_text4, data_text5, is_information_collector, can_translate) VALUES (147,0,12,'description','Description','ezxmltext',1,0,2,10,0,0,0,0,0,0,0,'','','','',NULL,0,1);
INSERT INTO ezcontentclass_attribute (id, version, contentclass_id, identifier, name, data_type_string, is_searchable, is_required, placement, data_int1, data_int2, data_int3, data_int4, data_float1, data_float2, data_float3, data_float4, data_text1, data_text2, data_text3, data_text4, data_text5, is_information_collector, can_translate) VALUES (145,0,11,'link','Link','ezurl',0,0,3,0,0,0,0,0,0,0,0,'','','','',NULL,0,1);
INSERT INTO ezcontentclass_attribute (id, version, contentclass_id, identifier, name, data_type_string, is_searchable, is_required, placement, data_int1, data_int2, data_int3, data_int4, data_float1, data_float2, data_float3, data_float4, data_text1, data_text2, data_text3, data_text4, data_text5, is_information_collector, can_translate) VALUES (144,0,11,'description','Description','ezxmltext',1,0,2,10,0,0,0,0,0,0,0,'','','','',NULL,0,1);
INSERT INTO ezcontentclass_attribute (id, version, contentclass_id, identifier, name, data_type_string, is_searchable, is_required, placement, data_int1, data_int2, data_int3, data_int4, data_float1, data_float2, data_float3, data_float4, data_text1, data_text2, data_text3, data_text4, data_text5, is_information_collector, can_translate) VALUES (143,0,11,'title','Title','ezstring',1,1,1,100,0,0,0,0,0,0,0,'','','','',NULL,0,1);
INSERT INTO ezcontentclass_attribute (id, version, contentclass_id, identifier, name, data_type_string, is_searchable, is_required, placement, data_int1, data_int2, data_int3, data_int4, data_float1, data_float2, data_float3, data_float4, data_text1, data_text2, data_text3, data_text4, data_text5, is_information_collector, can_translate) VALUES (151,0,13,'message','Message','eztext',1,1,3,10,0,0,0,0,0,0,0,'','','','',NULL,0,1);
INSERT INTO ezcontentclass_attribute (id, version, contentclass_id, identifier, name, data_type_string, is_searchable, is_required, placement, data_int1, data_int2, data_int3, data_int4, data_float1, data_float2, data_float3, data_float4, data_text1, data_text2, data_text3, data_text4, data_text5, is_information_collector, can_translate) VALUES (150,0,13,'author','Author','ezstring',1,1,2,0,0,0,0,0,0,0,0,'','','','',NULL,0,1);
INSERT INTO ezcontentclass_attribute (id, version, contentclass_id, identifier, name, data_type_string, is_searchable, is_required, placement, data_int1, data_int2, data_int3, data_int4, data_float1, data_float2, data_float3, data_float4, data_text1, data_text2, data_text3, data_text4, data_text5, is_information_collector, can_translate) VALUES (149,0,13,'subject','Subject','ezstring',1,1,1,40,0,0,0,0,0,0,0,'','','','',NULL,0,1);





INSERT INTO ezcontentclass_classgroup (contentclass_id, contentclass_version, group_id, group_name) VALUES (1,0,1,'Content');
INSERT INTO ezcontentclass_classgroup (contentclass_id, contentclass_version, group_id, group_name) VALUES (2,0,1,'Content');
INSERT INTO ezcontentclass_classgroup (contentclass_id, contentclass_version, group_id, group_name) VALUES (4,0,2,'Content');
INSERT INTO ezcontentclass_classgroup (contentclass_id, contentclass_version, group_id, group_name) VALUES (5,0,3,'Media');
INSERT INTO ezcontentclass_classgroup (contentclass_id, contentclass_version, group_id, group_name) VALUES (3,0,2,'');
INSERT INTO ezcontentclass_classgroup (contentclass_id, contentclass_version, group_id, group_name) VALUES (6,0,1,'Content');
INSERT INTO ezcontentclass_classgroup (contentclass_id, contentclass_version, group_id, group_name) VALUES (7,0,1,'Content');
INSERT INTO ezcontentclass_classgroup (contentclass_id, contentclass_version, group_id, group_name) VALUES (8,0,1,'Content');
INSERT INTO ezcontentclass_classgroup (contentclass_id, contentclass_version, group_id, group_name) VALUES (9,0,1,'Content');
INSERT INTO ezcontentclass_classgroup (contentclass_id, contentclass_version, group_id, group_name) VALUES (10,0,1,'Content');
INSERT INTO ezcontentclass_classgroup (contentclass_id, contentclass_version, group_id, group_name) VALUES (11,0,1,'Content');
INSERT INTO ezcontentclass_classgroup (contentclass_id, contentclass_version, group_id, group_name) VALUES (12,0,3,'Media');
INSERT INTO ezcontentclass_classgroup (contentclass_id, contentclass_version, group_id, group_name) VALUES (13,0,1,'Content');





INSERT INTO ezcontentclassgroup (id, name, creator_id, modifier_id, created, modified) VALUES (1,'Content',1,14,1031216928,1033922106);
INSERT INTO ezcontentclassgroup (id, name, creator_id, modifier_id, created, modified) VALUES (2,'Users',1,14,1031216941,1033922113);
INSERT INTO ezcontentclassgroup (id, name, creator_id, modifier_id, created, modified) VALUES (3,'Media',8,14,1032009743,1033922120);





INSERT INTO ezcontentobject (id, owner_id, section_id, contentclass_id, name, current_version, is_published, published, modified, status, remote_id) VALUES (1,14,1,1,'Root folder',1,0,1033917596,1033917596,1,NULL);
INSERT INTO ezcontentobject (id, owner_id, section_id, contentclass_id, name, current_version, is_published, published, modified, status, remote_id) VALUES (4,14,2,3,'Users',1,0,1033917596,1033917596,1,NULL);
INSERT INTO ezcontentobject (id, owner_id, section_id, contentclass_id, name, current_version, is_published, published, modified, status, remote_id) VALUES (10,14,2,4,'Anonymous User',2,0,1033920665,1072180405,1,'');
INSERT INTO ezcontentobject (id, owner_id, section_id, contentclass_id, name, current_version, is_published, published, modified, status, remote_id) VALUES (11,14,2,3,'Guest accounts',1,0,1033920746,1033920746,1,NULL);
INSERT INTO ezcontentobject (id, owner_id, section_id, contentclass_id, name, current_version, is_published, published, modified, status, remote_id) VALUES (12,14,2,3,'Administrator users',1,0,1033920775,1033920775,1,NULL);
INSERT INTO ezcontentobject (id, owner_id, section_id, contentclass_id, name, current_version, is_published, published, modified, status, remote_id) VALUES (13,14,2,3,'Editors',1,0,1033920794,1033920794,1,NULL);
INSERT INTO ezcontentobject (id, owner_id, section_id, contentclass_id, name, current_version, is_published, published, modified, status, remote_id) VALUES (14,14,2,4,'Administrator User',1,0,1033920830,1033920830,1,NULL);
INSERT INTO ezcontentobject (id, owner_id, section_id, contentclass_id, name, current_version, is_published, published, modified, status, remote_id) VALUES (40,14,2,4,'test test',1,0,1053613020,1053613020,1,'');
INSERT INTO ezcontentobject (id, owner_id, section_id, contentclass_id, name, current_version, is_published, published, modified, status, remote_id) VALUES (41,14,3,1,'Media',1,0,1060695457,1060695457,1,'');
INSERT INTO ezcontentobject (id, owner_id, section_id, contentclass_id, name, current_version, is_published, published, modified, status, remote_id) VALUES (42,14,2,3,'Anonymous Users',1,0,1072180330,1072180330,1,'');





INSERT INTO ezcontentobject_attribute (id, language_code, version, contentobject_id, contentclassattribute_id, data_text, data_int, data_float, attribute_original_id, sort_key_int, sort_key_string, data_type_string) VALUES (1,'eng-GB',1,1,4,'Root folder',NULL,NULL,0,0,'','ezstring');
INSERT INTO ezcontentobject_attribute (id, language_code, version, contentobject_id, contentclassattribute_id, data_text, data_int, data_float, attribute_original_id, sort_key_int, sort_key_string, data_type_string) VALUES (2,'eng-GB',1,1,119,'<?xml version=\"1.0\"><section><paragraph>This folder contains some information about...</paragraph></section>',NULL,NULL,0,0,'','ezxmltext');
INSERT INTO ezcontentobject_attribute (id, language_code, version, contentobject_id, contentclassattribute_id, data_text, data_int, data_float, attribute_original_id, sort_key_int, sort_key_string, data_type_string) VALUES (7,'eng-GB',1,4,7,'Main group',NULL,NULL,0,0,'','ezstring');
INSERT INTO ezcontentobject_attribute (id, language_code, version, contentobject_id, contentclassattribute_id, data_text, data_int, data_float, attribute_original_id, sort_key_int, sort_key_string, data_type_string) VALUES (8,'eng-GB',1,4,6,'Users',NULL,NULL,0,0,'','ezstring');
INSERT INTO ezcontentobject_attribute (id, language_code, version, contentobject_id, contentclassattribute_id, data_text, data_int, data_float, attribute_original_id, sort_key_int, sort_key_string, data_type_string) VALUES (22,'eng-GB',1,11,6,'Guest accounts',0,0,0,0,'','ezstring');
INSERT INTO ezcontentobject_attribute (id, language_code, version, contentobject_id, contentclassattribute_id, data_text, data_int, data_float, attribute_original_id, sort_key_int, sort_key_string, data_type_string) VALUES (23,'eng-GB',1,11,7,'',0,0,0,0,'','ezstring');
INSERT INTO ezcontentobject_attribute (id, language_code, version, contentobject_id, contentclassattribute_id, data_text, data_int, data_float, attribute_original_id, sort_key_int, sort_key_string, data_type_string) VALUES (24,'eng-GB',1,12,6,'Administrator users',0,0,0,0,'','ezstring');
INSERT INTO ezcontentobject_attribute (id, language_code, version, contentobject_id, contentclassattribute_id, data_text, data_int, data_float, attribute_original_id, sort_key_int, sort_key_string, data_type_string) VALUES (25,'eng-GB',1,12,7,'',0,0,0,0,'','ezstring');
INSERT INTO ezcontentobject_attribute (id, language_code, version, contentobject_id, contentclassattribute_id, data_text, data_int, data_float, attribute_original_id, sort_key_int, sort_key_string, data_type_string) VALUES (26,'eng-GB',1,13,6,'Editors',0,0,0,0,'','ezstring');
INSERT INTO ezcontentobject_attribute (id, language_code, version, contentobject_id, contentclassattribute_id, data_text, data_int, data_float, attribute_original_id, sort_key_int, sort_key_string, data_type_string) VALUES (27,'eng-GB',1,13,7,'',0,0,0,0,'','ezstring');
INSERT INTO ezcontentobject_attribute (id, language_code, version, contentobject_id, contentclassattribute_id, data_text, data_int, data_float, attribute_original_id, sort_key_int, sort_key_string, data_type_string) VALUES (28,'eng-GB',1,14,8,'Administrator',0,0,0,0,'','ezstring');
INSERT INTO ezcontentobject_attribute (id, language_code, version, contentobject_id, contentclassattribute_id, data_text, data_int, data_float, attribute_original_id, sort_key_int, sort_key_string, data_type_string) VALUES (29,'eng-GB',1,14,9,'User',0,0,0,0,'','ezstring');
INSERT INTO ezcontentobject_attribute (id, language_code, version, contentobject_id, contentclassattribute_id, data_text, data_int, data_float, attribute_original_id, sort_key_int, sort_key_string, data_type_string) VALUES (30,'eng-GB',1,14,12,'',0,0,0,0,'','ezuser');
INSERT INTO ezcontentobject_attribute (id, language_code, version, contentobject_id, contentclassattribute_id, data_text, data_int, data_float, attribute_original_id, sort_key_int, sort_key_string, data_type_string) VALUES (95,'eng-GB',1,40,8,'test',0,0,0,0,'','ezstring');
INSERT INTO ezcontentobject_attribute (id, language_code, version, contentobject_id, contentclassattribute_id, data_text, data_int, data_float, attribute_original_id, sort_key_int, sort_key_string, data_type_string) VALUES (96,'eng-GB',1,40,9,'test',0,0,0,0,'','ezstring');
INSERT INTO ezcontentobject_attribute (id, language_code, version, contentobject_id, contentclassattribute_id, data_text, data_int, data_float, attribute_original_id, sort_key_int, sort_key_string, data_type_string) VALUES (97,'eng-GB',1,40,12,'',0,0,0,0,'','ezuser');
INSERT INTO ezcontentobject_attribute (id, language_code, version, contentobject_id, contentclassattribute_id, data_text, data_int, data_float, attribute_original_id, sort_key_int, sort_key_string, data_type_string) VALUES (98,'eng-GB',1,41,4,'Media',0,0,0,0,'','ezstring');
INSERT INTO ezcontentobject_attribute (id, language_code, version, contentobject_id, contentclassattribute_id, data_text, data_int, data_float, attribute_original_id, sort_key_int, sort_key_string, data_type_string) VALUES (99,'eng-GB',1,41,119,'<?xml version=\"1.0\" encoding=\"iso-8859-1\"?>\n<section xmlns:image=\"http://ez.no/namespaces/ezpublish3/image/\"\n         xmlns:xhtml=\"http://ez.no/namespaces/ezpublish3/xhtml/\"\n         xmlns:custom=\"http://ez.no/namespaces/ezpublish3/custom/\" />',1045487555,0,0,0,'','ezxmltext');
INSERT INTO ezcontentobject_attribute (id, language_code, version, contentobject_id, contentclassattribute_id, data_text, data_int, data_float, attribute_original_id, sort_key_int, sort_key_string, data_type_string) VALUES (100,'eng-GB',1,42,6,'Anonymous Users',0,0,0,0,'anonymous users','ezstring');
INSERT INTO ezcontentobject_attribute (id, language_code, version, contentobject_id, contentclassattribute_id, data_text, data_int, data_float, attribute_original_id, sort_key_int, sort_key_string, data_type_string) VALUES (101,'eng-GB',1,42,7,'User group for the anonymous user',0,0,0,0,'user group for the anonymous user','ezstring');
INSERT INTO ezcontentobject_attribute (id, language_code, version, contentobject_id, contentclassattribute_id, data_text, data_int, data_float, attribute_original_id, sort_key_int, sort_key_string, data_type_string) VALUES (19,'eng-GB',2,10,8,'Anonymous',0,0,0,0,'anonymous','ezstring');
INSERT INTO ezcontentobject_attribute (id, language_code, version, contentobject_id, contentclassattribute_id, data_text, data_int, data_float, attribute_original_id, sort_key_int, sort_key_string, data_type_string) VALUES (20,'eng-GB',2,10,9,'User',0,0,0,0,'user','ezstring');
INSERT INTO ezcontentobject_attribute (id, language_code, version, contentobject_id, contentclassattribute_id, data_text, data_int, data_float, attribute_original_id, sort_key_int, sort_key_string, data_type_string) VALUES (21,'eng-GB',2,10,12,'',0,0,0,0,'','ezuser');










INSERT INTO ezcontentobject_name (contentobject_id, name, content_version, content_translation, real_translation) VALUES (1,'Root folder',1,'eng-GB','eng-GB');
INSERT INTO ezcontentobject_name (contentobject_id, name, content_version, content_translation, real_translation) VALUES (4,'Users',1,'eng-GB','eng-GB');
INSERT INTO ezcontentobject_name (contentobject_id, name, content_version, content_translation, real_translation) VALUES (10,'Anonymous User',1,'eng-GB','eng-GB');
INSERT INTO ezcontentobject_name (contentobject_id, name, content_version, content_translation, real_translation) VALUES (11,'Guest accounts',1,'eng-GB','eng-GB');
INSERT INTO ezcontentobject_name (contentobject_id, name, content_version, content_translation, real_translation) VALUES (12,'Administrator users',1,'eng-GB','eng-GB');
INSERT INTO ezcontentobject_name (contentobject_id, name, content_version, content_translation, real_translation) VALUES (13,'Editors',1,'eng-GB','eng-GB');
INSERT INTO ezcontentobject_name (contentobject_id, name, content_version, content_translation, real_translation) VALUES (14,'Administrator User',1,'eng-GB','eng-GB');
INSERT INTO ezcontentobject_name (contentobject_id, name, content_version, content_translation, real_translation) VALUES (40,'test test',1,'eng-GB','eng-GB');
INSERT INTO ezcontentobject_name (contentobject_id, name, content_version, content_translation, real_translation) VALUES (41,'Media',1,'eng-GB','eng-GB');
INSERT INTO ezcontentobject_name (contentobject_id, name, content_version, content_translation, real_translation) VALUES (42,'Anonymous Users',1,'eng-GB','eng-GB');
INSERT INTO ezcontentobject_name (contentobject_id, name, content_version, content_translation, real_translation) VALUES (10,'Anonymous User',2,'eng-GB','eng-GB');





INSERT INTO ezcontentobject_tree (node_id, parent_node_id, contentobject_id, contentobject_version, contentobject_is_published, depth, path_string, sort_field, sort_order, priority, path_identification_string, main_node_id, modified_subnode) VALUES (1,1,0,1,1,0,'/1/',1,1,0,NULL,1,1072180405);
INSERT INTO ezcontentobject_tree (node_id, parent_node_id, contentobject_id, contentobject_version, contentobject_is_published, depth, path_string, sort_field, sort_order, priority, path_identification_string, main_node_id, modified_subnode) VALUES (2,1,1,1,1,1,'/1/2/',1,1,0,'',2,1033917596);
INSERT INTO ezcontentobject_tree (node_id, parent_node_id, contentobject_id, contentobject_version, contentobject_is_published, depth, path_string, sort_field, sort_order, priority, path_identification_string, main_node_id, modified_subnode) VALUES (5,1,4,1,0,1,'/1/5/',1,1,0,'users',5,1072180405);
INSERT INTO ezcontentobject_tree (node_id, parent_node_id, contentobject_id, contentobject_version, contentobject_is_published, depth, path_string, sort_field, sort_order, priority, path_identification_string, main_node_id, modified_subnode) VALUES (12,5,11,1,1,2,'/1/5/12/',1,1,0,'users/guest_accounts',12,1053613020);
INSERT INTO ezcontentobject_tree (node_id, parent_node_id, contentobject_id, contentobject_version, contentobject_is_published, depth, path_string, sort_field, sort_order, priority, path_identification_string, main_node_id, modified_subnode) VALUES (13,5,12,1,1,2,'/1/5/13/',1,1,0,'users/administrator_users',13,1033920830);
INSERT INTO ezcontentobject_tree (node_id, parent_node_id, contentobject_id, contentobject_version, contentobject_is_published, depth, path_string, sort_field, sort_order, priority, path_identification_string, main_node_id, modified_subnode) VALUES (14,5,13,1,1,2,'/1/5/14/',1,1,0,'users/editors',14,1033920794);
INSERT INTO ezcontentobject_tree (node_id, parent_node_id, contentobject_id, contentobject_version, contentobject_is_published, depth, path_string, sort_field, sort_order, priority, path_identification_string, main_node_id, modified_subnode) VALUES (15,13,14,1,1,3,'/1/5/13/15/',1,1,0,'users/administrator_users/administrator_user',15,1033920830);
INSERT INTO ezcontentobject_tree (node_id, parent_node_id, contentobject_id, contentobject_version, contentobject_is_published, depth, path_string, sort_field, sort_order, priority, path_identification_string, main_node_id, modified_subnode) VALUES (42,12,40,1,1,3,'/1/5/12/42/',9,1,0,'users/guest_accounts/test_test',42,1053613020);
INSERT INTO ezcontentobject_tree (node_id, parent_node_id, contentobject_id, contentobject_version, contentobject_is_published, depth, path_string, sort_field, sort_order, priority, path_identification_string, main_node_id, modified_subnode) VALUES (43,1,41,1,1,1,'/1/43/',9,1,0,'media',43,1060695457);
INSERT INTO ezcontentobject_tree (node_id, parent_node_id, contentobject_id, contentobject_version, contentobject_is_published, depth, path_string, sort_field, sort_order, priority, path_identification_string, main_node_id, modified_subnode) VALUES (44,5,42,1,1,2,'/1/5/44/',9,1,0,'users/anonymous_users',44,1072180405);
INSERT INTO ezcontentobject_tree (node_id, parent_node_id, contentobject_id, contentobject_version, contentobject_is_published, depth, path_string, sort_field, sort_order, priority, path_identification_string, main_node_id, modified_subnode) VALUES (45,44,10,2,1,3,'/1/5/44/45/',9,1,0,'users/anonymous_users/anonymous_user',45,1072180405);





INSERT INTO ezcontentobject_version (id, contentobject_id, creator_id, version, created, modified, status, workflow_event_pos, user_id) VALUES (1,1,14,1,1033919080,1033919080,1,1,0);
INSERT INTO ezcontentobject_version (id, contentobject_id, creator_id, version, created, modified, status, workflow_event_pos, user_id) VALUES (4,4,14,1,0,0,1,1,0);
INSERT INTO ezcontentobject_version (id, contentobject_id, creator_id, version, created, modified, status, workflow_event_pos, user_id) VALUES (439,11,14,1,1033920737,1033920746,1,0,0);
INSERT INTO ezcontentobject_version (id, contentobject_id, creator_id, version, created, modified, status, workflow_event_pos, user_id) VALUES (440,12,14,1,1033920760,1033920775,1,0,0);
INSERT INTO ezcontentobject_version (id, contentobject_id, creator_id, version, created, modified, status, workflow_event_pos, user_id) VALUES (441,13,14,1,1033920786,1033920794,1,0,0);
INSERT INTO ezcontentobject_version (id, contentobject_id, creator_id, version, created, modified, status, workflow_event_pos, user_id) VALUES (442,14,14,1,1033920808,1033920830,1,0,0);
INSERT INTO ezcontentobject_version (id, contentobject_id, creator_id, version, created, modified, status, workflow_event_pos, user_id) VALUES (471,40,14,1,1053613007,1053613020,1,0,0);
INSERT INTO ezcontentobject_version (id, contentobject_id, creator_id, version, created, modified, status, workflow_event_pos, user_id) VALUES (472,41,14,1,1060695450,1060695457,1,0,0);
INSERT INTO ezcontentobject_version (id, contentobject_id, creator_id, version, created, modified, status, workflow_event_pos, user_id) VALUES (473,42,14,1,1072180278,1072180330,1,0,0);
INSERT INTO ezcontentobject_version (id, contentobject_id, creator_id, version, created, modified, status, workflow_event_pos, user_id) VALUES (474,10,14,2,1072180337,1072180405,1,0,0);

























INSERT INTO ezenumvalue (id, contentclass_attribute_id, contentclass_attribute_version, enumelement, enumvalue, placement) VALUES (2,136,0,'Ok','3',2);
INSERT INTO ezenumvalue (id, contentclass_attribute_id, contentclass_attribute_version, enumelement, enumvalue, placement) VALUES (1,136,0,'Poor','2',1);
INSERT INTO ezenumvalue (id, contentclass_attribute_id, contentclass_attribute_version, enumelement, enumvalue, placement) VALUES (3,136,0,'Good','5',3);

































































INSERT INTO eznode_assignment (id, contentobject_id, contentobject_version, parent_node, sort_field, sort_order, is_main, from_node_id, remote_id) VALUES (2,1,1,1,1,1,1,0,0);
INSERT INTO eznode_assignment (id, contentobject_id, contentobject_version, parent_node, sort_field, sort_order, is_main, from_node_id, remote_id) VALUES (4,8,2,5,1,1,1,0,0);
INSERT INTO eznode_assignment (id, contentobject_id, contentobject_version, parent_node, sort_field, sort_order, is_main, from_node_id, remote_id) VALUES (5,42,1,5,9,1,1,0,0);
INSERT INTO eznode_assignment (id, contentobject_id, contentobject_version, parent_node, sort_field, sort_order, is_main, from_node_id, remote_id) VALUES (6,10,2,44,9,1,1,-1,0);
INSERT INTO eznode_assignment (id, contentobject_id, contentobject_version, parent_node, sort_field, sort_order, is_main, from_node_id, remote_id) VALUES (7,4,1,1,1,1,1,0,0);
INSERT INTO eznode_assignment (id, contentobject_id, contentobject_version, parent_node, sort_field, sort_order, is_main, from_node_id, remote_id) VALUES (8,12,1,5,1,1,1,0,0);
INSERT INTO eznode_assignment (id, contentobject_id, contentobject_version, parent_node, sort_field, sort_order, is_main, from_node_id, remote_id) VALUES (9,13,1,5,1,1,1,0,0);
INSERT INTO eznode_assignment (id, contentobject_id, contentobject_version, parent_node, sort_field, sort_order, is_main, from_node_id, remote_id) VALUES (10,14,1,13,1,1,1,0,0);
INSERT INTO eznode_assignment (id, contentobject_id, contentobject_version, parent_node, sort_field, sort_order, is_main, from_node_id, remote_id) VALUES (11,41,1,1,1,1,1,0,0);
INSERT INTO eznode_assignment (id, contentobject_id, contentobject_version, parent_node, sort_field, sort_order, is_main, from_node_id, remote_id) VALUES (12,11,1,5,1,1,1,0,0);








































INSERT INTO ezpolicy (id, role_id, function_name, module_name) VALUES (317,3,'*','content');
INSERT INTO ezpolicy (id, role_id, function_name, module_name) VALUES (308,2,'*','*');
INSERT INTO ezpolicy (id, role_id, function_name, module_name) VALUES (326,1,'read','content');
INSERT INTO ezpolicy (id, role_id, function_name, module_name) VALUES (325,1,'login','user');
INSERT INTO ezpolicy (id, role_id, function_name, module_name) VALUES (319,3,'login','user');





INSERT INTO ezpolicy_limitation (id, policy_id, identifier) VALUES (249,326,'Class');





INSERT INTO ezpolicy_limitation_value (id, limitation_id, value) VALUES (435,249,'1');
INSERT INTO ezpolicy_limitation_value (id, limitation_id, value) VALUES (436,249,'10');
INSERT INTO ezpolicy_limitation_value (id, limitation_id, value) VALUES (437,249,'10');
INSERT INTO ezpolicy_limitation_value (id, limitation_id, value) VALUES (438,249,'11');
INSERT INTO ezpolicy_limitation_value (id, limitation_id, value) VALUES (439,249,'11');
INSERT INTO ezpolicy_limitation_value (id, limitation_id, value) VALUES (440,249,'12');
INSERT INTO ezpolicy_limitation_value (id, limitation_id, value) VALUES (441,249,'12');
INSERT INTO ezpolicy_limitation_value (id, limitation_id, value) VALUES (442,249,'13');
INSERT INTO ezpolicy_limitation_value (id, limitation_id, value) VALUES (443,249,'13');
INSERT INTO ezpolicy_limitation_value (id, limitation_id, value) VALUES (444,249,'2');
INSERT INTO ezpolicy_limitation_value (id, limitation_id, value) VALUES (445,249,'2');
INSERT INTO ezpolicy_limitation_value (id, limitation_id, value) VALUES (446,249,'5');
INSERT INTO ezpolicy_limitation_value (id, limitation_id, value) VALUES (447,249,'5');
INSERT INTO ezpolicy_limitation_value (id, limitation_id, value) VALUES (448,249,'6');
INSERT INTO ezpolicy_limitation_value (id, limitation_id, value) VALUES (449,249,'6');
INSERT INTO ezpolicy_limitation_value (id, limitation_id, value) VALUES (450,249,'7');
INSERT INTO ezpolicy_limitation_value (id, limitation_id, value) VALUES (451,249,'7');
INSERT INTO ezpolicy_limitation_value (id, limitation_id, value) VALUES (452,249,'8');
INSERT INTO ezpolicy_limitation_value (id, limitation_id, value) VALUES (453,249,'8');
INSERT INTO ezpolicy_limitation_value (id, limitation_id, value) VALUES (454,249,'9');
INSERT INTO ezpolicy_limitation_value (id, limitation_id, value) VALUES (455,249,'9');

























INSERT INTO ezrole (id, version, name, value) VALUES (1,0,'Anonymous','');
INSERT INTO ezrole (id, version, name, value) VALUES (2,0,'Administrator','*');
INSERT INTO ezrole (id, version, name, value) VALUES (3,0,'Editor','');




















INSERT INTO ezsearch_object_word_link (id, contentobject_id, word_id, frequency, placement, prev_word_id, next_word_id, contentclass_id, published, section_id, contentclass_attribute_id, identifier, integer_value) VALUES (201,11,57,0,0,0,58,3,1033920746,2,6,'',0);
INSERT INTO ezsearch_object_word_link (id, contentobject_id, word_id, frequency, placement, prev_word_id, next_word_id, contentclass_id, published, section_id, contentclass_attribute_id, identifier, integer_value) VALUES (202,11,58,0,1,57,57,3,1033920746,2,6,'',0);
INSERT INTO ezsearch_object_word_link (id, contentobject_id, word_id, frequency, placement, prev_word_id, next_word_id, contentclass_id, published, section_id, contentclass_attribute_id, identifier, integer_value) VALUES (203,11,57,0,2,58,58,3,1033920746,2,6,'',0);
INSERT INTO ezsearch_object_word_link (id, contentobject_id, word_id, frequency, placement, prev_word_id, next_word_id, contentclass_id, published, section_id, contentclass_attribute_id, identifier, integer_value) VALUES (204,11,58,0,3,57,0,3,1033920746,2,6,'',0);
INSERT INTO ezsearch_object_word_link (id, contentobject_id, word_id, frequency, placement, prev_word_id, next_word_id, contentclass_id, published, section_id, contentclass_attribute_id, identifier, integer_value) VALUES (205,40,59,0,0,0,59,4,1053613020,2,8,'',0);
INSERT INTO ezsearch_object_word_link (id, contentobject_id, word_id, frequency, placement, prev_word_id, next_word_id, contentclass_id, published, section_id, contentclass_attribute_id, identifier, integer_value) VALUES (206,40,59,0,1,59,59,4,1053613020,2,8,'',0);
INSERT INTO ezsearch_object_word_link (id, contentobject_id, word_id, frequency, placement, prev_word_id, next_word_id, contentclass_id, published, section_id, contentclass_attribute_id, identifier, integer_value) VALUES (207,40,59,0,2,59,59,4,1053613020,2,9,'',0);
INSERT INTO ezsearch_object_word_link (id, contentobject_id, word_id, frequency, placement, prev_word_id, next_word_id, contentclass_id, published, section_id, contentclass_attribute_id, identifier, integer_value) VALUES (208,40,59,0,3,59,59,4,1053613020,2,9,'',0);
INSERT INTO ezsearch_object_word_link (id, contentobject_id, word_id, frequency, placement, prev_word_id, next_word_id, contentclass_id, published, section_id, contentclass_attribute_id, identifier, integer_value) VALUES (209,40,59,0,4,59,60,4,1053613020,2,12,'',0);
INSERT INTO ezsearch_object_word_link (id, contentobject_id, word_id, frequency, placement, prev_word_id, next_word_id, contentclass_id, published, section_id, contentclass_attribute_id, identifier, integer_value) VALUES (210,40,60,0,5,59,59,4,1053613020,2,12,'',0);
INSERT INTO ezsearch_object_word_link (id, contentobject_id, word_id, frequency, placement, prev_word_id, next_word_id, contentclass_id, published, section_id, contentclass_attribute_id, identifier, integer_value) VALUES (211,40,59,0,6,60,60,4,1053613020,2,12,'',0);
INSERT INTO ezsearch_object_word_link (id, contentobject_id, word_id, frequency, placement, prev_word_id, next_word_id, contentclass_id, published, section_id, contentclass_attribute_id, identifier, integer_value) VALUES (212,40,60,0,7,59,0,4,1053613020,2,12,'',0);
INSERT INTO ezsearch_object_word_link (id, contentobject_id, word_id, frequency, placement, prev_word_id, next_word_id, contentclass_id, published, section_id, contentclass_attribute_id, identifier, integer_value) VALUES (213,12,61,0,0,0,62,3,1033920775,2,6,'',0);
INSERT INTO ezsearch_object_word_link (id, contentobject_id, word_id, frequency, placement, prev_word_id, next_word_id, contentclass_id, published, section_id, contentclass_attribute_id, identifier, integer_value) VALUES (214,12,62,0,1,61,61,3,1033920775,2,6,'',0);
INSERT INTO ezsearch_object_word_link (id, contentobject_id, word_id, frequency, placement, prev_word_id, next_word_id, contentclass_id, published, section_id, contentclass_attribute_id, identifier, integer_value) VALUES (215,12,61,0,2,62,62,3,1033920775,2,6,'',0);
INSERT INTO ezsearch_object_word_link (id, contentobject_id, word_id, frequency, placement, prev_word_id, next_word_id, contentclass_id, published, section_id, contentclass_attribute_id, identifier, integer_value) VALUES (216,12,62,0,3,61,0,3,1033920775,2,6,'',0);
INSERT INTO ezsearch_object_word_link (id, contentobject_id, word_id, frequency, placement, prev_word_id, next_word_id, contentclass_id, published, section_id, contentclass_attribute_id, identifier, integer_value) VALUES (217,14,61,0,0,0,61,4,1033920830,2,8,'',0);
INSERT INTO ezsearch_object_word_link (id, contentobject_id, word_id, frequency, placement, prev_word_id, next_word_id, contentclass_id, published, section_id, contentclass_attribute_id, identifier, integer_value) VALUES (218,14,61,0,1,61,63,4,1033920830,2,8,'',0);
INSERT INTO ezsearch_object_word_link (id, contentobject_id, word_id, frequency, placement, prev_word_id, next_word_id, contentclass_id, published, section_id, contentclass_attribute_id, identifier, integer_value) VALUES (219,14,63,0,2,61,63,4,1033920830,2,9,'',0);
INSERT INTO ezsearch_object_word_link (id, contentobject_id, word_id, frequency, placement, prev_word_id, next_word_id, contentclass_id, published, section_id, contentclass_attribute_id, identifier, integer_value) VALUES (220,14,63,0,3,63,64,4,1033920830,2,9,'',0);
INSERT INTO ezsearch_object_word_link (id, contentobject_id, word_id, frequency, placement, prev_word_id, next_word_id, contentclass_id, published, section_id, contentclass_attribute_id, identifier, integer_value) VALUES (221,14,64,0,4,63,65,4,1033920830,2,12,'',0);
INSERT INTO ezsearch_object_word_link (id, contentobject_id, word_id, frequency, placement, prev_word_id, next_word_id, contentclass_id, published, section_id, contentclass_attribute_id, identifier, integer_value) VALUES (222,14,65,0,5,64,64,4,1033920830,2,12,'',0);
INSERT INTO ezsearch_object_word_link (id, contentobject_id, word_id, frequency, placement, prev_word_id, next_word_id, contentclass_id, published, section_id, contentclass_attribute_id, identifier, integer_value) VALUES (223,14,64,0,6,65,65,4,1033920830,2,12,'',0);
INSERT INTO ezsearch_object_word_link (id, contentobject_id, word_id, frequency, placement, prev_word_id, next_word_id, contentclass_id, published, section_id, contentclass_attribute_id, identifier, integer_value) VALUES (224,14,65,0,7,64,0,4,1033920830,2,12,'',0);
INSERT INTO ezsearch_object_word_link (id, contentobject_id, word_id, frequency, placement, prev_word_id, next_word_id, contentclass_id, published, section_id, contentclass_attribute_id, identifier, integer_value) VALUES (225,13,66,0,0,0,66,3,1033920794,2,6,'',0);
INSERT INTO ezsearch_object_word_link (id, contentobject_id, word_id, frequency, placement, prev_word_id, next_word_id, contentclass_id, published, section_id, contentclass_attribute_id, identifier, integer_value) VALUES (226,13,66,0,1,66,0,3,1033920794,2,6,'',0);
INSERT INTO ezsearch_object_word_link (id, contentobject_id, word_id, frequency, placement, prev_word_id, next_word_id, contentclass_id, published, section_id, contentclass_attribute_id, identifier, integer_value) VALUES (227,42,67,0,0,0,62,3,1072180330,2,6,'',0);
INSERT INTO ezsearch_object_word_link (id, contentobject_id, word_id, frequency, placement, prev_word_id, next_word_id, contentclass_id, published, section_id, contentclass_attribute_id, identifier, integer_value) VALUES (228,42,62,0,1,67,67,3,1072180330,2,6,'',0);
INSERT INTO ezsearch_object_word_link (id, contentobject_id, word_id, frequency, placement, prev_word_id, next_word_id, contentclass_id, published, section_id, contentclass_attribute_id, identifier, integer_value) VALUES (229,42,67,0,2,62,62,3,1072180330,2,6,'',0);
INSERT INTO ezsearch_object_word_link (id, contentobject_id, word_id, frequency, placement, prev_word_id, next_word_id, contentclass_id, published, section_id, contentclass_attribute_id, identifier, integer_value) VALUES (230,42,62,0,3,67,63,3,1072180330,2,6,'',0);
INSERT INTO ezsearch_object_word_link (id, contentobject_id, word_id, frequency, placement, prev_word_id, next_word_id, contentclass_id, published, section_id, contentclass_attribute_id, identifier, integer_value) VALUES (231,42,63,0,4,62,68,3,1072180330,2,7,'',0);
INSERT INTO ezsearch_object_word_link (id, contentobject_id, word_id, frequency, placement, prev_word_id, next_word_id, contentclass_id, published, section_id, contentclass_attribute_id, identifier, integer_value) VALUES (232,42,68,0,5,63,69,3,1072180330,2,7,'',0);
INSERT INTO ezsearch_object_word_link (id, contentobject_id, word_id, frequency, placement, prev_word_id, next_word_id, contentclass_id, published, section_id, contentclass_attribute_id, identifier, integer_value) VALUES (233,42,69,0,6,68,70,3,1072180330,2,7,'',0);
INSERT INTO ezsearch_object_word_link (id, contentobject_id, word_id, frequency, placement, prev_word_id, next_word_id, contentclass_id, published, section_id, contentclass_attribute_id, identifier, integer_value) VALUES (234,42,70,0,7,69,67,3,1072180330,2,7,'',0);
INSERT INTO ezsearch_object_word_link (id, contentobject_id, word_id, frequency, placement, prev_word_id, next_word_id, contentclass_id, published, section_id, contentclass_attribute_id, identifier, integer_value) VALUES (235,42,67,0,8,70,63,3,1072180330,2,7,'',0);
INSERT INTO ezsearch_object_word_link (id, contentobject_id, word_id, frequency, placement, prev_word_id, next_word_id, contentclass_id, published, section_id, contentclass_attribute_id, identifier, integer_value) VALUES (236,42,63,0,9,67,63,3,1072180330,2,7,'',0);
INSERT INTO ezsearch_object_word_link (id, contentobject_id, word_id, frequency, placement, prev_word_id, next_word_id, contentclass_id, published, section_id, contentclass_attribute_id, identifier, integer_value) VALUES (237,42,63,0,10,63,68,3,1072180330,2,7,'',0);
INSERT INTO ezsearch_object_word_link (id, contentobject_id, word_id, frequency, placement, prev_word_id, next_word_id, contentclass_id, published, section_id, contentclass_attribute_id, identifier, integer_value) VALUES (238,42,68,0,11,63,69,3,1072180330,2,7,'',0);
INSERT INTO ezsearch_object_word_link (id, contentobject_id, word_id, frequency, placement, prev_word_id, next_word_id, contentclass_id, published, section_id, contentclass_attribute_id, identifier, integer_value) VALUES (239,42,69,0,12,68,70,3,1072180330,2,7,'',0);
INSERT INTO ezsearch_object_word_link (id, contentobject_id, word_id, frequency, placement, prev_word_id, next_word_id, contentclass_id, published, section_id, contentclass_attribute_id, identifier, integer_value) VALUES (240,42,70,0,13,69,67,3,1072180330,2,7,'',0);
INSERT INTO ezsearch_object_word_link (id, contentobject_id, word_id, frequency, placement, prev_word_id, next_word_id, contentclass_id, published, section_id, contentclass_attribute_id, identifier, integer_value) VALUES (241,42,67,0,14,70,63,3,1072180330,2,7,'',0);
INSERT INTO ezsearch_object_word_link (id, contentobject_id, word_id, frequency, placement, prev_word_id, next_word_id, contentclass_id, published, section_id, contentclass_attribute_id, identifier, integer_value) VALUES (242,42,63,0,15,67,0,3,1072180330,2,7,'',0);
INSERT INTO ezsearch_object_word_link (id, contentobject_id, word_id, frequency, placement, prev_word_id, next_word_id, contentclass_id, published, section_id, contentclass_attribute_id, identifier, integer_value) VALUES (243,10,67,0,0,0,67,4,1033920665,2,8,'',0);
INSERT INTO ezsearch_object_word_link (id, contentobject_id, word_id, frequency, placement, prev_word_id, next_word_id, contentclass_id, published, section_id, contentclass_attribute_id, identifier, integer_value) VALUES (244,10,67,0,1,67,63,4,1033920665,2,8,'',0);
INSERT INTO ezsearch_object_word_link (id, contentobject_id, word_id, frequency, placement, prev_word_id, next_word_id, contentclass_id, published, section_id, contentclass_attribute_id, identifier, integer_value) VALUES (245,10,63,0,2,67,63,4,1033920665,2,9,'',0);
INSERT INTO ezsearch_object_word_link (id, contentobject_id, word_id, frequency, placement, prev_word_id, next_word_id, contentclass_id, published, section_id, contentclass_attribute_id, identifier, integer_value) VALUES (246,10,63,0,3,63,67,4,1033920665,2,9,'',0);
INSERT INTO ezsearch_object_word_link (id, contentobject_id, word_id, frequency, placement, prev_word_id, next_word_id, contentclass_id, published, section_id, contentclass_attribute_id, identifier, integer_value) VALUES (247,10,67,0,4,63,65,4,1033920665,2,12,'',0);
INSERT INTO ezsearch_object_word_link (id, contentobject_id, word_id, frequency, placement, prev_word_id, next_word_id, contentclass_id, published, section_id, contentclass_attribute_id, identifier, integer_value) VALUES (248,10,65,0,5,67,67,4,1033920665,2,12,'',0);
INSERT INTO ezsearch_object_word_link (id, contentobject_id, word_id, frequency, placement, prev_word_id, next_word_id, contentclass_id, published, section_id, contentclass_attribute_id, identifier, integer_value) VALUES (249,10,67,0,6,65,65,4,1033920665,2,12,'',0);
INSERT INTO ezsearch_object_word_link (id, contentobject_id, word_id, frequency, placement, prev_word_id, next_word_id, contentclass_id, published, section_id, contentclass_attribute_id, identifier, integer_value) VALUES (250,10,65,0,7,67,0,4,1033920665,2,12,'',0);















INSERT INTO ezsearch_word (id, word, object_count) VALUES (57,'guest',1);
INSERT INTO ezsearch_word (id, word, object_count) VALUES (58,'accounts',1);
INSERT INTO ezsearch_word (id, word, object_count) VALUES (59,'test',1);
INSERT INTO ezsearch_word (id, word, object_count) VALUES (60,'test@test.com',1);
INSERT INTO ezsearch_word (id, word, object_count) VALUES (61,'administrator',2);
INSERT INTO ezsearch_word (id, word, object_count) VALUES (62,'users',2);
INSERT INTO ezsearch_word (id, word, object_count) VALUES (63,'user',3);
INSERT INTO ezsearch_word (id, word, object_count) VALUES (64,'admin',1);
INSERT INTO ezsearch_word (id, word, object_count) VALUES (65,'nospam@ez.no',2);
INSERT INTO ezsearch_word (id, word, object_count) VALUES (66,'editors',1);
INSERT INTO ezsearch_word (id, word, object_count) VALUES (67,'anonymous',2);
INSERT INTO ezsearch_word (id, word, object_count) VALUES (68,'group',1);
INSERT INTO ezsearch_word (id, word, object_count) VALUES (69,'for',1);
INSERT INTO ezsearch_word (id, word, object_count) VALUES (70,'the',1);





INSERT INTO ezsection (id, name, locale, navigation_part_identifier) VALUES (1,'Standard section','nor-NO','ezcontentnavigationpart');
INSERT INTO ezsection (id, name, locale, navigation_part_identifier) VALUES (2,'Users','','ezusernavigationpart');
INSERT INTO ezsection (id, name, locale, navigation_part_identifier) VALUES (3,'Media','','ezmedianavigationpart');










INSERT INTO ezsite_data (name, value) VALUES ('ezpublish-version','3.4.0alpha1');
INSERT INTO ezsite_data (name, value) VALUES ('ezpublish-release','1');






























INSERT INTO ezurlalias (id, source_url, source_md5, destination_url, is_internal, forward_to_id, is_wildcard) VALUES (12,'','d41d8cd98f00b204e9800998ecf8427e','content/view/full/2',1,0,0);
INSERT INTO ezurlalias (id, source_url, source_md5, destination_url, is_internal, forward_to_id, is_wildcard) VALUES (13,'users','9bc65c2abec141778ffaa729489f3e87','content/view/full/5',1,0,0);
INSERT INTO ezurlalias (id, source_url, source_md5, destination_url, is_internal, forward_to_id, is_wildcard) VALUES (15,'users/guest_accounts','02d4e844e3a660857a3f81585995ffe1','content/view/full/12',1,0,0);
INSERT INTO ezurlalias (id, source_url, source_md5, destination_url, is_internal, forward_to_id, is_wildcard) VALUES (16,'users/administrator_users','1b1d79c16700fd6003ea7be233e754ba','content/view/full/13',1,0,0);
INSERT INTO ezurlalias (id, source_url, source_md5, destination_url, is_internal, forward_to_id, is_wildcard) VALUES (17,'users/editors','0bb9dd665c96bbc1cf36b79180786dea','content/view/full/14',1,0,0);
INSERT INTO ezurlalias (id, source_url, source_md5, destination_url, is_internal, forward_to_id, is_wildcard) VALUES (18,'users/administrator_users/administrator_user','f1305ac5f327a19b451d82719e0c3f5d','content/view/full/15',1,0,0);
INSERT INTO ezurlalias (id, source_url, source_md5, destination_url, is_internal, forward_to_id, is_wildcard) VALUES (19,'users/guest_accounts/test_test','27a1813763d43de613bf05c31df7a6ef','content/view/full/42',1,0,0);
INSERT INTO ezurlalias (id, source_url, source_md5, destination_url, is_internal, forward_to_id, is_wildcard) VALUES (20,'media','62933a2951ef01f4eafd9bdf4d3cd2f0','content/view/full/43',1,0,0);
INSERT INTO ezurlalias (id, source_url, source_md5, destination_url, is_internal, forward_to_id, is_wildcard) VALUES (21,'users/anonymous_users','3ae1aac958e1c82013689d917d34967a','content/view/full/44',1,0,0);
INSERT INTO ezurlalias (id, source_url, source_md5, destination_url, is_internal, forward_to_id, is_wildcard) VALUES (22,'users/anonymous_users/anonymous_user','aad93975f09371695ba08292fd9698db','content/view/full/45',1,0,0);





INSERT INTO ezuser (contentobject_id, login, email, password_hash_type, password_hash) VALUES (10,'anonymous','nospam@ez.no',2,'4e6f6184135228ccd45f8233d72a0363');
INSERT INTO ezuser (contentobject_id, login, email, password_hash_type, password_hash) VALUES (14,'admin','nospam@ez.no',2,'c78e3b0f3d9244ed8c6d1c29464bdff9');
INSERT INTO ezuser (contentobject_id, login, email, password_hash_type, password_hash) VALUES (40,'test','test@test.com',2,'be778b473235e210cc577056226536a4');















INSERT INTO ezuser_role (id, role_id, contentobject_id, limit_identifier, limit_value) VALUES (29,1,10,'','');
INSERT INTO ezuser_role (id, role_id, contentobject_id, limit_identifier, limit_value) VALUES (25,2,12,'','');
INSERT INTO ezuser_role (id, role_id, contentobject_id, limit_identifier, limit_value) VALUES (30,3,13,'','');
INSERT INTO ezuser_role (id, role_id, contentobject_id, limit_identifier, limit_value) VALUES (28,1,11,'','');





INSERT INTO ezuser_setting (user_id, is_enabled, max_login) VALUES (10,1,1000);
INSERT INTO ezuser_setting (user_id, is_enabled, max_login) VALUES (14,1,10);
INSERT INTO ezuser_setting (user_id, is_enabled, max_login) VALUES (23,1,0);
INSERT INTO ezuser_setting (user_id, is_enabled, max_login) VALUES (40,1,0);





INSERT INTO ezvattype (id, name, percentage) VALUES (1,'Std',0);



































INSERT INTO ezworkflow_group (id, name, creator_id, modifier_id, created, modified) VALUES (1,'Standard',14,14,1024392098,1024392098);





INSERT INTO ezworkflow_group_link (workflow_id, group_id, workflow_version, group_name) VALUES (1,1,0,'Standard');






