
--
-- TOC Entry ID 2 (OID 360391)
--
-- Name: ezworkflow_group_s Type: SEQUENCE Owner: sp
--

CREATE SEQUENCE "ezworkflow_group_s" start 1 increment 1 maxvalue 9223372036854775807 minvalue 1 cache 1;

--
-- TOC Entry ID 62 (OID 360393)
--
-- Name: ezworkflow_group Type: TABLE Owner: sp
--

CREATE TABLE "ezworkflow_group" (
	"id" integer DEFAULT nextval('ezworkflow_group'::text) NOT NULL,
	"name" character varying(255) NOT NULL,
	"creator_id" integer NOT NULL,
	"modifier_id" integer NOT NULL,
	"created" integer NOT NULL,
	"modified" integer NOT NULL,
	Constraint "ezworkflow_group_pkey" Primary Key ("id")
);

--
-- TOC Entry ID 63 (OID 360396)
--
-- Name: ezworkflow_group_link Type: TABLE Owner: sp
--

CREATE TABLE "ezworkflow_group_link" (
	"workflow_id" integer NOT NULL,
	"group_id" integer NOT NULL,
    'workflow_version' integer,
    'group_name' varchar(255),
	Constraint "ezworkflow_group_link_pkey" Primary Key ("workflow_id", "workflow_version", "group_id")
);

--
-- TOC Entry ID 4 (OID 360399)
--
-- Name: ezworkflow_s Type: SEQUENCE Owner: sp
--

CREATE SEQUENCE "ezworkflow_s" start 1 increment 1 maxvalue 9223372036854775807 minvalue 1 cache 1;

--
-- TOC Entry ID 64 (OID 360401)
--
-- Name: ezworkflow Type: TABLE Owner: sp
--

CREATE TABLE "ezworkflow" (
	"id" integer DEFAULT nextval('ezworkflow_s'::text) NOT NULL,
	"version" integer NOT NULL,
	"workflow_type_string" character varying(50) NOT NULL,
	"name" character varying(255) NOT NULL,
	"creator_id" integer NOT NULL,
	"modifier_id" integer NOT NULL,
	"created" integer NOT NULL,
	"modified" integer NOT NULL,
	Constraint "ezworkflow_pkey" Primary Key ("id", "version")
);

--
-- TOC Entry ID 6 (OID 360404)
--
-- Name: ezworkflow_assign_s Type: SEQUENCE Owner: sp
--

CREATE SEQUENCE "ezworkflow_assign_s" start 1 increment 1 maxvalue 9223372036854775807 minvalue 1 cache 1;

--
-- TOC Entry ID 65 (OID 360406)
--
-- Name: ezworkflow_assign Type: TABLE Owner: sp
--

CREATE TABLE "ezworkflow_assign" (
	"id" integer DEFAULT nextval('ezworkflow_assign_s'::text) NOT NULL,
	"workflow_id" integer NOT NULL,
	"node_id" integer NOT NULL,
	"access_type" integer NOT NULL,
	"as_tree" integer NOT NULL,
	Constraint "ezworkflow_assign_pkey" Primary Key ("id")
);

--
-- TOC Entry ID 8 (OID 360409)
--
-- Name: ezworkflow_event_s Type: SEQUENCE Owner: sp
--

CREATE SEQUENCE "ezworkflow_event_s" start 1 increment 1 maxvalue 9223372036854775807 minvalue 1 cache 1;

--
-- TOC Entry ID 66 (OID 360411)
--
-- Name: ezworkflow_event Type: TABLE Owner: sp
--

CREATE TABLE "ezworkflow_event" (
	"id" integer DEFAULT nextval('ezworkflow_event_s'::text) NOT NULL,
	"version" integer NOT NULL,
	"workflow_id" integer NOT NULL,
	"workflow_type_string" character varying(50) NOT NULL,
	"description" character varying(50) NOT NULL,
	"data_int1" integer,
	"data_int2" integer,
	"data_int3" integer,
	"data_int4" integer,
	"data_text1" character varying(50),
	"data_text2" character varying(50),
	"data_text3" character varying(50),
	"data_text4" character varying(50),
	"placement" integer NOT NULL,
	Constraint "ezworkflow_event_pkey" Primary Key ("id", "version")
);

--
-- TOC Entry ID 10 (OID 360414)
--
-- Name: ezworkflow_process_s Type: SEQUENCE Owner: sp
--

CREATE SEQUENCE "ezworkflow_process_s" start 1 increment 1 maxvalue 9223372036854775807 minvalue 1 cache 1;

--
-- TOC Entry ID 67 (OID 360416)
--
-- Name: ezworkflow_process Type: TABLE Owner: sp
--

CREATE TABLE "ezworkflow_process" (
	"id" integer DEFAULT nextval('ezworkflow_process_s'::text) NOT NULL,
	"workflow_id" integer NOT NULL,
	"user_id" integer NOT NULL,
	"content_id" integer NOT NULL,
	"content_version" integer NOT NULL,
    node_id integer NOT NULL default '0',
	"event_id" integer NOT NULL,
	"event_position" integer NOT NULL,
	"last_event_id" integer NOT NULL,
	"last_event_position" integer NOT NULL,
	"last_event_status" integer NOT NULL,
	"event_status" integer NOT NULL,
	"created" integer NOT NULL,
	"modified" integer NOT NULL,
	"activation_date" integer,
	Constraint "ezworkflow_process_pkey" Primary Key ("id")
);

--
-- TOC Entry ID 12 (OID 360419)
--
-- Name: ezcontentclass_s Type: SEQUENCE Owner: sp
--

CREATE SEQUENCE "ezcontentclass_s" start 1 increment 1 maxvalue 9223372036854775807 minvalue 1 cache 1;

--
-- TOC Entry ID 68 (OID 360421)
--
-- Name: ezcontentclass Type: TABLE Owner: sp
--

CREATE TABLE "ezcontentclass" (
	"id" integer DEFAULT nextval('ezcontentclass_s'::text) NOT NULL,
	"version" integer NOT NULL,
	"name" character varying(255),
	"identifier" character varying(50) NOT NULL,
	"contentobject_name" character varying(255),
	"creator_id" integer NOT NULL,
	"modifier_id" integer NOT NULL,
	"created" integer NOT NULL,
	"modified" integer NOT NULL,
	Constraint "ezcontentclass_pkey" Primary Key ("id", "version")
);

--
-- TOC Entry ID 14 (OID 360424)
--
-- Name: ezcontentclass_attribute_s Type: SEQUENCE Owner: sp
--

CREATE SEQUENCE "ezcontentclass_attribute_s" start 1 increment 1 maxvalue 9223372036854775807 minvalue 1 cache 1;

--
-- TOC Entry ID 69 (OID 360426)
--
-- Name: ezcontentclass_attribute Type: TABLE Owner: sp
--

CREATE TABLE "ezcontentclass_attribute" (
	"id" integer DEFAULT nextval('ezcontentclass_attribute_s'::text) NOT NULL,
	"version" integer NOT NULL,
	"contentclass_id" integer NOT NULL,
	"identifier" character varying(50) NOT NULL,
	"name" character varying(255) NOT NULL,
	"data_type_string" character varying(50) NOT NULL,
	"placement" integer NOT NULL,
	"is_searchable" smallint DEFAULT '0',
	"is_required" smallint DEFAULT '0',
	"data_int1" integer,
	"data_int2" integer,
	"data_int3" integer,
	"data_int4" integer,
	"data_float1" double precision,
	"data_float2" double precision,
	"data_float3" double precision,
	"data_float4" double precision,
	"data_text1" character varying(50),
	"data_text2" character varying(50),
	"data_text3" character varying(50),
	"data_text4" character varying(50),
	Constraint "ezcontentclass_attribute_pkey" Primary Key ("id", "version")
);

--
-- TOC Entry ID 16 (OID 360429)
--
-- Name: ezcontentobject_s Type: SEQUENCE Owner: sp
--

CREATE SEQUENCE "ezcontentobject_s" start 1 increment 1 maxvalue 9223372036854775807 minvalue 1 cache 1;

--
-- TOC Entry ID 70 (OID 360431)
--
-- Name: ezcontentobject Type: TABLE Owner: sp
--

CREATE TABLE "ezcontentobject" (
	"id" integer DEFAULT nextval('ezcontentobject_s'::text) NOT NULL,
	"parent_id" integer NOT NULL,
	"owner_id" integer DEFAULT '0' NOT NULL,
	"section_id" integer DEFAULT '0' NOT NULL,
	"main_node_id" integer NOT NULL,
	"contentclass_id" integer NOT NULL,
	"name" character varying(255),
	"current_version" integer,
	"is_published" integer,
	"permission_id" integer,
    "published" integer,
    "modified" integer,
	Constraint "ezcontentobject_pkey" Primary Key ("id")
);




--
-- TOC Entry ID 18 (OID 360434)
--
-- Name: ezcontentobject_link_s Type: SEQUENCE Owner: sp
--

CREATE SEQUENCE "ezcontentobject_link_s" start 1 increment 1 maxvalue 9223372036854775807 minvalue 1 cache 1;

--
-- TOC Entry ID 71 (OID 360436)
--
-- Name: ezcontentobject_link Type: TABLE Owner: sp
--

CREATE TABLE "ezcontentobject_link" (
	"id" integer DEFAULT nextval('ezcontentobject_link_s'::text) NOT NULL,
	"from_contentobject_id" integer NOT NULL,
	"from_contentobject_version" integer NOT NULL,
	"to_contentobject_id" integer,
	Constraint "ezcontentobject_link_pkey" Primary Key ("id")
);

--
-- TOC Entry ID 20 (OID 360439)
--
-- Name: ezcontentobject_version_s Type: SEQUENCE Owner: sp
--

CREATE SEQUENCE "ezcontentobject_version_s" start 1 increment 1 maxvalue 9223372036854775807 minvalue 1 cache 1;

--
-- TOC Entry ID 72 (OID 360441)
--
-- Name: ezcontentobject_version Type: TABLE Owner: sp
--

CREATE TABLE "ezcontentobject_version" (
	"id" integer DEFAULT nextval('ezcontentobject_version_s'::text) NOT NULL,
	"contentobject_id" integer,
	"creator_id" integer DEFAULT '0' NOT NULL,
	"version" integer DEFAULT '0' NOT NULL,
	"created" integer DEFAULT '0' NOT NULL,
	"modified" integer DEFAULT '0' NOT NULL,
	"status" integer DEFAULT '0' NOT NULL,
	"workflow_event_pos" integer DEFAULT '0' NOT NULL,
	"user_id" integer DEFAULT '0' NOT NULL,
	Constraint "ezcontentobject_version_pkey" Primary Key ("id")
);

--
-- TOC Entry ID 22 (OID 360444)
--
-- Name: ezcontentobject_attribute_s Type: SEQUENCE Owner: sp
--

CREATE SEQUENCE "ezcontentobject_attribute_s" start 1 increment 1 maxvalue 9223372036854775807 minvalue 1 cache 1;

--
-- TOC Entry ID 73 (OID 360446)
--
-- Name: ezcontentobject_attribute Type: TABLE Owner: sp
--

CREATE TABLE "ezcontentobject_attribute" (
	"id" integer DEFAULT nextval('ezcontentobject_attribute_s'::text) NOT NULL,
	"language_code" character varying(20) NOT NULL,
	"version" integer NOT NULL,
	"contentobject_id" integer NOT NULL,
	"contentclassattribute_id" integer NOT NULL,
	"data_text" text,
	"data_int" integer,
	"data_float" double precision,
	Constraint "ezcontentobject_attribute_pkey" Primary Key ("id", "version")
);

--
-- TOC Entry ID 24 (OID 360452)
--
-- Name: ezcontentobject_perm_set_s Type: SEQUENCE Owner: sp
--

CREATE SEQUENCE "ezcontentobject_perm_set_s" start 1 increment 1 maxvalue 9223372036854775807 minvalue 1 cache 1;

--
-- TOC Entry ID 74 (OID 360454)
--
-- Name: ezcontentobject_perm_set Type: TABLE Owner: sp
--

CREATE TABLE "ezcontentobject_perm_set" (
	"id" integer DEFAULT nextval('ezcontentobject_perm_set_s'::text) NOT NULL,
	"name" character varying(255),
	Constraint "ezcontentobject_perm_set_pkey" Primary Key ("id")
);

--
-- TOC Entry ID 75 (OID 360457)
--
-- Name: ezuser Type: TABLE Owner: sp
--

CREATE TABLE "ezuser" (
	"contentobject_id" integer NOT NULL,
	"login" character varying(150) NOT NULL,
	"email" character varying(150) NOT NULL,
	"password_hash_type" integer DEFAULT 1 NOT NULL,
	"password_hash" character varying(50)
);

--
-- TOC Entry ID 26 (OID 360459)
--
-- Name: ezsearch_object_word_link_s Type: SEQUENCE Owner: sp
--

CREATE SEQUENCE "ezsearch_object_word_link_s" start 1 increment 1 maxvalue 9223372036854775807 minvalue 1 cache 1;

--
-- TOC Entry ID 76 (OID 360461)
--
-- Name: ezsearch_object_word_link Type: TABLE Owner: sp
--

CREATE TABLE "ezsearch_object_word_link" (
	"id" integer DEFAULT nextval('ezsearch_object_word_link_s'::text) NOT NULL,
	"contentobject_id" integer NOT NULL,
	"word_id" integer NOT NULL,
	"frequency" double precision NOT NULL,
	"placement" integer NOT NULL,
	"prev_word_id" integer NOT NULL,
	"next_word_id" integer NOT NULL,
	"contentclass_id" integer NOT NULL,
	"contentclass_attribute_id" integer NOT NULL,
	Constraint "ezsearch_object_word_link_pkey" Primary Key ("id")
);

--
-- TOC Entry ID 28 (OID 360464)
--
-- Name: ezsearch_word_s Type: SEQUENCE Owner: sp
--

CREATE SEQUENCE "ezsearch_word_s" start 1 increment 1 maxvalue 9223372036854775807 minvalue 1 cache 1;

--
-- TOC Entry ID 77 (OID 360466)
--
-- Name: ezsearch_word Type: TABLE Owner: sp
--

CREATE TABLE "ezsearch_word" (
	"id" integer DEFAULT nextval('ezsearch_word_s'::text) NOT NULL,
	"word" character varying(150),
	"object_count" integer NOT NULL,
	Constraint "ezsearch_word_pkey" Primary Key ("id")
);

--
-- TOC Entry ID 30 (OID 360469)
--
-- Name: ezsearch_search_phrase_s Type: SEQUENCE Owner: sp
--

CREATE SEQUENCE "ezsearch_search_phrase_s" start 1 increment 1 maxvalue 9223372036854775807 minvalue 1 cache 1;

--
-- TOC Entry ID 78 (OID 360471)
--
-- Name: ezsearch_search_phrase Type: TABLE Owner: sp
--

CREATE TABLE "ezsearch_search_phrase" (
	"id" integer DEFAULT nextval('ezsearch_search_phrase_s'::text) NOT NULL,
	"phrase" character varying(250),
	Constraint "ezsearch_search_phrase_pkey" Primary Key ("id")
);

--
-- TOC Entry ID 32 (OID 360474)
--
-- Name: ezsearch_return_count_s Type: SEQUENCE Owner: sp
--

CREATE SEQUENCE "ezsearch_return_count_s" start 1 increment 1 maxvalue 9223372036854775807 minvalue 1 cache 1;

--
-- TOC Entry ID 79 (OID 360476)
--
-- Name: ezsearch_return_count Type: TABLE Owner: sp
--

CREATE TABLE "ezsearch_return_count" (
	"id" integer DEFAULT nextval('ezsearch_return_count_s'::text) NOT NULL,
	"phrase_id" integer NOT NULL,
	"time" integer NOT NULL,
	"count" integer NOT NULL,
	Constraint "ezsearch_return_count_pkey" Primary Key ("id")
);

--
-- TOC Entry ID 80 (OID 360479)
--
-- Name: ezimage Type: TABLE Owner: sp
--

CREATE TABLE "ezimage" (
	"contentobject_attribute_id" integer NOT NULL,
	"version" integer NOT NULL,
	"filename" character varying(255) NOT NULL,
	"original_filename" character varying(255) NOT NULL,
	"mime_type" character varying(50) NOT NULL,
	Constraint "ezimage_pkey" Primary Key ("contentobject_attribute_id", "version")
);

--
-- TOC Entry ID 81 (OID 360482)
--
-- Name: ezimagevariation Type: TABLE Owner: sp
--

CREATE TABLE "ezimagevariation" (
	"contentobject_attribute_id" integer NOT NULL,
	"version" integer NOT NULL,
	"filename" character varying(255) NOT NULL,
	"additional_path" character varying(255),
	"requested_width" integer NOT NULL,
	"requested_height" integer NOT NULL,
	"width" integer NOT NULL,
	"height" integer NOT NULL,
	Constraint "ezimagevariation_pkey" Primary Key ("contentobject_attribute_id", "version", "requested_width", "requested_height")
);

--
-- TOC Entry ID 82 (OID 360485)
--
-- Name: ezbinaryfile Type: TABLE Owner: sp
--

CREATE TABLE "ezbinaryfile" (
	"contentobject_attribute_id" integer NOT NULL,
	"version" integer NOT NULL,
	"filename" character varying(255) NOT NULL,
	"original_filename" character varying(255) NOT NULL,
	"mime_type" character varying(50) NOT NULL,
	Constraint "ezbinaryfile_pkey" Primary Key ("contentobject_attribute_id", "version")
);

--
-- TOC Entry ID 34 (OID 360488)
--
-- Name: ezenumvalue_s Type: SEQUENCE Owner: sp
--

CREATE SEQUENCE "ezenumvalue_s" start 1 increment 1 maxvalue 9223372036854775807 minvalue 1 cache 1;

--
-- TOC Entry ID 83 (OID 360490)
--
-- Name: ezenumvalue Type: TABLE Owner: sp
--

CREATE TABLE "ezenumvalue" (
	"id" integer DEFAULT nextval('ezenumvalue_s'::text) NOT NULL,
	"contentclass_attribute_id" integer NOT NULL,
	"contentclass_attribute_version" integer NOT NULL,
	"enumelement" character varying(50) NOT NULL,
	"enumvalue" character varying(50) NOT NULL,
	"placement" integer NOT NULL,
	Constraint "ezenumvalue_pkey" Primary Key ("id", "contentclass_attribute_id", "contentclass_attribute_version")
);

--
-- TOC Entry ID 84 (OID 360493)
--
-- Name: ezenumobjectvalue Type: TABLE Owner: sp
--

CREATE TABLE "ezenumobjectvalue" (
	"contentobject_attribute_id" integer NOT NULL,
	"contentobject_attribute_version" integer NOT NULL,
	"enumid" integer NOT NULL,
	"enumelement" character varying(50) NOT NULL,
	"enumvalue" character varying(50) NOT NULL,
	Constraint "ezenumobjectvalue_pkey" Primary Key ("contentobject_attribute_id", "contentobject_attribute_version", "enumid")
);

--
-- TOC Entry ID 36 (OID 360496)
--
-- Name: ezcontentclassgroup_s Type: SEQUENCE Owner: sp
--

CREATE SEQUENCE "ezcontentclassgroup_s" start 1 increment 1 maxvalue 9223372036854775807 minvalue 1 cache 1;

--
-- TOC Entry ID 85 (OID 360498)
--
-- Name: ezcontentclassgroup Type: TABLE Owner: sp
--

CREATE TABLE "ezcontentclassgroup" (
	"id" integer DEFAULT nextval('ezcontentclassgroup_s'::text) NOT NULL,
	"name" character varying(255),
	"creator_id" integer NOT NULL,
	"modifier_id" integer NOT NULL,
	"created" integer NOT NULL,
	"modified" integer NOT NULL,
	Constraint "ezcontentclassgroup_pkey" Primary Key ("id")
);

--
-- TOC Entry ID 86 (OID 360501)
--
-- Name: ezcontentclass_classgroup Type: TABLE Owner: sp
--

CREATE TABLE "ezcontentclass_classgroup" (
	"contentclass_id" integer NOT NULL,
	"contentclass_version" integer NOT NULL,
	"group_id" integer NOT NULL,
	"group_name" character varying(255),
	Constraint "ezcontentclass_classgroup_pkey" Primary Key ("contentclass_id", "contentclass_version", "group_id")
);

--
-- TOC Entry ID 38 (OID 360504)
--
-- Name: ezproductcollection_s Type: SEQUENCE Owner: sp
--

CREATE SEQUENCE "ezproductcollection_s" start 1 increment 1 maxvalue 9223372036854775807 minvalue 1 cache 1;

--
-- TOC Entry ID 87 (OID 360506)
--
-- Name: ezproductcollection Type: TABLE Owner: sp
--

CREATE TABLE "ezproductcollection" (
	"id" integer DEFAULT nextval('ezproductcollection_s'::text) NOT NULL,
	Constraint "ezproductcollection_pkey" Primary Key ("id")
);

--
-- TOC Entry ID 40 (OID 360509)
--
-- Name: ezproductcollection_item_s Type: SEQUENCE Owner: sp
--

CREATE SEQUENCE "ezproductcollection_item_s" start 1 increment 1 maxvalue 9223372036854775807 minvalue 1 cache 1;

--
-- TOC Entry ID 88 (OID 360511)
--
-- Name: ezproductcollection_item Type: TABLE Owner: sp
--

CREATE TABLE "ezproductcollection_item" (
	"id" integer DEFAULT nextval('ezproductcollection_item_s'::text) NOT NULL,
	"productcollection_id" integer NOT NULL,
	"contentobject_id" integer NOT NULL,
	"item_count" integer NOT NULL,
	"price_is_inc_vat" integer NOT NULL,
	"price" integer NOT NULL,
	Constraint "ezproductcollection_item_pkey" Primary Key ("id")
);

--
-- TOC Entry ID 42 (OID 360514)
--
-- Name: ezbasket_s Type: SEQUENCE Owner: sp
--

CREATE SEQUENCE "ezbasket_s" start 1 increment 1 maxvalue 9223372036854775807 minvalue 1 cache 1;

--
-- TOC Entry ID 89 (OID 360516)
--
-- Name: ezbasket Type: TABLE Owner: sp
--

CREATE TABLE "ezbasket" (
	"id" integer DEFAULT nextval('ezbasket_s'::text) NOT NULL,
	"session_id" character varying(255) NOT NULL,
	"productcollection_id" integer NOT NULL,
	Constraint "ezbasket_pkey" Primary Key ("id")
);

--
-- TOC Entry ID 44 (OID 360519)
--
-- Name: ezorder_s Type: SEQUENCE Owner: sp
--

CREATE SEQUENCE "ezorder_s" start 1 increment 1 maxvalue 9223372036854775807 minvalue 1 cache 1;

--
-- TOC Entry ID 90 (OID 360521)
--
-- Name: ezorder Type: TABLE Owner: sp
--

CREATE TABLE "ezorder" (
	"id" integer DEFAULT nextval('ezorder_s'::text) NOT NULL,
	"user_id" integer NOT NULL,
	"productcollection_id" integer NOT NULL,
	"created" integer NOT NULL,
	Constraint "ezorder_pkey" Primary Key ("id")
);

--
-- TOC Entry ID 46 (OID 360524)
--
-- Name: ezwishlist_s Type: SEQUENCE Owner: sp
--

CREATE SEQUENCE "ezwishlist_s" start 1 increment 1 maxvalue 9223372036854775807 minvalue 1 cache 1;

--
-- TOC Entry ID 91 (OID 360526)
--
-- Name: ezwishlist Type: TABLE Owner: sp
--

CREATE TABLE "ezwishlist" (
	"id" integer DEFAULT nextval('ezwishlist_s'::text) NOT NULL,
	"user_id" integer NOT NULL,
	"productcollection_id" integer NOT NULL,
	Constraint "ezwishlist_pkey" Primary Key ("id")
);

--
-- TOC Entry ID 92 (OID 360529)
--
-- Name: ezsession Type: TABLE Owner: sp
--

CREATE TABLE "ezsession" (
	"session_key" character(32) NOT NULL,
	"expiration_time" integer NOT NULL,
	"data" text NOT NULL,
	Constraint "ezsession_pkey" Primary Key ("session_key")
);

--
-- TOC Entry ID 48 (OID 360535)
--
-- Name: ezsection_s Type: SEQUENCE Owner: sp
--

CREATE SEQUENCE "ezsection_s" start 1 increment 1 maxvalue 9223372036854775807 minvalue 1 cache 1;

--
-- TOC Entry ID 93 (OID 360537)
--
-- Name: ezsection Type: TABLE Owner: sp
--

CREATE TABLE "ezsection" (
	"id" integer DEFAULT nextval('ezsection_s'::text) NOT NULL,
	"name" character varying(255),
	"locale" character varying(255),
	Constraint "ezsection_pkey" Primary Key ("id")
);

--
-- TOC Entry ID 50 (OID 360540)
--
-- Name: ezcontentobject_tree_s Type: SEQUENCE Owner: sp
--

CREATE SEQUENCE "ezcontentobject_tree_s" start 1 increment 1 maxvalue 9223372036854775807 minvalue 1 cache 1;

--
-- TOC Entry ID 94 (OID 360542)
--
-- Name: ezcontentobject_tree Type: TABLE Owner: sp
--

CREATE TABLE "ezcontentobject_tree" (
	"node_id" integer DEFAULT nextval('ezcontentobject_tree_s'::text) NOT NULL,
	"parent_node_id" integer NOT NULL,
	"contentobject_id" integer,
	"contentobject_version" integer,
	"contentobject_is_published" integer,
	"crc32_path" integer,
	"depth" integer NOT NULL,
	"path_string" character varying(255) NOT NULL,
	"md5_path" character varying(15),
	"left_margin" integer NOT NULL,
	"right_margin" integer NOT NULL,
	Constraint "ezcontentobject_tree_pkey" Primary Key ("node_id")
);

--
-- TOC Entry ID 52 (OID 360545)
--
-- Name: ezrole_s Type: SEQUENCE Owner: sp
--

CREATE SEQUENCE "ezrole_s" start 1 increment 1 maxvalue 9223372036854775807 minvalue 1 cache 1;

--
-- TOC Entry ID 95 (OID 360547)
--
-- Name: ezrole Type: TABLE Owner: sp
--

CREATE TABLE "ezrole" (
	"id" integer DEFAULT nextval('ezrole_s'::text) NOT NULL,
	"version" integer DEFAULT '0',
	"name" character varying NOT NULL,
	"value" character(1),
	Constraint "ezrole_pkey" Primary Key ("id")
);

--
-- TOC Entry ID 54 (OID 360553)
--
-- Name: ezuser_role_s Type: SEQUENCE Owner: sp
--

CREATE SEQUENCE "ezuser_role_s" start 1 increment 1 maxvalue 9223372036854775807 minvalue 1 cache 1;

--
-- TOC Entry ID 96 (OID 360555)
--
-- Name: ezuser_role Type: TABLE Owner: sp
--

CREATE TABLE "ezuser_role" (
	"id" integer DEFAULT nextval('ezuser_role_s'::text) NOT NULL,
	"role_id" integer,
	"contentobject_id" integer,
	Constraint "ezuser_role_pkey" Primary Key ("id")
);

--
-- TOC Entry ID 56 (OID 360558)
--
-- Name: ezpolicy_s Type: SEQUENCE Owner: sp
--

CREATE SEQUENCE "ezpolicy_s" start 1 increment 1 maxvalue 9223372036854775807 minvalue 1 cache 1;

--
-- TOC Entry ID 97 (OID 360560)
--
-- Name: ezpolicy Type: TABLE Owner: sp
--

CREATE TABLE "ezpolicy" (
	"id" integer DEFAULT nextval('ezpolicy_s'::text) NOT NULL,
	"role_id" integer,
	"function_name" character varying,
	"module_name" character varying,
	"limitation" character(1),
	Constraint "ezpolicy_pkey" Primary Key ("id")
);

--
-- TOC Entry ID 58 (OID 360566)
--
-- Name: ezpolicy_limitation_s Type: SEQUENCE Owner: sp
--

CREATE SEQUENCE "ezpolicy_limitation_s" start 1 increment 1 maxvalue 9223372036854775807 minvalue 1 cache 1;

--
-- TOC Entry ID 98 (OID 360568)
--
-- Name: ezpolicy_limitation Type: TABLE Owner: sp
--

CREATE TABLE "ezpolicy_limitation" (
	"id" integer DEFAULT nextval('ezpolicy_limitation_s'::text) NOT NULL,
	"policy_id" integer,
	"identifier" character varying NOT NULL,
	"role_id" integer,
	"function_name" character varying,
	"module_name" character varying,
	Constraint "ezpolicy_limitation_pkey" Primary Key ("id")
);

--
-- TOC Entry ID 60 (OID 360574)
--
-- Name: ezpolicy_limitation_value_s Type: SEQUENCE Owner: sp
--

CREATE SEQUENCE "ezpolicy_limitation_value_s" start 1 increment 1 maxvalue 9223372036854775807 minvalue 1 cache 1;

--
-- TOC Entry ID 99 (OID 360576)
--
-- Name: ezpolicy_limitation_value Type: TABLE Owner: sp
--

CREATE TABLE "ezpolicy_limitation_value" (
	"id" integer DEFAULT nextval('ezpolicy_limitation_value_s'::text) NOT NULL,
	"limitation_id" integer,
	"value" integer,
	Constraint "ezpolicy_limitation_value_pkey" Primary Key ("id")
);

--
-- Data for TOC Entry ID 112 (OID 360393)
--
-- Name: ezworkflow_group Type: TABLE DATA Owner: sp
--


INSERT INTO "ezworkflow_group" ("id","name","creator_id","modifier_id","created","modified") VALUES (1,'Standard',-1,-1,1024392098,1024392098);
INSERT INTO "ezworkflow_group" ("id","name","creator_id","modifier_id","created","modified") VALUES (2,'Custom',-1,-1,1024392098,1024392098);
--
-- Data for TOC Entry ID 113 (OID 360396)
--
-- Name: ezworkflow_group_link Type: TABLE DATA Owner: sp
--


INSERT INTO "ezworkflow_group_link" ("workflow_id","group_id") VALUES (1,1);
INSERT INTO "ezworkflow_group_link" ("workflow_id","group_id") VALUES (2,1);
INSERT INTO "ezworkflow_group_link" ("workflow_id","group_id") VALUES (3,2);
INSERT INTO "ezworkflow_group_link" ("workflow_id","group_id") VALUES (3,1);
--
-- Data for TOC Entry ID 114 (OID 360401)
--
-- Name: ezworkflow Type: TABLE DATA Owner: sp
--


INSERT INTO "ezworkflow" ("id","version","workflow_type_string","name","creator_id","modifier_id","created","modified") VALUES (1,0,'group_ezserial','Publish',-1,-1,1024392098,1024392098);
INSERT INTO "ezworkflow" ("id","version","workflow_type_string","name","creator_id","modifier_id","created","modified") VALUES (2,0,'group_ezserial','Editor approval',-1,-1,1024392098,1024392098);
INSERT INTO "ezworkflow" ("id","version","workflow_type_string","name","creator_id","modifier_id","created","modified") VALUES (3,0,'group_ezserial','Advanced approval',-1,-1,1024392098,1024392098);
--
-- Data for TOC Entry ID 115 (OID 360406)
--
-- Name: ezworkflow_assign Type: TABLE DATA Owner: sp
--


--
-- Data for TOC Entry ID 116 (OID 360411)
--
-- Name: ezworkflow_event Type: TABLE DATA Owner: sp
--


INSERT INTO "ezworkflow_event" ("id","version","workflow_id","workflow_type_string","description","data_int1","data_int2","data_int3","data_int4","data_text1","data_text2","data_text3","data_text4","placement") VALUES (1,0,1,'event_ezpublish','Publish object',NULL,NULL,NULL,NULL,NULL,NULL,NULL,NULL,1);
INSERT INTO "ezworkflow_event" ("id","version","workflow_id","workflow_type_string","description","data_int1","data_int2","data_int3","data_int4","data_text1","data_text2","data_text3","data_text4","placement") VALUES (2,0,2,'event_ezapprove','Approve by editor',NULL,NULL,NULL,NULL,NULL,NULL,NULL,NULL,1);
INSERT INTO "ezworkflow_event" ("id","version","workflow_id","workflow_type_string","description","data_int1","data_int2","data_int3","data_int4","data_text1","data_text2","data_text3","data_text4","placement") VALUES (3,0,2,'event_ezmessage','Send message to editor',NULL,NULL,NULL,NULL,NULL,NULL,NULL,NULL,2);
INSERT INTO "ezworkflow_event" ("id","version","workflow_id","workflow_type_string","description","data_int1","data_int2","data_int3","data_int4","data_text1","data_text2","data_text3","data_text4","placement") VALUES (4,0,3,'event_ezmessage','Send first message',NULL,NULL,NULL,NULL,'First test message from event',NULL,NULL,NULL,1);
INSERT INTO "ezworkflow_event" ("id","version","workflow_id","workflow_type_string","description","data_int1","data_int2","data_int3","data_int4","data_text1","data_text2","data_text3","data_text4","placement") VALUES (5,0,3,'event_ezapprove','Approve by editor',NULL,NULL,NULL,NULL,NULL,NULL,NULL,NULL,2);
INSERT INTO "ezworkflow_event" ("id","version","workflow_id","workflow_type_string","description","data_int1","data_int2","data_int3","data_int4","data_text1","data_text2","data_text3","data_text4","placement") VALUES (6,0,3,'event_ezpublish','Unpublish',0,NULL,NULL,NULL,NULL,NULL,NULL,NULL,3);
INSERT INTO "ezworkflow_event" ("id","version","workflow_id","workflow_type_string","description","data_int1","data_int2","data_int3","data_int4","data_text1","data_text2","data_text3","data_text4","placement") VALUES (7,0,3,'event_ezmessage','Send second message',NULL,NULL,NULL,NULL,'Some text',NULL,NULL,NULL,4);
INSERT INTO "ezworkflow_event" ("id","version","workflow_id","workflow_type_string","description","data_int1","data_int2","data_int3","data_int4","data_text1","data_text2","data_text3","data_text4","placement") VALUES (8,0,3,'event_ezpublish','Publish',1,NULL,NULL,NULL,NULL,NULL,NULL,NULL,5);
--
-- Data for TOC Entry ID 117 (OID 360416)
--
-- Name: ezworkflow_process Type: TABLE DATA Owner: sp
--


--
-- Data for TOC Entry ID 118 (OID 360421)
--
-- Name: ezcontentclass Type: TABLE DATA Owner: sp
--


INSERT INTO "ezcontentclass" ("id","version","name","identifier","contentobject_name","creator_id","modifier_id","created","modified") VALUES (1,0,'Folder','folder','<name>',-1,1,1024392098,1031316687);
INSERT INTO "ezcontentclass" ("id","version","name","identifier","contentobject_name","creator_id","modifier_id","created","modified") VALUES (4,0,'User','user','<first_name> <last_name>',-1,1,1024392098,1031316928);
INSERT INTO "ezcontentclass" ("id","version","name","identifier","contentobject_name","creator_id","modifier_id","created","modified") VALUES (3,0,'User group','user_group','<name>',-1,1,1024392098,1031316963);
INSERT INTO "ezcontentclass" ("id","version","name","identifier","contentobject_name","creator_id","modifier_id","created","modified") VALUES (5,0,'Simple product','simple_product','<name>',1,1,1031316986,1031317615);
INSERT INTO "ezcontentclass" ("id","version","name","identifier","contentobject_name","creator_id","modifier_id","created","modified") VALUES (2,0,'Article','article','<title>',-1,8,1024392098,1031318125);
--
-- Data for TOC Entry ID 119 (OID 360426)
--
-- Name: ezcontentclass_attribute Type: TABLE DATA Owner: sp
--


INSERT INTO "ezcontentclass_attribute" ("id","version","contentclass_id","identifier","name","data_type_string","placement","is_searchable","is_required","data_int1","data_int2","data_int3","data_int4","data_float1","data_float2","data_float3","data_float4","data_text1","data_text2","data_text3","data_text4") VALUES (4,0,1,'name','Name','ezstring',1,1,0,255,0,0,0,0,0,0,0,'Folder','','','');
INSERT INTO "ezcontentclass_attribute" ("id","version","contentclass_id","identifier","name","data_type_string","placement","is_searchable","is_required","data_int1","data_int2","data_int3","data_int4","data_float1","data_float2","data_float3","data_float4","data_text1","data_text2","data_text3","data_text4") VALUES (5,0,1,'description','Description','ezstring',2,1,0,255,0,0,0,0,0,0,0,'','','','');
INSERT INTO "ezcontentclass_attribute" ("id","version","contentclass_id","identifier","name","data_type_string","placement","is_searchable","is_required","data_int1","data_int2","data_int3","data_int4","data_float1","data_float2","data_float3","data_float4","data_text1","data_text2","data_text3","data_text4") VALUES (8,0,4,'first_name','First name','ezstring',1,0,0,255,0,0,0,0,0,0,0,'','','','');
INSERT INTO "ezcontentclass_attribute" ("id","version","contentclass_id","identifier","name","data_type_string","placement","is_searchable","is_required","data_int1","data_int2","data_int3","data_int4","data_float1","data_float2","data_float3","data_float4","data_text1","data_text2","data_text3","data_text4") VALUES (9,0,4,'last_name','Last name','ezstring',2,0,0,255,0,0,0,0,0,0,0,'','','','');
INSERT INTO "ezcontentclass_attribute" ("id","version","contentclass_id","identifier","name","data_type_string","placement","is_searchable","is_required","data_int1","data_int2","data_int3","data_int4","data_float1","data_float2","data_float3","data_float4","data_text1","data_text2","data_text3","data_text4") VALUES (10,0,4,'user_account','User account','ezuser',3,1,0,0,0,0,0,0,0,0,0,'','','','');
INSERT INTO "ezcontentclass_attribute" ("id","version","contentclass_id","identifier","name","data_type_string","placement","is_searchable","is_required","data_int1","data_int2","data_int3","data_int4","data_float1","data_float2","data_float3","data_float4","data_text1","data_text2","data_text3","data_text4") VALUES (6,0,3,'name','Name','ezstring',1,0,0,255,0,0,0,0,0,0,0,'','','','');
INSERT INTO "ezcontentclass_attribute" ("id","version","contentclass_id","identifier","name","data_type_string","placement","is_searchable","is_required","data_int1","data_int2","data_int3","data_int4","data_float1","data_float2","data_float3","data_float4","data_text1","data_text2","data_text3","data_text4") VALUES (7,0,3,'description','Description','ezstring',2,0,0,255,0,0,0,0,0,0,0,'','','','');
INSERT INTO "ezcontentclass_attribute" ("id","version","contentclass_id","identifier","name","data_type_string","placement","is_searchable","is_required","data_int1","data_int2","data_int3","data_int4","data_float1","data_float2","data_float3","data_float4","data_text1","data_text2","data_text3","data_text4") VALUES (11,0,5,'name','Name','ezstring',1,1,0,255,0,0,0,0,0,0,0,'','','','');
INSERT INTO "ezcontentclass_attribute" ("id","version","contentclass_id","identifier","name","data_type_string","placement","is_searchable","is_required","data_int1","data_int2","data_int3","data_int4","data_float1","data_float2","data_float3","data_float4","data_text1","data_text2","data_text3","data_text4") VALUES (12,0,5,'description','Description','ezstring',2,1,0,255,0,0,0,0,0,0,0,'','','','');
INSERT INTO "ezcontentclass_attribute" ("id","version","contentclass_id","identifier","name","data_type_string","placement","is_searchable","is_required","data_int1","data_int2","data_int3","data_int4","data_float1","data_float2","data_float3","data_float4","data_text1","data_text2","data_text3","data_text4") VALUES (13,0,5,'price','Price','ezprice',3,1,0,0,0,0,0,0,0,0,0,'','','','');
INSERT INTO "ezcontentclass_attribute" ("id","version","contentclass_id","identifier","name","data_type_string","placement","is_searchable","is_required","data_int1","data_int2","data_int3","data_int4","data_float1","data_float2","data_float3","data_float4","data_text1","data_text2","data_text3","data_text4") VALUES (1,0,2,'title','Title','ezstring',1,1,0,255,0,0,0,0,0,0,0,'New Article','','','');
INSERT INTO "ezcontentclass_attribute" ("id","version","contentclass_id","identifier","name","data_type_string","placement","is_searchable","is_required","data_int1","data_int2","data_int3","data_int4","data_float1","data_float2","data_float3","data_float4","data_text1","data_text2","data_text3","data_text4") VALUES (2,0,2,'intro','Intro','ezstring',2,1,0,255,0,0,0,0,0,0,0,'','','','');
INSERT INTO "ezcontentclass_attribute" ("id","version","contentclass_id","identifier","name","data_type_string","placement","is_searchable","is_required","data_int1","data_int2","data_int3","data_int4","data_float1","data_float2","data_float3","data_float4","data_text1","data_text2","data_text3","data_text4") VALUES (3,0,2,'integer','Integer text','ezinteger',3,1,0,1,100,1,3,0,0,0,0,'','','','');
--
-- Data for TOC Entry ID 120 (OID 360431)
--
-- Name: ezcontentobject Type: TABLE DATA Owner: sp
--


INSERT INTO "ezcontentobject" ("id","parent_id","owner_id","section_id","main_node_id","contentclass_id","name","current_version","is_published","permission_id") VALUES (4,0,0,0,5,3,'Main User Group',1,NULL,1);
INSERT INTO "ezcontentobject" ("id","parent_id","owner_id","section_id","main_node_id","contentclass_id","name","current_version","is_published","permission_id") VALUES (1,0,0,1,2,1,'Top level folder',1,NULL,1);
INSERT INTO "ezcontentobject" ("id","parent_id","owner_id","section_id","main_node_id","contentclass_id","name","current_version","is_published","permission_id") VALUES (8,1,1,0,8,4,'Sp SP',1,0,1);
INSERT INTO "ezcontentobject" ("id","parent_id","owner_id","section_id","main_node_id","contentclass_id","name","current_version","is_published","permission_id") VALUES (10,1,8,1,10,1,'News',1,0,1);
INSERT INTO "ezcontentobject" ("id","parent_id","owner_id","section_id","main_node_id","contentclass_id","name","current_version","is_published","permission_id") VALUES (11,1,8,1,11,1,'Products',1,0,1);
INSERT INTO "ezcontentobject" ("id","parent_id","owner_id","section_id","main_node_id","contentclass_id","name","current_version","is_published","permission_id") VALUES (9,1,8,1,9,2,'First Test Article FOO',5,0,1);
INSERT INTO "ezcontentobject" ("id","parent_id","owner_id","section_id","main_node_id","contentclass_id","name","current_version","is_published","permission_id") VALUES (12,1,8,1,12,2,'eZ Publish 3.0 ',1,0,1);
INSERT INTO "ezcontentobject" ("id","parent_id","owner_id","section_id","main_node_id","contentclass_id","name","current_version","is_published","permission_id") VALUES (13,1,8,1,13,2,'eZ Publish 3.0 delayed',1,0,1);
INSERT INTO "ezcontentobject" ("id","parent_id","owner_id","section_id","main_node_id","contentclass_id","name","current_version","is_published","permission_id") VALUES (14,1,8,1,14,5,'Book 1',1,0,1);
INSERT INTO "ezcontentobject" ("id","parent_id","owner_id","section_id","main_node_id","contentclass_id","name","current_version","is_published","permission_id") VALUES (15,1,8,1,15,5,'Book 2',1,0,1);
INSERT INTO "ezcontentobject" ("id","parent_id","owner_id","section_id","main_node_id","contentclass_id","name","current_version","is_published","permission_id") VALUES (16,1,8,0,16,3,'Content editors',1,0,1);
INSERT INTO "ezcontentobject" ("id","parent_id","owner_id","section_id","main_node_id","contentclass_id","name","current_version","is_published","permission_id") VALUES (17,1,8,0,17,4,'bf bf',1,0,1);
--
-- Data for TOC Entry ID 121 (OID 360436)
--
-- Name: ezcontentobject_link Type: TABLE DATA Owner: sp
--


--
-- Data for TOC Entry ID 122 (OID 360441)
--
-- Name: ezcontentobject_version Type: TABLE DATA Owner: sp
--


INSERT INTO "ezcontentobject_version" ("id","contentobject_id","creator_id","version","created","modified","status","workflow_event_pos","user_id") VALUES (1,1,0,1,0,0,1,1,0);
INSERT INTO "ezcontentobject_version" ("id","contentobject_id","creator_id","version","created","modified","status","workflow_event_pos","user_id") VALUES (4,4,0,1,0,0,1,1,0);
INSERT INTO "ezcontentobject_version" ("id","contentobject_id","creator_id","version","created","modified","status","workflow_event_pos","user_id") VALUES (8,8,1,1,1031317714,1031317741,0,0,0);
INSERT INTO "ezcontentobject_version" ("id","contentobject_id","creator_id","version","created","modified","status","workflow_event_pos","user_id") VALUES (9,9,8,1,1031317978,1031318018,0,0,0);
INSERT INTO "ezcontentobject_version" ("id","contentobject_id","creator_id","version","created","modified","status","workflow_event_pos","user_id") VALUES (10,10,8,1,1031318029,1031318046,0,0,0);
INSERT INTO "ezcontentobject_version" ("id","contentobject_id","creator_id","version","created","modified","status","workflow_event_pos","user_id") VALUES (11,11,8,1,1031318058,1031318086,0,0,0);
INSERT INTO "ezcontentobject_version" ("id","contentobject_id","creator_id","version","created","modified","status","workflow_event_pos","user_id") VALUES (12,9,8,2,1031318135,1031318153,0,0,0);
INSERT INTO "ezcontentobject_version" ("id","contentobject_id","creator_id","version","created","modified","status","workflow_event_pos","user_id") VALUES (13,9,8,3,1031318179,1031318189,0,0,0);
INSERT INTO "ezcontentobject_version" ("id","contentobject_id","creator_id","version","created","modified","status","workflow_event_pos","user_id") VALUES (14,9,8,4,1031318198,1031318209,0,0,0);
INSERT INTO "ezcontentobject_version" ("id","contentobject_id","creator_id","version","created","modified","status","workflow_event_pos","user_id") VALUES (15,9,8,5,1031318217,1031318222,0,0,0);
INSERT INTO "ezcontentobject_version" ("id","contentobject_id","creator_id","version","created","modified","status","workflow_event_pos","user_id") VALUES (16,12,8,1,1031318261,1031318373,0,0,0);
INSERT INTO "ezcontentobject_version" ("id","contentobject_id","creator_id","version","created","modified","status","workflow_event_pos","user_id") VALUES (17,13,8,1,1031318395,1031318420,0,0,0);
INSERT INTO "ezcontentobject_version" ("id","contentobject_id","creator_id","version","created","modified","status","workflow_event_pos","user_id") VALUES (18,14,8,1,1031318462,1031318485,0,0,0);
INSERT INTO "ezcontentobject_version" ("id","contentobject_id","creator_id","version","created","modified","status","workflow_event_pos","user_id") VALUES (19,15,8,1,1031318532,1031318553,0,0,0);
INSERT INTO "ezcontentobject_version" ("id","contentobject_id","creator_id","version","created","modified","status","workflow_event_pos","user_id") VALUES (20,16,8,1,1031318614,1031318632,0,0,0);
INSERT INTO "ezcontentobject_version" ("id","contentobject_id","creator_id","version","created","modified","status","workflow_event_pos","user_id") VALUES (21,17,8,1,1031318664,1031318680,0,0,0);
--
-- Data for TOC Entry ID 123 (OID 360446)
--
-- Name: ezcontentobject_attribute Type: TABLE DATA Owner: sp
--


INSERT INTO "ezcontentobject_attribute" ("id","language_code","version","contentobject_id","contentclassattribute_id","data_text","data_int","data_float") VALUES (1,'en_GB',1,1,4,'My folder',NULL,NULL);
INSERT INTO "ezcontentobject_attribute" ("id","language_code","version","contentobject_id","contentclassattribute_id","data_text","data_int","data_float") VALUES (2,'en_GB',1,1,5,'This folder contains some information about...',NULL,NULL);
INSERT INTO "ezcontentobject_attribute" ("id","language_code","version","contentobject_id","contentclassattribute_id","data_text","data_int","data_float") VALUES (7,'en_GB',1,4,5,'Main group',NULL,NULL);
INSERT INTO "ezcontentobject_attribute" ("id","language_code","version","contentobject_id","contentclassattribute_id","data_text","data_int","data_float") VALUES (8,'en_GB',1,4,6,'This is the master users',NULL,NULL);
INSERT INTO "ezcontentobject_attribute" ("id","language_code","version","contentobject_id","contentclassattribute_id","data_text","data_int","data_float") VALUES (13,'en_GB',1,8,8,'Sp',0,0);
INSERT INTO "ezcontentobject_attribute" ("id","language_code","version","contentobject_id","contentclassattribute_id","data_text","data_int","data_float") VALUES (14,'en_GB',1,8,9,'SP',0,0);
INSERT INTO "ezcontentobject_attribute" ("id","language_code","version","contentobject_id","contentclassattribute_id","data_text","data_int","data_float") VALUES (15,'en_GB',1,8,10,'',0,0);
INSERT INTO "ezcontentobject_attribute" ("id","language_code","version","contentobject_id","contentclassattribute_id","data_text","data_int","data_float") VALUES (16,'en_GB',1,9,1,'Test Article',0,0);
INSERT INTO "ezcontentobject_attribute" ("id","language_code","version","contentobject_id","contentclassattribute_id","data_text","data_int","data_float") VALUES (17,'en_GB',1,9,2,'First test article',0,0);
INSERT INTO "ezcontentobject_attribute" ("id","language_code","version","contentobject_id","contentclassattribute_id","data_text","data_int","data_float") VALUES (18,'en_GB',1,9,3,'',3,0);
INSERT INTO "ezcontentobject_attribute" ("id","language_code","version","contentobject_id","contentclassattribute_id","data_text","data_int","data_float") VALUES (19,'en_GB',1,10,4,'News',0,0);
INSERT INTO "ezcontentobject_attribute" ("id","language_code","version","contentobject_id","contentclassattribute_id","data_text","data_int","data_float") VALUES (20,'en_GB',1,10,5,'Just news',0,0);
INSERT INTO "ezcontentobject_attribute" ("id","language_code","version","contentobject_id","contentclassattribute_id","data_text","data_int","data_float") VALUES (21,'en_GB',1,11,4,'Products',0,0);
INSERT INTO "ezcontentobject_attribute" ("id","language_code","version","contentobject_id","contentclassattribute_id","data_text","data_int","data_float") VALUES (22,'en_GB',1,11,5,'Products',0,0);
INSERT INTO "ezcontentobject_attribute" ("id","language_code","version","contentobject_id","contentclassattribute_id","data_text","data_int","data_float") VALUES (16,'en_GB',2,9,1,'First Test Article',0,0);
INSERT INTO "ezcontentobject_attribute" ("id","language_code","version","contentobject_id","contentclassattribute_id","data_text","data_int","data_float") VALUES (17,'en_GB',2,9,2,'First test article',0,0);
INSERT INTO "ezcontentobject_attribute" ("id","language_code","version","contentobject_id","contentclassattribute_id","data_text","data_int","data_float") VALUES (18,'en_GB',2,9,3,'',3,0);
INSERT INTO "ezcontentobject_attribute" ("id","language_code","version","contentobject_id","contentclassattribute_id","data_text","data_int","data_float") VALUES (16,'en_GB',3,9,1,'First Test Article',0,0);
INSERT INTO "ezcontentobject_attribute" ("id","language_code","version","contentobject_id","contentclassattribute_id","data_text","data_int","data_float") VALUES (17,'en_GB',3,9,2,'First test article',0,0);
INSERT INTO "ezcontentobject_attribute" ("id","language_code","version","contentobject_id","contentclassattribute_id","data_text","data_int","data_float") VALUES (18,'en_GB',3,9,3,'',3,0);
INSERT INTO "ezcontentobject_attribute" ("id","language_code","version","contentobject_id","contentclassattribute_id","data_text","data_int","data_float") VALUES (16,'en_GB',4,9,1,'First Test Article FOO',0,0);
INSERT INTO "ezcontentobject_attribute" ("id","language_code","version","contentobject_id","contentclassattribute_id","data_text","data_int","data_float") VALUES (17,'en_GB',4,9,2,'First test article',0,0);
INSERT INTO "ezcontentobject_attribute" ("id","language_code","version","contentobject_id","contentclassattribute_id","data_text","data_int","data_float") VALUES (18,'en_GB',4,9,3,'',3,0);
INSERT INTO "ezcontentobject_attribute" ("id","language_code","version","contentobject_id","contentclassattribute_id","data_text","data_int","data_float") VALUES (16,'en_GB',5,9,1,'First Test Article FOO',0,0);
INSERT INTO "ezcontentobject_attribute" ("id","language_code","version","contentobject_id","contentclassattribute_id","data_text","data_int","data_float") VALUES (17,'en_GB',5,9,2,'First test article',0,0);
INSERT INTO "ezcontentobject_attribute" ("id","language_code","version","contentobject_id","contentclassattribute_id","data_text","data_int","data_float") VALUES (18,'en_GB',5,9,3,'',3,0);
INSERT INTO "ezcontentobject_attribute" ("id","language_code","version","contentobject_id","contentclassattribute_id","data_text","data_int","data_float") VALUES (23,'en_GB',1,12,1,'eZ Publish 3.0 ',0,0);
INSERT INTO "ezcontentobject_attribute" ("id","language_code","version","contentobject_id","contentclassattribute_id","data_text","data_int","data_float") VALUES (24,'en_GB',1,12,2,'eZ Publish 3.0 will come soon',0,0);
INSERT INTO "ezcontentobject_attribute" ("id","language_code","version","contentobject_id","contentclassattribute_id","data_text","data_int","data_float") VALUES (25,'en_GB',1,12,3,'',10,0);
INSERT INTO "ezcontentobject_attribute" ("id","language_code","version","contentobject_id","contentclassattribute_id","data_text","data_int","data_float") VALUES (26,'en_GB',1,13,1,'eZ Publish 3.0 delayed',0,0);
INSERT INTO "ezcontentobject_attribute" ("id","language_code","version","contentobject_id","contentclassattribute_id","data_text","data_int","data_float") VALUES (27,'en_GB',1,13,2,'eZ Publish 3.0 delayed',0,0);
INSERT INTO "ezcontentobject_attribute" ("id","language_code","version","contentobject_id","contentclassattribute_id","data_text","data_int","data_float") VALUES (28,'en_GB',1,13,3,'',15,0);
INSERT INTO "ezcontentobject_attribute" ("id","language_code","version","contentobject_id","contentclassattribute_id","data_text","data_int","data_float") VALUES (29,'en_GB',1,14,11,'Book 1',0,0);
INSERT INTO "ezcontentobject_attribute" ("id","language_code","version","contentobject_id","contentclassattribute_id","data_text","data_int","data_float") VALUES (30,'en_GB',1,14,12,'Cool book',0,0);
INSERT INTO "ezcontentobject_attribute" ("id","language_code","version","contentobject_id","contentclassattribute_id","data_text","data_int","data_float") VALUES (31,'en_GB',1,14,13,'',0,100);
INSERT INTO "ezcontentobject_attribute" ("id","language_code","version","contentobject_id","contentclassattribute_id","data_text","data_int","data_float") VALUES (32,'en_GB',1,15,11,'Book 2',0,0);
INSERT INTO "ezcontentobject_attribute" ("id","language_code","version","contentobject_id","contentclassattribute_id","data_text","data_int","data_float") VALUES (33,'en_GB',1,15,12,'Another cool book',0,0);
INSERT INTO "ezcontentobject_attribute" ("id","language_code","version","contentobject_id","contentclassattribute_id","data_text","data_int","data_float") VALUES (34,'en_GB',1,15,13,'',0,150);
INSERT INTO "ezcontentobject_attribute" ("id","language_code","version","contentobject_id","contentclassattribute_id","data_text","data_int","data_float") VALUES (35,'en_GB',1,16,6,'Content editors',0,0);
INSERT INTO "ezcontentobject_attribute" ("id","language_code","version","contentobject_id","contentclassattribute_id","data_text","data_int","data_float") VALUES (36,'en_GB',1,16,7,'Editors',0,0);
INSERT INTO "ezcontentobject_attribute" ("id","language_code","version","contentobject_id","contentclassattribute_id","data_text","data_int","data_float") VALUES (37,'en_GB',1,17,8,'bf',0,0);
INSERT INTO "ezcontentobject_attribute" ("id","language_code","version","contentobject_id","contentclassattribute_id","data_text","data_int","data_float") VALUES (38,'en_GB',1,17,9,'bf',0,0);
INSERT INTO "ezcontentobject_attribute" ("id","language_code","version","contentobject_id","contentclassattribute_id","data_text","data_int","data_float") VALUES (39,'en_GB',1,17,10,'',0,0);
--
-- Data for TOC Entry ID 124 (OID 360454)
--
-- Name: ezcontentobject_perm_set Type: TABLE DATA Owner: sp
--


INSERT INTO "ezcontentobject_perm_set" ("id","name") VALUES (1,'test set');
INSERT INTO "ezcontentobject_perm_set" ("id","name") VALUES (2,'test set 2');
--
-- Data for TOC Entry ID 125 (OID 360457)
--
-- Name: ezuser Type: TABLE DATA Owner: sp
--


INSERT INTO "ezuser" ("contentobject_id","login","email","password_hash_type","password_hash") VALUES (1,'anonymous','anon@anon.com',1,'');
INSERT INTO "ezuser" ("contentobject_id","login","email","password_hash_type","password_hash") VALUES (8,'sp','sp@sp',3,'077194387c925d3dc9e6e6777ad685e4');
INSERT INTO "ezuser" ("contentobject_id","login","email","password_hash_type","password_hash") VALUES (17,'bf','bf',3,'f1f931686151a0d0624b9de7c21b44cd');
--
-- Data for TOC Entry ID 126 (OID 360461)
--
-- Name: ezsearch_object_word_link Type: TABLE DATA Owner: sp
--


INSERT INTO "ezsearch_object_word_link" ("id","contentobject_id","word_id","frequency","placement","prev_word_id","next_word_id","contentclass_id","contentclass_attribute_id") VALUES (7,10,5,0,0,0,6,1,4);
INSERT INTO "ezsearch_object_word_link" ("id","contentobject_id","word_id","frequency","placement","prev_word_id","next_word_id","contentclass_id","contentclass_attribute_id") VALUES (8,10,6,0,1,5,5,1,5);
INSERT INTO "ezsearch_object_word_link" ("id","contentobject_id","word_id","frequency","placement","prev_word_id","next_word_id","contentclass_id","contentclass_attribute_id") VALUES (9,10,5,0,2,6,0,1,5);
INSERT INTO "ezsearch_object_word_link" ("id","contentobject_id","word_id","frequency","placement","prev_word_id","next_word_id","contentclass_id","contentclass_attribute_id") VALUES (10,11,7,0,0,0,7,1,4);
INSERT INTO "ezsearch_object_word_link" ("id","contentobject_id","word_id","frequency","placement","prev_word_id","next_word_id","contentclass_id","contentclass_attribute_id") VALUES (11,11,7,0,1,7,0,1,5);
INSERT INTO "ezsearch_object_word_link" ("id","contentobject_id","word_id","frequency","placement","prev_word_id","next_word_id","contentclass_id","contentclass_attribute_id") VALUES (34,9,21,0,0,0,22,2,1);
INSERT INTO "ezsearch_object_word_link" ("id","contentobject_id","word_id","frequency","placement","prev_word_id","next_word_id","contentclass_id","contentclass_attribute_id") VALUES (35,9,22,0,1,21,23,2,1);
INSERT INTO "ezsearch_object_word_link" ("id","contentobject_id","word_id","frequency","placement","prev_word_id","next_word_id","contentclass_id","contentclass_attribute_id") VALUES (36,9,23,0,2,22,24,2,1);
INSERT INTO "ezsearch_object_word_link" ("id","contentobject_id","word_id","frequency","placement","prev_word_id","next_word_id","contentclass_id","contentclass_attribute_id") VALUES (37,9,24,0,3,23,21,2,1);
INSERT INTO "ezsearch_object_word_link" ("id","contentobject_id","word_id","frequency","placement","prev_word_id","next_word_id","contentclass_id","contentclass_attribute_id") VALUES (38,9,21,0,4,24,22,2,2);
INSERT INTO "ezsearch_object_word_link" ("id","contentobject_id","word_id","frequency","placement","prev_word_id","next_word_id","contentclass_id","contentclass_attribute_id") VALUES (39,9,22,0,5,21,23,2,2);
INSERT INTO "ezsearch_object_word_link" ("id","contentobject_id","word_id","frequency","placement","prev_word_id","next_word_id","contentclass_id","contentclass_attribute_id") VALUES (40,9,23,0,6,22,25,2,2);
INSERT INTO "ezsearch_object_word_link" ("id","contentobject_id","word_id","frequency","placement","prev_word_id","next_word_id","contentclass_id","contentclass_attribute_id") VALUES (41,9,25,0,7,23,0,2,3);
INSERT INTO "ezsearch_object_word_link" ("id","contentobject_id","word_id","frequency","placement","prev_word_id","next_word_id","contentclass_id","contentclass_attribute_id") VALUES (42,12,26,0,0,0,27,2,1);
INSERT INTO "ezsearch_object_word_link" ("id","contentobject_id","word_id","frequency","placement","prev_word_id","next_word_id","contentclass_id","contentclass_attribute_id") VALUES (43,12,27,0,1,26,25,2,1);
INSERT INTO "ezsearch_object_word_link" ("id","contentobject_id","word_id","frequency","placement","prev_word_id","next_word_id","contentclass_id","contentclass_attribute_id") VALUES (44,12,25,0,2,27,28,2,1);
INSERT INTO "ezsearch_object_word_link" ("id","contentobject_id","word_id","frequency","placement","prev_word_id","next_word_id","contentclass_id","contentclass_attribute_id") VALUES (45,12,28,0,3,25,26,2,1);
INSERT INTO "ezsearch_object_word_link" ("id","contentobject_id","word_id","frequency","placement","prev_word_id","next_word_id","contentclass_id","contentclass_attribute_id") VALUES (46,12,26,0,4,28,27,2,2);
INSERT INTO "ezsearch_object_word_link" ("id","contentobject_id","word_id","frequency","placement","prev_word_id","next_word_id","contentclass_id","contentclass_attribute_id") VALUES (47,12,27,0,5,26,25,2,2);
INSERT INTO "ezsearch_object_word_link" ("id","contentobject_id","word_id","frequency","placement","prev_word_id","next_word_id","contentclass_id","contentclass_attribute_id") VALUES (48,12,25,0,6,27,28,2,2);
INSERT INTO "ezsearch_object_word_link" ("id","contentobject_id","word_id","frequency","placement","prev_word_id","next_word_id","contentclass_id","contentclass_attribute_id") VALUES (49,12,28,0,7,25,29,2,2);
INSERT INTO "ezsearch_object_word_link" ("id","contentobject_id","word_id","frequency","placement","prev_word_id","next_word_id","contentclass_id","contentclass_attribute_id") VALUES (50,12,29,0,8,28,30,2,2);
INSERT INTO "ezsearch_object_word_link" ("id","contentobject_id","word_id","frequency","placement","prev_word_id","next_word_id","contentclass_id","contentclass_attribute_id") VALUES (51,12,30,0,9,29,31,2,2);
INSERT INTO "ezsearch_object_word_link" ("id","contentobject_id","word_id","frequency","placement","prev_word_id","next_word_id","contentclass_id","contentclass_attribute_id") VALUES (52,12,31,0,10,30,32,2,2);
INSERT INTO "ezsearch_object_word_link" ("id","contentobject_id","word_id","frequency","placement","prev_word_id","next_word_id","contentclass_id","contentclass_attribute_id") VALUES (53,12,32,0,11,31,0,2,3);
INSERT INTO "ezsearch_object_word_link" ("id","contentobject_id","word_id","frequency","placement","prev_word_id","next_word_id","contentclass_id","contentclass_attribute_id") VALUES (54,13,26,0,0,0,27,2,1);
INSERT INTO "ezsearch_object_word_link" ("id","contentobject_id","word_id","frequency","placement","prev_word_id","next_word_id","contentclass_id","contentclass_attribute_id") VALUES (55,13,27,0,1,26,25,2,1);
INSERT INTO "ezsearch_object_word_link" ("id","contentobject_id","word_id","frequency","placement","prev_word_id","next_word_id","contentclass_id","contentclass_attribute_id") VALUES (56,13,25,0,2,27,28,2,1);
INSERT INTO "ezsearch_object_word_link" ("id","contentobject_id","word_id","frequency","placement","prev_word_id","next_word_id","contentclass_id","contentclass_attribute_id") VALUES (57,13,28,0,3,25,33,2,1);
INSERT INTO "ezsearch_object_word_link" ("id","contentobject_id","word_id","frequency","placement","prev_word_id","next_word_id","contentclass_id","contentclass_attribute_id") VALUES (58,13,33,0,4,28,26,2,1);
INSERT INTO "ezsearch_object_word_link" ("id","contentobject_id","word_id","frequency","placement","prev_word_id","next_word_id","contentclass_id","contentclass_attribute_id") VALUES (59,13,26,0,5,33,27,2,2);
INSERT INTO "ezsearch_object_word_link" ("id","contentobject_id","word_id","frequency","placement","prev_word_id","next_word_id","contentclass_id","contentclass_attribute_id") VALUES (60,13,27,0,6,26,25,2,2);
INSERT INTO "ezsearch_object_word_link" ("id","contentobject_id","word_id","frequency","placement","prev_word_id","next_word_id","contentclass_id","contentclass_attribute_id") VALUES (61,13,25,0,7,27,28,2,2);
INSERT INTO "ezsearch_object_word_link" ("id","contentobject_id","word_id","frequency","placement","prev_word_id","next_word_id","contentclass_id","contentclass_attribute_id") VALUES (62,13,28,0,8,25,33,2,2);
INSERT INTO "ezsearch_object_word_link" ("id","contentobject_id","word_id","frequency","placement","prev_word_id","next_word_id","contentclass_id","contentclass_attribute_id") VALUES (63,13,33,0,9,28,34,2,2);
INSERT INTO "ezsearch_object_word_link" ("id","contentobject_id","word_id","frequency","placement","prev_word_id","next_word_id","contentclass_id","contentclass_attribute_id") VALUES (64,13,34,0,10,33,0,2,3);
INSERT INTO "ezsearch_object_word_link" ("id","contentobject_id","word_id","frequency","placement","prev_word_id","next_word_id","contentclass_id","contentclass_attribute_id") VALUES (65,14,35,0,0,0,36,5,11);
INSERT INTO "ezsearch_object_word_link" ("id","contentobject_id","word_id","frequency","placement","prev_word_id","next_word_id","contentclass_id","contentclass_attribute_id") VALUES (66,14,36,0,1,35,37,5,11);
INSERT INTO "ezsearch_object_word_link" ("id","contentobject_id","word_id","frequency","placement","prev_word_id","next_word_id","contentclass_id","contentclass_attribute_id") VALUES (67,14,37,0,2,36,35,5,12);
INSERT INTO "ezsearch_object_word_link" ("id","contentobject_id","word_id","frequency","placement","prev_word_id","next_word_id","contentclass_id","contentclass_attribute_id") VALUES (68,14,35,0,3,37,38,5,12);
INSERT INTO "ezsearch_object_word_link" ("id","contentobject_id","word_id","frequency","placement","prev_word_id","next_word_id","contentclass_id","contentclass_attribute_id") VALUES (69,14,38,0,4,35,0,5,13);
INSERT INTO "ezsearch_object_word_link" ("id","contentobject_id","word_id","frequency","placement","prev_word_id","next_word_id","contentclass_id","contentclass_attribute_id") VALUES (70,15,35,0,0,0,39,5,11);
INSERT INTO "ezsearch_object_word_link" ("id","contentobject_id","word_id","frequency","placement","prev_word_id","next_word_id","contentclass_id","contentclass_attribute_id") VALUES (71,15,39,0,1,35,40,5,11);
INSERT INTO "ezsearch_object_word_link" ("id","contentobject_id","word_id","frequency","placement","prev_word_id","next_word_id","contentclass_id","contentclass_attribute_id") VALUES (72,15,40,0,2,39,37,5,12);
INSERT INTO "ezsearch_object_word_link" ("id","contentobject_id","word_id","frequency","placement","prev_word_id","next_word_id","contentclass_id","contentclass_attribute_id") VALUES (73,15,37,0,3,40,35,5,12);
INSERT INTO "ezsearch_object_word_link" ("id","contentobject_id","word_id","frequency","placement","prev_word_id","next_word_id","contentclass_id","contentclass_attribute_id") VALUES (74,15,35,0,4,37,41,5,12);
INSERT INTO "ezsearch_object_word_link" ("id","contentobject_id","word_id","frequency","placement","prev_word_id","next_word_id","contentclass_id","contentclass_attribute_id") VALUES (75,15,41,0,5,35,0,5,13);
--
-- Data for TOC Entry ID 127 (OID 360466)
--
-- Name: ezsearch_word Type: TABLE DATA Owner: sp
--


INSERT INTO "ezsearch_word" ("id","word","object_count") VALUES (6,'just',1);
INSERT INTO "ezsearch_word" ("id","word","object_count") VALUES (5,'news',2);
INSERT INTO "ezsearch_word" ("id","word","object_count") VALUES (7,'products',2);
INSERT INTO "ezsearch_word" ("id","word","object_count") VALUES (24,'foo',1);
INSERT INTO "ezsearch_word" ("id","word","object_count") VALUES (21,'first',2);
INSERT INTO "ezsearch_word" ("id","word","object_count") VALUES (22,'test',2);
INSERT INTO "ezsearch_word" ("id","word","object_count") VALUES (23,'article',2);
INSERT INTO "ezsearch_word" ("id","word","object_count") VALUES (29,'will',1);
INSERT INTO "ezsearch_word" ("id","word","object_count") VALUES (30,'come',1);
INSERT INTO "ezsearch_word" ("id","word","object_count") VALUES (31,'soon',1);
INSERT INTO "ezsearch_word" ("id","word","object_count") VALUES (32,'10',1);
INSERT INTO "ezsearch_word" ("id","word","object_count") VALUES (26,'ez',4);
INSERT INTO "ezsearch_word" ("id","word","object_count") VALUES (27,'publish',4);
INSERT INTO "ezsearch_word" ("id","word","object_count") VALUES (25,'3',5);
INSERT INTO "ezsearch_word" ("id","word","object_count") VALUES (28,'0',4);
INSERT INTO "ezsearch_word" ("id","word","object_count") VALUES (33,'delayed',2);
INSERT INTO "ezsearch_word" ("id","word","object_count") VALUES (34,'15',1);
INSERT INTO "ezsearch_word" ("id","word","object_count") VALUES (36,'1',1);
INSERT INTO "ezsearch_word" ("id","word","object_count") VALUES (38,'100',1);
INSERT INTO "ezsearch_word" ("id","word","object_count") VALUES (39,'2',1);
INSERT INTO "ezsearch_word" ("id","word","object_count") VALUES (40,'another',1);
INSERT INTO "ezsearch_word" ("id","word","object_count") VALUES (37,'cool',2);
INSERT INTO "ezsearch_word" ("id","word","object_count") VALUES (35,'book',4);
INSERT INTO "ezsearch_word" ("id","word","object_count") VALUES (41,'150',1);
--
-- Data for TOC Entry ID 128 (OID 360471)
--
-- Name: ezsearch_search_phrase Type: TABLE DATA Owner: sp
--


--
-- Data for TOC Entry ID 129 (OID 360476)
--
-- Name: ezsearch_return_count Type: TABLE DATA Owner: sp
--


--
-- Data for TOC Entry ID 130 (OID 360479)
--
-- Name: ezimage Type: TABLE DATA Owner: sp
--


--
-- Data for TOC Entry ID 131 (OID 360482)
--
-- Name: ezimagevariation Type: TABLE DATA Owner: sp
--


--
-- Data for TOC Entry ID 132 (OID 360485)
--
-- Name: ezbinaryfile Type: TABLE DATA Owner: sp
--


--
-- Data for TOC Entry ID 133 (OID 360490)
--
-- Name: ezenumvalue Type: TABLE DATA Owner: sp
--


--
-- Data for TOC Entry ID 134 (OID 360493)
--
-- Name: ezenumobjectvalue Type: TABLE DATA Owner: sp
--


--
-- Data for TOC Entry ID 135 (OID 360498)
--
-- Name: ezcontentclassgroup Type: TABLE DATA Owner: sp
--


INSERT INTO "ezcontentclassgroup" ("id","name","creator_id","modifier_id","created","modified") VALUES (1,'Content',1,1,1031310456,1031310466);
INSERT INTO "ezcontentclassgroup" ("id","name","creator_id","modifier_id","created","modified") VALUES (2,'Users',1,1,1031310475,1031310491);
INSERT INTO "ezcontentclassgroup" ("id","name","creator_id","modifier_id","created","modified") VALUES (3,'Products',1,1,1031310496,1031310506);
--
-- Data for TOC Entry ID 136 (OID 360501)
--
-- Name: ezcontentclass_classgroup Type: TABLE DATA Owner: sp
--


INSERT INTO "ezcontentclass_classgroup" ("contentclass_id","contentclass_version","group_id","group_name") VALUES (1,0,1,'Content');
INSERT INTO "ezcontentclass_classgroup" ("contentclass_id","contentclass_version","group_id","group_name") VALUES (4,0,2,'Users');
INSERT INTO "ezcontentclass_classgroup" ("contentclass_id","contentclass_version","group_id","group_name") VALUES (3,0,2,'Users');
INSERT INTO "ezcontentclass_classgroup" ("contentclass_id","contentclass_version","group_id","group_name") VALUES (5,0,3,'Products');
INSERT INTO "ezcontentclass_classgroup" ("contentclass_id","contentclass_version","group_id","group_name") VALUES (2,0,1,'Content');
--
-- Data for TOC Entry ID 137 (OID 360506)
--
-- Name: ezproductcollection Type: TABLE DATA Owner: sp
--


--
-- Data for TOC Entry ID 138 (OID 360511)
--
-- Name: ezproductcollection_item Type: TABLE DATA Owner: sp
--


--
-- Data for TOC Entry ID 139 (OID 360516)
--
-- Name: ezbasket Type: TABLE DATA Owner: sp
--


--
-- Data for TOC Entry ID 140 (OID 360521)
--
-- Name: ezorder Type: TABLE DATA Owner: sp
--


--
-- Data for TOC Entry ID 141 (OID 360526)
--
-- Name: ezwishlist Type: TABLE DATA Owner: sp
--


--
-- Data for TOC Entry ID 142 (OID 360529)
--
-- Name: ezsession Type: TABLE DATA Owner: sp
--


INSERT INTO "ezsession" ("session_key","expiration_time","data") VALUES ('01318063934e8ac740a10dc338243e12',1031572267,'eZExecutionStack|a:0:{}eZUserLoggedInID|N;');
INSERT INTO "ezsession" ("session_key","expiration_time","data") VALUES ('ae77890b9e2acc325906b65d34404013',1031578075,'eZExecutionStack|a:0:{}BrowseFromPage|s:13:"/role/view/3/";BrowseActionName|s:10:"AssignRole";BrowseReturnType|s:8:"ObjectID";CustomActionButton|N;eZUserLoggedInID|s:2:"17";');
--
-- Data for TOC Entry ID 143 (OID 360537)
--
-- Name: ezsection Type: TABLE DATA Owner: sp
--


INSERT INTO "ezsection" ("id","name","locale") VALUES (1,'content','en-GB');
--
-- Data for TOC Entry ID 144 (OID 360542)
--
-- Name: ezcontentobject_tree Type: TABLE DATA Owner: sp
--


INSERT INTO "ezcontentobject_tree" ("node_id","parent_node_id","contentobject_id","contentobject_version","contentobject_is_published","crc32_path","depth","path_string","md5_path","left_margin","right_margin") VALUES (1,0,0,NULL,NULL,NULL,0,'/1/',NULL,1,16);
INSERT INTO "ezcontentobject_tree" ("node_id","parent_node_id","contentobject_id","contentobject_version","contentobject_is_published","crc32_path","depth","path_string","md5_path","left_margin","right_margin") VALUES (2,1,1,NULL,NULL,NULL,1,'/1/2/',NULL,2,7);
INSERT INTO "ezcontentobject_tree" ("node_id","parent_node_id","contentobject_id","contentobject_version","contentobject_is_published","crc32_path","depth","path_string","md5_path","left_margin","right_margin") VALUES (5,1,4,NULL,NULL,NULL,1,'/1/5/',NULL,8,15);
INSERT INTO "ezcontentobject_tree" ("node_id","parent_node_id","contentobject_id","contentobject_version","contentobject_is_published","crc32_path","depth","path_string","md5_path","left_margin","right_margin") VALUES (8,5,8,NULL,NULL,NULL,2,'/1/5/8/',NULL,15,16);
INSERT INTO "ezcontentobject_tree" ("node_id","parent_node_id","contentobject_id","contentobject_version","contentobject_is_published","crc32_path","depth","path_string","md5_path","left_margin","right_margin") VALUES (9,2,9,NULL,NULL,NULL,2,'/1/2/9/',NULL,7,8);
INSERT INTO "ezcontentobject_tree" ("node_id","parent_node_id","contentobject_id","contentobject_version","contentobject_is_published","crc32_path","depth","path_string","md5_path","left_margin","right_margin") VALUES (10,2,10,NULL,NULL,NULL,2,'/1/2/10/',NULL,7,8);
INSERT INTO "ezcontentobject_tree" ("node_id","parent_node_id","contentobject_id","contentobject_version","contentobject_is_published","crc32_path","depth","path_string","md5_path","left_margin","right_margin") VALUES (11,2,11,NULL,NULL,NULL,2,'/1/2/11/',NULL,7,8);
INSERT INTO "ezcontentobject_tree" ("node_id","parent_node_id","contentobject_id","contentobject_version","contentobject_is_published","crc32_path","depth","path_string","md5_path","left_margin","right_margin") VALUES (12,10,12,NULL,NULL,NULL,3,'/1/2/10/12/',NULL,8,9);
INSERT INTO "ezcontentobject_tree" ("node_id","parent_node_id","contentobject_id","contentobject_version","contentobject_is_published","crc32_path","depth","path_string","md5_path","left_margin","right_margin") VALUES (13,10,13,NULL,NULL,NULL,3,'/1/2/10/13/',NULL,8,9);
INSERT INTO "ezcontentobject_tree" ("node_id","parent_node_id","contentobject_id","contentobject_version","contentobject_is_published","crc32_path","depth","path_string","md5_path","left_margin","right_margin") VALUES (14,11,14,NULL,NULL,NULL,3,'/1/2/11/14/',NULL,8,9);
INSERT INTO "ezcontentobject_tree" ("node_id","parent_node_id","contentobject_id","contentobject_version","contentobject_is_published","crc32_path","depth","path_string","md5_path","left_margin","right_margin") VALUES (15,11,15,NULL,NULL,NULL,3,'/1/2/11/15/',NULL,8,9);
INSERT INTO "ezcontentobject_tree" ("node_id","parent_node_id","contentobject_id","contentobject_version","contentobject_is_published","crc32_path","depth","path_string","md5_path","left_margin","right_margin") VALUES (16,5,16,NULL,NULL,NULL,2,'/1/5/16/',NULL,15,16);
INSERT INTO "ezcontentobject_tree" ("node_id","parent_node_id","contentobject_id","contentobject_version","contentobject_is_published","crc32_path","depth","path_string","md5_path","left_margin","right_margin") VALUES (17,16,17,NULL,NULL,NULL,3,'/1/5/16/17/',NULL,16,17);
--
-- Data for TOC Entry ID 145 (OID 360547)
--
-- Name: ezrole Type: TABLE DATA Owner: sp
--


INSERT INTO "ezrole" ("id","version","name","value") VALUES (2,0,'Admin','*');
INSERT INTO "ezrole" ("id","version","name","value") VALUES (4,0,'advanced editor',' ');
INSERT INTO "ezrole" ("id","version","name","value") VALUES (1,0,'Anonimous',' ');
INSERT INTO "ezrole" ("id","version","name","value") VALUES (3,0,'editor',' ');
--
-- Data for TOC Entry ID 146 (OID 360555)
--
-- Name: ezuser_role Type: TABLE DATA Owner: sp
--


INSERT INTO "ezuser_role" ("id","role_id","contentobject_id") VALUES (6,1,8);
INSERT INTO "ezuser_role" ("id","role_id","contentobject_id") VALUES (7,1,4);
INSERT INTO "ezuser_role" ("id","role_id","contentobject_id") VALUES (8,3,8);
INSERT INTO "ezuser_role" ("id","role_id","contentobject_id") VALUES (9,1,0);
INSERT INTO "ezuser_role" ("id","role_id","contentobject_id") VALUES (10,2,8);
INSERT INTO "ezuser_role" ("id","role_id","contentobject_id") VALUES (11,3,16);
--
-- Data for TOC Entry ID 147 (OID 360560)
--
-- Name: ezpolicy Type: TABLE DATA Owner: sp
--


INSERT INTO "ezpolicy" ("id","role_id","function_name","module_name","limitation") VALUES (3,2,'*','*','*');
INSERT INTO "ezpolicy" ("id","role_id","function_name","module_name","limitation") VALUES (4,2,'*','class','*');
INSERT INTO "ezpolicy" ("id","role_id","function_name","module_name","limitation") VALUES (5,2,'*','content','*');
INSERT INTO "ezpolicy" ("id","role_id","function_name","module_name","limitation") VALUES (6,2,'*','search','*');
INSERT INTO "ezpolicy" ("id","role_id","function_name","module_name","limitation") VALUES (14,4,'sitemap','content','*');
INSERT INTO "ezpolicy" ("id","role_id","function_name","module_name","limitation") VALUES (15,4,'edit','class','*');
INSERT INTO "ezpolicy" ("id","role_id","function_name","module_name","limitation") VALUES (16,4,'search','search','*');
INSERT INTO "ezpolicy" ("id","role_id","function_name","module_name","limitation") VALUES (17,4,'*','content','*');
INSERT INTO "ezpolicy" ("id","role_id","function_name","module_name","limitation") VALUES (18,4,'*','search','*');
INSERT INTO "ezpolicy" ("id","role_id","function_name","module_name","limitation") VALUES (21,1,'*','*','*');
INSERT INTO "ezpolicy" ("id","role_id","function_name","module_name","limitation") VALUES (28,3,'*','search','*');
INSERT INTO "ezpolicy" ("id","role_id","function_name","module_name","limitation") VALUES (29,3,'read','content','*');
--
-- Data for TOC Entry ID 148 (OID 360568)
--
-- Name: ezpolicy_limitation Type: TABLE DATA Owner: sp
--


--
-- Data for TOC Entry ID 149 (OID 360576)
--
-- Name: ezpolicy_limitation_value Type: TABLE DATA Owner: sp
--


--
-- TOC Entry ID 100 (OID 360687)
--
-- Name: "ezworkflow_event_id" Type: INDEX Owner: sp
--

CREATE UNIQUE INDEX ezworkflow_event_id ON ezworkflow_event USING btree (id);

--
-- TOC Entry ID 101 (OID 360688)
--
-- Name: "ezworkflow_process_id" Type: INDEX Owner: sp
--

CREATE UNIQUE INDEX ezworkflow_process_id ON ezworkflow_process USING btree (id);

--
-- TOC Entry ID 102 (OID 360689)
--
-- Name: "ezcontentclass_id" Type: INDEX Owner: sp
--

CREATE INDEX ezcontentclass_id ON ezcontentclass USING btree (id);

--
-- TOC Entry ID 103 (OID 360690)
--
-- Name: "ezcontentobject_id" Type: INDEX Owner: sp
--

CREATE UNIQUE INDEX ezcontentobject_id ON ezcontentobject USING btree (id);

--
-- TOC Entry ID 104 (OID 360691)
--
-- Name: "ezcontentobject_parent_id" Type: INDEX Owner: sp
--

CREATE INDEX ezcontentobject_parent_id ON ezcontentobject USING btree (parent_id);

--
-- TOC Entry ID 105 (OID 360692)
--
-- Name: "ezsearch_object_word_link_word" Type: INDEX Owner: sp
--

CREATE INDEX ezsearch_object_word_link_word ON ezsearch_object_word_link USING btree (word_id);

--
-- TOC Entry ID 106 (OID 360693)
--
-- Name: "ezsearch_object_word_link_frequency" Type: INDEX Owner: sp
--

CREATE INDEX ezsearch_object_word_link_frequency ON ezsearch_object_word_link USING btree (frequency);

--
-- TOC Entry ID 107 (OID 360694)
--
-- Name: "ezsearch_word_i" Type: INDEX Owner: sp
--

CREATE INDEX ezsearch_word_i ON ezsearch_word USING btree (word);

--
-- TOC Entry ID 108 (OID 360695)
--
-- Name: "ezcontentobject_tree_path" Type: INDEX Owner: sp
--

CREATE INDEX ezcontentobject_tree_path ON ezcontentobject_tree USING btree (path_string);

--
-- TOC Entry ID 109 (OID 360696)
--
-- Name: "ezcontentobject_tree_p_node_id" Type: INDEX Owner: sp
--

CREATE INDEX ezcontentobject_tree_p_node_id ON ezcontentobject_tree USING btree (parent_node_id);

--
-- TOC Entry ID 110 (OID 360697)
--
-- Name: "ezcontentobject_tree_co_id" Type: INDEX Owner: sp
--

CREATE INDEX ezcontentobject_tree_co_id ON ezcontentobject_tree USING btree (contentobject_id);

--
-- TOC Entry ID 111 (OID 360698)
--
-- Name: "ezcontentobject_tree_depth" Type: INDEX Owner: sp
--

CREATE INDEX ezcontentobject_tree_depth ON ezcontentobject_tree USING btree (depth);

--
-- TOC Entry ID 3 (OID 360391)
--
-- Name: ezworkflow_group_s Type: SEQUENCE SET Owner: sp
--

SELECT setval ('"ezworkflow_group_s"', 1, false);

--
-- TOC Entry ID 5 (OID 360399)
--
-- Name: ezworkflow_s Type: SEQUENCE SET Owner: sp
--

SELECT setval ('"ezworkflow_s"', 3, true);

--
-- TOC Entry ID 7 (OID 360404)
--
-- Name: ezworkflow_assign_s Type: SEQUENCE SET Owner: sp
--

SELECT setval ('"ezworkflow_assign_s"', 1, false);

--
-- TOC Entry ID 9 (OID 360409)
--
-- Name: ezworkflow_event_s Type: SEQUENCE SET Owner: sp
--

SELECT setval ('"ezworkflow_event_s"', 8, true);

--
-- TOC Entry ID 11 (OID 360414)
--
-- Name: ezworkflow_process_s Type: SEQUENCE SET Owner: sp
--

SELECT setval ('"ezworkflow_process_s"', 1, false);

--
-- TOC Entry ID 13 (OID 360419)
--
-- Name: ezcontentclass_s Type: SEQUENCE SET Owner: sp
--

SELECT setval ('"ezcontentclass_s"', 5, true);

--
-- TOC Entry ID 15 (OID 360424)
--
-- Name: ezcontentclass_attribute_s Type: SEQUENCE SET Owner: sp
--

SELECT setval ('"ezcontentclass_attribute_s"', 13, true);

--
-- TOC Entry ID 17 (OID 360429)
--
-- Name: ezcontentobject_s Type: SEQUENCE SET Owner: sp
--

SELECT setval ('"ezcontentobject_s"', 17, true);

--
-- TOC Entry ID 19 (OID 360434)
--
-- Name: ezcontentobject_link_s Type: SEQUENCE SET Owner: sp
--

SELECT setval ('"ezcontentobject_link_s"', 1, false);

--
-- TOC Entry ID 21 (OID 360439)
--
-- Name: ezcontentobject_version_s Type: SEQUENCE SET Owner: sp
--

SELECT setval ('"ezcontentobject_version_s"', 21, true);

--
-- TOC Entry ID 23 (OID 360444)
--
-- Name: ezcontentobject_attribute_s Type: SEQUENCE SET Owner: sp
--

SELECT setval ('"ezcontentobject_attribute_s"', 39, true);

--
-- TOC Entry ID 25 (OID 360452)
--
-- Name: ezcontentobject_perm_set_s Type: SEQUENCE SET Owner: sp
--

SELECT setval ('"ezcontentobject_perm_set_s"', 2, true);

--
-- TOC Entry ID 27 (OID 360459)
--
-- Name: ezsearch_object_word_link_s Type: SEQUENCE SET Owner: sp
--

SELECT setval ('"ezsearch_object_word_link_s"', 75, true);

--
-- TOC Entry ID 29 (OID 360464)
--
-- Name: ezsearch_word_s Type: SEQUENCE SET Owner: sp
--

SELECT setval ('"ezsearch_word_s"', 41, true);

--
-- TOC Entry ID 31 (OID 360469)
--
-- Name: ezsearch_search_phrase_s Type: SEQUENCE SET Owner: sp
--

SELECT setval ('"ezsearch_search_phrase_s"', 1, false);

--
-- TOC Entry ID 33 (OID 360474)
--
-- Name: ezsearch_return_count_s Type: SEQUENCE SET Owner: sp
--

SELECT setval ('"ezsearch_return_count_s"', 1, false);

--
-- TOC Entry ID 35 (OID 360488)
--
-- Name: ezenumvalue_s Type: SEQUENCE SET Owner: sp
--

SELECT setval ('"ezenumvalue_s"', 1, false);

--
-- TOC Entry ID 37 (OID 360496)
--
-- Name: ezcontentclassgroup_s Type: SEQUENCE SET Owner: sp
--

SELECT setval ('"ezcontentclassgroup_s"', 3, true);

--
-- TOC Entry ID 39 (OID 360504)
--
-- Name: ezproductcollection_s Type: SEQUENCE SET Owner: sp
--

SELECT setval ('"ezproductcollection_s"', 1, false);

--
-- TOC Entry ID 41 (OID 360509)
--
-- Name: ezproductcollection_item_s Type: SEQUENCE SET Owner: sp
--

SELECT setval ('"ezproductcollection_item_s"', 1, false);

--
-- TOC Entry ID 43 (OID 360514)
--
-- Name: ezbasket_s Type: SEQUENCE SET Owner: sp
--

SELECT setval ('"ezbasket_s"', 1, false);

--
-- TOC Entry ID 45 (OID 360519)
--
-- Name: ezorder_s Type: SEQUENCE SET Owner: sp
--

SELECT setval ('"ezorder_s"', 1, false);

--
-- TOC Entry ID 47 (OID 360524)
--
-- Name: ezwishlist_s Type: SEQUENCE SET Owner: sp
--

SELECT setval ('"ezwishlist_s"', 1, false);

--
-- TOC Entry ID 49 (OID 360535)
--
-- Name: ezsection_s Type: SEQUENCE SET Owner: sp
--

SELECT setval ('"ezsection_s"', 1, true);

--
-- TOC Entry ID 51 (OID 360540)
--
-- Name: ezcontentobject_tree_s Type: SEQUENCE SET Owner: sp
--

SELECT setval ('"ezcontentobject_tree_s"', 17, true);

--
-- TOC Entry ID 53 (OID 360545)
--
-- Name: ezrole_s Type: SEQUENCE SET Owner: sp
--

SELECT setval ('"ezrole_s"', 6, true);

--
-- TOC Entry ID 55 (OID 360553)
--
-- Name: ezuser_role_s Type: SEQUENCE SET Owner: sp
--

SELECT setval ('"ezuser_role_s"', 11, true);

--
-- TOC Entry ID 57 (OID 360558)
--
-- Name: ezpolicy_s Type: SEQUENCE SET Owner: sp
--

SELECT setval ('"ezpolicy_s"', 29, true);

--
-- TOC Entry ID 59 (OID 360566)
--
-- Name: ezpolicy_limitation_s Type: SEQUENCE SET Owner: sp
--

SELECT setval ('"ezpolicy_limitation_s"', 10, true);

--
-- TOC Entry ID 61 (OID 360574)
--
-- Name: ezpolicy_limitation_value_s Type: SEQUENCE SET Owner: sp
--

SELECT setval ('"ezpolicy_limitation_value_s"', 26, true);

create sequence "eztrigger_s";
create table eztrigger(
    id integer DEFAULT nextval( 'eztrigger_s' ),
    module_name varchar(255),
    function_name varchar(255),
    connect_type char(1),
    workflow_id integer,
    primary key (module_name,function_name,connect_type)
    );



create sequence "eztask_s";

CREATE TABLE eztask (
    id int DEFAULT nextval( 'eztask_s' ),
    task_type int NOT NULL,
    status int NOT NULL,
    connection_type int NOT NULL,
    session_hash varchar(80) NOT NULL,
    creator_id int NOT NULL,
    receiver_id int NOT NULL,
    parent_task_type int NOT NULL,
    parent_task_id int NOT NULL,
    access_type int NOT NULL,
    object_type int NOT NULL,
    object_id int NOT NULL,
    created int NOT NULL,
    modified int NOT NULL,
    PRIMARY KEY(id)
    );

-- INSERT INTO eztask (id, task_type, status, connection_type, creator_id, receiver_id, created,    modified)
--              VALUES(1,  1,         2,      1,               92,         92,          1031214781, 1031214781);
-- INSERT INTO eztask (id, task_type, status, connection_type, creator_id, receiver_id, created,    modified)
--              VALUES(2,  1,         1,      1,               92,         8,         1031215781, 1031215781);
-- INSERT INTO eztask (id, task_type, status, connection_type, creator_id, receiver_id, created,    modified)
--              VALUES(3,  1,         2,      1,               92,         155,         1031216781, 1031216781);
-- INSERT INTO eztask (id, task_type, status, connection_type, creator_id, receiver_id, created,    modified)
--              VALUES(4,  1,         2,      1,               11,         92,         1031217781, 1031217781);

create sequence "eztask_message_s";

CREATE TABLE eztask_message (
id int default nextval( 'eztask_message_s' ),
task_id int NOT NULL,
contentobject_id int NOT NULL,
created int NOT NULL,
creator_id int NOT NULL,
creator_type int NOT NULL,
PRIMARY KEY(id) );

-- INSERT INTO eztask_message (id, task_id, contentobject_id, created,    creator_type)
--                      VALUES(1,  16,      24,               1031214781, 1);

create sequence "ezapprovetasks_s";

create table ezapprovetasks(
    id int default nextval( 'ezapprovetasks_s' ),
    workflow_process_id int,
    task_id int,
    PRIMARY KEY(id)
    );

drop table  ezmedia;
CREATE TABLE ezmedia (
    contentobject_attribute_id int not null,
    version int not null,
    filename varchar(255) not null,
    original_filename varchar(255) not null,
    mime_type varchar(50) not null,
    width int,
    height int,
    has_controller smallint,
    controls varchar(50),
    is_autoplay smallint,
    pluginspage varchar(255),
    quality varchar(50),
    is_loop smallint,
    primary key(contentobject_attribute_id, version)
    );

drop  sequence "ezmodule_run_s";
create  sequence "ezmodule_run_s";
drop table ezmodule_run;
create table ezmodule_run(
    id int default nextval( 'ezmodule_run_s' ),
    workflow_process_id int,
    module_name varchar(255),
    function_name varchar(255),
    module_data text,
    primary key (id)
    );
create unique index  ezmodule_run_workflow_process_id_s on ezmodule_run(workflow_process_id);

drop  sequence "eznode_assignment_s";
create  sequence "eznode_assignment_s";
drop table eznode_assignment;
create table eznode_assignment(
    id int default nextval( 'eznode_assignment_s' ),
    contentobject_id int,
    contentobject_version int,
    parent_node int,
    main int,
    primary key (id)
    );


