INSERT INTO ezisbn_group (description, group_number, id) VALUES ('English speaking area',0,1046);
INSERT INTO ezisbn_group (description, group_number, id) VALUES ('English speaking area',1,1047);
INSERT INTO ezisbn_group (description, group_number, id) VALUES ('French speaking area',2,1048);
INSERT INTO ezisbn_group (description, group_number, id) VALUES ('German speaking area',3,1049);
INSERT INTO ezisbn_group (description, group_number, id) VALUES ('Japan',4,1050);
INSERT INTO ezisbn_group (description, group_number, id) VALUES ('Russian Federation',5,1051);
INSERT INTO ezisbn_group (description, group_number, id) VALUES ('Iran',600,1052);
INSERT INTO ezisbn_group (description, group_number, id) VALUES ('Kazakhstan',601,1053);
INSERT INTO ezisbn_group (description, group_number, id) VALUES ('Indonesia',602,1054);
INSERT INTO ezisbn_group (description, group_number, id) VALUES ('Saudi Arabia',603,1055);
INSERT INTO ezisbn_group (description, group_number, id) VALUES ('Vietnam',604,1056);
INSERT INTO ezisbn_group (description, group_number, id) VALUES ('Turkey',605,1057);
INSERT INTO ezisbn_group (description, group_number, id) VALUES ('China, People\'s Republic',7,1058);
INSERT INTO ezisbn_group (description, group_number, id) VALUES ('Czech Republic; Slovakia',80,1059);
INSERT INTO ezisbn_group (description, group_number, id) VALUES ('India',81,1060);
INSERT INTO ezisbn_group (description, group_number, id) VALUES ('Norway',82,1061);
INSERT INTO ezisbn_group (description, group_number, id) VALUES ('Poland',83,1062);
INSERT INTO ezisbn_group (description, group_number, id) VALUES ('Spain',84,1063);
INSERT INTO ezisbn_group (description, group_number, id) VALUES ('Brazil',85,1064);
INSERT INTO ezisbn_group (description, group_number, id) VALUES ('Serbia and Montenegro',86,1065);
INSERT INTO ezisbn_group (description, group_number, id) VALUES ('Denmark',87,1066);
INSERT INTO ezisbn_group (description, group_number, id) VALUES ('Italian speaking area',88,1067);
INSERT INTO ezisbn_group (description, group_number, id) VALUES ('Korea',89,1068);
INSERT INTO ezisbn_group (description, group_number, id) VALUES ('Netherlands, Belgium (Flemish)',90,1069);
INSERT INTO ezisbn_group (description, group_number, id) VALUES ('Sweden',91,1070);
INSERT INTO ezisbn_group (description, group_number, id) VALUES ('International Publishers (Unesco, EU), European Community Organizations',92,1071);
INSERT INTO ezisbn_group (description, group_number, id) VALUES ('India - no ranges fixed yet',93,1072);
INSERT INTO ezisbn_group (description, group_number, id) VALUES ('Argentina',950,1073);
INSERT INTO ezisbn_group (description, group_number, id) VALUES ('Finland',951,1074);
INSERT INTO ezisbn_group (description, group_number, id) VALUES ('Finland',952,1075);
INSERT INTO ezisbn_group (description, group_number, id) VALUES ('Croatia',953,1076);
INSERT INTO ezisbn_group (description, group_number, id) VALUES ('Bulgaria',954,1077);
INSERT INTO ezisbn_group (description, group_number, id) VALUES ('Sri Lanka',955,1078);
INSERT INTO ezisbn_group (description, group_number, id) VALUES ('Chile',956,1079);
INSERT INTO ezisbn_group (description, group_number, id) VALUES ('Taiwan, China',957,1080);
INSERT INTO ezisbn_group (description, group_number, id) VALUES ('Colombia',958,1081);
INSERT INTO ezisbn_group (description, group_number, id) VALUES ('Cuba',959,1082);
INSERT INTO ezisbn_group (description, group_number, id) VALUES ('Greece',960,1083);
INSERT INTO ezisbn_group (description, group_number, id) VALUES ('Slovenia',961,1084);
INSERT INTO ezisbn_group (description, group_number, id) VALUES ('Hong Kong',962,1085);
INSERT INTO ezisbn_group (description, group_number, id) VALUES ('Hungary',963,1086);
INSERT INTO ezisbn_group (description, group_number, id) VALUES ('Iran',964,1087);
INSERT INTO ezisbn_group (description, group_number, id) VALUES ('Israel',965,1088);
INSERT INTO ezisbn_group (description, group_number, id) VALUES ('Ukraine',966,1089);
INSERT INTO ezisbn_group (description, group_number, id) VALUES ('Malaysia',967,1090);
INSERT INTO ezisbn_group (description, group_number, id) VALUES ('Mexico',968,1091);
INSERT INTO ezisbn_group (description, group_number, id) VALUES ('Pakistan',969,1092);
INSERT INTO ezisbn_group (description, group_number, id) VALUES ('Mexico',970,1093);
INSERT INTO ezisbn_group (description, group_number, id) VALUES ('Philippines?',971,1094);
INSERT INTO ezisbn_group (description, group_number, id) VALUES ('Portugal',972,1095);
INSERT INTO ezisbn_group (description, group_number, id) VALUES ('Romania',973,1096);
INSERT INTO ezisbn_group (description, group_number, id) VALUES ('Thailand',974,1097);
INSERT INTO ezisbn_group (description, group_number, id) VALUES ('Turkey',975,1098);
INSERT INTO ezisbn_group (description, group_number, id) VALUES ('Caribbean Community',976,1099);
INSERT INTO ezisbn_group (description, group_number, id) VALUES ('Egypr',977,1100);
INSERT INTO ezisbn_group (description, group_number, id) VALUES ('Nigeria',978,1101);
INSERT INTO ezisbn_group (description, group_number, id) VALUES ('Indonesia',979,1102);
INSERT INTO ezisbn_group (description, group_number, id) VALUES ('Venezuela',980,1103);
INSERT INTO ezisbn_group (description, group_number, id) VALUES ('Singapore',981,1104);
INSERT INTO ezisbn_group (description, group_number, id) VALUES ('South Pacific',982,1105);
INSERT INTO ezisbn_group (description, group_number, id) VALUES ('Malaysia',983,1106);
INSERT INTO ezisbn_group (description, group_number, id) VALUES ('Bangladesh',984,1107);
INSERT INTO ezisbn_group (description, group_number, id) VALUES ('Belarus',985,1108);
INSERT INTO ezisbn_group (description, group_number, id) VALUES ('Taiwan, China',986,1109);
INSERT INTO ezisbn_group (description, group_number, id) VALUES ('Argentina',987,1110);
INSERT INTO ezisbn_group (description, group_number, id) VALUES ('Hongkong',988,1111);
INSERT INTO ezisbn_group (description, group_number, id) VALUES ('Portugal',989,1112);
INSERT INTO ezisbn_group (description, group_number, id) VALUES ('Nepal',9937,1113);
INSERT INTO ezisbn_group (description, group_number, id) VALUES ('Tunisia',9938,1114);
INSERT INTO ezisbn_group (description, group_number, id) VALUES ('Armenia',9939,1115);
INSERT INTO ezisbn_group (description, group_number, id) VALUES ('Montenegro',9940,1116);
INSERT INTO ezisbn_group (description, group_number, id) VALUES ('Georgia',9941,1117);
INSERT INTO ezisbn_group (description, group_number, id) VALUES ('Ecuador',9942,1118);
INSERT INTO ezisbn_group (description, group_number, id) VALUES ('Uzbekistan',9943,1119);
INSERT INTO ezisbn_group (description, group_number, id) VALUES ('Turkey',9944,1120);
INSERT INTO ezisbn_group (description, group_number, id) VALUES ('Dominican Republic',9945,1121);
INSERT INTO ezisbn_group (description, group_number, id) VALUES ('Korea, P.D.R.',9946,1122);
INSERT INTO ezisbn_group (description, group_number, id) VALUES ('Algeria',9947,1123);
INSERT INTO ezisbn_group (description, group_number, id) VALUES ('United Arab Emirates',9948,1124);
INSERT INTO ezisbn_group (description, group_number, id) VALUES ('Estonia',9949,1125);
INSERT INTO ezisbn_group (description, group_number, id) VALUES ('Palestine',9950,1126);
INSERT INTO ezisbn_group (description, group_number, id) VALUES ('Kosova',9951,1127);
INSERT INTO ezisbn_group (description, group_number, id) VALUES ('Azerbaijan',9952,1128);
INSERT INTO ezisbn_group (description, group_number, id) VALUES ('Lebanon',9953,1129);
INSERT INTO ezisbn_group (description, group_number, id) VALUES ('Morocco',9954,1130);
INSERT INTO ezisbn_group (description, group_number, id) VALUES ('Lithuania',9955,1131);
INSERT INTO ezisbn_group (description, group_number, id) VALUES ('Cameroon',9956,1132);
INSERT INTO ezisbn_group (description, group_number, id) VALUES ('Jordan',9957,1133);
INSERT INTO ezisbn_group (description, group_number, id) VALUES ('Bosnia and Herzegovina',9958,1134);
INSERT INTO ezisbn_group (description, group_number, id) VALUES ('Libya',9959,1135);
INSERT INTO ezisbn_group (description, group_number, id) VALUES ('Saudi Arabia',9960,1136);
INSERT INTO ezisbn_group (description, group_number, id) VALUES ('Algeria',9961,1137);
INSERT INTO ezisbn_group (description, group_number, id) VALUES ('Panama',9962,1138);
INSERT INTO ezisbn_group (description, group_number, id) VALUES ('Cyprus',9963,1139);
INSERT INTO ezisbn_group (description, group_number, id) VALUES ('Ghana',9964,1140);
INSERT INTO ezisbn_group (description, group_number, id) VALUES ('Kazakhstan',9965,1141);
INSERT INTO ezisbn_group (description, group_number, id) VALUES ('Kenya',9966,1142);
INSERT INTO ezisbn_group (description, group_number, id) VALUES ('Kyrgyzstan',9967,1143);
INSERT INTO ezisbn_group (description, group_number, id) VALUES ('Costa Rica',9968,1144);
INSERT INTO ezisbn_group (description, group_number, id) VALUES ('Uganda',9970,1145);
INSERT INTO ezisbn_group (description, group_number, id) VALUES ('Singapore',9971,1146);
INSERT INTO ezisbn_group (description, group_number, id) VALUES ('Peru',9972,1147);
INSERT INTO ezisbn_group (description, group_number, id) VALUES ('Tunisia',9973,1148);
INSERT INTO ezisbn_group (description, group_number, id) VALUES ('Uruguay',9974,1149);
INSERT INTO ezisbn_group (description, group_number, id) VALUES ('Moldova',9975,1150);
INSERT INTO ezisbn_group (description, group_number, id) VALUES ('Tanzania',9976,1151);
INSERT INTO ezisbn_group (description, group_number, id) VALUES ('Costa Rica',9977,1152);
INSERT INTO ezisbn_group (description, group_number, id) VALUES ('Ecuador',9978,1153);
INSERT INTO ezisbn_group (description, group_number, id) VALUES ('Iceland',9979,1154);
INSERT INTO ezisbn_group (description, group_number, id) VALUES ('Papua New Guinea',9980,1155);
INSERT INTO ezisbn_group (description, group_number, id) VALUES ('Morocco',9981,1156);
INSERT INTO ezisbn_group (description, group_number, id) VALUES ('Zambia',9982,1157);
INSERT INTO ezisbn_group (description, group_number, id) VALUES ('Gambia',9983,1158);
INSERT INTO ezisbn_group (description, group_number, id) VALUES ('Latvia',9984,1159);
INSERT INTO ezisbn_group (description, group_number, id) VALUES ('Estonia',9985,1160);
INSERT INTO ezisbn_group (description, group_number, id) VALUES ('Lithuania',9986,1161);
INSERT INTO ezisbn_group (description, group_number, id) VALUES ('Tanzania',9987,1162);
INSERT INTO ezisbn_group (description, group_number, id) VALUES ('Ghana',9988,1163);
INSERT INTO ezisbn_group (description, group_number, id) VALUES ('Macedonia',9989,1164);
INSERT INTO ezisbn_group (description, group_number, id) VALUES ('Bahrain',99901,1165);
INSERT INTO ezisbn_group (description, group_number, id) VALUES ('Gabon - no ranges fixed yet',99902,1166);
INSERT INTO ezisbn_group (description, group_number, id) VALUES ('Mauritius',99903,1167);
INSERT INTO ezisbn_group (description, group_number, id) VALUES ('Netherlands Antilles; Aruba, Neth. Ant',99904,1168);
INSERT INTO ezisbn_group (description, group_number, id) VALUES ('Bolivia',99905,1169);
INSERT INTO ezisbn_group (description, group_number, id) VALUES ('Kuwait',99906,1170);
INSERT INTO ezisbn_group (description, group_number, id) VALUES ('Malawi',99908,1171);
INSERT INTO ezisbn_group (description, group_number, id) VALUES ('Malta',99909,1172);
INSERT INTO ezisbn_group (description, group_number, id) VALUES ('Sierra Leone',99910,1173);
INSERT INTO ezisbn_group (description, group_number, id) VALUES ('Lesotho',99911,1174);
INSERT INTO ezisbn_group (description, group_number, id) VALUES ('Botswana',99912,1175);
INSERT INTO ezisbn_group (description, group_number, id) VALUES ('Andorra',99913,1176);
INSERT INTO ezisbn_group (description, group_number, id) VALUES ('Suriname',99914,1177);
INSERT INTO ezisbn_group (description, group_number, id) VALUES ('Maldives',99915,1178);
INSERT INTO ezisbn_group (description, group_number, id) VALUES ('Namibia',99916,1179);
INSERT INTO ezisbn_group (description, group_number, id) VALUES ('Brunei Darussalam',99917,1180);
INSERT INTO ezisbn_group (description, group_number, id) VALUES ('Faroe Islands',99918,1181);
INSERT INTO ezisbn_group (description, group_number, id) VALUES ('Benin',99919,1182);
INSERT INTO ezisbn_group (description, group_number, id) VALUES ('Andorra',99920,1183);
INSERT INTO ezisbn_group (description, group_number, id) VALUES ('Qatar',99921,1184);
INSERT INTO ezisbn_group (description, group_number, id) VALUES ('Guatemala',99922,1185);
INSERT INTO ezisbn_group (description, group_number, id) VALUES ('El Salvador',99923,1186);
INSERT INTO ezisbn_group (description, group_number, id) VALUES ('Nicaragua',99924,1187);
INSERT INTO ezisbn_group (description, group_number, id) VALUES ('Paraguay',99925,1188);
INSERT INTO ezisbn_group (description, group_number, id) VALUES ('Honduras',99926,1189);
INSERT INTO ezisbn_group (description, group_number, id) VALUES ('Albania',99927,1190);
INSERT INTO ezisbn_group (description, group_number, id) VALUES ('Georgia',99928,1191);
INSERT INTO ezisbn_group (description, group_number, id) VALUES ('Mongolia',99929,1192);
INSERT INTO ezisbn_group (description, group_number, id) VALUES ('Armenia',99930,1193);
INSERT INTO ezisbn_group (description, group_number, id) VALUES ('Seychelles',99931,1194);
INSERT INTO ezisbn_group (description, group_number, id) VALUES ('Malta',99932,1195);
INSERT INTO ezisbn_group (description, group_number, id) VALUES ('Nepal',99933,1196);
INSERT INTO ezisbn_group (description, group_number, id) VALUES ('Dominican Republic',99934,1197);
INSERT INTO ezisbn_group (description, group_number, id) VALUES ('Haiti',99935,1198);
INSERT INTO ezisbn_group (description, group_number, id) VALUES ('Bhutan',99936,1199);
INSERT INTO ezisbn_group (description, group_number, id) VALUES ('Macau',99937,1200);
INSERT INTO ezisbn_group (description, group_number, id) VALUES ('Srpska',99938,1201);
INSERT INTO ezisbn_group (description, group_number, id) VALUES ('Guatemala',99939,1202);
INSERT INTO ezisbn_group (description, group_number, id) VALUES ('Georgia',99940,1203);
INSERT INTO ezisbn_group (description, group_number, id) VALUES ('Armenia',99941,1204);
INSERT INTO ezisbn_group (description, group_number, id) VALUES ('Sudan',99942,1205);
INSERT INTO ezisbn_group (description, group_number, id) VALUES ('Alsbania',99943,1206);
INSERT INTO ezisbn_group (description, group_number, id) VALUES ('Ethiopia',99944,1207);
INSERT INTO ezisbn_group (description, group_number, id) VALUES ('Namibia',99945,1208);
INSERT INTO ezisbn_group (description, group_number, id) VALUES ('Nepal',99946,1209);
INSERT INTO ezisbn_group (description, group_number, id) VALUES ('Tajikistan',99947,1210);
INSERT INTO ezisbn_group (description, group_number, id) VALUES ('Eritrea',99948,1211);
INSERT INTO ezisbn_group (description, group_number, id) VALUES ('Mauritius',99949,1212);
INSERT INTO ezisbn_group (description, group_number, id) VALUES ('Cambodia',99950,1213);
INSERT INTO ezisbn_group (description, group_number, id) VALUES ('Congo - no ranges fixed yet',99951,1214);
INSERT INTO ezisbn_group (description, group_number, id) VALUES ('Mali',99952,1215);
INSERT INTO ezisbn_group (description, group_number, id) VALUES ('Paraguay',99953,1216);
INSERT INTO ezisbn_group (description, group_number, id) VALUES ('Bolivia',99954,1217);
INSERT INTO ezisbn_group (description, group_number, id) VALUES ('Srpska',99955,1218);
INSERT INTO ezisbn_group (description, group_number, id) VALUES ('Albania',99956,1219);

INSERT INTO ezisbn_group_range (from_number, group_from, group_length, group_to, id, to_number) VALUES (0,'0',1,'5',56,59999);
INSERT INTO ezisbn_group_range (from_number, group_from, group_length, group_to, id, to_number) VALUES (70000,'7',1,'7',57,79999);
INSERT INTO ezisbn_group_range (from_number, group_from, group_length, group_to, id, to_number) VALUES (60000,'600',3,'605',58,60599);
INSERT INTO ezisbn_group_range (from_number, group_from, group_length, group_to, id, to_number) VALUES (95000,'950',3,'989',59,98999);
INSERT INTO ezisbn_group_range (from_number, group_from, group_length, group_to, id, to_number) VALUES (80000,'80',2,'93',60,93999);
INSERT INTO ezisbn_group_range (from_number, group_from, group_length, group_to, id, to_number) VALUES (99370,'9937',4,'9968',61,99689);
INSERT INTO ezisbn_group_range (from_number, group_from, group_length, group_to, id, to_number) VALUES (99700,'9970',4,'9989',62,99899);
INSERT INTO ezisbn_group_range (from_number, group_from, group_length, group_to, id, to_number) VALUES (99901,'99901',5,'99906',63,99906);
INSERT INTO ezisbn_group_range (from_number, group_from, group_length, group_to, id, to_number) VALUES (99908,'99908',5,'99956',64,99956);

INSERT INTO ezisbn_registrant_range (from_number, id, isbn_group_id, registrant_from, registrant_length, registrant_to, to_number) VALUES (0,4529,1046,'00',2,'19',19999);
INSERT INTO ezisbn_registrant_range (from_number, id, isbn_group_id, registrant_from, registrant_length, registrant_to, to_number) VALUES (20000,4530,1046,'200',3,'699',69999);
INSERT INTO ezisbn_registrant_range (from_number, id, isbn_group_id, registrant_from, registrant_length, registrant_to, to_number) VALUES (70000,4531,1046,'7000',4,'8499',84999);
INSERT INTO ezisbn_registrant_range (from_number, id, isbn_group_id, registrant_from, registrant_length, registrant_to, to_number) VALUES (85000,4532,1046,'85000',5,'89999',89999);
INSERT INTO ezisbn_registrant_range (from_number, id, isbn_group_id, registrant_from, registrant_length, registrant_to, to_number) VALUES (90000,4533,1046,'900000',6,'949999',94999);
INSERT INTO ezisbn_registrant_range (from_number, id, isbn_group_id, registrant_from, registrant_length, registrant_to, to_number) VALUES (95000,4534,1046,'9500000',7,'9999999',99999);
INSERT INTO ezisbn_registrant_range (from_number, id, isbn_group_id, registrant_from, registrant_length, registrant_to, to_number) VALUES (0,4535,1047,'00',2,'09',9999);
INSERT INTO ezisbn_registrant_range (from_number, id, isbn_group_id, registrant_from, registrant_length, registrant_to, to_number) VALUES (10000,4536,1047,'100',3,'399',39999);
INSERT INTO ezisbn_registrant_range (from_number, id, isbn_group_id, registrant_from, registrant_length, registrant_to, to_number) VALUES (40000,4537,1047,'4000',4,'5499',54999);
INSERT INTO ezisbn_registrant_range (from_number, id, isbn_group_id, registrant_from, registrant_length, registrant_to, to_number) VALUES (55000,4538,1047,'55000',5,'86979',86979);
INSERT INTO ezisbn_registrant_range (from_number, id, isbn_group_id, registrant_from, registrant_length, registrant_to, to_number) VALUES (86980,4539,1047,'869800',6,'998999',99899);
INSERT INTO ezisbn_registrant_range (from_number, id, isbn_group_id, registrant_from, registrant_length, registrant_to, to_number) VALUES (0,4540,1048,'00',2,'19',19999);
INSERT INTO ezisbn_registrant_range (from_number, id, isbn_group_id, registrant_from, registrant_length, registrant_to, to_number) VALUES (20000,4541,1048,'200',3,'349',34999);
INSERT INTO ezisbn_registrant_range (from_number, id, isbn_group_id, registrant_from, registrant_length, registrant_to, to_number) VALUES (35000,4542,1048,'35000',5,'39999',39999);
INSERT INTO ezisbn_registrant_range (from_number, id, isbn_group_id, registrant_from, registrant_length, registrant_to, to_number) VALUES (40000,4543,1048,'400',3,'699',69999);
INSERT INTO ezisbn_registrant_range (from_number, id, isbn_group_id, registrant_from, registrant_length, registrant_to, to_number) VALUES (70000,4544,1048,'7000',4,'8399',83999);
INSERT INTO ezisbn_registrant_range (from_number, id, isbn_group_id, registrant_from, registrant_length, registrant_to, to_number) VALUES (84000,4545,1048,'84000',5,'89999',89999);
INSERT INTO ezisbn_registrant_range (from_number, id, isbn_group_id, registrant_from, registrant_length, registrant_to, to_number) VALUES (90000,4546,1048,'900000',6,'949999',94999);
INSERT INTO ezisbn_registrant_range (from_number, id, isbn_group_id, registrant_from, registrant_length, registrant_to, to_number) VALUES (95000,4547,1048,'9500000',7,'9999999',99999);
INSERT INTO ezisbn_registrant_range (from_number, id, isbn_group_id, registrant_from, registrant_length, registrant_to, to_number) VALUES (0,4548,1049,'00',2,'02',2999);
INSERT INTO ezisbn_registrant_range (from_number, id, isbn_group_id, registrant_from, registrant_length, registrant_to, to_number) VALUES (3000,4549,1049,'030',3,'033',3399);
INSERT INTO ezisbn_registrant_range (from_number, id, isbn_group_id, registrant_from, registrant_length, registrant_to, to_number) VALUES (3400,4550,1049,'0340',4,'0369',3699);
INSERT INTO ezisbn_registrant_range (from_number, id, isbn_group_id, registrant_from, registrant_length, registrant_to, to_number) VALUES (3700,4551,1049,'03700',5,'03999',3999);
INSERT INTO ezisbn_registrant_range (from_number, id, isbn_group_id, registrant_from, registrant_length, registrant_to, to_number) VALUES (4000,4552,1049,'04',2,'19',19999);
INSERT INTO ezisbn_registrant_range (from_number, id, isbn_group_id, registrant_from, registrant_length, registrant_to, to_number) VALUES (20000,4553,1049,'200',3,'699',69999);
INSERT INTO ezisbn_registrant_range (from_number, id, isbn_group_id, registrant_from, registrant_length, registrant_to, to_number) VALUES (70000,4554,1049,'7000',4,'8499',84999);
INSERT INTO ezisbn_registrant_range (from_number, id, isbn_group_id, registrant_from, registrant_length, registrant_to, to_number) VALUES (85000,4555,1049,'85000',5,'89999',89999);
INSERT INTO ezisbn_registrant_range (from_number, id, isbn_group_id, registrant_from, registrant_length, registrant_to, to_number) VALUES (90000,4556,1049,'900000',6,'949999',94999);
INSERT INTO ezisbn_registrant_range (from_number, id, isbn_group_id, registrant_from, registrant_length, registrant_to, to_number) VALUES (95000,4557,1049,'9500000',7,'9999999',99999);
INSERT INTO ezisbn_registrant_range (from_number, id, isbn_group_id, registrant_from, registrant_length, registrant_to, to_number) VALUES (0,4558,1050,'00',2,'19',19999);
INSERT INTO ezisbn_registrant_range (from_number, id, isbn_group_id, registrant_from, registrant_length, registrant_to, to_number) VALUES (20000,4559,1050,'200',3,'699',69999);
INSERT INTO ezisbn_registrant_range (from_number, id, isbn_group_id, registrant_from, registrant_length, registrant_to, to_number) VALUES (70000,4560,1050,'7000',4,'8499',84999);
INSERT INTO ezisbn_registrant_range (from_number, id, isbn_group_id, registrant_from, registrant_length, registrant_to, to_number) VALUES (85000,4561,1050,'85000',5,'89999',89999);
INSERT INTO ezisbn_registrant_range (from_number, id, isbn_group_id, registrant_from, registrant_length, registrant_to, to_number) VALUES (90000,4562,1050,'900000',6,'949999',94999);
INSERT INTO ezisbn_registrant_range (from_number, id, isbn_group_id, registrant_from, registrant_length, registrant_to, to_number) VALUES (95000,4563,1050,'9500000',7,'9999999',99999);
INSERT INTO ezisbn_registrant_range (from_number, id, isbn_group_id, registrant_from, registrant_length, registrant_to, to_number) VALUES (0,4564,1051,'00',2,'19',19999);
INSERT INTO ezisbn_registrant_range (from_number, id, isbn_group_id, registrant_from, registrant_length, registrant_to, to_number) VALUES (20000,4565,1051,'200',3,'699',69999);
INSERT INTO ezisbn_registrant_range (from_number, id, isbn_group_id, registrant_from, registrant_length, registrant_to, to_number) VALUES (70000,4566,1051,'7000',4,'8499',84999);
INSERT INTO ezisbn_registrant_range (from_number, id, isbn_group_id, registrant_from, registrant_length, registrant_to, to_number) VALUES (85000,4567,1051,'85000',5,'89999',89999);
INSERT INTO ezisbn_registrant_range (from_number, id, isbn_group_id, registrant_from, registrant_length, registrant_to, to_number) VALUES (90000,4568,1051,'900000',6,'909999',90999);
INSERT INTO ezisbn_registrant_range (from_number, id, isbn_group_id, registrant_from, registrant_length, registrant_to, to_number) VALUES (91000,4569,1051,'91000',5,'91999',91999);
INSERT INTO ezisbn_registrant_range (from_number, id, isbn_group_id, registrant_from, registrant_length, registrant_to, to_number) VALUES (92000,4570,1051,'9200',4,'9299',92999);
INSERT INTO ezisbn_registrant_range (from_number, id, isbn_group_id, registrant_from, registrant_length, registrant_to, to_number) VALUES (93000,4571,1051,'93000',5,'94999',94999);
INSERT INTO ezisbn_registrant_range (from_number, id, isbn_group_id, registrant_from, registrant_length, registrant_to, to_number) VALUES (95000,4572,1051,'9500',4,'9799',97999);
INSERT INTO ezisbn_registrant_range (from_number, id, isbn_group_id, registrant_from, registrant_length, registrant_to, to_number) VALUES (98000,4573,1051,'98000',5,'98999',98999);
INSERT INTO ezisbn_registrant_range (from_number, id, isbn_group_id, registrant_from, registrant_length, registrant_to, to_number) VALUES (99000,4574,1051,'9900000',7,'9909999',99099);
INSERT INTO ezisbn_registrant_range (from_number, id, isbn_group_id, registrant_from, registrant_length, registrant_to, to_number) VALUES (99100,4575,1051,'9910',4,'9999',99999);
INSERT INTO ezisbn_registrant_range (from_number, id, isbn_group_id, registrant_from, registrant_length, registrant_to, to_number) VALUES (0,4576,1052,'00',2,'09',9999);
INSERT INTO ezisbn_registrant_range (from_number, id, isbn_group_id, registrant_from, registrant_length, registrant_to, to_number) VALUES (10000,4577,1052,'100',3,'499',49999);
INSERT INTO ezisbn_registrant_range (from_number, id, isbn_group_id, registrant_from, registrant_length, registrant_to, to_number) VALUES (50000,4578,1052,'5000',4,'8999',89999);
INSERT INTO ezisbn_registrant_range (from_number, id, isbn_group_id, registrant_from, registrant_length, registrant_to, to_number) VALUES (90000,4579,1052,'90000',5,'99999',99999);
INSERT INTO ezisbn_registrant_range (from_number, id, isbn_group_id, registrant_from, registrant_length, registrant_to, to_number) VALUES (0,4580,1053,'00',2,'19',19999);
INSERT INTO ezisbn_registrant_range (from_number, id, isbn_group_id, registrant_from, registrant_length, registrant_to, to_number) VALUES (20000,4581,1053,'200',3,'699',69999);
INSERT INTO ezisbn_registrant_range (from_number, id, isbn_group_id, registrant_from, registrant_length, registrant_to, to_number) VALUES (70000,4582,1053,'7000',4,'7999',79999);
INSERT INTO ezisbn_registrant_range (from_number, id, isbn_group_id, registrant_from, registrant_length, registrant_to, to_number) VALUES (80000,4583,1053,'80000',5,'84999',84999);
INSERT INTO ezisbn_registrant_range (from_number, id, isbn_group_id, registrant_from, registrant_length, registrant_to, to_number) VALUES (85000,4584,1053,'85',2,'99',99999);
INSERT INTO ezisbn_registrant_range (from_number, id, isbn_group_id, registrant_from, registrant_length, registrant_to, to_number) VALUES (0,4585,1054,'00',2,'19',19999);
INSERT INTO ezisbn_registrant_range (from_number, id, isbn_group_id, registrant_from, registrant_length, registrant_to, to_number) VALUES (20000,4586,1054,'200',3,'799',79999);
INSERT INTO ezisbn_registrant_range (from_number, id, isbn_group_id, registrant_from, registrant_length, registrant_to, to_number) VALUES (80000,4587,1054,'8000',4,'9499',94999);
INSERT INTO ezisbn_registrant_range (from_number, id, isbn_group_id, registrant_from, registrant_length, registrant_to, to_number) VALUES (95000,4588,1054,'95000',5,'99999',99999);
INSERT INTO ezisbn_registrant_range (from_number, id, isbn_group_id, registrant_from, registrant_length, registrant_to, to_number) VALUES (0,4589,1055,'00',2,'04',4999);
INSERT INTO ezisbn_registrant_range (from_number, id, isbn_group_id, registrant_from, registrant_length, registrant_to, to_number) VALUES (50000,4590,1055,'500',3,'799',79999);
INSERT INTO ezisbn_registrant_range (from_number, id, isbn_group_id, registrant_from, registrant_length, registrant_to, to_number) VALUES (80000,4591,1055,'8000',4,'8999',89999);
INSERT INTO ezisbn_registrant_range (from_number, id, isbn_group_id, registrant_from, registrant_length, registrant_to, to_number) VALUES (90000,4592,1055,'90000',5,'99999',99999);
INSERT INTO ezisbn_registrant_range (from_number, id, isbn_group_id, registrant_from, registrant_length, registrant_to, to_number) VALUES (0,4593,1056,'0',1,'4',49999);
INSERT INTO ezisbn_registrant_range (from_number, id, isbn_group_id, registrant_from, registrant_length, registrant_to, to_number) VALUES (50000,4594,1056,'50',2,'89',89999);
INSERT INTO ezisbn_registrant_range (from_number, id, isbn_group_id, registrant_from, registrant_length, registrant_to, to_number) VALUES (90000,4595,1056,'900',3,'979',97999);
INSERT INTO ezisbn_registrant_range (from_number, id, isbn_group_id, registrant_from, registrant_length, registrant_to, to_number) VALUES (98000,4596,1056,'9800',4,'9999',99999);
INSERT INTO ezisbn_registrant_range (from_number, id, isbn_group_id, registrant_from, registrant_length, registrant_to, to_number) VALUES (0,4597,1057,'00',2,'09',9999);
INSERT INTO ezisbn_registrant_range (from_number, id, isbn_group_id, registrant_from, registrant_length, registrant_to, to_number) VALUES (10000,4598,1057,'100',3,'399',39999);
INSERT INTO ezisbn_registrant_range (from_number, id, isbn_group_id, registrant_from, registrant_length, registrant_to, to_number) VALUES (40000,4599,1057,'4000',4,'5999',59999);
INSERT INTO ezisbn_registrant_range (from_number, id, isbn_group_id, registrant_from, registrant_length, registrant_to, to_number) VALUES (60000,4600,1057,'60000',5,'89999',89999);
INSERT INTO ezisbn_registrant_range (from_number, id, isbn_group_id, registrant_from, registrant_length, registrant_to, to_number) VALUES (0,4601,1058,'00',2,'09',9999);
INSERT INTO ezisbn_registrant_range (from_number, id, isbn_group_id, registrant_from, registrant_length, registrant_to, to_number) VALUES (10000,4602,1058,'100',3,'499',49999);
INSERT INTO ezisbn_registrant_range (from_number, id, isbn_group_id, registrant_from, registrant_length, registrant_to, to_number) VALUES (50000,4603,1058,'5000',4,'7999',79999);
INSERT INTO ezisbn_registrant_range (from_number, id, isbn_group_id, registrant_from, registrant_length, registrant_to, to_number) VALUES (80000,4604,1058,'80000',5,'89999',89999);
INSERT INTO ezisbn_registrant_range (from_number, id, isbn_group_id, registrant_from, registrant_length, registrant_to, to_number) VALUES (90000,4605,1058,'900000',6,'999999',99999);
INSERT INTO ezisbn_registrant_range (from_number, id, isbn_group_id, registrant_from, registrant_length, registrant_to, to_number) VALUES (0,4606,1059,'00',2,'19',19999);
INSERT INTO ezisbn_registrant_range (from_number, id, isbn_group_id, registrant_from, registrant_length, registrant_to, to_number) VALUES (20000,4607,1059,'200',3,'699',69999);
INSERT INTO ezisbn_registrant_range (from_number, id, isbn_group_id, registrant_from, registrant_length, registrant_to, to_number) VALUES (70000,4608,1059,'7000',4,'8499',84999);
INSERT INTO ezisbn_registrant_range (from_number, id, isbn_group_id, registrant_from, registrant_length, registrant_to, to_number) VALUES (85000,4609,1059,'85000',5,'89999',89999);
INSERT INTO ezisbn_registrant_range (from_number, id, isbn_group_id, registrant_from, registrant_length, registrant_to, to_number) VALUES (90000,4610,1059,'900000',6,'999999',99999);
INSERT INTO ezisbn_registrant_range (from_number, id, isbn_group_id, registrant_from, registrant_length, registrant_to, to_number) VALUES (0,4611,1060,'00',2,'19',19999);
INSERT INTO ezisbn_registrant_range (from_number, id, isbn_group_id, registrant_from, registrant_length, registrant_to, to_number) VALUES (20000,4612,1060,'200',3,'699',69999);
INSERT INTO ezisbn_registrant_range (from_number, id, isbn_group_id, registrant_from, registrant_length, registrant_to, to_number) VALUES (70000,4613,1060,'7000',4,'8499',84999);
INSERT INTO ezisbn_registrant_range (from_number, id, isbn_group_id, registrant_from, registrant_length, registrant_to, to_number) VALUES (85000,4614,1060,'85000',5,'89999',89999);
INSERT INTO ezisbn_registrant_range (from_number, id, isbn_group_id, registrant_from, registrant_length, registrant_to, to_number) VALUES (90000,4615,1060,'900000',6,'999999',99999);
INSERT INTO ezisbn_registrant_range (from_number, id, isbn_group_id, registrant_from, registrant_length, registrant_to, to_number) VALUES (0,4616,1061,'00',2,'19',19999);
INSERT INTO ezisbn_registrant_range (from_number, id, isbn_group_id, registrant_from, registrant_length, registrant_to, to_number) VALUES (20000,4617,1061,'200',3,'699',69999);
INSERT INTO ezisbn_registrant_range (from_number, id, isbn_group_id, registrant_from, registrant_length, registrant_to, to_number) VALUES (70000,4618,1061,'7000',4,'8999',89999);
INSERT INTO ezisbn_registrant_range (from_number, id, isbn_group_id, registrant_from, registrant_length, registrant_to, to_number) VALUES (90000,4619,1061,'90000',5,'98999',98999);
INSERT INTO ezisbn_registrant_range (from_number, id, isbn_group_id, registrant_from, registrant_length, registrant_to, to_number) VALUES (99000,4620,1061,'990000',6,'999999',99999);
INSERT INTO ezisbn_registrant_range (from_number, id, isbn_group_id, registrant_from, registrant_length, registrant_to, to_number) VALUES (0,4621,1062,'00',2,'19',19999);
INSERT INTO ezisbn_registrant_range (from_number, id, isbn_group_id, registrant_from, registrant_length, registrant_to, to_number) VALUES (20000,4622,1062,'200',3,'599',59999);
INSERT INTO ezisbn_registrant_range (from_number, id, isbn_group_id, registrant_from, registrant_length, registrant_to, to_number) VALUES (60000,4623,1062,'60000',5,'69999',69999);
INSERT INTO ezisbn_registrant_range (from_number, id, isbn_group_id, registrant_from, registrant_length, registrant_to, to_number) VALUES (70000,4624,1062,'7000',4,'8499',84999);
INSERT INTO ezisbn_registrant_range (from_number, id, isbn_group_id, registrant_from, registrant_length, registrant_to, to_number) VALUES (85000,4625,1062,'85000',5,'89999',89999);
INSERT INTO ezisbn_registrant_range (from_number, id, isbn_group_id, registrant_from, registrant_length, registrant_to, to_number) VALUES (90000,4626,1062,'900000',6,'999999',99999);
INSERT INTO ezisbn_registrant_range (from_number, id, isbn_group_id, registrant_from, registrant_length, registrant_to, to_number) VALUES (0,4627,1063,'00',2,'19',19999);
INSERT INTO ezisbn_registrant_range (from_number, id, isbn_group_id, registrant_from, registrant_length, registrant_to, to_number) VALUES (20000,4628,1063,'200',3,'699',69999);
INSERT INTO ezisbn_registrant_range (from_number, id, isbn_group_id, registrant_from, registrant_length, registrant_to, to_number) VALUES (70000,4629,1063,'7000',4,'8499',84999);
INSERT INTO ezisbn_registrant_range (from_number, id, isbn_group_id, registrant_from, registrant_length, registrant_to, to_number) VALUES (85000,4630,1063,'85000',5,'89999',89999);
INSERT INTO ezisbn_registrant_range (from_number, id, isbn_group_id, registrant_from, registrant_length, registrant_to, to_number) VALUES (90000,4631,1063,'9000',4,'9199',91999);
INSERT INTO ezisbn_registrant_range (from_number, id, isbn_group_id, registrant_from, registrant_length, registrant_to, to_number) VALUES (92000,4632,1063,'920000',6,'923999',92399);
INSERT INTO ezisbn_registrant_range (from_number, id, isbn_group_id, registrant_from, registrant_length, registrant_to, to_number) VALUES (92400,4633,1063,'92400',5,'92999',92999);
INSERT INTO ezisbn_registrant_range (from_number, id, isbn_group_id, registrant_from, registrant_length, registrant_to, to_number) VALUES (93000,4634,1063,'930000',6,'949999',94999);
INSERT INTO ezisbn_registrant_range (from_number, id, isbn_group_id, registrant_from, registrant_length, registrant_to, to_number) VALUES (95000,4635,1063,'95000',5,'96999',96999);
INSERT INTO ezisbn_registrant_range (from_number, id, isbn_group_id, registrant_from, registrant_length, registrant_to, to_number) VALUES (97000,4636,1063,'9700',4,'9999',99999);
INSERT INTO ezisbn_registrant_range (from_number, id, isbn_group_id, registrant_from, registrant_length, registrant_to, to_number) VALUES (0,4637,1064,'00',2,'19',19999);
INSERT INTO ezisbn_registrant_range (from_number, id, isbn_group_id, registrant_from, registrant_length, registrant_to, to_number) VALUES (20000,4638,1064,'200',3,'599',59999);
INSERT INTO ezisbn_registrant_range (from_number, id, isbn_group_id, registrant_from, registrant_length, registrant_to, to_number) VALUES (60000,4639,1064,'60000',5,'69999',69999);
INSERT INTO ezisbn_registrant_range (from_number, id, isbn_group_id, registrant_from, registrant_length, registrant_to, to_number) VALUES (70000,4640,1064,'7000',4,'8499',84999);
INSERT INTO ezisbn_registrant_range (from_number, id, isbn_group_id, registrant_from, registrant_length, registrant_to, to_number) VALUES (85000,4641,1064,'85000',5,'89999',89999);
INSERT INTO ezisbn_registrant_range (from_number, id, isbn_group_id, registrant_from, registrant_length, registrant_to, to_number) VALUES (90000,4642,1064,'900000',6,'979999',97999);
INSERT INTO ezisbn_registrant_range (from_number, id, isbn_group_id, registrant_from, registrant_length, registrant_to, to_number) VALUES (98000,4643,1064,'98000',5,'99999',99999);
INSERT INTO ezisbn_registrant_range (from_number, id, isbn_group_id, registrant_from, registrant_length, registrant_to, to_number) VALUES (0,4644,1065,'00',2,'29',29999);
INSERT INTO ezisbn_registrant_range (from_number, id, isbn_group_id, registrant_from, registrant_length, registrant_to, to_number) VALUES (30000,4645,1065,'300',3,'599',59999);
INSERT INTO ezisbn_registrant_range (from_number, id, isbn_group_id, registrant_from, registrant_length, registrant_to, to_number) VALUES (60000,4646,1065,'6000',4,'7999',79999);
INSERT INTO ezisbn_registrant_range (from_number, id, isbn_group_id, registrant_from, registrant_length, registrant_to, to_number) VALUES (80000,4647,1065,'80000',5,'89999',89999);
INSERT INTO ezisbn_registrant_range (from_number, id, isbn_group_id, registrant_from, registrant_length, registrant_to, to_number) VALUES (90000,4648,1065,'900000',6,'999999',99999);
INSERT INTO ezisbn_registrant_range (from_number, id, isbn_group_id, registrant_from, registrant_length, registrant_to, to_number) VALUES (0,4649,1066,'00',2,'29',29999);
INSERT INTO ezisbn_registrant_range (from_number, id, isbn_group_id, registrant_from, registrant_length, registrant_to, to_number) VALUES (40000,4650,1066,'400',3,'649',64999);
INSERT INTO ezisbn_registrant_range (from_number, id, isbn_group_id, registrant_from, registrant_length, registrant_to, to_number) VALUES (70000,4651,1066,'7000',4,'7999',79999);
INSERT INTO ezisbn_registrant_range (from_number, id, isbn_group_id, registrant_from, registrant_length, registrant_to, to_number) VALUES (85000,4652,1066,'85000',5,'94999',94999);
INSERT INTO ezisbn_registrant_range (from_number, id, isbn_group_id, registrant_from, registrant_length, registrant_to, to_number) VALUES (97000,4653,1066,'970000',6,'999999',99999);
INSERT INTO ezisbn_registrant_range (from_number, id, isbn_group_id, registrant_from, registrant_length, registrant_to, to_number) VALUES (0,4654,1067,'00',2,'19',19999);
INSERT INTO ezisbn_registrant_range (from_number, id, isbn_group_id, registrant_from, registrant_length, registrant_to, to_number) VALUES (20000,4655,1067,'200',3,'599',59999);
INSERT INTO ezisbn_registrant_range (from_number, id, isbn_group_id, registrant_from, registrant_length, registrant_to, to_number) VALUES (60000,4656,1067,'6000',4,'8499',84999);
INSERT INTO ezisbn_registrant_range (from_number, id, isbn_group_id, registrant_from, registrant_length, registrant_to, to_number) VALUES (85000,4657,1067,'85000',5,'89999',89999);
INSERT INTO ezisbn_registrant_range (from_number, id, isbn_group_id, registrant_from, registrant_length, registrant_to, to_number) VALUES (90000,4658,1067,'900000',6,'949999',94999);
INSERT INTO ezisbn_registrant_range (from_number, id, isbn_group_id, registrant_from, registrant_length, registrant_to, to_number) VALUES (95000,4659,1067,'95000',5,'99999',99999);
INSERT INTO ezisbn_registrant_range (from_number, id, isbn_group_id, registrant_from, registrant_length, registrant_to, to_number) VALUES (0,4660,1068,'00',2,'24',24999);
INSERT INTO ezisbn_registrant_range (from_number, id, isbn_group_id, registrant_from, registrant_length, registrant_to, to_number) VALUES (25000,4661,1068,'250',3,'549',54999);
INSERT INTO ezisbn_registrant_range (from_number, id, isbn_group_id, registrant_from, registrant_length, registrant_to, to_number) VALUES (55000,4662,1068,'5500',4,'8499',84999);
INSERT INTO ezisbn_registrant_range (from_number, id, isbn_group_id, registrant_from, registrant_length, registrant_to, to_number) VALUES (85000,4663,1068,'85000',5,'94999',94999);
INSERT INTO ezisbn_registrant_range (from_number, id, isbn_group_id, registrant_from, registrant_length, registrant_to, to_number) VALUES (95000,4664,1068,'950000',6,'999999',99999);
INSERT INTO ezisbn_registrant_range (from_number, id, isbn_group_id, registrant_from, registrant_length, registrant_to, to_number) VALUES (0,4665,1069,'00',2,'19',19999);
INSERT INTO ezisbn_registrant_range (from_number, id, isbn_group_id, registrant_from, registrant_length, registrant_to, to_number) VALUES (20000,4666,1069,'200',3,'499',49999);
INSERT INTO ezisbn_registrant_range (from_number, id, isbn_group_id, registrant_from, registrant_length, registrant_to, to_number) VALUES (50000,4667,1069,'5000',4,'6999',69999);
INSERT INTO ezisbn_registrant_range (from_number, id, isbn_group_id, registrant_from, registrant_length, registrant_to, to_number) VALUES (70000,4668,1069,'70000',5,'79999',79999);
INSERT INTO ezisbn_registrant_range (from_number, id, isbn_group_id, registrant_from, registrant_length, registrant_to, to_number) VALUES (80000,4669,1069,'800000',6,'849999',84999);
INSERT INTO ezisbn_registrant_range (from_number, id, isbn_group_id, registrant_from, registrant_length, registrant_to, to_number) VALUES (85000,4670,1069,'8500',4,'8999',89999);
INSERT INTO ezisbn_registrant_range (from_number, id, isbn_group_id, registrant_from, registrant_length, registrant_to, to_number) VALUES (90000,4671,1069,'900000',6,'909999',90999);
INSERT INTO ezisbn_registrant_range (from_number, id, isbn_group_id, registrant_from, registrant_length, registrant_to, to_number) VALUES (94000,4672,1069,'940000',6,'949999',94999);
INSERT INTO ezisbn_registrant_range (from_number, id, isbn_group_id, registrant_from, registrant_length, registrant_to, to_number) VALUES (0,4673,1070,'0',1,'1',19999);
INSERT INTO ezisbn_registrant_range (from_number, id, isbn_group_id, registrant_from, registrant_length, registrant_to, to_number) VALUES (20000,4674,1070,'20',2,'49',49999);
INSERT INTO ezisbn_registrant_range (from_number, id, isbn_group_id, registrant_from, registrant_length, registrant_to, to_number) VALUES (50000,4675,1070,'500',3,'649',64999);
INSERT INTO ezisbn_registrant_range (from_number, id, isbn_group_id, registrant_from, registrant_length, registrant_to, to_number) VALUES (70000,4676,1070,'7000',4,'7999',79999);
INSERT INTO ezisbn_registrant_range (from_number, id, isbn_group_id, registrant_from, registrant_length, registrant_to, to_number) VALUES (85000,4677,1070,'85000',5,'94999',94999);
INSERT INTO ezisbn_registrant_range (from_number, id, isbn_group_id, registrant_from, registrant_length, registrant_to, to_number) VALUES (97000,4678,1070,'970000',6,'999999',99999);
INSERT INTO ezisbn_registrant_range (from_number, id, isbn_group_id, registrant_from, registrant_length, registrant_to, to_number) VALUES (0,4679,1071,'0',1,'5',59999);
INSERT INTO ezisbn_registrant_range (from_number, id, isbn_group_id, registrant_from, registrant_length, registrant_to, to_number) VALUES (60000,4680,1071,'60',2,'79',79999);
INSERT INTO ezisbn_registrant_range (from_number, id, isbn_group_id, registrant_from, registrant_length, registrant_to, to_number) VALUES (80000,4681,1071,'800',3,'899',89999);
INSERT INTO ezisbn_registrant_range (from_number, id, isbn_group_id, registrant_from, registrant_length, registrant_to, to_number) VALUES (90000,4682,1071,'9000',4,'9499',94999);
INSERT INTO ezisbn_registrant_range (from_number, id, isbn_group_id, registrant_from, registrant_length, registrant_to, to_number) VALUES (95000,4683,1071,'95000',5,'98999',98999);
INSERT INTO ezisbn_registrant_range (from_number, id, isbn_group_id, registrant_from, registrant_length, registrant_to, to_number) VALUES (99000,4684,1071,'990000',6,'999999',99999);
INSERT INTO ezisbn_registrant_range (from_number, id, isbn_group_id, registrant_from, registrant_length, registrant_to, to_number) VALUES (0,4685,1073,'00',2,'49',49999);
INSERT INTO ezisbn_registrant_range (from_number, id, isbn_group_id, registrant_from, registrant_length, registrant_to, to_number) VALUES (50000,4686,1073,'500',3,'899',89999);
INSERT INTO ezisbn_registrant_range (from_number, id, isbn_group_id, registrant_from, registrant_length, registrant_to, to_number) VALUES (90000,4687,1073,'9000',4,'9899',98999);
INSERT INTO ezisbn_registrant_range (from_number, id, isbn_group_id, registrant_from, registrant_length, registrant_to, to_number) VALUES (99000,4688,1073,'99000',5,'99999',99999);
INSERT INTO ezisbn_registrant_range (from_number, id, isbn_group_id, registrant_from, registrant_length, registrant_to, to_number) VALUES (0,4689,1074,'0',1,'1',19999);
INSERT INTO ezisbn_registrant_range (from_number, id, isbn_group_id, registrant_from, registrant_length, registrant_to, to_number) VALUES (20000,4690,1074,'20',2,'54',54999);
INSERT INTO ezisbn_registrant_range (from_number, id, isbn_group_id, registrant_from, registrant_length, registrant_to, to_number) VALUES (55000,4691,1074,'550',3,'889',88999);
INSERT INTO ezisbn_registrant_range (from_number, id, isbn_group_id, registrant_from, registrant_length, registrant_to, to_number) VALUES (89000,4692,1074,'8900',4,'9499',94999);
INSERT INTO ezisbn_registrant_range (from_number, id, isbn_group_id, registrant_from, registrant_length, registrant_to, to_number) VALUES (95000,4693,1074,'95000',5,'99999',99999);
INSERT INTO ezisbn_registrant_range (from_number, id, isbn_group_id, registrant_from, registrant_length, registrant_to, to_number) VALUES (0,4694,1075,'00',2,'19',19999);
INSERT INTO ezisbn_registrant_range (from_number, id, isbn_group_id, registrant_from, registrant_length, registrant_to, to_number) VALUES (20000,4695,1075,'200',3,'499',49999);
INSERT INTO ezisbn_registrant_range (from_number, id, isbn_group_id, registrant_from, registrant_length, registrant_to, to_number) VALUES (50000,4696,1075,'5000',4,'5999',59999);
INSERT INTO ezisbn_registrant_range (from_number, id, isbn_group_id, registrant_from, registrant_length, registrant_to, to_number) VALUES (60000,4697,1075,'60',2,'65',65999);
INSERT INTO ezisbn_registrant_range (from_number, id, isbn_group_id, registrant_from, registrant_length, registrant_to, to_number) VALUES (66000,4698,1075,'6600',4,'6699',66999);
INSERT INTO ezisbn_registrant_range (from_number, id, isbn_group_id, registrant_from, registrant_length, registrant_to, to_number) VALUES (67000,4699,1075,'67000',5,'69999',69999);
INSERT INTO ezisbn_registrant_range (from_number, id, isbn_group_id, registrant_from, registrant_length, registrant_to, to_number) VALUES (70000,4700,1075,'7000',4,'7999',79999);
INSERT INTO ezisbn_registrant_range (from_number, id, isbn_group_id, registrant_from, registrant_length, registrant_to, to_number) VALUES (80000,4701,1075,'80',2,'94',94999);
INSERT INTO ezisbn_registrant_range (from_number, id, isbn_group_id, registrant_from, registrant_length, registrant_to, to_number) VALUES (95000,4702,1075,'9500',4,'9899',98999);
INSERT INTO ezisbn_registrant_range (from_number, id, isbn_group_id, registrant_from, registrant_length, registrant_to, to_number) VALUES (99000,4703,1075,'99000',5,'99999',99999);
INSERT INTO ezisbn_registrant_range (from_number, id, isbn_group_id, registrant_from, registrant_length, registrant_to, to_number) VALUES (0,4704,1076,'0',1,'0',9999);
INSERT INTO ezisbn_registrant_range (from_number, id, isbn_group_id, registrant_from, registrant_length, registrant_to, to_number) VALUES (10000,4705,1076,'10',2,'14',14999);
INSERT INTO ezisbn_registrant_range (from_number, id, isbn_group_id, registrant_from, registrant_length, registrant_to, to_number) VALUES (15000,4706,1076,'150',3,'549',54999);
INSERT INTO ezisbn_registrant_range (from_number, id, isbn_group_id, registrant_from, registrant_length, registrant_to, to_number) VALUES (55000,4707,1076,'55000',5,'59999',59999);
INSERT INTO ezisbn_registrant_range (from_number, id, isbn_group_id, registrant_from, registrant_length, registrant_to, to_number) VALUES (60000,4708,1076,'6000',4,'9499',94999);
INSERT INTO ezisbn_registrant_range (from_number, id, isbn_group_id, registrant_from, registrant_length, registrant_to, to_number) VALUES (95000,4709,1076,'95000',5,'99999',99999);
INSERT INTO ezisbn_registrant_range (from_number, id, isbn_group_id, registrant_from, registrant_length, registrant_to, to_number) VALUES (0,4710,1077,'00',2,'29',29999);
INSERT INTO ezisbn_registrant_range (from_number, id, isbn_group_id, registrant_from, registrant_length, registrant_to, to_number) VALUES (30000,4711,1077,'300',3,'799',79999);
INSERT INTO ezisbn_registrant_range (from_number, id, isbn_group_id, registrant_from, registrant_length, registrant_to, to_number) VALUES (80000,4712,1077,'8000',4,'8999',89999);
INSERT INTO ezisbn_registrant_range (from_number, id, isbn_group_id, registrant_from, registrant_length, registrant_to, to_number) VALUES (90000,4713,1077,'90000',5,'92999',92999);
INSERT INTO ezisbn_registrant_range (from_number, id, isbn_group_id, registrant_from, registrant_length, registrant_to, to_number) VALUES (93000,4714,1077,'9300',4,'9999',99999);
INSERT INTO ezisbn_registrant_range (from_number, id, isbn_group_id, registrant_from, registrant_length, registrant_to, to_number) VALUES (0,4715,1078,'0',1,'0',9999);
INSERT INTO ezisbn_registrant_range (from_number, id, isbn_group_id, registrant_from, registrant_length, registrant_to, to_number) VALUES (10000,4716,1078,'1000',4,'1999',19999);
INSERT INTO ezisbn_registrant_range (from_number, id, isbn_group_id, registrant_from, registrant_length, registrant_to, to_number) VALUES (20000,4717,1078,'20',2,'54',54999);
INSERT INTO ezisbn_registrant_range (from_number, id, isbn_group_id, registrant_from, registrant_length, registrant_to, to_number) VALUES (55000,4718,1078,'550',3,'799',79999);
INSERT INTO ezisbn_registrant_range (from_number, id, isbn_group_id, registrant_from, registrant_length, registrant_to, to_number) VALUES (80000,4719,1078,'8000',4,'9499',94999);
INSERT INTO ezisbn_registrant_range (from_number, id, isbn_group_id, registrant_from, registrant_length, registrant_to, to_number) VALUES (95000,4720,1078,'95000',5,'99999',99999);
INSERT INTO ezisbn_registrant_range (from_number, id, isbn_group_id, registrant_from, registrant_length, registrant_to, to_number) VALUES (0,4721,1079,'00',2,'19',19999);
INSERT INTO ezisbn_registrant_range (from_number, id, isbn_group_id, registrant_from, registrant_length, registrant_to, to_number) VALUES (20000,4722,1079,'200',3,'699',69999);
INSERT INTO ezisbn_registrant_range (from_number, id, isbn_group_id, registrant_from, registrant_length, registrant_to, to_number) VALUES (70000,4723,1079,'7000',4,'9999',99999);
INSERT INTO ezisbn_registrant_range (from_number, id, isbn_group_id, registrant_from, registrant_length, registrant_to, to_number) VALUES (0,4724,1080,'00',2,'02',2999);
INSERT INTO ezisbn_registrant_range (from_number, id, isbn_group_id, registrant_from, registrant_length, registrant_to, to_number) VALUES (3000,4725,1080,'0300',4,'0499',4999);
INSERT INTO ezisbn_registrant_range (from_number, id, isbn_group_id, registrant_from, registrant_length, registrant_to, to_number) VALUES (5000,4726,1080,'05',2,'19',19999);
INSERT INTO ezisbn_registrant_range (from_number, id, isbn_group_id, registrant_from, registrant_length, registrant_to, to_number) VALUES (20000,4727,1080,'2000',4,'2099',20999);
INSERT INTO ezisbn_registrant_range (from_number, id, isbn_group_id, registrant_from, registrant_length, registrant_to, to_number) VALUES (21000,4728,1080,'21',2,'27',27999);
INSERT INTO ezisbn_registrant_range (from_number, id, isbn_group_id, registrant_from, registrant_length, registrant_to, to_number) VALUES (28000,4729,1080,'28000',5,'30999',30999);
INSERT INTO ezisbn_registrant_range (from_number, id, isbn_group_id, registrant_from, registrant_length, registrant_to, to_number) VALUES (31000,4730,1080,'31',2,'43',43999);
INSERT INTO ezisbn_registrant_range (from_number, id, isbn_group_id, registrant_from, registrant_length, registrant_to, to_number) VALUES (44000,4731,1080,'440',3,'819',81999);
INSERT INTO ezisbn_registrant_range (from_number, id, isbn_group_id, registrant_from, registrant_length, registrant_to, to_number) VALUES (82000,4732,1080,'8200',4,'9699',96999);
INSERT INTO ezisbn_registrant_range (from_number, id, isbn_group_id, registrant_from, registrant_length, registrant_to, to_number) VALUES (97000,4733,1080,'97000',5,'99999',99999);
INSERT INTO ezisbn_registrant_range (from_number, id, isbn_group_id, registrant_from, registrant_length, registrant_to, to_number) VALUES (0,4734,1081,'00',2,'59',59999);
INSERT INTO ezisbn_registrant_range (from_number, id, isbn_group_id, registrant_from, registrant_length, registrant_to, to_number) VALUES (60000,4735,1081,'600',3,'799',79999);
INSERT INTO ezisbn_registrant_range (from_number, id, isbn_group_id, registrant_from, registrant_length, registrant_to, to_number) VALUES (80000,4736,1081,'8000',4,'9499',94999);
INSERT INTO ezisbn_registrant_range (from_number, id, isbn_group_id, registrant_from, registrant_length, registrant_to, to_number) VALUES (95000,4737,1081,'95000',5,'99999',99999);
INSERT INTO ezisbn_registrant_range (from_number, id, isbn_group_id, registrant_from, registrant_length, registrant_to, to_number) VALUES (0,4738,1082,'00',2,'19',19999);
INSERT INTO ezisbn_registrant_range (from_number, id, isbn_group_id, registrant_from, registrant_length, registrant_to, to_number) VALUES (20000,4739,1082,'200',3,'699',69999);
INSERT INTO ezisbn_registrant_range (from_number, id, isbn_group_id, registrant_from, registrant_length, registrant_to, to_number) VALUES (70000,4740,1082,'7000',4,'8499',84999);
INSERT INTO ezisbn_registrant_range (from_number, id, isbn_group_id, registrant_from, registrant_length, registrant_to, to_number) VALUES (0,4741,1083,'00',2,'19',19999);
INSERT INTO ezisbn_registrant_range (from_number, id, isbn_group_id, registrant_from, registrant_length, registrant_to, to_number) VALUES (20000,4742,1083,'200',3,'659',65999);
INSERT INTO ezisbn_registrant_range (from_number, id, isbn_group_id, registrant_from, registrant_length, registrant_to, to_number) VALUES (66000,4743,1083,'6600',4,'6899',68999);
INSERT INTO ezisbn_registrant_range (from_number, id, isbn_group_id, registrant_from, registrant_length, registrant_to, to_number) VALUES (69000,4744,1083,'690',3,'699',69999);
INSERT INTO ezisbn_registrant_range (from_number, id, isbn_group_id, registrant_from, registrant_length, registrant_to, to_number) VALUES (70000,4745,1083,'7000',4,'8499',84999);
INSERT INTO ezisbn_registrant_range (from_number, id, isbn_group_id, registrant_from, registrant_length, registrant_to, to_number) VALUES (85000,4746,1083,'85000',5,'99999',99999);
INSERT INTO ezisbn_registrant_range (from_number, id, isbn_group_id, registrant_from, registrant_length, registrant_to, to_number) VALUES (0,4747,1084,'00',2,'19',19999);
INSERT INTO ezisbn_registrant_range (from_number, id, isbn_group_id, registrant_from, registrant_length, registrant_to, to_number) VALUES (20000,4748,1084,'200',3,'599',59999);
INSERT INTO ezisbn_registrant_range (from_number, id, isbn_group_id, registrant_from, registrant_length, registrant_to, to_number) VALUES (60000,4749,1084,'6000',4,'8999',89999);
INSERT INTO ezisbn_registrant_range (from_number, id, isbn_group_id, registrant_from, registrant_length, registrant_to, to_number) VALUES (90000,4750,1084,'90000',5,'94999',94999);
INSERT INTO ezisbn_registrant_range (from_number, id, isbn_group_id, registrant_from, registrant_length, registrant_to, to_number) VALUES (0,4751,1085,'00',2,'19',19999);
INSERT INTO ezisbn_registrant_range (from_number, id, isbn_group_id, registrant_from, registrant_length, registrant_to, to_number) VALUES (20000,4752,1085,'200',3,'699',69999);
INSERT INTO ezisbn_registrant_range (from_number, id, isbn_group_id, registrant_from, registrant_length, registrant_to, to_number) VALUES (70000,4753,1085,'7000',4,'8499',84999);
INSERT INTO ezisbn_registrant_range (from_number, id, isbn_group_id, registrant_from, registrant_length, registrant_to, to_number) VALUES (85000,4754,1085,'85000',5,'86999',86999);
INSERT INTO ezisbn_registrant_range (from_number, id, isbn_group_id, registrant_from, registrant_length, registrant_to, to_number) VALUES (87000,4755,1085,'8700',4,'8999',89999);
INSERT INTO ezisbn_registrant_range (from_number, id, isbn_group_id, registrant_from, registrant_length, registrant_to, to_number) VALUES (90000,4756,1085,'900',3,'999',99999);
INSERT INTO ezisbn_registrant_range (from_number, id, isbn_group_id, registrant_from, registrant_length, registrant_to, to_number) VALUES (0,4757,1086,'00',2,'19',19999);
INSERT INTO ezisbn_registrant_range (from_number, id, isbn_group_id, registrant_from, registrant_length, registrant_to, to_number) VALUES (20000,4758,1086,'200',3,'699',69999);
INSERT INTO ezisbn_registrant_range (from_number, id, isbn_group_id, registrant_from, registrant_length, registrant_to, to_number) VALUES (70000,4759,1086,'7000',4,'8499',84999);
INSERT INTO ezisbn_registrant_range (from_number, id, isbn_group_id, registrant_from, registrant_length, registrant_to, to_number) VALUES (85000,4760,1086,'85000',5,'89999',89999);
INSERT INTO ezisbn_registrant_range (from_number, id, isbn_group_id, registrant_from, registrant_length, registrant_to, to_number) VALUES (90000,4761,1086,'9000',4,'9999',99999);
INSERT INTO ezisbn_registrant_range (from_number, id, isbn_group_id, registrant_from, registrant_length, registrant_to, to_number) VALUES (0,4762,1087,'00',2,'14',14999);
INSERT INTO ezisbn_registrant_range (from_number, id, isbn_group_id, registrant_from, registrant_length, registrant_to, to_number) VALUES (15000,4763,1087,'150',3,'249',24999);
INSERT INTO ezisbn_registrant_range (from_number, id, isbn_group_id, registrant_from, registrant_length, registrant_to, to_number) VALUES (25000,4764,1087,'2500',4,'2999',29999);
INSERT INTO ezisbn_registrant_range (from_number, id, isbn_group_id, registrant_from, registrant_length, registrant_to, to_number) VALUES (30000,4765,1087,'300',3,'549',54999);
INSERT INTO ezisbn_registrant_range (from_number, id, isbn_group_id, registrant_from, registrant_length, registrant_to, to_number) VALUES (55000,4766,1087,'5500',4,'8999',89999);
INSERT INTO ezisbn_registrant_range (from_number, id, isbn_group_id, registrant_from, registrant_length, registrant_to, to_number) VALUES (90000,4767,1087,'90000',5,'96999',96999);
INSERT INTO ezisbn_registrant_range (from_number, id, isbn_group_id, registrant_from, registrant_length, registrant_to, to_number) VALUES (97000,4768,1087,'970',3,'989',98999);
INSERT INTO ezisbn_registrant_range (from_number, id, isbn_group_id, registrant_from, registrant_length, registrant_to, to_number) VALUES (99000,4769,1087,'9900',4,'9999',99999);
INSERT INTO ezisbn_registrant_range (from_number, id, isbn_group_id, registrant_from, registrant_length, registrant_to, to_number) VALUES (0,4770,1088,'00',2,'19',19999);
INSERT INTO ezisbn_registrant_range (from_number, id, isbn_group_id, registrant_from, registrant_length, registrant_to, to_number) VALUES (20000,4771,1088,'200',3,'599',59999);
INSERT INTO ezisbn_registrant_range (from_number, id, isbn_group_id, registrant_from, registrant_length, registrant_to, to_number) VALUES (70000,4772,1088,'7000',4,'7999',79999);
INSERT INTO ezisbn_registrant_range (from_number, id, isbn_group_id, registrant_from, registrant_length, registrant_to, to_number) VALUES (90000,4773,1088,'90000',5,'99999',99999);
INSERT INTO ezisbn_registrant_range (from_number, id, isbn_group_id, registrant_from, registrant_length, registrant_to, to_number) VALUES (0,4774,1089,'00',2,'19',19999);
INSERT INTO ezisbn_registrant_range (from_number, id, isbn_group_id, registrant_from, registrant_length, registrant_to, to_number) VALUES (20000,4775,1089,'2000',4,'2999',29999);
INSERT INTO ezisbn_registrant_range (from_number, id, isbn_group_id, registrant_from, registrant_length, registrant_to, to_number) VALUES (30000,4776,1089,'300',3,'699',69999);
INSERT INTO ezisbn_registrant_range (from_number, id, isbn_group_id, registrant_from, registrant_length, registrant_to, to_number) VALUES (70000,4777,1089,'7000',4,'8999',89999);
INSERT INTO ezisbn_registrant_range (from_number, id, isbn_group_id, registrant_from, registrant_length, registrant_to, to_number) VALUES (90000,4778,1089,'90000',5,'99999',99999);
INSERT INTO ezisbn_registrant_range (from_number, id, isbn_group_id, registrant_from, registrant_length, registrant_to, to_number) VALUES (0,4779,1090,'00',2,'29',29999);
INSERT INTO ezisbn_registrant_range (from_number, id, isbn_group_id, registrant_from, registrant_length, registrant_to, to_number) VALUES (30000,4780,1090,'300',3,'499',49999);
INSERT INTO ezisbn_registrant_range (from_number, id, isbn_group_id, registrant_from, registrant_length, registrant_to, to_number) VALUES (50000,4781,1090,'5000',4,'5999',59999);
INSERT INTO ezisbn_registrant_range (from_number, id, isbn_group_id, registrant_from, registrant_length, registrant_to, to_number) VALUES (60000,4782,1090,'60',2,'89',89999);
INSERT INTO ezisbn_registrant_range (from_number, id, isbn_group_id, registrant_from, registrant_length, registrant_to, to_number) VALUES (90000,4783,1090,'900',3,'989',98999);
INSERT INTO ezisbn_registrant_range (from_number, id, isbn_group_id, registrant_from, registrant_length, registrant_to, to_number) VALUES (99000,4784,1090,'9900',4,'9989',99899);
INSERT INTO ezisbn_registrant_range (from_number, id, isbn_group_id, registrant_from, registrant_length, registrant_to, to_number) VALUES (99900,4785,1090,'99900',5,'99999',99999);
INSERT INTO ezisbn_registrant_range (from_number, id, isbn_group_id, registrant_from, registrant_length, registrant_to, to_number) VALUES (1000,4786,1091,'01',2,'39',39999);
INSERT INTO ezisbn_registrant_range (from_number, id, isbn_group_id, registrant_from, registrant_length, registrant_to, to_number) VALUES (40000,4787,1091,'400',3,'499',49999);
INSERT INTO ezisbn_registrant_range (from_number, id, isbn_group_id, registrant_from, registrant_length, registrant_to, to_number) VALUES (50000,4788,1091,'5000',4,'7999',79999);
INSERT INTO ezisbn_registrant_range (from_number, id, isbn_group_id, registrant_from, registrant_length, registrant_to, to_number) VALUES (80000,4789,1091,'800',3,'899',89999);
INSERT INTO ezisbn_registrant_range (from_number, id, isbn_group_id, registrant_from, registrant_length, registrant_to, to_number) VALUES (90000,4790,1091,'9000',4,'9999',99999);
INSERT INTO ezisbn_registrant_range (from_number, id, isbn_group_id, registrant_from, registrant_length, registrant_to, to_number) VALUES (0,4791,1092,'0',1,'1',19999);
INSERT INTO ezisbn_registrant_range (from_number, id, isbn_group_id, registrant_from, registrant_length, registrant_to, to_number) VALUES (20000,4792,1092,'20',2,'39',39999);
INSERT INTO ezisbn_registrant_range (from_number, id, isbn_group_id, registrant_from, registrant_length, registrant_to, to_number) VALUES (40000,4793,1092,'400',3,'799',79999);
INSERT INTO ezisbn_registrant_range (from_number, id, isbn_group_id, registrant_from, registrant_length, registrant_to, to_number) VALUES (80000,4794,1092,'8000',4,'9999',99999);
INSERT INTO ezisbn_registrant_range (from_number, id, isbn_group_id, registrant_from, registrant_length, registrant_to, to_number) VALUES (1000,4795,1093,'01',2,'59',59999);
INSERT INTO ezisbn_registrant_range (from_number, id, isbn_group_id, registrant_from, registrant_length, registrant_to, to_number) VALUES (60000,4796,1093,'600',3,'899',89999);
INSERT INTO ezisbn_registrant_range (from_number, id, isbn_group_id, registrant_from, registrant_length, registrant_to, to_number) VALUES (90000,4797,1093,'9000',4,'9099',90999);
INSERT INTO ezisbn_registrant_range (from_number, id, isbn_group_id, registrant_from, registrant_length, registrant_to, to_number) VALUES (91000,4798,1093,'91000',5,'96999',96999);
INSERT INTO ezisbn_registrant_range (from_number, id, isbn_group_id, registrant_from, registrant_length, registrant_to, to_number) VALUES (97000,4799,1093,'9700',4,'9999',99999);
INSERT INTO ezisbn_registrant_range (from_number, id, isbn_group_id, registrant_from, registrant_length, registrant_to, to_number) VALUES (0,4800,1094,'000',3,'019',1999);
INSERT INTO ezisbn_registrant_range (from_number, id, isbn_group_id, registrant_from, registrant_length, registrant_to, to_number) VALUES (2000,4801,1094,'02',2,'02',2999);
INSERT INTO ezisbn_registrant_range (from_number, id, isbn_group_id, registrant_from, registrant_length, registrant_to, to_number) VALUES (3000,4802,1094,'0300',4,'0599',5999);
INSERT INTO ezisbn_registrant_range (from_number, id, isbn_group_id, registrant_from, registrant_length, registrant_to, to_number) VALUES (6000,4803,1094,'06',2,'09',9999);
INSERT INTO ezisbn_registrant_range (from_number, id, isbn_group_id, registrant_from, registrant_length, registrant_to, to_number) VALUES (10000,4804,1094,'10',2,'49',49999);
INSERT INTO ezisbn_registrant_range (from_number, id, isbn_group_id, registrant_from, registrant_length, registrant_to, to_number) VALUES (50000,4805,1094,'500',3,'849',84999);
INSERT INTO ezisbn_registrant_range (from_number, id, isbn_group_id, registrant_from, registrant_length, registrant_to, to_number) VALUES (85000,4806,1094,'8500',4,'9099',90999);
INSERT INTO ezisbn_registrant_range (from_number, id, isbn_group_id, registrant_from, registrant_length, registrant_to, to_number) VALUES (91000,4807,1094,'91000',5,'99999',99999);
INSERT INTO ezisbn_registrant_range (from_number, id, isbn_group_id, registrant_from, registrant_length, registrant_to, to_number) VALUES (0,4808,1095,'0',1,'1',19999);
INSERT INTO ezisbn_registrant_range (from_number, id, isbn_group_id, registrant_from, registrant_length, registrant_to, to_number) VALUES (20000,4809,1095,'20',2,'54',54999);
INSERT INTO ezisbn_registrant_range (from_number, id, isbn_group_id, registrant_from, registrant_length, registrant_to, to_number) VALUES (55000,4810,1095,'550',3,'799',79999);
INSERT INTO ezisbn_registrant_range (from_number, id, isbn_group_id, registrant_from, registrant_length, registrant_to, to_number) VALUES (80000,4811,1095,'8000',4,'9499',94999);
INSERT INTO ezisbn_registrant_range (from_number, id, isbn_group_id, registrant_from, registrant_length, registrant_to, to_number) VALUES (95000,4812,1095,'95000',5,'99999',99999);
INSERT INTO ezisbn_registrant_range (from_number, id, isbn_group_id, registrant_from, registrant_length, registrant_to, to_number) VALUES (0,4813,1096,'0',1,'0',9999);
INSERT INTO ezisbn_registrant_range (from_number, id, isbn_group_id, registrant_from, registrant_length, registrant_to, to_number) VALUES (10000,4814,1096,'100',3,'169',16999);
INSERT INTO ezisbn_registrant_range (from_number, id, isbn_group_id, registrant_from, registrant_length, registrant_to, to_number) VALUES (17000,4815,1096,'1700',4,'1999',19999);
INSERT INTO ezisbn_registrant_range (from_number, id, isbn_group_id, registrant_from, registrant_length, registrant_to, to_number) VALUES (20000,4816,1096,'20',2,'54',54999);
INSERT INTO ezisbn_registrant_range (from_number, id, isbn_group_id, registrant_from, registrant_length, registrant_to, to_number) VALUES (55000,4817,1096,'550',3,'759',75999);
INSERT INTO ezisbn_registrant_range (from_number, id, isbn_group_id, registrant_from, registrant_length, registrant_to, to_number) VALUES (76000,4818,1096,'7600',4,'8499',84999);
INSERT INTO ezisbn_registrant_range (from_number, id, isbn_group_id, registrant_from, registrant_length, registrant_to, to_number) VALUES (85000,4819,1096,'85000',5,'88999',88999);
INSERT INTO ezisbn_registrant_range (from_number, id, isbn_group_id, registrant_from, registrant_length, registrant_to, to_number) VALUES (89000,4820,1096,'8900',4,'9499',94999);
INSERT INTO ezisbn_registrant_range (from_number, id, isbn_group_id, registrant_from, registrant_length, registrant_to, to_number) VALUES (95000,4821,1096,'95000',5,'99999',99999);
INSERT INTO ezisbn_registrant_range (from_number, id, isbn_group_id, registrant_from, registrant_length, registrant_to, to_number) VALUES (0,4822,1097,'00',2,'19',19999);
INSERT INTO ezisbn_registrant_range (from_number, id, isbn_group_id, registrant_from, registrant_length, registrant_to, to_number) VALUES (20000,4823,1097,'200',3,'699',69999);
INSERT INTO ezisbn_registrant_range (from_number, id, isbn_group_id, registrant_from, registrant_length, registrant_to, to_number) VALUES (70000,4824,1097,'7000',4,'8499',84999);
INSERT INTO ezisbn_registrant_range (from_number, id, isbn_group_id, registrant_from, registrant_length, registrant_to, to_number) VALUES (85000,4825,1097,'85000',5,'89999',89999);
INSERT INTO ezisbn_registrant_range (from_number, id, isbn_group_id, registrant_from, registrant_length, registrant_to, to_number) VALUES (90000,4826,1097,'90000',5,'94999',94999);
INSERT INTO ezisbn_registrant_range (from_number, id, isbn_group_id, registrant_from, registrant_length, registrant_to, to_number) VALUES (95000,4827,1097,'9500',4,'9999',99999);
INSERT INTO ezisbn_registrant_range (from_number, id, isbn_group_id, registrant_from, registrant_length, registrant_to, to_number) VALUES (0,4828,1098,'00000',5,'00999',999);
INSERT INTO ezisbn_registrant_range (from_number, id, isbn_group_id, registrant_from, registrant_length, registrant_to, to_number) VALUES (1000,4829,1098,'01',2,'24',24999);
INSERT INTO ezisbn_registrant_range (from_number, id, isbn_group_id, registrant_from, registrant_length, registrant_to, to_number) VALUES (25000,4830,1098,'250',3,'599',59999);
INSERT INTO ezisbn_registrant_range (from_number, id, isbn_group_id, registrant_from, registrant_length, registrant_to, to_number) VALUES (60000,4831,1098,'6000',4,'9199',91999);
INSERT INTO ezisbn_registrant_range (from_number, id, isbn_group_id, registrant_from, registrant_length, registrant_to, to_number) VALUES (92000,4832,1098,'92000',5,'98999',98999);
INSERT INTO ezisbn_registrant_range (from_number, id, isbn_group_id, registrant_from, registrant_length, registrant_to, to_number) VALUES (99000,4833,1098,'990',3,'999',99999);
INSERT INTO ezisbn_registrant_range (from_number, id, isbn_group_id, registrant_from, registrant_length, registrant_to, to_number) VALUES (0,4834,1099,'0',1,'3',39999);
INSERT INTO ezisbn_registrant_range (from_number, id, isbn_group_id, registrant_from, registrant_length, registrant_to, to_number) VALUES (40000,4835,1099,'40',2,'59',59999);
INSERT INTO ezisbn_registrant_range (from_number, id, isbn_group_id, registrant_from, registrant_length, registrant_to, to_number) VALUES (60000,4836,1099,'600',3,'799',79999);
INSERT INTO ezisbn_registrant_range (from_number, id, isbn_group_id, registrant_from, registrant_length, registrant_to, to_number) VALUES (80000,4837,1099,'8000',4,'9499',94999);
INSERT INTO ezisbn_registrant_range (from_number, id, isbn_group_id, registrant_from, registrant_length, registrant_to, to_number) VALUES (95000,4838,1099,'95000',5,'99999',99999);
INSERT INTO ezisbn_registrant_range (from_number, id, isbn_group_id, registrant_from, registrant_length, registrant_to, to_number) VALUES (0,4839,1100,'00',2,'19',19999);
INSERT INTO ezisbn_registrant_range (from_number, id, isbn_group_id, registrant_from, registrant_length, registrant_to, to_number) VALUES (20000,4840,1100,'200',3,'499',49999);
INSERT INTO ezisbn_registrant_range (from_number, id, isbn_group_id, registrant_from, registrant_length, registrant_to, to_number) VALUES (50000,4841,1100,'5000',4,'6999',69999);
INSERT INTO ezisbn_registrant_range (from_number, id, isbn_group_id, registrant_from, registrant_length, registrant_to, to_number) VALUES (70000,4842,1100,'700',3,'999',99999);
INSERT INTO ezisbn_registrant_range (from_number, id, isbn_group_id, registrant_from, registrant_length, registrant_to, to_number) VALUES (0,4843,1101,'000',3,'199',19999);
INSERT INTO ezisbn_registrant_range (from_number, id, isbn_group_id, registrant_from, registrant_length, registrant_to, to_number) VALUES (20000,4844,1101,'2000',4,'2999',29999);
INSERT INTO ezisbn_registrant_range (from_number, id, isbn_group_id, registrant_from, registrant_length, registrant_to, to_number) VALUES (30000,4845,1101,'30000',5,'79999',79999);
INSERT INTO ezisbn_registrant_range (from_number, id, isbn_group_id, registrant_from, registrant_length, registrant_to, to_number) VALUES (80000,4846,1101,'8000',4,'8999',89999);
INSERT INTO ezisbn_registrant_range (from_number, id, isbn_group_id, registrant_from, registrant_length, registrant_to, to_number) VALUES (90000,4847,1101,'900',3,'999',99999);
INSERT INTO ezisbn_registrant_range (from_number, id, isbn_group_id, registrant_from, registrant_length, registrant_to, to_number) VALUES (0,4848,1102,'000',3,'099',9999);
INSERT INTO ezisbn_registrant_range (from_number, id, isbn_group_id, registrant_from, registrant_length, registrant_to, to_number) VALUES (10000,4849,1102,'1000',4,'1499',14999);
INSERT INTO ezisbn_registrant_range (from_number, id, isbn_group_id, registrant_from, registrant_length, registrant_to, to_number) VALUES (15000,4850,1102,'15000',5,'19999',19999);
INSERT INTO ezisbn_registrant_range (from_number, id, isbn_group_id, registrant_from, registrant_length, registrant_to, to_number) VALUES (20000,4851,1102,'20',2,'29',29999);
INSERT INTO ezisbn_registrant_range (from_number, id, isbn_group_id, registrant_from, registrant_length, registrant_to, to_number) VALUES (30000,4852,1102,'3000',4,'3999',39999);
INSERT INTO ezisbn_registrant_range (from_number, id, isbn_group_id, registrant_from, registrant_length, registrant_to, to_number) VALUES (40000,4853,1102,'400',3,'799',79999);
INSERT INTO ezisbn_registrant_range (from_number, id, isbn_group_id, registrant_from, registrant_length, registrant_to, to_number) VALUES (80000,4854,1102,'8000',4,'9499',94999);
INSERT INTO ezisbn_registrant_range (from_number, id, isbn_group_id, registrant_from, registrant_length, registrant_to, to_number) VALUES (95000,4855,1102,'95000',5,'99999',99999);
INSERT INTO ezisbn_registrant_range (from_number, id, isbn_group_id, registrant_from, registrant_length, registrant_to, to_number) VALUES (0,4856,1103,'00',2,'19',19999);
INSERT INTO ezisbn_registrant_range (from_number, id, isbn_group_id, registrant_from, registrant_length, registrant_to, to_number) VALUES (20000,4857,1103,'200',3,'599',59999);
INSERT INTO ezisbn_registrant_range (from_number, id, isbn_group_id, registrant_from, registrant_length, registrant_to, to_number) VALUES (60000,4858,1103,'6000',4,'9999',99999);
INSERT INTO ezisbn_registrant_range (from_number, id, isbn_group_id, registrant_from, registrant_length, registrant_to, to_number) VALUES (0,4859,1104,'00',2,'19',19999);
INSERT INTO ezisbn_registrant_range (from_number, id, isbn_group_id, registrant_from, registrant_length, registrant_to, to_number) VALUES (20000,4860,1104,'200',3,'299',29999);
INSERT INTO ezisbn_registrant_range (from_number, id, isbn_group_id, registrant_from, registrant_length, registrant_to, to_number) VALUES (30000,4861,1104,'3000',4,'9999',99999);
INSERT INTO ezisbn_registrant_range (from_number, id, isbn_group_id, registrant_from, registrant_length, registrant_to, to_number) VALUES (0,4862,1105,'00',2,'09',9999);
INSERT INTO ezisbn_registrant_range (from_number, id, isbn_group_id, registrant_from, registrant_length, registrant_to, to_number) VALUES (10000,4863,1105,'100',3,'699',69999);
INSERT INTO ezisbn_registrant_range (from_number, id, isbn_group_id, registrant_from, registrant_length, registrant_to, to_number) VALUES (70000,4864,1105,'70',2,'89',89999);
INSERT INTO ezisbn_registrant_range (from_number, id, isbn_group_id, registrant_from, registrant_length, registrant_to, to_number) VALUES (90000,4865,1105,'9000',4,'9999',99999);
INSERT INTO ezisbn_registrant_range (from_number, id, isbn_group_id, registrant_from, registrant_length, registrant_to, to_number) VALUES (0,4866,1106,'00',2,'01',1999);
INSERT INTO ezisbn_registrant_range (from_number, id, isbn_group_id, registrant_from, registrant_length, registrant_to, to_number) VALUES (2000,4867,1106,'020',3,'199',19999);
INSERT INTO ezisbn_registrant_range (from_number, id, isbn_group_id, registrant_from, registrant_length, registrant_to, to_number) VALUES (20000,4868,1106,'2000',4,'3999',39999);
INSERT INTO ezisbn_registrant_range (from_number, id, isbn_group_id, registrant_from, registrant_length, registrant_to, to_number) VALUES (40000,4869,1106,'40000',5,'44999',44999);
INSERT INTO ezisbn_registrant_range (from_number, id, isbn_group_id, registrant_from, registrant_length, registrant_to, to_number) VALUES (45000,4870,1106,'45',2,'49',49999);
INSERT INTO ezisbn_registrant_range (from_number, id, isbn_group_id, registrant_from, registrant_length, registrant_to, to_number) VALUES (50000,4871,1106,'50',2,'79',79999);
INSERT INTO ezisbn_registrant_range (from_number, id, isbn_group_id, registrant_from, registrant_length, registrant_to, to_number) VALUES (80000,4872,1106,'800',3,'899',89999);
INSERT INTO ezisbn_registrant_range (from_number, id, isbn_group_id, registrant_from, registrant_length, registrant_to, to_number) VALUES (90000,4873,1106,'9000',4,'9899',98999);
INSERT INTO ezisbn_registrant_range (from_number, id, isbn_group_id, registrant_from, registrant_length, registrant_to, to_number) VALUES (99000,4874,1106,'99000',5,'99999',99999);
INSERT INTO ezisbn_registrant_range (from_number, id, isbn_group_id, registrant_from, registrant_length, registrant_to, to_number) VALUES (0,4875,1107,'00',2,'39',39999);
INSERT INTO ezisbn_registrant_range (from_number, id, isbn_group_id, registrant_from, registrant_length, registrant_to, to_number) VALUES (40000,4876,1107,'400',3,'799',79999);
INSERT INTO ezisbn_registrant_range (from_number, id, isbn_group_id, registrant_from, registrant_length, registrant_to, to_number) VALUES (80000,4877,1107,'8000',4,'8999',89999);
INSERT INTO ezisbn_registrant_range (from_number, id, isbn_group_id, registrant_from, registrant_length, registrant_to, to_number) VALUES (90000,4878,1107,'90000',5,'99999',99999);
INSERT INTO ezisbn_registrant_range (from_number, id, isbn_group_id, registrant_from, registrant_length, registrant_to, to_number) VALUES (0,4879,1108,'00',2,'39',39999);
INSERT INTO ezisbn_registrant_range (from_number, id, isbn_group_id, registrant_from, registrant_length, registrant_to, to_number) VALUES (40000,4880,1108,'400',3,'599',59999);
INSERT INTO ezisbn_registrant_range (from_number, id, isbn_group_id, registrant_from, registrant_length, registrant_to, to_number) VALUES (60000,4881,1108,'6000',4,'8999',89999);
INSERT INTO ezisbn_registrant_range (from_number, id, isbn_group_id, registrant_from, registrant_length, registrant_to, to_number) VALUES (90000,4882,1108,'90000',5,'99999',99999);
INSERT INTO ezisbn_registrant_range (from_number, id, isbn_group_id, registrant_from, registrant_length, registrant_to, to_number) VALUES (0,4883,1109,'00',2,'11',11999);
INSERT INTO ezisbn_registrant_range (from_number, id, isbn_group_id, registrant_from, registrant_length, registrant_to, to_number) VALUES (12000,4884,1109,'120',3,'559',55999);
INSERT INTO ezisbn_registrant_range (from_number, id, isbn_group_id, registrant_from, registrant_length, registrant_to, to_number) VALUES (56000,4885,1109,'5600',4,'7999',79999);
INSERT INTO ezisbn_registrant_range (from_number, id, isbn_group_id, registrant_from, registrant_length, registrant_to, to_number) VALUES (80000,4886,1109,'80000',5,'99999',99999);
INSERT INTO ezisbn_registrant_range (from_number, id, isbn_group_id, registrant_from, registrant_length, registrant_to, to_number) VALUES (0,4887,1110,'00',2,'09',9999);
INSERT INTO ezisbn_registrant_range (from_number, id, isbn_group_id, registrant_from, registrant_length, registrant_to, to_number) VALUES (10000,4888,1110,'1000',4,'1999',19999);
INSERT INTO ezisbn_registrant_range (from_number, id, isbn_group_id, registrant_from, registrant_length, registrant_to, to_number) VALUES (20000,4889,1110,'20000',5,'29999',29999);
INSERT INTO ezisbn_registrant_range (from_number, id, isbn_group_id, registrant_from, registrant_length, registrant_to, to_number) VALUES (30000,4890,1110,'30',2,'49',49999);
INSERT INTO ezisbn_registrant_range (from_number, id, isbn_group_id, registrant_from, registrant_length, registrant_to, to_number) VALUES (50000,4891,1110,'500',3,'899',89999);
INSERT INTO ezisbn_registrant_range (from_number, id, isbn_group_id, registrant_from, registrant_length, registrant_to, to_number) VALUES (90000,4892,1110,'9000',4,'9499',94999);
INSERT INTO ezisbn_registrant_range (from_number, id, isbn_group_id, registrant_from, registrant_length, registrant_to, to_number) VALUES (95000,4893,1110,'95000',5,'99999',99999);
INSERT INTO ezisbn_registrant_range (from_number, id, isbn_group_id, registrant_from, registrant_length, registrant_to, to_number) VALUES (0,4894,1111,'00',2,'16',16999);
INSERT INTO ezisbn_registrant_range (from_number, id, isbn_group_id, registrant_from, registrant_length, registrant_to, to_number) VALUES (17000,4895,1111,'17000',5,'19999',19999);
INSERT INTO ezisbn_registrant_range (from_number, id, isbn_group_id, registrant_from, registrant_length, registrant_to, to_number) VALUES (20000,4896,1111,'200',3,'799',79999);
INSERT INTO ezisbn_registrant_range (from_number, id, isbn_group_id, registrant_from, registrant_length, registrant_to, to_number) VALUES (80000,4897,1111,'8000',4,'9699',96999);
INSERT INTO ezisbn_registrant_range (from_number, id, isbn_group_id, registrant_from, registrant_length, registrant_to, to_number) VALUES (97000,4898,1111,'97000',5,'99999',99999);
INSERT INTO ezisbn_registrant_range (from_number, id, isbn_group_id, registrant_from, registrant_length, registrant_to, to_number) VALUES (0,4899,1112,'0',1,'1',19999);
INSERT INTO ezisbn_registrant_range (from_number, id, isbn_group_id, registrant_from, registrant_length, registrant_to, to_number) VALUES (20000,4900,1112,'20',2,'54',54999);
INSERT INTO ezisbn_registrant_range (from_number, id, isbn_group_id, registrant_from, registrant_length, registrant_to, to_number) VALUES (55000,4901,1112,'550',3,'799',79999);
INSERT INTO ezisbn_registrant_range (from_number, id, isbn_group_id, registrant_from, registrant_length, registrant_to, to_number) VALUES (80000,4902,1112,'8000',4,'9499',94999);
INSERT INTO ezisbn_registrant_range (from_number, id, isbn_group_id, registrant_from, registrant_length, registrant_to, to_number) VALUES (95000,4903,1112,'95000',5,'99999',99999);
INSERT INTO ezisbn_registrant_range (from_number, id, isbn_group_id, registrant_from, registrant_length, registrant_to, to_number) VALUES (0,4904,1113,'0',1,'2',29999);
INSERT INTO ezisbn_registrant_range (from_number, id, isbn_group_id, registrant_from, registrant_length, registrant_to, to_number) VALUES (30000,4905,1113,'30',2,'49',49999);
INSERT INTO ezisbn_registrant_range (from_number, id, isbn_group_id, registrant_from, registrant_length, registrant_to, to_number) VALUES (50000,4906,1113,'500',3,'799',79999);
INSERT INTO ezisbn_registrant_range (from_number, id, isbn_group_id, registrant_from, registrant_length, registrant_to, to_number) VALUES (80000,4907,1113,'8000',4,'9999',99999);
INSERT INTO ezisbn_registrant_range (from_number, id, isbn_group_id, registrant_from, registrant_length, registrant_to, to_number) VALUES (0,4908,1114,'00',2,'79',79999);
INSERT INTO ezisbn_registrant_range (from_number, id, isbn_group_id, registrant_from, registrant_length, registrant_to, to_number) VALUES (80000,4909,1114,'800',3,'949',94999);
INSERT INTO ezisbn_registrant_range (from_number, id, isbn_group_id, registrant_from, registrant_length, registrant_to, to_number) VALUES (95000,4910,1114,'9500',4,'9999',99999);
INSERT INTO ezisbn_registrant_range (from_number, id, isbn_group_id, registrant_from, registrant_length, registrant_to, to_number) VALUES (0,4911,1115,'0',1,'4',49999);
INSERT INTO ezisbn_registrant_range (from_number, id, isbn_group_id, registrant_from, registrant_length, registrant_to, to_number) VALUES (50000,4912,1115,'50',2,'79',79999);
INSERT INTO ezisbn_registrant_range (from_number, id, isbn_group_id, registrant_from, registrant_length, registrant_to, to_number) VALUES (80000,4913,1115,'800',3,'899',89999);
INSERT INTO ezisbn_registrant_range (from_number, id, isbn_group_id, registrant_from, registrant_length, registrant_to, to_number) VALUES (90000,4914,1115,'9000',4,'9999',99999);
INSERT INTO ezisbn_registrant_range (from_number, id, isbn_group_id, registrant_from, registrant_length, registrant_to, to_number) VALUES (0,4915,1116,'0',1,'1',19999);
INSERT INTO ezisbn_registrant_range (from_number, id, isbn_group_id, registrant_from, registrant_length, registrant_to, to_number) VALUES (20000,4916,1116,'20',2,'49',49999);
INSERT INTO ezisbn_registrant_range (from_number, id, isbn_group_id, registrant_from, registrant_length, registrant_to, to_number) VALUES (50000,4917,1116,'500',3,'899',89999);
INSERT INTO ezisbn_registrant_range (from_number, id, isbn_group_id, registrant_from, registrant_length, registrant_to, to_number) VALUES (90000,4918,1116,'9000',4,'9999',99999);
INSERT INTO ezisbn_registrant_range (from_number, id, isbn_group_id, registrant_from, registrant_length, registrant_to, to_number) VALUES (0,4919,1117,'0',1,'0',9999);
INSERT INTO ezisbn_registrant_range (from_number, id, isbn_group_id, registrant_from, registrant_length, registrant_to, to_number) VALUES (10000,4920,1117,'10',2,'39',39999);
INSERT INTO ezisbn_registrant_range (from_number, id, isbn_group_id, registrant_from, registrant_length, registrant_to, to_number) VALUES (40000,4921,1117,'400',3,'899',89999);
INSERT INTO ezisbn_registrant_range (from_number, id, isbn_group_id, registrant_from, registrant_length, registrant_to, to_number) VALUES (90000,4922,1117,'9000',4,'9999',99999);
INSERT INTO ezisbn_registrant_range (from_number, id, isbn_group_id, registrant_from, registrant_length, registrant_to, to_number) VALUES (0,4923,1118,'00',2,'89',89999);
INSERT INTO ezisbn_registrant_range (from_number, id, isbn_group_id, registrant_from, registrant_length, registrant_to, to_number) VALUES (90000,4924,1118,'900',3,'994',99499);
INSERT INTO ezisbn_registrant_range (from_number, id, isbn_group_id, registrant_from, registrant_length, registrant_to, to_number) VALUES (99500,4925,1118,'9950',4,'9999',99999);
INSERT INTO ezisbn_registrant_range (from_number, id, isbn_group_id, registrant_from, registrant_length, registrant_to, to_number) VALUES (0,4926,1119,'00',2,'29',29999);
INSERT INTO ezisbn_registrant_range (from_number, id, isbn_group_id, registrant_from, registrant_length, registrant_to, to_number) VALUES (30000,4927,1119,'300',3,'399',39999);
INSERT INTO ezisbn_registrant_range (from_number, id, isbn_group_id, registrant_from, registrant_length, registrant_to, to_number) VALUES (40000,4928,1119,'4000',4,'9999',99999);
INSERT INTO ezisbn_registrant_range (from_number, id, isbn_group_id, registrant_from, registrant_length, registrant_to, to_number) VALUES (0,4929,1120,'0',1,'2',29999);
INSERT INTO ezisbn_registrant_range (from_number, id, isbn_group_id, registrant_from, registrant_length, registrant_to, to_number) VALUES (30000,4930,1120,'300',3,'499',49999);
INSERT INTO ezisbn_registrant_range (from_number, id, isbn_group_id, registrant_from, registrant_length, registrant_to, to_number) VALUES (50000,4931,1120,'5000',4,'5999',59999);
INSERT INTO ezisbn_registrant_range (from_number, id, isbn_group_id, registrant_from, registrant_length, registrant_to, to_number) VALUES (60000,4932,1120,'60',2,'89',89999);
INSERT INTO ezisbn_registrant_range (from_number, id, isbn_group_id, registrant_from, registrant_length, registrant_to, to_number) VALUES (90000,4933,1120,'900',3,'999',99999);
INSERT INTO ezisbn_registrant_range (from_number, id, isbn_group_id, registrant_from, registrant_length, registrant_to, to_number) VALUES (0,4934,1121,'00',2,'00',999);
INSERT INTO ezisbn_registrant_range (from_number, id, isbn_group_id, registrant_from, registrant_length, registrant_to, to_number) VALUES (1000,4935,1121,'010',3,'079',7999);
INSERT INTO ezisbn_registrant_range (from_number, id, isbn_group_id, registrant_from, registrant_length, registrant_to, to_number) VALUES (8000,4936,1121,'08',2,'39',39999);
INSERT INTO ezisbn_registrant_range (from_number, id, isbn_group_id, registrant_from, registrant_length, registrant_to, to_number) VALUES (40000,4937,1121,'400',3,'569',56999);
INSERT INTO ezisbn_registrant_range (from_number, id, isbn_group_id, registrant_from, registrant_length, registrant_to, to_number) VALUES (57000,4938,1121,'57',2,'57',57999);
INSERT INTO ezisbn_registrant_range (from_number, id, isbn_group_id, registrant_from, registrant_length, registrant_to, to_number) VALUES (58000,4939,1121,'580',3,'849',84999);
INSERT INTO ezisbn_registrant_range (from_number, id, isbn_group_id, registrant_from, registrant_length, registrant_to, to_number) VALUES (85000,4940,1121,'8500',4,'9999',99999);
INSERT INTO ezisbn_registrant_range (from_number, id, isbn_group_id, registrant_from, registrant_length, registrant_to, to_number) VALUES (0,4941,1122,'0',1,'1',19999);
INSERT INTO ezisbn_registrant_range (from_number, id, isbn_group_id, registrant_from, registrant_length, registrant_to, to_number) VALUES (20000,4942,1122,'20',2,'39',39999);
INSERT INTO ezisbn_registrant_range (from_number, id, isbn_group_id, registrant_from, registrant_length, registrant_to, to_number) VALUES (40000,4943,1122,'400',3,'899',89999);
INSERT INTO ezisbn_registrant_range (from_number, id, isbn_group_id, registrant_from, registrant_length, registrant_to, to_number) VALUES (90000,4944,1122,'9000',4,'9999',99999);
INSERT INTO ezisbn_registrant_range (from_number, id, isbn_group_id, registrant_from, registrant_length, registrant_to, to_number) VALUES (0,4945,1123,'0',1,'1',19999);
INSERT INTO ezisbn_registrant_range (from_number, id, isbn_group_id, registrant_from, registrant_length, registrant_to, to_number) VALUES (20000,4946,1123,'20',2,'79',79999);
INSERT INTO ezisbn_registrant_range (from_number, id, isbn_group_id, registrant_from, registrant_length, registrant_to, to_number) VALUES (80000,4947,1123,'800',3,'999',99999);
INSERT INTO ezisbn_registrant_range (from_number, id, isbn_group_id, registrant_from, registrant_length, registrant_to, to_number) VALUES (0,4948,1124,'00',2,'39',39999);
INSERT INTO ezisbn_registrant_range (from_number, id, isbn_group_id, registrant_from, registrant_length, registrant_to, to_number) VALUES (40000,4949,1124,'400',3,'849',84999);
INSERT INTO ezisbn_registrant_range (from_number, id, isbn_group_id, registrant_from, registrant_length, registrant_to, to_number) VALUES (85000,4950,1124,'8500',4,'9999',99999);
INSERT INTO ezisbn_registrant_range (from_number, id, isbn_group_id, registrant_from, registrant_length, registrant_to, to_number) VALUES (0,4951,1125,'0',1,'0',9999);
INSERT INTO ezisbn_registrant_range (from_number, id, isbn_group_id, registrant_from, registrant_length, registrant_to, to_number) VALUES (10000,4952,1125,'10',2,'39',39999);
INSERT INTO ezisbn_registrant_range (from_number, id, isbn_group_id, registrant_from, registrant_length, registrant_to, to_number) VALUES (40000,4953,1125,'400',3,'899',89999);
INSERT INTO ezisbn_registrant_range (from_number, id, isbn_group_id, registrant_from, registrant_length, registrant_to, to_number) VALUES (90000,4954,1125,'9000',4,'9999',99999);
INSERT INTO ezisbn_registrant_range (from_number, id, isbn_group_id, registrant_from, registrant_length, registrant_to, to_number) VALUES (0,4955,1126,'00',2,'29',29999);
INSERT INTO ezisbn_registrant_range (from_number, id, isbn_group_id, registrant_from, registrant_length, registrant_to, to_number) VALUES (30000,4956,1126,'300',3,'840',84099);
INSERT INTO ezisbn_registrant_range (from_number, id, isbn_group_id, registrant_from, registrant_length, registrant_to, to_number) VALUES (85000,4957,1126,'8500',4,'9999',99999);
INSERT INTO ezisbn_registrant_range (from_number, id, isbn_group_id, registrant_from, registrant_length, registrant_to, to_number) VALUES (0,4958,1127,'00',2,'39',39999);
INSERT INTO ezisbn_registrant_range (from_number, id, isbn_group_id, registrant_from, registrant_length, registrant_to, to_number) VALUES (40000,4959,1127,'400',3,'849',84999);
INSERT INTO ezisbn_registrant_range (from_number, id, isbn_group_id, registrant_from, registrant_length, registrant_to, to_number) VALUES (85000,4960,1127,'8500',4,'9999',99999);
INSERT INTO ezisbn_registrant_range (from_number, id, isbn_group_id, registrant_from, registrant_length, registrant_to, to_number) VALUES (0,4961,1128,'0',1,'1',19999);
INSERT INTO ezisbn_registrant_range (from_number, id, isbn_group_id, registrant_from, registrant_length, registrant_to, to_number) VALUES (20000,4962,1128,'20',2,'39',39999);
INSERT INTO ezisbn_registrant_range (from_number, id, isbn_group_id, registrant_from, registrant_length, registrant_to, to_number) VALUES (40000,4963,1128,'400',3,'799',79999);
INSERT INTO ezisbn_registrant_range (from_number, id, isbn_group_id, registrant_from, registrant_length, registrant_to, to_number) VALUES (80000,4964,1128,'8000',4,'9999',99999);
INSERT INTO ezisbn_registrant_range (from_number, id, isbn_group_id, registrant_from, registrant_length, registrant_to, to_number) VALUES (0,4965,1129,'0',1,'0',9999);
INSERT INTO ezisbn_registrant_range (from_number, id, isbn_group_id, registrant_from, registrant_length, registrant_to, to_number) VALUES (10000,4966,1129,'10',2,'39',39999);
INSERT INTO ezisbn_registrant_range (from_number, id, isbn_group_id, registrant_from, registrant_length, registrant_to, to_number) VALUES (40000,4967,1129,'400',3,'599',59999);
INSERT INTO ezisbn_registrant_range (from_number, id, isbn_group_id, registrant_from, registrant_length, registrant_to, to_number) VALUES (60000,4968,1129,'60',2,'89',89999);
INSERT INTO ezisbn_registrant_range (from_number, id, isbn_group_id, registrant_from, registrant_length, registrant_to, to_number) VALUES (90000,4969,1129,'9000',4,'9999',99999);
INSERT INTO ezisbn_registrant_range (from_number, id, isbn_group_id, registrant_from, registrant_length, registrant_to, to_number) VALUES (0,4970,1130,'0',1,'1',19999);
INSERT INTO ezisbn_registrant_range (from_number, id, isbn_group_id, registrant_from, registrant_length, registrant_to, to_number) VALUES (20000,4971,1130,'20',2,'39',39999);
INSERT INTO ezisbn_registrant_range (from_number, id, isbn_group_id, registrant_from, registrant_length, registrant_to, to_number) VALUES (40000,4972,1130,'400',3,'799',79999);
INSERT INTO ezisbn_registrant_range (from_number, id, isbn_group_id, registrant_from, registrant_length, registrant_to, to_number) VALUES (80000,4973,1130,'8000',4,'9999',99999);
INSERT INTO ezisbn_registrant_range (from_number, id, isbn_group_id, registrant_from, registrant_length, registrant_to, to_number) VALUES (0,4974,1131,'00',2,'39',39999);
INSERT INTO ezisbn_registrant_range (from_number, id, isbn_group_id, registrant_from, registrant_length, registrant_to, to_number) VALUES (40000,4975,1131,'400',3,'929',92999);
INSERT INTO ezisbn_registrant_range (from_number, id, isbn_group_id, registrant_from, registrant_length, registrant_to, to_number) VALUES (93000,4976,1131,'9300',4,'9999',99999);
INSERT INTO ezisbn_registrant_range (from_number, id, isbn_group_id, registrant_from, registrant_length, registrant_to, to_number) VALUES (0,4977,1132,'0',1,'0',9999);
INSERT INTO ezisbn_registrant_range (from_number, id, isbn_group_id, registrant_from, registrant_length, registrant_to, to_number) VALUES (10000,4978,1132,'10',2,'39',39999);
INSERT INTO ezisbn_registrant_range (from_number, id, isbn_group_id, registrant_from, registrant_length, registrant_to, to_number) VALUES (40000,4979,1132,'400',3,'899',89999);
INSERT INTO ezisbn_registrant_range (from_number, id, isbn_group_id, registrant_from, registrant_length, registrant_to, to_number) VALUES (90000,4980,1132,'9000',4,'9999',99999);
INSERT INTO ezisbn_registrant_range (from_number, id, isbn_group_id, registrant_from, registrant_length, registrant_to, to_number) VALUES (0,4981,1133,'00',2,'39',39999);
INSERT INTO ezisbn_registrant_range (from_number, id, isbn_group_id, registrant_from, registrant_length, registrant_to, to_number) VALUES (40000,4982,1133,'400',3,'699',69999);
INSERT INTO ezisbn_registrant_range (from_number, id, isbn_group_id, registrant_from, registrant_length, registrant_to, to_number) VALUES (70000,4983,1133,'70',2,'84',84999);
INSERT INTO ezisbn_registrant_range (from_number, id, isbn_group_id, registrant_from, registrant_length, registrant_to, to_number) VALUES (85000,4984,1133,'8500',4,'9999',99999);
INSERT INTO ezisbn_registrant_range (from_number, id, isbn_group_id, registrant_from, registrant_length, registrant_to, to_number) VALUES (0,4985,1134,'0',1,'0',9999);
INSERT INTO ezisbn_registrant_range (from_number, id, isbn_group_id, registrant_from, registrant_length, registrant_to, to_number) VALUES (10000,4986,1134,'10',2,'49',49999);
INSERT INTO ezisbn_registrant_range (from_number, id, isbn_group_id, registrant_from, registrant_length, registrant_to, to_number) VALUES (50000,4987,1134,'500',3,'899',89999);
INSERT INTO ezisbn_registrant_range (from_number, id, isbn_group_id, registrant_from, registrant_length, registrant_to, to_number) VALUES (90000,4988,1134,'9000',4,'9999',99999);
INSERT INTO ezisbn_registrant_range (from_number, id, isbn_group_id, registrant_from, registrant_length, registrant_to, to_number) VALUES (0,4989,1135,'0',1,'1',19999);
INSERT INTO ezisbn_registrant_range (from_number, id, isbn_group_id, registrant_from, registrant_length, registrant_to, to_number) VALUES (20000,4990,1135,'20',2,'79',79999);
INSERT INTO ezisbn_registrant_range (from_number, id, isbn_group_id, registrant_from, registrant_length, registrant_to, to_number) VALUES (80000,4991,1135,'800',3,'949',94999);
INSERT INTO ezisbn_registrant_range (from_number, id, isbn_group_id, registrant_from, registrant_length, registrant_to, to_number) VALUES (95000,4992,1135,'9500',4,'9999',99999);
INSERT INTO ezisbn_registrant_range (from_number, id, isbn_group_id, registrant_from, registrant_length, registrant_to, to_number) VALUES (0,4993,1136,'00',2,'59',59999);
INSERT INTO ezisbn_registrant_range (from_number, id, isbn_group_id, registrant_from, registrant_length, registrant_to, to_number) VALUES (60000,4994,1136,'600',3,'899',89999);
INSERT INTO ezisbn_registrant_range (from_number, id, isbn_group_id, registrant_from, registrant_length, registrant_to, to_number) VALUES (90000,4995,1136,'9000',4,'9999',99999);
INSERT INTO ezisbn_registrant_range (from_number, id, isbn_group_id, registrant_from, registrant_length, registrant_to, to_number) VALUES (0,4996,1137,'0',1,'2',29999);
INSERT INTO ezisbn_registrant_range (from_number, id, isbn_group_id, registrant_from, registrant_length, registrant_to, to_number) VALUES (30000,4997,1137,'30',2,'69',69999);
INSERT INTO ezisbn_registrant_range (from_number, id, isbn_group_id, registrant_from, registrant_length, registrant_to, to_number) VALUES (70000,4998,1137,'700',3,'949',94999);
INSERT INTO ezisbn_registrant_range (from_number, id, isbn_group_id, registrant_from, registrant_length, registrant_to, to_number) VALUES (95000,4999,1137,'9500',4,'9999',99999);
INSERT INTO ezisbn_registrant_range (from_number, id, isbn_group_id, registrant_from, registrant_length, registrant_to, to_number) VALUES (0,5000,1138,'00',2,'54',54999);
INSERT INTO ezisbn_registrant_range (from_number, id, isbn_group_id, registrant_from, registrant_length, registrant_to, to_number) VALUES (55000,5001,1138,'5500',4,'5599',55999);
INSERT INTO ezisbn_registrant_range (from_number, id, isbn_group_id, registrant_from, registrant_length, registrant_to, to_number) VALUES (56000,5002,1138,'56',2,'59',59999);
INSERT INTO ezisbn_registrant_range (from_number, id, isbn_group_id, registrant_from, registrant_length, registrant_to, to_number) VALUES (60000,5003,1138,'600',3,'849',84999);
INSERT INTO ezisbn_registrant_range (from_number, id, isbn_group_id, registrant_from, registrant_length, registrant_to, to_number) VALUES (85000,5004,1138,'8500',4,'9999',99999);
INSERT INTO ezisbn_registrant_range (from_number, id, isbn_group_id, registrant_from, registrant_length, registrant_to, to_number) VALUES (0,5005,1139,'0',1,'2',29999);
INSERT INTO ezisbn_registrant_range (from_number, id, isbn_group_id, registrant_from, registrant_length, registrant_to, to_number) VALUES (30000,5006,1139,'30',2,'54',54999);
INSERT INTO ezisbn_registrant_range (from_number, id, isbn_group_id, registrant_from, registrant_length, registrant_to, to_number) VALUES (55000,5007,1139,'550',3,'749',74999);
INSERT INTO ezisbn_registrant_range (from_number, id, isbn_group_id, registrant_from, registrant_length, registrant_to, to_number) VALUES (75000,5008,1139,'7500',4,'9999',99999);
INSERT INTO ezisbn_registrant_range (from_number, id, isbn_group_id, registrant_from, registrant_length, registrant_to, to_number) VALUES (0,5009,1140,'0',1,'6',69999);
INSERT INTO ezisbn_registrant_range (from_number, id, isbn_group_id, registrant_from, registrant_length, registrant_to, to_number) VALUES (70000,5010,1140,'70',2,'94',94999);
INSERT INTO ezisbn_registrant_range (from_number, id, isbn_group_id, registrant_from, registrant_length, registrant_to, to_number) VALUES (95000,5011,1140,'950',3,'999',99999);
INSERT INTO ezisbn_registrant_range (from_number, id, isbn_group_id, registrant_from, registrant_length, registrant_to, to_number) VALUES (0,5012,1141,'00',2,'39',39999);
INSERT INTO ezisbn_registrant_range (from_number, id, isbn_group_id, registrant_from, registrant_length, registrant_to, to_number) VALUES (40000,5013,1141,'400',3,'899',89999);
INSERT INTO ezisbn_registrant_range (from_number, id, isbn_group_id, registrant_from, registrant_length, registrant_to, to_number) VALUES (90000,5014,1141,'9000',4,'9999',99999);
INSERT INTO ezisbn_registrant_range (from_number, id, isbn_group_id, registrant_from, registrant_length, registrant_to, to_number) VALUES (0,5015,1142,'00',2,'69',69999);
INSERT INTO ezisbn_registrant_range (from_number, id, isbn_group_id, registrant_from, registrant_length, registrant_to, to_number) VALUES (70000,5016,1142,'7000',4,'7499',74999);
INSERT INTO ezisbn_registrant_range (from_number, id, isbn_group_id, registrant_from, registrant_length, registrant_to, to_number) VALUES (75000,5017,1142,'750',3,'959',95999);
INSERT INTO ezisbn_registrant_range (from_number, id, isbn_group_id, registrant_from, registrant_length, registrant_to, to_number) VALUES (96000,5018,1142,'9600',4,'9999',99999);
INSERT INTO ezisbn_registrant_range (from_number, id, isbn_group_id, registrant_from, registrant_length, registrant_to, to_number) VALUES (0,5019,1143,'00',2,'39',39999);
INSERT INTO ezisbn_registrant_range (from_number, id, isbn_group_id, registrant_from, registrant_length, registrant_to, to_number) VALUES (40000,5020,1143,'400',3,'899',89999);
INSERT INTO ezisbn_registrant_range (from_number, id, isbn_group_id, registrant_from, registrant_length, registrant_to, to_number) VALUES (90000,5021,1143,'9000',4,'9999',99999);
INSERT INTO ezisbn_registrant_range (from_number, id, isbn_group_id, registrant_from, registrant_length, registrant_to, to_number) VALUES (0,5022,1144,'00',2,'49',49999);
INSERT INTO ezisbn_registrant_range (from_number, id, isbn_group_id, registrant_from, registrant_length, registrant_to, to_number) VALUES (50000,5023,1144,'500',3,'939',93999);
INSERT INTO ezisbn_registrant_range (from_number, id, isbn_group_id, registrant_from, registrant_length, registrant_to, to_number) VALUES (94000,5024,1144,'9400',4,'9999',99999);
INSERT INTO ezisbn_registrant_range (from_number, id, isbn_group_id, registrant_from, registrant_length, registrant_to, to_number) VALUES (0,5025,1145,'00',2,'39',39999);
INSERT INTO ezisbn_registrant_range (from_number, id, isbn_group_id, registrant_from, registrant_length, registrant_to, to_number) VALUES (40000,5026,1145,'400',3,'899',89999);
INSERT INTO ezisbn_registrant_range (from_number, id, isbn_group_id, registrant_from, registrant_length, registrant_to, to_number) VALUES (90000,5027,1145,'9000',4,'9999',99999);
INSERT INTO ezisbn_registrant_range (from_number, id, isbn_group_id, registrant_from, registrant_length, registrant_to, to_number) VALUES (0,5028,1146,'0',1,'5',59999);
INSERT INTO ezisbn_registrant_range (from_number, id, isbn_group_id, registrant_from, registrant_length, registrant_to, to_number) VALUES (60000,5029,1146,'60',2,'89',89999);
INSERT INTO ezisbn_registrant_range (from_number, id, isbn_group_id, registrant_from, registrant_length, registrant_to, to_number) VALUES (90000,5030,1146,'900',3,'989',98999);
INSERT INTO ezisbn_registrant_range (from_number, id, isbn_group_id, registrant_from, registrant_length, registrant_to, to_number) VALUES (99000,5031,1146,'9900',4,'9999',99999);
INSERT INTO ezisbn_registrant_range (from_number, id, isbn_group_id, registrant_from, registrant_length, registrant_to, to_number) VALUES (0,5032,1147,'00',2,'09',9999);
INSERT INTO ezisbn_registrant_range (from_number, id, isbn_group_id, registrant_from, registrant_length, registrant_to, to_number) VALUES (10000,5033,1147,'1',1,'1',19999);
INSERT INTO ezisbn_registrant_range (from_number, id, isbn_group_id, registrant_from, registrant_length, registrant_to, to_number) VALUES (20000,5034,1147,'200',3,'249',24999);
INSERT INTO ezisbn_registrant_range (from_number, id, isbn_group_id, registrant_from, registrant_length, registrant_to, to_number) VALUES (25000,5035,1147,'2500',4,'2999',29999);
INSERT INTO ezisbn_registrant_range (from_number, id, isbn_group_id, registrant_from, registrant_length, registrant_to, to_number) VALUES (30000,5036,1147,'30',2,'59',59999);
INSERT INTO ezisbn_registrant_range (from_number, id, isbn_group_id, registrant_from, registrant_length, registrant_to, to_number) VALUES (60000,5037,1147,'600',3,'899',89999);
INSERT INTO ezisbn_registrant_range (from_number, id, isbn_group_id, registrant_from, registrant_length, registrant_to, to_number) VALUES (90000,5038,1147,'9000',4,'9999',99999);
INSERT INTO ezisbn_registrant_range (from_number, id, isbn_group_id, registrant_from, registrant_length, registrant_to, to_number) VALUES (0,5039,1148,'0',1,'05',5999);
INSERT INTO ezisbn_registrant_range (from_number, id, isbn_group_id, registrant_from, registrant_length, registrant_to, to_number) VALUES (6000,5040,1148,'060',3,'089',8999);
INSERT INTO ezisbn_registrant_range (from_number, id, isbn_group_id, registrant_from, registrant_length, registrant_to, to_number) VALUES (9000,5041,1148,'0900',4,'0999',9999);
INSERT INTO ezisbn_registrant_range (from_number, id, isbn_group_id, registrant_from, registrant_length, registrant_to, to_number) VALUES (10000,5042,1148,'10',2,'69',69999);
INSERT INTO ezisbn_registrant_range (from_number, id, isbn_group_id, registrant_from, registrant_length, registrant_to, to_number) VALUES (70000,5043,1148,'700',3,'969',96999);
INSERT INTO ezisbn_registrant_range (from_number, id, isbn_group_id, registrant_from, registrant_length, registrant_to, to_number) VALUES (97000,5044,1148,'9700',4,'9999',99999);
INSERT INTO ezisbn_registrant_range (from_number, id, isbn_group_id, registrant_from, registrant_length, registrant_to, to_number) VALUES (0,5045,1149,'0',1,'2',29999);
INSERT INTO ezisbn_registrant_range (from_number, id, isbn_group_id, registrant_from, registrant_length, registrant_to, to_number) VALUES (30000,5046,1149,'30',2,'54',54999);
INSERT INTO ezisbn_registrant_range (from_number, id, isbn_group_id, registrant_from, registrant_length, registrant_to, to_number) VALUES (55000,5047,1149,'550',3,'749',74999);
INSERT INTO ezisbn_registrant_range (from_number, id, isbn_group_id, registrant_from, registrant_length, registrant_to, to_number) VALUES (75000,5048,1149,'7500',4,'9499',94999);
INSERT INTO ezisbn_registrant_range (from_number, id, isbn_group_id, registrant_from, registrant_length, registrant_to, to_number) VALUES (95000,5049,1149,'95',2,'99',99999);
INSERT INTO ezisbn_registrant_range (from_number, id, isbn_group_id, registrant_from, registrant_length, registrant_to, to_number) VALUES (0,5050,1150,'0',1,'0',9999);
INSERT INTO ezisbn_registrant_range (from_number, id, isbn_group_id, registrant_from, registrant_length, registrant_to, to_number) VALUES (10000,5051,1150,'100',3,'399',39999);
INSERT INTO ezisbn_registrant_range (from_number, id, isbn_group_id, registrant_from, registrant_length, registrant_to, to_number) VALUES (40000,5052,1150,'4000',4,'4499',44999);
INSERT INTO ezisbn_registrant_range (from_number, id, isbn_group_id, registrant_from, registrant_length, registrant_to, to_number) VALUES (45000,5053,1150,'45',2,'89',89999);
INSERT INTO ezisbn_registrant_range (from_number, id, isbn_group_id, registrant_from, registrant_length, registrant_to, to_number) VALUES (90000,5054,1150,'900',3,'949',94999);
INSERT INTO ezisbn_registrant_range (from_number, id, isbn_group_id, registrant_from, registrant_length, registrant_to, to_number) VALUES (95000,5055,1150,'9500',4,'9999',99999);
INSERT INTO ezisbn_registrant_range (from_number, id, isbn_group_id, registrant_from, registrant_length, registrant_to, to_number) VALUES (0,5056,1151,'0',1,'5',59999);
INSERT INTO ezisbn_registrant_range (from_number, id, isbn_group_id, registrant_from, registrant_length, registrant_to, to_number) VALUES (60000,5057,1151,'60',2,'89',89999);
INSERT INTO ezisbn_registrant_range (from_number, id, isbn_group_id, registrant_from, registrant_length, registrant_to, to_number) VALUES (90000,5058,1151,'900',3,'989',98999);
INSERT INTO ezisbn_registrant_range (from_number, id, isbn_group_id, registrant_from, registrant_length, registrant_to, to_number) VALUES (99900,5059,1151,'9990',4,'9999',99999);
INSERT INTO ezisbn_registrant_range (from_number, id, isbn_group_id, registrant_from, registrant_length, registrant_to, to_number) VALUES (0,5060,1152,'00',2,'89',89999);
INSERT INTO ezisbn_registrant_range (from_number, id, isbn_group_id, registrant_from, registrant_length, registrant_to, to_number) VALUES (90000,5061,1152,'900',3,'989',98999);
INSERT INTO ezisbn_registrant_range (from_number, id, isbn_group_id, registrant_from, registrant_length, registrant_to, to_number) VALUES (99000,5062,1152,'9900',4,'9999',99999);
INSERT INTO ezisbn_registrant_range (from_number, id, isbn_group_id, registrant_from, registrant_length, registrant_to, to_number) VALUES (0,5063,1153,'00',2,'29',29999);
INSERT INTO ezisbn_registrant_range (from_number, id, isbn_group_id, registrant_from, registrant_length, registrant_to, to_number) VALUES (30000,5064,1153,'300',3,'399',39999);
INSERT INTO ezisbn_registrant_range (from_number, id, isbn_group_id, registrant_from, registrant_length, registrant_to, to_number) VALUES (40000,5065,1153,'40',2,'94',94999);
INSERT INTO ezisbn_registrant_range (from_number, id, isbn_group_id, registrant_from, registrant_length, registrant_to, to_number) VALUES (95000,5066,1153,'950',3,'989',98999);
INSERT INTO ezisbn_registrant_range (from_number, id, isbn_group_id, registrant_from, registrant_length, registrant_to, to_number) VALUES (99000,5067,1153,'9900',4,'9999',99999);
INSERT INTO ezisbn_registrant_range (from_number, id, isbn_group_id, registrant_from, registrant_length, registrant_to, to_number) VALUES (0,5068,1154,'0',1,'4',49999);
INSERT INTO ezisbn_registrant_range (from_number, id, isbn_group_id, registrant_from, registrant_length, registrant_to, to_number) VALUES (50000,5069,1154,'50',2,'64',64999);
INSERT INTO ezisbn_registrant_range (from_number, id, isbn_group_id, registrant_from, registrant_length, registrant_to, to_number) VALUES (65000,5070,1154,'650',3,'659',65999);
INSERT INTO ezisbn_registrant_range (from_number, id, isbn_group_id, registrant_from, registrant_length, registrant_to, to_number) VALUES (66000,5071,1154,'66',2,'75',75999);
INSERT INTO ezisbn_registrant_range (from_number, id, isbn_group_id, registrant_from, registrant_length, registrant_to, to_number) VALUES (76000,5072,1154,'760',3,'899',89999);
INSERT INTO ezisbn_registrant_range (from_number, id, isbn_group_id, registrant_from, registrant_length, registrant_to, to_number) VALUES (90000,5073,1154,'9000',4,'9999',99999);
INSERT INTO ezisbn_registrant_range (from_number, id, isbn_group_id, registrant_from, registrant_length, registrant_to, to_number) VALUES (0,5074,1155,'0',1,'3',39999);
INSERT INTO ezisbn_registrant_range (from_number, id, isbn_group_id, registrant_from, registrant_length, registrant_to, to_number) VALUES (40000,5075,1155,'40',2,'89',89999);
INSERT INTO ezisbn_registrant_range (from_number, id, isbn_group_id, registrant_from, registrant_length, registrant_to, to_number) VALUES (90000,5076,1155,'900',3,'989',98999);
INSERT INTO ezisbn_registrant_range (from_number, id, isbn_group_id, registrant_from, registrant_length, registrant_to, to_number) VALUES (99000,5077,1155,'9900',4,'9999',99999);
INSERT INTO ezisbn_registrant_range (from_number, id, isbn_group_id, registrant_from, registrant_length, registrant_to, to_number) VALUES (0,5078,1156,'00',2,'09',9999);
INSERT INTO ezisbn_registrant_range (from_number, id, isbn_group_id, registrant_from, registrant_length, registrant_to, to_number) VALUES (10000,5079,1156,'100',3,'159',15999);
INSERT INTO ezisbn_registrant_range (from_number, id, isbn_group_id, registrant_from, registrant_length, registrant_to, to_number) VALUES (16000,5080,1156,'1600',4,'1999',19999);
INSERT INTO ezisbn_registrant_range (from_number, id, isbn_group_id, registrant_from, registrant_length, registrant_to, to_number) VALUES (20000,5081,1156,'20',2,'79',79999);
INSERT INTO ezisbn_registrant_range (from_number, id, isbn_group_id, registrant_from, registrant_length, registrant_to, to_number) VALUES (80000,5082,1156,'800',3,'949',94999);
INSERT INTO ezisbn_registrant_range (from_number, id, isbn_group_id, registrant_from, registrant_length, registrant_to, to_number) VALUES (95000,5083,1156,'9500',4,'9999',99999);
INSERT INTO ezisbn_registrant_range (from_number, id, isbn_group_id, registrant_from, registrant_length, registrant_to, to_number) VALUES (0,5084,1157,'00',2,'79',79999);
INSERT INTO ezisbn_registrant_range (from_number, id, isbn_group_id, registrant_from, registrant_length, registrant_to, to_number) VALUES (80000,5085,1157,'800',3,'989',98999);
INSERT INTO ezisbn_registrant_range (from_number, id, isbn_group_id, registrant_from, registrant_length, registrant_to, to_number) VALUES (99000,5086,1157,'9900',4,'9999',99999);
INSERT INTO ezisbn_registrant_range (from_number, id, isbn_group_id, registrant_from, registrant_length, registrant_to, to_number) VALUES (80000,5087,1158,'80',2,'94',94999);
INSERT INTO ezisbn_registrant_range (from_number, id, isbn_group_id, registrant_from, registrant_length, registrant_to, to_number) VALUES (95000,5088,1158,'950',3,'989',98999);
INSERT INTO ezisbn_registrant_range (from_number, id, isbn_group_id, registrant_from, registrant_length, registrant_to, to_number) VALUES (99000,5089,1158,'9900',4,'9999',99999);
INSERT INTO ezisbn_registrant_range (from_number, id, isbn_group_id, registrant_from, registrant_length, registrant_to, to_number) VALUES (0,5090,1159,'00',2,'49',49999);
INSERT INTO ezisbn_registrant_range (from_number, id, isbn_group_id, registrant_from, registrant_length, registrant_to, to_number) VALUES (50000,5091,1159,'500',3,'899',89999);
INSERT INTO ezisbn_registrant_range (from_number, id, isbn_group_id, registrant_from, registrant_length, registrant_to, to_number) VALUES (90000,5092,1159,'9000',4,'9999',99999);
INSERT INTO ezisbn_registrant_range (from_number, id, isbn_group_id, registrant_from, registrant_length, registrant_to, to_number) VALUES (0,5093,1160,'0',1,'4',49999);
INSERT INTO ezisbn_registrant_range (from_number, id, isbn_group_id, registrant_from, registrant_length, registrant_to, to_number) VALUES (50000,5094,1160,'50',2,'79',79999);
INSERT INTO ezisbn_registrant_range (from_number, id, isbn_group_id, registrant_from, registrant_length, registrant_to, to_number) VALUES (80000,5095,1160,'800',3,'899',89999);
INSERT INTO ezisbn_registrant_range (from_number, id, isbn_group_id, registrant_from, registrant_length, registrant_to, to_number) VALUES (90000,5096,1160,'9000',4,'9999',99999);
INSERT INTO ezisbn_registrant_range (from_number, id, isbn_group_id, registrant_from, registrant_length, registrant_to, to_number) VALUES (0,5097,1161,'00',2,'39',39999);
INSERT INTO ezisbn_registrant_range (from_number, id, isbn_group_id, registrant_from, registrant_length, registrant_to, to_number) VALUES (40000,5098,1161,'400',3,'899',89999);
INSERT INTO ezisbn_registrant_range (from_number, id, isbn_group_id, registrant_from, registrant_length, registrant_to, to_number) VALUES (90000,5099,1161,'9000',4,'9399',93999);
INSERT INTO ezisbn_registrant_range (from_number, id, isbn_group_id, registrant_from, registrant_length, registrant_to, to_number) VALUES (94000,5100,1161,'940',3,'969',96999);
INSERT INTO ezisbn_registrant_range (from_number, id, isbn_group_id, registrant_from, registrant_length, registrant_to, to_number) VALUES (97000,5101,1161,'97',2,'99',99999);
INSERT INTO ezisbn_registrant_range (from_number, id, isbn_group_id, registrant_from, registrant_length, registrant_to, to_number) VALUES (0,5102,1162,'00',2,'39',39999);
INSERT INTO ezisbn_registrant_range (from_number, id, isbn_group_id, registrant_from, registrant_length, registrant_to, to_number) VALUES (40000,5103,1162,'400',3,'879',87999);
INSERT INTO ezisbn_registrant_range (from_number, id, isbn_group_id, registrant_from, registrant_length, registrant_to, to_number) VALUES (88000,5104,1162,'8800',4,'9999',99999);
INSERT INTO ezisbn_registrant_range (from_number, id, isbn_group_id, registrant_from, registrant_length, registrant_to, to_number) VALUES (0,5105,1163,'0',1,'2',29999);
INSERT INTO ezisbn_registrant_range (from_number, id, isbn_group_id, registrant_from, registrant_length, registrant_to, to_number) VALUES (30000,5106,1163,'30',2,'54',54999);
INSERT INTO ezisbn_registrant_range (from_number, id, isbn_group_id, registrant_from, registrant_length, registrant_to, to_number) VALUES (55000,5107,1163,'550',3,'749',74999);
INSERT INTO ezisbn_registrant_range (from_number, id, isbn_group_id, registrant_from, registrant_length, registrant_to, to_number) VALUES (75000,5108,1163,'7500',4,'9999',99999);
INSERT INTO ezisbn_registrant_range (from_number, id, isbn_group_id, registrant_from, registrant_length, registrant_to, to_number) VALUES (0,5109,1164,'0',1,'0',9999);
INSERT INTO ezisbn_registrant_range (from_number, id, isbn_group_id, registrant_from, registrant_length, registrant_to, to_number) VALUES (10000,5110,1164,'100',3,'199',19999);
INSERT INTO ezisbn_registrant_range (from_number, id, isbn_group_id, registrant_from, registrant_length, registrant_to, to_number) VALUES (20000,5111,1164,'2000',4,'2999',29999);
INSERT INTO ezisbn_registrant_range (from_number, id, isbn_group_id, registrant_from, registrant_length, registrant_to, to_number) VALUES (30000,5112,1164,'30',2,'59',59999);
INSERT INTO ezisbn_registrant_range (from_number, id, isbn_group_id, registrant_from, registrant_length, registrant_to, to_number) VALUES (60000,5113,1164,'600',3,'949',94999);
INSERT INTO ezisbn_registrant_range (from_number, id, isbn_group_id, registrant_from, registrant_length, registrant_to, to_number) VALUES (95000,5114,1164,'9500',4,'9999',99999);
INSERT INTO ezisbn_registrant_range (from_number, id, isbn_group_id, registrant_from, registrant_length, registrant_to, to_number) VALUES (0,5115,1165,'00',2,'49',49999);
INSERT INTO ezisbn_registrant_range (from_number, id, isbn_group_id, registrant_from, registrant_length, registrant_to, to_number) VALUES (50000,5116,1165,'500',3,'799',79999);
INSERT INTO ezisbn_registrant_range (from_number, id, isbn_group_id, registrant_from, registrant_length, registrant_to, to_number) VALUES (80000,5117,1165,'80',2,'99',99999);
INSERT INTO ezisbn_registrant_range (from_number, id, isbn_group_id, registrant_from, registrant_length, registrant_to, to_number) VALUES (0,5118,1167,'0',1,'1',19999);
INSERT INTO ezisbn_registrant_range (from_number, id, isbn_group_id, registrant_from, registrant_length, registrant_to, to_number) VALUES (20000,5119,1167,'20',2,'89',89999);
INSERT INTO ezisbn_registrant_range (from_number, id, isbn_group_id, registrant_from, registrant_length, registrant_to, to_number) VALUES (90000,5120,1167,'900',3,'999',99999);
INSERT INTO ezisbn_registrant_range (from_number, id, isbn_group_id, registrant_from, registrant_length, registrant_to, to_number) VALUES (0,5121,1168,'0',1,'5',59999);
INSERT INTO ezisbn_registrant_range (from_number, id, isbn_group_id, registrant_from, registrant_length, registrant_to, to_number) VALUES (60000,5122,1168,'60',2,'89',89999);
INSERT INTO ezisbn_registrant_range (from_number, id, isbn_group_id, registrant_from, registrant_length, registrant_to, to_number) VALUES (90000,5123,1168,'900',3,'999',99999);
INSERT INTO ezisbn_registrant_range (from_number, id, isbn_group_id, registrant_from, registrant_length, registrant_to, to_number) VALUES (0,5124,1169,'0',1,'3',39999);
INSERT INTO ezisbn_registrant_range (from_number, id, isbn_group_id, registrant_from, registrant_length, registrant_to, to_number) VALUES (40000,5125,1169,'40',2,'79',79999);
INSERT INTO ezisbn_registrant_range (from_number, id, isbn_group_id, registrant_from, registrant_length, registrant_to, to_number) VALUES (80000,5126,1169,'800',3,'999',99999);
INSERT INTO ezisbn_registrant_range (from_number, id, isbn_group_id, registrant_from, registrant_length, registrant_to, to_number) VALUES (0,5127,1170,'0',1,'2',29999);
INSERT INTO ezisbn_registrant_range (from_number, id, isbn_group_id, registrant_from, registrant_length, registrant_to, to_number) VALUES (30000,5128,1170,'30',2,'59',59999);
INSERT INTO ezisbn_registrant_range (from_number, id, isbn_group_id, registrant_from, registrant_length, registrant_to, to_number) VALUES (60000,5129,1170,'600',3,'699',69999);
INSERT INTO ezisbn_registrant_range (from_number, id, isbn_group_id, registrant_from, registrant_length, registrant_to, to_number) VALUES (70000,5130,1170,'70',2,'89',89999);
INSERT INTO ezisbn_registrant_range (from_number, id, isbn_group_id, registrant_from, registrant_length, registrant_to, to_number) VALUES (90000,5131,1170,'9',1,'9',99999);
INSERT INTO ezisbn_registrant_range (from_number, id, isbn_group_id, registrant_from, registrant_length, registrant_to, to_number) VALUES (0,5132,1171,'0',1,'0',9999);
INSERT INTO ezisbn_registrant_range (from_number, id, isbn_group_id, registrant_from, registrant_length, registrant_to, to_number) VALUES (10000,5133,1171,'10',2,'89',89999);
INSERT INTO ezisbn_registrant_range (from_number, id, isbn_group_id, registrant_from, registrant_length, registrant_to, to_number) VALUES (90000,5134,1171,'900',3,'999',99999);
INSERT INTO ezisbn_registrant_range (from_number, id, isbn_group_id, registrant_from, registrant_length, registrant_to, to_number) VALUES (0,5135,1172,'0',1,'3',39999);
INSERT INTO ezisbn_registrant_range (from_number, id, isbn_group_id, registrant_from, registrant_length, registrant_to, to_number) VALUES (40000,5136,1172,'40',2,'94',94999);
INSERT INTO ezisbn_registrant_range (from_number, id, isbn_group_id, registrant_from, registrant_length, registrant_to, to_number) VALUES (95000,5137,1172,'950',3,'999',99999);
INSERT INTO ezisbn_registrant_range (from_number, id, isbn_group_id, registrant_from, registrant_length, registrant_to, to_number) VALUES (0,5138,1173,'0',1,'2',29999);
INSERT INTO ezisbn_registrant_range (from_number, id, isbn_group_id, registrant_from, registrant_length, registrant_to, to_number) VALUES (30000,5139,1173,'30',2,'89',89999);
INSERT INTO ezisbn_registrant_range (from_number, id, isbn_group_id, registrant_from, registrant_length, registrant_to, to_number) VALUES (90000,5140,1173,'900',3,'999',99999);
INSERT INTO ezisbn_registrant_range (from_number, id, isbn_group_id, registrant_from, registrant_length, registrant_to, to_number) VALUES (0,5141,1174,'00',2,'59',59999);
INSERT INTO ezisbn_registrant_range (from_number, id, isbn_group_id, registrant_from, registrant_length, registrant_to, to_number) VALUES (60000,5142,1174,'600',3,'999',99999);
INSERT INTO ezisbn_registrant_range (from_number, id, isbn_group_id, registrant_from, registrant_length, registrant_to, to_number) VALUES (0,5143,1175,'0',1,'3',39999);
INSERT INTO ezisbn_registrant_range (from_number, id, isbn_group_id, registrant_from, registrant_length, registrant_to, to_number) VALUES (40000,5144,1175,'400',3,'599',59999);
INSERT INTO ezisbn_registrant_range (from_number, id, isbn_group_id, registrant_from, registrant_length, registrant_to, to_number) VALUES (60000,5145,1175,'60',2,'89',89999);
INSERT INTO ezisbn_registrant_range (from_number, id, isbn_group_id, registrant_from, registrant_length, registrant_to, to_number) VALUES (90000,5146,1175,'900',3,'999',99999);
INSERT INTO ezisbn_registrant_range (from_number, id, isbn_group_id, registrant_from, registrant_length, registrant_to, to_number) VALUES (0,5147,1176,'0',1,'2',29999);
INSERT INTO ezisbn_registrant_range (from_number, id, isbn_group_id, registrant_from, registrant_length, registrant_to, to_number) VALUES (30000,5148,1176,'30',2,'35',35999);
INSERT INTO ezisbn_registrant_range (from_number, id, isbn_group_id, registrant_from, registrant_length, registrant_to, to_number) VALUES (60000,5149,1176,'600',3,'604',60499);
INSERT INTO ezisbn_registrant_range (from_number, id, isbn_group_id, registrant_from, registrant_length, registrant_to, to_number) VALUES (0,5150,1177,'0',1,'4',49999);
INSERT INTO ezisbn_registrant_range (from_number, id, isbn_group_id, registrant_from, registrant_length, registrant_to, to_number) VALUES (50000,5151,1177,'50',2,'89',89999);
INSERT INTO ezisbn_registrant_range (from_number, id, isbn_group_id, registrant_from, registrant_length, registrant_to, to_number) VALUES (90000,5152,1177,'900',3,'949',94999);
INSERT INTO ezisbn_registrant_range (from_number, id, isbn_group_id, registrant_from, registrant_length, registrant_to, to_number) VALUES (0,5153,1178,'0',1,'4',49999);
INSERT INTO ezisbn_registrant_range (from_number, id, isbn_group_id, registrant_from, registrant_length, registrant_to, to_number) VALUES (50000,5154,1178,'50',2,'79',79999);
INSERT INTO ezisbn_registrant_range (from_number, id, isbn_group_id, registrant_from, registrant_length, registrant_to, to_number) VALUES (80000,5155,1178,'800',3,'999',99999);
INSERT INTO ezisbn_registrant_range (from_number, id, isbn_group_id, registrant_from, registrant_length, registrant_to, to_number) VALUES (0,5156,1179,'0',1,'2',29999);
INSERT INTO ezisbn_registrant_range (from_number, id, isbn_group_id, registrant_from, registrant_length, registrant_to, to_number) VALUES (30000,5157,1179,'30',2,'69',69999);
INSERT INTO ezisbn_registrant_range (from_number, id, isbn_group_id, registrant_from, registrant_length, registrant_to, to_number) VALUES (70000,5158,1179,'700',3,'999',99999);
INSERT INTO ezisbn_registrant_range (from_number, id, isbn_group_id, registrant_from, registrant_length, registrant_to, to_number) VALUES (0,5159,1180,'0',1,'2',29999);
INSERT INTO ezisbn_registrant_range (from_number, id, isbn_group_id, registrant_from, registrant_length, registrant_to, to_number) VALUES (30000,5160,1180,'30',2,'89',89999);
INSERT INTO ezisbn_registrant_range (from_number, id, isbn_group_id, registrant_from, registrant_length, registrant_to, to_number) VALUES (90000,5161,1180,'900',3,'999',99999);
INSERT INTO ezisbn_registrant_range (from_number, id, isbn_group_id, registrant_from, registrant_length, registrant_to, to_number) VALUES (0,5162,1181,'0',1,'3',39999);
INSERT INTO ezisbn_registrant_range (from_number, id, isbn_group_id, registrant_from, registrant_length, registrant_to, to_number) VALUES (40000,5163,1181,'40',2,'79',79999);
INSERT INTO ezisbn_registrant_range (from_number, id, isbn_group_id, registrant_from, registrant_length, registrant_to, to_number) VALUES (80000,5164,1181,'800',3,'999',99999);
INSERT INTO ezisbn_registrant_range (from_number, id, isbn_group_id, registrant_from, registrant_length, registrant_to, to_number) VALUES (0,5165,1182,'0',1,'2',29999);
INSERT INTO ezisbn_registrant_range (from_number, id, isbn_group_id, registrant_from, registrant_length, registrant_to, to_number) VALUES (40000,5166,1182,'40',2,'69',69999);
INSERT INTO ezisbn_registrant_range (from_number, id, isbn_group_id, registrant_from, registrant_length, registrant_to, to_number) VALUES (90000,5167,1182,'900',3,'999',99999);
INSERT INTO ezisbn_registrant_range (from_number, id, isbn_group_id, registrant_from, registrant_length, registrant_to, to_number) VALUES (0,5168,1183,'0',1,'4',49999);
INSERT INTO ezisbn_registrant_range (from_number, id, isbn_group_id, registrant_from, registrant_length, registrant_to, to_number) VALUES (50000,5169,1183,'50',2,'89',89999);
INSERT INTO ezisbn_registrant_range (from_number, id, isbn_group_id, registrant_from, registrant_length, registrant_to, to_number) VALUES (90000,5170,1183,'900',3,'999',99999);
INSERT INTO ezisbn_registrant_range (from_number, id, isbn_group_id, registrant_from, registrant_length, registrant_to, to_number) VALUES (0,5171,1184,'0',1,'1',19999);
INSERT INTO ezisbn_registrant_range (from_number, id, isbn_group_id, registrant_from, registrant_length, registrant_to, to_number) VALUES (20000,5172,1184,'20',2,'69',69999);
INSERT INTO ezisbn_registrant_range (from_number, id, isbn_group_id, registrant_from, registrant_length, registrant_to, to_number) VALUES (70000,5173,1184,'700',3,'799',79999);
INSERT INTO ezisbn_registrant_range (from_number, id, isbn_group_id, registrant_from, registrant_length, registrant_to, to_number) VALUES (80000,5174,1184,'8',1,'8',89999);
INSERT INTO ezisbn_registrant_range (from_number, id, isbn_group_id, registrant_from, registrant_length, registrant_to, to_number) VALUES (90000,5175,1184,'90',2,'99',99999);
INSERT INTO ezisbn_registrant_range (from_number, id, isbn_group_id, registrant_from, registrant_length, registrant_to, to_number) VALUES (0,5176,1185,'0',1,'3',39999);
INSERT INTO ezisbn_registrant_range (from_number, id, isbn_group_id, registrant_from, registrant_length, registrant_to, to_number) VALUES (40000,5177,1185,'40',2,'69',69999);
INSERT INTO ezisbn_registrant_range (from_number, id, isbn_group_id, registrant_from, registrant_length, registrant_to, to_number) VALUES (70000,5178,1185,'700',3,'999',99999);
INSERT INTO ezisbn_registrant_range (from_number, id, isbn_group_id, registrant_from, registrant_length, registrant_to, to_number) VALUES (0,5179,1186,'0',1,'1',19999);
INSERT INTO ezisbn_registrant_range (from_number, id, isbn_group_id, registrant_from, registrant_length, registrant_to, to_number) VALUES (20000,5180,1186,'20',2,'79',79999);
INSERT INTO ezisbn_registrant_range (from_number, id, isbn_group_id, registrant_from, registrant_length, registrant_to, to_number) VALUES (80000,5181,1186,'800',3,'999',99999);
INSERT INTO ezisbn_registrant_range (from_number, id, isbn_group_id, registrant_from, registrant_length, registrant_to, to_number) VALUES (0,5182,1187,'0',1,'2',29999);
INSERT INTO ezisbn_registrant_range (from_number, id, isbn_group_id, registrant_from, registrant_length, registrant_to, to_number) VALUES (30000,5183,1187,'30',2,'79',79999);
INSERT INTO ezisbn_registrant_range (from_number, id, isbn_group_id, registrant_from, registrant_length, registrant_to, to_number) VALUES (80000,5184,1187,'800',3,'999',99999);
INSERT INTO ezisbn_registrant_range (from_number, id, isbn_group_id, registrant_from, registrant_length, registrant_to, to_number) VALUES (0,5185,1188,'0',1,'3',39999);
INSERT INTO ezisbn_registrant_range (from_number, id, isbn_group_id, registrant_from, registrant_length, registrant_to, to_number) VALUES (40000,5186,1188,'40',2,'79',79999);
INSERT INTO ezisbn_registrant_range (from_number, id, isbn_group_id, registrant_from, registrant_length, registrant_to, to_number) VALUES (80000,5187,1188,'800',3,'999',99999);
INSERT INTO ezisbn_registrant_range (from_number, id, isbn_group_id, registrant_from, registrant_length, registrant_to, to_number) VALUES (0,5188,1189,'0',1,'0',9999);
INSERT INTO ezisbn_registrant_range (from_number, id, isbn_group_id, registrant_from, registrant_length, registrant_to, to_number) VALUES (10000,5189,1189,'10',2,'59',59999);
INSERT INTO ezisbn_registrant_range (from_number, id, isbn_group_id, registrant_from, registrant_length, registrant_to, to_number) VALUES (60000,5190,1189,'600',3,'999',99999);
INSERT INTO ezisbn_registrant_range (from_number, id, isbn_group_id, registrant_from, registrant_length, registrant_to, to_number) VALUES (0,5191,1190,'0',1,'2',29999);
INSERT INTO ezisbn_registrant_range (from_number, id, isbn_group_id, registrant_from, registrant_length, registrant_to, to_number) VALUES (30000,5192,1190,'30',2,'59',59999);
INSERT INTO ezisbn_registrant_range (from_number, id, isbn_group_id, registrant_from, registrant_length, registrant_to, to_number) VALUES (60000,5193,1190,'600',3,'999',99999);
INSERT INTO ezisbn_registrant_range (from_number, id, isbn_group_id, registrant_from, registrant_length, registrant_to, to_number) VALUES (0,5194,1191,'0',1,'0',9999);
INSERT INTO ezisbn_registrant_range (from_number, id, isbn_group_id, registrant_from, registrant_length, registrant_to, to_number) VALUES (10000,5195,1191,'10',2,'79',79999);
INSERT INTO ezisbn_registrant_range (from_number, id, isbn_group_id, registrant_from, registrant_length, registrant_to, to_number) VALUES (80000,5196,1191,'800',3,'999',99999);
INSERT INTO ezisbn_registrant_range (from_number, id, isbn_group_id, registrant_from, registrant_length, registrant_to, to_number) VALUES (0,5197,1192,'0',1,'4',49999);
INSERT INTO ezisbn_registrant_range (from_number, id, isbn_group_id, registrant_from, registrant_length, registrant_to, to_number) VALUES (50000,5198,1192,'50',2,'79',79999);
INSERT INTO ezisbn_registrant_range (from_number, id, isbn_group_id, registrant_from, registrant_length, registrant_to, to_number) VALUES (80000,5199,1192,'800',3,'999',99999);
INSERT INTO ezisbn_registrant_range (from_number, id, isbn_group_id, registrant_from, registrant_length, registrant_to, to_number) VALUES (0,5200,1193,'0',1,'4',49999);
INSERT INTO ezisbn_registrant_range (from_number, id, isbn_group_id, registrant_from, registrant_length, registrant_to, to_number) VALUES (50000,5201,1193,'50',2,'79',79999);
INSERT INTO ezisbn_registrant_range (from_number, id, isbn_group_id, registrant_from, registrant_length, registrant_to, to_number) VALUES (80000,5202,1193,'800',3,'999',99999);
INSERT INTO ezisbn_registrant_range (from_number, id, isbn_group_id, registrant_from, registrant_length, registrant_to, to_number) VALUES (0,5203,1194,'0',1,'4',49999);
INSERT INTO ezisbn_registrant_range (from_number, id, isbn_group_id, registrant_from, registrant_length, registrant_to, to_number) VALUES (50000,5204,1194,'50',2,'79',79999);
INSERT INTO ezisbn_registrant_range (from_number, id, isbn_group_id, registrant_from, registrant_length, registrant_to, to_number) VALUES (80000,5205,1194,'800',3,'999',99999);
INSERT INTO ezisbn_registrant_range (from_number, id, isbn_group_id, registrant_from, registrant_length, registrant_to, to_number) VALUES (0,5206,1195,'0',1,'0',9999);
INSERT INTO ezisbn_registrant_range (from_number, id, isbn_group_id, registrant_from, registrant_length, registrant_to, to_number) VALUES (10000,5207,1195,'10',2,'59',59999);
INSERT INTO ezisbn_registrant_range (from_number, id, isbn_group_id, registrant_from, registrant_length, registrant_to, to_number) VALUES (60000,5208,1195,'600',3,'699',69999);
INSERT INTO ezisbn_registrant_range (from_number, id, isbn_group_id, registrant_from, registrant_length, registrant_to, to_number) VALUES (70000,5209,1195,'7',1,'7',79999);
INSERT INTO ezisbn_registrant_range (from_number, id, isbn_group_id, registrant_from, registrant_length, registrant_to, to_number) VALUES (80000,5210,1195,'80',2,'99',99999);
INSERT INTO ezisbn_registrant_range (from_number, id, isbn_group_id, registrant_from, registrant_length, registrant_to, to_number) VALUES (0,5211,1196,'0',1,'2',29999);
INSERT INTO ezisbn_registrant_range (from_number, id, isbn_group_id, registrant_from, registrant_length, registrant_to, to_number) VALUES (30000,5212,1196,'30',2,'59',59999);
INSERT INTO ezisbn_registrant_range (from_number, id, isbn_group_id, registrant_from, registrant_length, registrant_to, to_number) VALUES (60000,5213,1196,'600',3,'999',99999);
INSERT INTO ezisbn_registrant_range (from_number, id, isbn_group_id, registrant_from, registrant_length, registrant_to, to_number) VALUES (0,5214,1197,'0',1,'1',19999);
INSERT INTO ezisbn_registrant_range (from_number, id, isbn_group_id, registrant_from, registrant_length, registrant_to, to_number) VALUES (20000,5215,1197,'20',2,'79',79999);
INSERT INTO ezisbn_registrant_range (from_number, id, isbn_group_id, registrant_from, registrant_length, registrant_to, to_number) VALUES (80000,5216,1197,'800',3,'999',99999);
INSERT INTO ezisbn_registrant_range (from_number, id, isbn_group_id, registrant_from, registrant_length, registrant_to, to_number) VALUES (0,5217,1198,'0',1,'2',29999);
INSERT INTO ezisbn_registrant_range (from_number, id, isbn_group_id, registrant_from, registrant_length, registrant_to, to_number) VALUES (70000,5218,1198,'7',1,'8',89999);
INSERT INTO ezisbn_registrant_range (from_number, id, isbn_group_id, registrant_from, registrant_length, registrant_to, to_number) VALUES (30000,5219,1198,'30',2,'59',59999);
INSERT INTO ezisbn_registrant_range (from_number, id, isbn_group_id, registrant_from, registrant_length, registrant_to, to_number) VALUES (60000,5220,1198,'600',3,'699',69999);
INSERT INTO ezisbn_registrant_range (from_number, id, isbn_group_id, registrant_from, registrant_length, registrant_to, to_number) VALUES (90000,5221,1198,'90',2,'99',99999);
INSERT INTO ezisbn_registrant_range (from_number, id, isbn_group_id, registrant_from, registrant_length, registrant_to, to_number) VALUES (0,5222,1199,'0',1,'0',9999);
INSERT INTO ezisbn_registrant_range (from_number, id, isbn_group_id, registrant_from, registrant_length, registrant_to, to_number) VALUES (10000,5223,1199,'10',2,'59',59999);
INSERT INTO ezisbn_registrant_range (from_number, id, isbn_group_id, registrant_from, registrant_length, registrant_to, to_number) VALUES (60000,5224,1199,'600',3,'999',99999);
INSERT INTO ezisbn_registrant_range (from_number, id, isbn_group_id, registrant_from, registrant_length, registrant_to, to_number) VALUES (0,5225,1200,'0',1,'1',19999);
INSERT INTO ezisbn_registrant_range (from_number, id, isbn_group_id, registrant_from, registrant_length, registrant_to, to_number) VALUES (20000,5226,1200,'20',2,'59',59999);
INSERT INTO ezisbn_registrant_range (from_number, id, isbn_group_id, registrant_from, registrant_length, registrant_to, to_number) VALUES (60000,5227,1200,'600',3,'999',99999);
INSERT INTO ezisbn_registrant_range (from_number, id, isbn_group_id, registrant_from, registrant_length, registrant_to, to_number) VALUES (0,5228,1201,'0',1,'1',19999);
INSERT INTO ezisbn_registrant_range (from_number, id, isbn_group_id, registrant_from, registrant_length, registrant_to, to_number) VALUES (20000,5229,1201,'20',2,'59',59999);
INSERT INTO ezisbn_registrant_range (from_number, id, isbn_group_id, registrant_from, registrant_length, registrant_to, to_number) VALUES (60000,5230,1201,'600',3,'899',89999);
INSERT INTO ezisbn_registrant_range (from_number, id, isbn_group_id, registrant_from, registrant_length, registrant_to, to_number) VALUES (90000,5231,1201,'90',2,'99',99999);
INSERT INTO ezisbn_registrant_range (from_number, id, isbn_group_id, registrant_from, registrant_length, registrant_to, to_number) VALUES (0,5232,1202,'0',1,'5',59999);
INSERT INTO ezisbn_registrant_range (from_number, id, isbn_group_id, registrant_from, registrant_length, registrant_to, to_number) VALUES (60000,5233,1202,'60',2,'89',89999);
INSERT INTO ezisbn_registrant_range (from_number, id, isbn_group_id, registrant_from, registrant_length, registrant_to, to_number) VALUES (90000,5234,1202,'900',3,'999',99999);
INSERT INTO ezisbn_registrant_range (from_number, id, isbn_group_id, registrant_from, registrant_length, registrant_to, to_number) VALUES (0,5235,1203,'0',1,'0',9999);
INSERT INTO ezisbn_registrant_range (from_number, id, isbn_group_id, registrant_from, registrant_length, registrant_to, to_number) VALUES (10000,5236,1203,'10',2,'69',69999);
INSERT INTO ezisbn_registrant_range (from_number, id, isbn_group_id, registrant_from, registrant_length, registrant_to, to_number) VALUES (70000,5237,1203,'700',3,'999',99999);
INSERT INTO ezisbn_registrant_range (from_number, id, isbn_group_id, registrant_from, registrant_length, registrant_to, to_number) VALUES (0,5238,1204,'0',1,'2',29999);
INSERT INTO ezisbn_registrant_range (from_number, id, isbn_group_id, registrant_from, registrant_length, registrant_to, to_number) VALUES (30000,5239,1204,'30',2,'79',79999);
INSERT INTO ezisbn_registrant_range (from_number, id, isbn_group_id, registrant_from, registrant_length, registrant_to, to_number) VALUES (80000,5240,1204,'800',3,'999',99999);
INSERT INTO ezisbn_registrant_range (from_number, id, isbn_group_id, registrant_from, registrant_length, registrant_to, to_number) VALUES (0,5241,1205,'0',1,'4',49999);
INSERT INTO ezisbn_registrant_range (from_number, id, isbn_group_id, registrant_from, registrant_length, registrant_to, to_number) VALUES (50000,5242,1205,'50',2,'79',79999);
INSERT INTO ezisbn_registrant_range (from_number, id, isbn_group_id, registrant_from, registrant_length, registrant_to, to_number) VALUES (80000,5243,1205,'800',3,'999',99999);
INSERT INTO ezisbn_registrant_range (from_number, id, isbn_group_id, registrant_from, registrant_length, registrant_to, to_number) VALUES (0,5244,1206,'0',1,'2',29999);
INSERT INTO ezisbn_registrant_range (from_number, id, isbn_group_id, registrant_from, registrant_length, registrant_to, to_number) VALUES (30000,5245,1206,'30',2,'59',59999);
INSERT INTO ezisbn_registrant_range (from_number, id, isbn_group_id, registrant_from, registrant_length, registrant_to, to_number) VALUES (60000,5246,1206,'600',3,'999',99999);
INSERT INTO ezisbn_registrant_range (from_number, id, isbn_group_id, registrant_from, registrant_length, registrant_to, to_number) VALUES (0,5247,1207,'0',1,'4',49999);
INSERT INTO ezisbn_registrant_range (from_number, id, isbn_group_id, registrant_from, registrant_length, registrant_to, to_number) VALUES (50000,5248,1207,'50',2,'79',79999);
INSERT INTO ezisbn_registrant_range (from_number, id, isbn_group_id, registrant_from, registrant_length, registrant_to, to_number) VALUES (80000,5249,1207,'800',3,'999',99999);
INSERT INTO ezisbn_registrant_range (from_number, id, isbn_group_id, registrant_from, registrant_length, registrant_to, to_number) VALUES (0,5250,1208,'0',1,'5',59999);
INSERT INTO ezisbn_registrant_range (from_number, id, isbn_group_id, registrant_from, registrant_length, registrant_to, to_number) VALUES (60000,5251,1208,'60',2,'89',89999);
INSERT INTO ezisbn_registrant_range (from_number, id, isbn_group_id, registrant_from, registrant_length, registrant_to, to_number) VALUES (90000,5252,1208,'900',3,'999',99999);
INSERT INTO ezisbn_registrant_range (from_number, id, isbn_group_id, registrant_from, registrant_length, registrant_to, to_number) VALUES (0,5253,1209,'0',1,'2',29999);
INSERT INTO ezisbn_registrant_range (from_number, id, isbn_group_id, registrant_from, registrant_length, registrant_to, to_number) VALUES (30000,5254,1209,'30',2,'59',59999);
INSERT INTO ezisbn_registrant_range (from_number, id, isbn_group_id, registrant_from, registrant_length, registrant_to, to_number) VALUES (60000,5255,1209,'600',3,'999',99999);
INSERT INTO ezisbn_registrant_range (from_number, id, isbn_group_id, registrant_from, registrant_length, registrant_to, to_number) VALUES (0,5256,1210,'0',1,'2',29999);
INSERT INTO ezisbn_registrant_range (from_number, id, isbn_group_id, registrant_from, registrant_length, registrant_to, to_number) VALUES (30000,5257,1210,'30',2,'69',69999);
INSERT INTO ezisbn_registrant_range (from_number, id, isbn_group_id, registrant_from, registrant_length, registrant_to, to_number) VALUES (70000,5258,1210,'700',3,'999',99999);
INSERT INTO ezisbn_registrant_range (from_number, id, isbn_group_id, registrant_from, registrant_length, registrant_to, to_number) VALUES (0,5259,1211,'0',1,'4',49999);
INSERT INTO ezisbn_registrant_range (from_number, id, isbn_group_id, registrant_from, registrant_length, registrant_to, to_number) VALUES (50000,5260,1211,'50',2,'79',79999);
INSERT INTO ezisbn_registrant_range (from_number, id, isbn_group_id, registrant_from, registrant_length, registrant_to, to_number) VALUES (80000,5261,1211,'800',3,'999',99999);
INSERT INTO ezisbn_registrant_range (from_number, id, isbn_group_id, registrant_from, registrant_length, registrant_to, to_number) VALUES (0,5262,1212,'0',1,'1',19999);
INSERT INTO ezisbn_registrant_range (from_number, id, isbn_group_id, registrant_from, registrant_length, registrant_to, to_number) VALUES (20000,5263,1212,'20',2,'89',89999);
INSERT INTO ezisbn_registrant_range (from_number, id, isbn_group_id, registrant_from, registrant_length, registrant_to, to_number) VALUES (90000,5264,1212,'900',3,'999',99999);
INSERT INTO ezisbn_registrant_range (from_number, id, isbn_group_id, registrant_from, registrant_length, registrant_to, to_number) VALUES (0,5265,1213,'0',1,'4',49999);
INSERT INTO ezisbn_registrant_range (from_number, id, isbn_group_id, registrant_from, registrant_length, registrant_to, to_number) VALUES (50000,5266,1213,'50',2,'79',79999);
INSERT INTO ezisbn_registrant_range (from_number, id, isbn_group_id, registrant_from, registrant_length, registrant_to, to_number) VALUES (80000,5267,1213,'800',3,'999',99999);
INSERT INTO ezisbn_registrant_range (from_number, id, isbn_group_id, registrant_from, registrant_length, registrant_to, to_number) VALUES (0,5268,1215,'0',1,'4',49999);
INSERT INTO ezisbn_registrant_range (from_number, id, isbn_group_id, registrant_from, registrant_length, registrant_to, to_number) VALUES (50000,5269,1215,'50',2,'79',79999);
INSERT INTO ezisbn_registrant_range (from_number, id, isbn_group_id, registrant_from, registrant_length, registrant_to, to_number) VALUES (80000,5270,1215,'800',3,'999',99999);
INSERT INTO ezisbn_registrant_range (from_number, id, isbn_group_id, registrant_from, registrant_length, registrant_to, to_number) VALUES (0,5271,1216,'0',1,'2',29999);
INSERT INTO ezisbn_registrant_range (from_number, id, isbn_group_id, registrant_from, registrant_length, registrant_to, to_number) VALUES (30000,5272,1216,'30',2,'79',79999);
INSERT INTO ezisbn_registrant_range (from_number, id, isbn_group_id, registrant_from, registrant_length, registrant_to, to_number) VALUES (80000,5273,1216,'800',3,'999',99999);
INSERT INTO ezisbn_registrant_range (from_number, id, isbn_group_id, registrant_from, registrant_length, registrant_to, to_number) VALUES (0,5274,1217,'0',1,'2',29999);
INSERT INTO ezisbn_registrant_range (from_number, id, isbn_group_id, registrant_from, registrant_length, registrant_to, to_number) VALUES (30000,5275,1217,'30',2,'69',69999);
INSERT INTO ezisbn_registrant_range (from_number, id, isbn_group_id, registrant_from, registrant_length, registrant_to, to_number) VALUES (70000,5276,1217,'700',3,'999',99999);
INSERT INTO ezisbn_registrant_range (from_number, id, isbn_group_id, registrant_from, registrant_length, registrant_to, to_number) VALUES (0,5277,1218,'0',1,'1',19999);
INSERT INTO ezisbn_registrant_range (from_number, id, isbn_group_id, registrant_from, registrant_length, registrant_to, to_number) VALUES (20000,5278,1218,'20',2,'59',59999);
INSERT INTO ezisbn_registrant_range (from_number, id, isbn_group_id, registrant_from, registrant_length, registrant_to, to_number) VALUES (60000,5279,1218,'600',3,'899',89999);
INSERT INTO ezisbn_registrant_range (from_number, id, isbn_group_id, registrant_from, registrant_length, registrant_to, to_number) VALUES (90000,5280,1218,'90',2,'99',99999);
INSERT INTO ezisbn_registrant_range (from_number, id, isbn_group_id, registrant_from, registrant_length, registrant_to, to_number) VALUES (0,5281,1219,'00',2,'59',59999);
INSERT INTO ezisbn_registrant_range (from_number, id, isbn_group_id, registrant_from, registrant_length, registrant_to, to_number) VALUES (60000,5282,1219,'600',3,'999',99999);