









CREATE TABLE ezapprove_items (
  id int(11) NOT NULL auto_increment,
  workflow_process_id int(11) NOT NULL default '0',
  collaboration_id int(11) NOT NULL default '0',
  PRIMARY KEY  (id)
) TYPE=MyISAM;










CREATE TABLE ezbasket (
  id int(11) NOT NULL auto_increment,
  session_id varchar(255) NOT NULL default '',
  productcollection_id int(11) NOT NULL default '0',
  PRIMARY KEY  (id),
  KEY ezbasket_session_id (session_id)
) TYPE=MyISAM;










CREATE TABLE ezbinaryfile (
  contentobject_attribute_id int(11) NOT NULL default '0',
  version int(11) NOT NULL default '0',
  filename varchar(255) NOT NULL default '',
  original_filename varchar(255) NOT NULL default '',
  mime_type varchar(50) NOT NULL default '',
  PRIMARY KEY  (contentobject_attribute_id,version)
) TYPE=MyISAM;










CREATE TABLE ezcollab_group (
  id int(11) NOT NULL auto_increment,
  parent_group_id int(11) NOT NULL default '0',
  depth int(11) NOT NULL default '0',
  path_string varchar(255) NOT NULL default '',
  is_open int(11) NOT NULL default '1',
  user_id int(11) NOT NULL default '0',
  title varchar(255) NOT NULL default '',
  priority int(11) NOT NULL default '0',
  created int(11) NOT NULL default '0',
  modified int(11) NOT NULL default '0',
  PRIMARY KEY  (id),
  KEY ezcollab_group_path (path_string),
  KEY ezcollab_group_depth (depth)
) TYPE=MyISAM;










CREATE TABLE ezcollab_item (
  id int(11) NOT NULL auto_increment,
  type_identifier varchar(40) NOT NULL default '',
  creator_id int(11) NOT NULL default '0',
  status int(11) NOT NULL default '1',
  data_text1 text NOT NULL,
  data_text2 text NOT NULL,
  data_text3 text NOT NULL,
  data_int1 int(11) NOT NULL default '0',
  data_int2 int(11) NOT NULL default '0',
  data_int3 int(11) NOT NULL default '0',
  data_float1 float NOT NULL default '0',
  data_float2 float NOT NULL default '0',
  data_float3 float NOT NULL default '0',
  created int(11) NOT NULL default '0',
  modified int(11) NOT NULL default '0',
  PRIMARY KEY  (id)
) TYPE=MyISAM;










CREATE TABLE ezcollab_item_group_link (
  collaboration_id int(11) NOT NULL default '0',
  group_id int(11) NOT NULL default '0',
  user_id int(11) NOT NULL default '0',
  is_read int(11) NOT NULL default '0',
  is_active int(11) NOT NULL default '1',
  last_read int(11) NOT NULL default '0',
  created int(11) NOT NULL default '0',
  modified int(11) NOT NULL default '0',
  PRIMARY KEY  (collaboration_id,group_id,user_id)
) TYPE=MyISAM;










CREATE TABLE ezcollab_item_message_link (
  id int(11) NOT NULL auto_increment,
  collaboration_id int(11) NOT NULL default '0',
  participant_id int(11) NOT NULL default '0',
  message_id int(11) NOT NULL default '0',
  message_type int(11) NOT NULL default '0',
  created int(11) NOT NULL default '0',
  modified int(11) NOT NULL default '0',
  PRIMARY KEY  (id)
) TYPE=MyISAM;










CREATE TABLE ezcollab_item_participant_link (
  collaboration_id int(11) NOT NULL default '0',
  participant_id int(11) NOT NULL default '0',
  participant_type int(11) NOT NULL default '1',
  participant_role int(11) NOT NULL default '1',
  is_read int(11) NOT NULL default '0',
  is_active int(11) NOT NULL default '1',
  last_read int(11) NOT NULL default '0',
  created int(11) NOT NULL default '0',
  modified int(11) NOT NULL default '0',
  PRIMARY KEY  (collaboration_id,participant_id)
) TYPE=MyISAM;










CREATE TABLE ezcollab_item_status (
  collaboration_id int(11) NOT NULL default '0',
  user_id int(11) NOT NULL default '0',
  is_read int(11) NOT NULL default '0',
  is_active int(11) NOT NULL default '1',
  last_read int(11) NOT NULL default '0',
  PRIMARY KEY  (collaboration_id,user_id)
) TYPE=MyISAM;










CREATE TABLE ezcollab_notification_rule (
  id int(11) NOT NULL auto_increment,
  user_id varchar(255) NOT NULL default '',
  collab_identifier varchar(255) NOT NULL default '',
  PRIMARY KEY  (id)
) TYPE=MyISAM;










CREATE TABLE ezcollab_profile (
  id int(11) NOT NULL auto_increment,
  user_id int(11) NOT NULL default '0',
  main_group int(11) NOT NULL default '0',
  data_text1 text NOT NULL,
  created int(11) NOT NULL default '0',
  modified int(11) NOT NULL default '0',
  PRIMARY KEY  (id)
) TYPE=MyISAM;










CREATE TABLE ezcollab_simple_message (
  id int(11) NOT NULL auto_increment,
  message_type varchar(40) NOT NULL default '',
  creator_id int(11) NOT NULL default '0',
  data_text1 text NOT NULL,
  data_text2 text NOT NULL,
  data_text3 text NOT NULL,
  data_int1 int(11) NOT NULL default '0',
  data_int2 int(11) NOT NULL default '0',
  data_int3 int(11) NOT NULL default '0',
  data_float1 float NOT NULL default '0',
  data_float2 float NOT NULL default '0',
  data_float3 float NOT NULL default '0',
  created int(11) NOT NULL default '0',
  modified int(11) NOT NULL default '0',
  PRIMARY KEY  (id)
) TYPE=MyISAM;










CREATE TABLE ezcontent_translation (
  id int(11) NOT NULL auto_increment,
  name varchar(255) NOT NULL default '',
  locale varchar(255) NOT NULL default '',
  PRIMARY KEY  (id)
) TYPE=MyISAM;










CREATE TABLE ezcontentbrowsebookmark (
  id int(11) NOT NULL auto_increment,
  user_id int(11) NOT NULL default '0',
  node_id int(11) NOT NULL default '0',
  name varchar(255) NOT NULL default '',
  PRIMARY KEY  (id),
  KEY ezcontentbrowsebookmark_user (user_id)
) TYPE=MyISAM;










CREATE TABLE ezcontentbrowserecent (
  id int(11) NOT NULL auto_increment,
  user_id int(11) NOT NULL default '0',
  node_id int(11) NOT NULL default '0',
  created int(11) NOT NULL default '0',
  name varchar(255) NOT NULL default '',
  PRIMARY KEY  (id),
  KEY ezcontentbrowserecent_user (user_id)
) TYPE=MyISAM;





INSERT INTO ezcontentbrowserecent (id, user_id, node_id, created, name) VALUES (8,14,2,1061229739,'Root folder');





CREATE TABLE ezcontentclass (
  id int(11) NOT NULL auto_increment,
  version int(11) NOT NULL default '0',
  name varchar(255) default NULL,
  identifier varchar(50) NOT NULL default '',
  contentobject_name varchar(255) default NULL,
  creator_id int(11) NOT NULL default '0',
  modifier_id int(11) NOT NULL default '0',
  created int(11) NOT NULL default '0',
  modified int(11) NOT NULL default '0',
  PRIMARY KEY  (id,version),
  KEY ezcontentclass_version (version)
) TYPE=MyISAM;





INSERT INTO ezcontentclass (id, version, name, identifier, contentobject_name, creator_id, modifier_id, created, modified) VALUES (1,0,'Folder','folder','<name>',14,14,1024392098,1048494694);
INSERT INTO ezcontentclass (id, version, name, identifier, contentobject_name, creator_id, modifier_id, created, modified) VALUES (2,0,'Article','article','<title>',14,14,1024392098,1048494722);
INSERT INTO ezcontentclass (id, version, name, identifier, contentobject_name, creator_id, modifier_id, created, modified) VALUES (3,0,'User group','user_group','<name>',14,14,1024392098,1048494743);
INSERT INTO ezcontentclass (id, version, name, identifier, contentobject_name, creator_id, modifier_id, created, modified) VALUES (4,0,'User','user','<first_name> <last_name>',14,14,1024392098,1048494759);
INSERT INTO ezcontentclass (id, version, name, identifier, contentobject_name, creator_id, modifier_id, created, modified) VALUES (5,0,'Image','image','<name>',8,14,1031484992,1048494784);
INSERT INTO ezcontentclass (id, version, name, identifier, contentobject_name, creator_id, modifier_id, created, modified) VALUES (6,0,'Forum','forum','<name>',14,14,1052384723,1052384870);
INSERT INTO ezcontentclass (id, version, name, identifier, contentobject_name, creator_id, modifier_id, created, modified) VALUES (7,0,'Forum message','forum_message','<topic>',14,14,1052384877,1052384943);
INSERT INTO ezcontentclass (id, version, name, identifier, contentobject_name, creator_id, modifier_id, created, modified) VALUES (8,0,'Product','product','<title>',14,14,1052384951,1052385067);
INSERT INTO ezcontentclass (id, version, name, identifier, contentobject_name, creator_id, modifier_id, created, modified) VALUES (9,0,'Product review','product_review','<title>',14,14,1052385080,1052385252);
INSERT INTO ezcontentclass (id, version, name, identifier, contentobject_name, creator_id, modifier_id, created, modified) VALUES (10,0,'Info page','info_page','<name>',14,14,1052385274,1052385353);
INSERT INTO ezcontentclass (id, version, name, identifier, contentobject_name, creator_id, modifier_id, created, modified) VALUES (11,0,'Link','link','<title>',14,14,1052385361,1052385453);
INSERT INTO ezcontentclass (id, version, name, identifier, contentobject_name, creator_id, modifier_id, created, modified) VALUES (12,0,'File','file','<name>',14,14,1052385472,1052385669);
INSERT INTO ezcontentclass (id, version, name, identifier, contentobject_name, creator_id, modifier_id, created, modified) VALUES (13,0,'Comment','comment','<subject>',14,14,1052385685,1052385756);





CREATE TABLE ezcontentclass_attribute (
  id int(11) NOT NULL auto_increment,
  version int(11) NOT NULL default '0',
  contentclass_id int(11) NOT NULL default '0',
  identifier varchar(50) NOT NULL default '',
  name varchar(255) NOT NULL default '',
  data_type_string varchar(50) NOT NULL default '',
  is_searchable int(1) NOT NULL default '0',
  is_required int(1) NOT NULL default '0',
  placement int(11) NOT NULL default '0',
  data_int1 int(11) default NULL,
  data_int2 int(11) default NULL,
  data_int3 int(11) default NULL,
  data_int4 int(11) default NULL,
  data_float1 float default NULL,
  data_float2 float default NULL,
  data_float3 float default NULL,
  data_float4 float default NULL,
  data_text1 varchar(50) default NULL,
  data_text2 varchar(50) default NULL,
  data_text3 varchar(50) default NULL,
  data_text4 varchar(255) default NULL,
  data_text5 text,
  is_information_collector int(11) NOT NULL default '0',
  can_translate int(11) default '1',
  PRIMARY KEY  (id,version)
) TYPE=MyISAM;





INSERT INTO ezcontentclass_attribute (id, version, contentclass_id, identifier, name, data_type_string, is_searchable, is_required, placement, data_int1, data_int2, data_int3, data_int4, data_float1, data_float2, data_float3, data_float4, data_text1, data_text2, data_text3, data_text4, data_text5, is_information_collector, can_translate) VALUES (123,0,2,'enable_comments','Enable comments','ezboolean',0,0,5,0,0,0,0,0,0,0,0,'','','','',NULL,0,1);
INSERT INTO ezcontentclass_attribute (id, version, contentclass_id, identifier, name, data_type_string, is_searchable, is_required, placement, data_int1, data_int2, data_int3, data_int4, data_float1, data_float2, data_float3, data_float4, data_text1, data_text2, data_text3, data_text4, data_text5, is_information_collector, can_translate) VALUES (119,0,1,'description','Description','ezxmltext',1,0,2,10,0,0,0,0,0,0,0,'','','','',NULL,0,1);
INSERT INTO ezcontentclass_attribute (id, version, contentclass_id, identifier, name, data_type_string, is_searchable, is_required, placement, data_int1, data_int2, data_int3, data_int4, data_float1, data_float2, data_float3, data_float4, data_text1, data_text2, data_text3, data_text4, data_text5, is_information_collector, can_translate) VALUES (116,0,5,'name','Name','ezstring',1,1,1,150,0,0,0,0,0,0,0,'','','','',NULL,0,1);
INSERT INTO ezcontentclass_attribute (id, version, contentclass_id, identifier, name, data_type_string, is_searchable, is_required, placement, data_int1, data_int2, data_int3, data_int4, data_float1, data_float2, data_float3, data_float4, data_text1, data_text2, data_text3, data_text4, data_text5, is_information_collector, can_translate) VALUES (6,0,3,'name','Name','ezstring',1,1,1,255,0,0,0,0,0,0,0,'','','','',NULL,0,1);
INSERT INTO ezcontentclass_attribute (id, version, contentclass_id, identifier, name, data_type_string, is_searchable, is_required, placement, data_int1, data_int2, data_int3, data_int4, data_float1, data_float2, data_float3, data_float4, data_text1, data_text2, data_text3, data_text4, data_text5, is_information_collector, can_translate) VALUES (7,0,3,'description','Description','ezstring',1,0,2,255,0,0,0,0,0,0,0,'','','','',NULL,0,1);
INSERT INTO ezcontentclass_attribute (id, version, contentclass_id, identifier, name, data_type_string, is_searchable, is_required, placement, data_int1, data_int2, data_int3, data_int4, data_float1, data_float2, data_float3, data_float4, data_text1, data_text2, data_text3, data_text4, data_text5, is_information_collector, can_translate) VALUES (9,0,4,'last_name','Last name','ezstring',1,1,2,255,0,0,0,0,0,0,0,'','','','',NULL,0,1);
INSERT INTO ezcontentclass_attribute (id, version, contentclass_id, identifier, name, data_type_string, is_searchable, is_required, placement, data_int1, data_int2, data_int3, data_int4, data_float1, data_float2, data_float3, data_float4, data_text1, data_text2, data_text3, data_text4, data_text5, is_information_collector, can_translate) VALUES (12,0,4,'user_account','User account','ezuser',0,1,3,0,0,0,0,0,0,0,0,'','','','',NULL,0,1);
INSERT INTO ezcontentclass_attribute (id, version, contentclass_id, identifier, name, data_type_string, is_searchable, is_required, placement, data_int1, data_int2, data_int3, data_int4, data_float1, data_float2, data_float3, data_float4, data_text1, data_text2, data_text3, data_text4, data_text5, is_information_collector, can_translate) VALUES (118,0,5,'image','Image','ezimage',0,0,3,2,0,0,0,0,0,0,0,'','','','',NULL,0,1);
INSERT INTO ezcontentclass_attribute (id, version, contentclass_id, identifier, name, data_type_string, is_searchable, is_required, placement, data_int1, data_int2, data_int3, data_int4, data_float1, data_float2, data_float3, data_float4, data_text1, data_text2, data_text3, data_text4, data_text5, is_information_collector, can_translate) VALUES (4,0,1,'name','Name','ezstring',1,1,1,255,0,0,0,0,0,0,0,'Folder','','','',NULL,0,1);
INSERT INTO ezcontentclass_attribute (id, version, contentclass_id, identifier, name, data_type_string, is_searchable, is_required, placement, data_int1, data_int2, data_int3, data_int4, data_float1, data_float2, data_float3, data_float4, data_text1, data_text2, data_text3, data_text4, data_text5, is_information_collector, can_translate) VALUES (122,0,2,'thumbnail','Thumbnail','ezimage',0,0,4,2,0,0,0,0,0,0,0,'','','','',NULL,0,1);
INSERT INTO ezcontentclass_attribute (id, version, contentclass_id, identifier, name, data_type_string, is_searchable, is_required, placement, data_int1, data_int2, data_int3, data_int4, data_float1, data_float2, data_float3, data_float4, data_text1, data_text2, data_text3, data_text4, data_text5, is_information_collector, can_translate) VALUES (121,0,2,'body','Body','ezxmltext',1,0,3,20,0,0,0,0,0,0,0,'','','','',NULL,0,1);
INSERT INTO ezcontentclass_attribute (id, version, contentclass_id, identifier, name, data_type_string, is_searchable, is_required, placement, data_int1, data_int2, data_int3, data_int4, data_float1, data_float2, data_float3, data_float4, data_text1, data_text2, data_text3, data_text4, data_text5, is_information_collector, can_translate) VALUES (120,0,2,'intro','Intro','ezxmltext',1,1,2,10,0,0,0,0,0,0,0,'','','','',NULL,0,1);
INSERT INTO ezcontentclass_attribute (id, version, contentclass_id, identifier, name, data_type_string, is_searchable, is_required, placement, data_int1, data_int2, data_int3, data_int4, data_float1, data_float2, data_float3, data_float4, data_text1, data_text2, data_text3, data_text4, data_text5, is_information_collector, can_translate) VALUES (1,0,2,'title','Title','ezstring',1,1,1,255,0,0,0,0,0,0,0,'New article','','','',NULL,0,1);
INSERT INTO ezcontentclass_attribute (id, version, contentclass_id, identifier, name, data_type_string, is_searchable, is_required, placement, data_int1, data_int2, data_int3, data_int4, data_float1, data_float2, data_float3, data_float4, data_text1, data_text2, data_text3, data_text4, data_text5, is_information_collector, can_translate) VALUES (117,0,5,'caption','Caption','ezxmltext',1,0,2,10,0,0,0,0,0,0,0,'','','','',NULL,0,1);
INSERT INTO ezcontentclass_attribute (id, version, contentclass_id, identifier, name, data_type_string, is_searchable, is_required, placement, data_int1, data_int2, data_int3, data_int4, data_float1, data_float2, data_float3, data_float4, data_text1, data_text2, data_text3, data_text4, data_text5, is_information_collector, can_translate) VALUES (8,0,4,'first_name','First name','ezstring',1,1,1,255,0,0,0,0,0,0,0,'','','','',NULL,0,1);
INSERT INTO ezcontentclass_attribute (id, version, contentclass_id, identifier, name, data_type_string, is_searchable, is_required, placement, data_int1, data_int2, data_int3, data_int4, data_float1, data_float2, data_float3, data_float4, data_text1, data_text2, data_text3, data_text4, data_text5, is_information_collector, can_translate) VALUES (127,0,7,'topic','Topic','ezstring',1,1,1,150,0,0,0,0,0,0,0,'New topic','','','',NULL,0,1);
INSERT INTO ezcontentclass_attribute (id, version, contentclass_id, identifier, name, data_type_string, is_searchable, is_required, placement, data_int1, data_int2, data_int3, data_int4, data_float1, data_float2, data_float3, data_float4, data_text1, data_text2, data_text3, data_text4, data_text5, is_information_collector, can_translate) VALUES (128,0,7,'message','Message','eztext',1,1,2,10,0,0,0,0,0,0,0,'','','','',NULL,0,1);
INSERT INTO ezcontentclass_attribute (id, version, contentclass_id, identifier, name, data_type_string, is_searchable, is_required, placement, data_int1, data_int2, data_int3, data_int4, data_float1, data_float2, data_float3, data_float4, data_text1, data_text2, data_text3, data_text4, data_text5, is_information_collector, can_translate) VALUES (126,0,6,'description','Description','ezxmltext',1,0,3,15,0,0,0,0,0,0,0,'','','','',NULL,0,1);
INSERT INTO ezcontentclass_attribute (id, version, contentclass_id, identifier, name, data_type_string, is_searchable, is_required, placement, data_int1, data_int2, data_int3, data_int4, data_float1, data_float2, data_float3, data_float4, data_text1, data_text2, data_text3, data_text4, data_text5, is_information_collector, can_translate) VALUES (125,0,6,'icon','Icon','ezimage',0,0,2,1,0,0,0,0,0,0,0,'','','','',NULL,0,1);
INSERT INTO ezcontentclass_attribute (id, version, contentclass_id, identifier, name, data_type_string, is_searchable, is_required, placement, data_int1, data_int2, data_int3, data_int4, data_float1, data_float2, data_float3, data_float4, data_text1, data_text2, data_text3, data_text4, data_text5, is_information_collector, can_translate) VALUES (124,0,6,'name','Name','ezstring',1,1,1,150,0,0,0,0,0,0,0,'','','','',NULL,0,1);
INSERT INTO ezcontentclass_attribute (id, version, contentclass_id, identifier, name, data_type_string, is_searchable, is_required, placement, data_int1, data_int2, data_int3, data_int4, data_float1, data_float2, data_float3, data_float4, data_text1, data_text2, data_text3, data_text4, data_text5, is_information_collector, can_translate) VALUES (134,0,8,'photo','Photo','ezimage',0,0,6,1,0,0,0,0,0,0,0,'','','','',NULL,0,1);
INSERT INTO ezcontentclass_attribute (id, version, contentclass_id, identifier, name, data_type_string, is_searchable, is_required, placement, data_int1, data_int2, data_int3, data_int4, data_float1, data_float2, data_float3, data_float4, data_text1, data_text2, data_text3, data_text4, data_text5, is_information_collector, can_translate) VALUES (133,0,8,'price','Price','ezprice',0,1,5,1,0,0,0,1,0,0,0,'','','','',NULL,0,1);
INSERT INTO ezcontentclass_attribute (id, version, contentclass_id, identifier, name, data_type_string, is_searchable, is_required, placement, data_int1, data_int2, data_int3, data_int4, data_float1, data_float2, data_float3, data_float4, data_text1, data_text2, data_text3, data_text4, data_text5, is_information_collector, can_translate) VALUES (132,0,8,'description','Description','ezxmltext',1,0,4,10,0,0,0,0,0,0,0,'','','','',NULL,0,1);
INSERT INTO ezcontentclass_attribute (id, version, contentclass_id, identifier, name, data_type_string, is_searchable, is_required, placement, data_int1, data_int2, data_int3, data_int4, data_float1, data_float2, data_float3, data_float4, data_text1, data_text2, data_text3, data_text4, data_text5, is_information_collector, can_translate) VALUES (131,0,8,'intro','Intro','ezxmltext',1,0,3,10,0,0,0,0,0,0,0,'','','','',NULL,0,1);
INSERT INTO ezcontentclass_attribute (id, version, contentclass_id, identifier, name, data_type_string, is_searchable, is_required, placement, data_int1, data_int2, data_int3, data_int4, data_float1, data_float2, data_float3, data_float4, data_text1, data_text2, data_text3, data_text4, data_text5, is_information_collector, can_translate) VALUES (130,0,8,'product_nr','Product nr.','ezstring',1,0,2,40,0,0,0,0,0,0,0,'','','','',NULL,0,1);
INSERT INTO ezcontentclass_attribute (id, version, contentclass_id, identifier, name, data_type_string, is_searchable, is_required, placement, data_int1, data_int2, data_int3, data_int4, data_float1, data_float2, data_float3, data_float4, data_text1, data_text2, data_text3, data_text4, data_text5, is_information_collector, can_translate) VALUES (129,0,8,'title','Title','ezstring',1,1,1,100,0,0,0,0,0,0,0,'','','','',NULL,0,1);
INSERT INTO ezcontentclass_attribute (id, version, contentclass_id, identifier, name, data_type_string, is_searchable, is_required, placement, data_int1, data_int2, data_int3, data_int4, data_float1, data_float2, data_float3, data_float4, data_text1, data_text2, data_text3, data_text4, data_text5, is_information_collector, can_translate) VALUES (139,0,9,'review','Review','ezxmltext',1,0,5,10,0,0,0,0,0,0,0,'','','','',NULL,0,1);
INSERT INTO ezcontentclass_attribute (id, version, contentclass_id, identifier, name, data_type_string, is_searchable, is_required, placement, data_int1, data_int2, data_int3, data_int4, data_float1, data_float2, data_float3, data_float4, data_text1, data_text2, data_text3, data_text4, data_text5, is_information_collector, can_translate) VALUES (138,0,9,'geography','Town, Country','ezstring',1,1,4,0,0,0,0,0,0,0,0,'','','','',NULL,0,1);
INSERT INTO ezcontentclass_attribute (id, version, contentclass_id, identifier, name, data_type_string, is_searchable, is_required, placement, data_int1, data_int2, data_int3, data_int4, data_float1, data_float2, data_float3, data_float4, data_text1, data_text2, data_text3, data_text4, data_text5, is_information_collector, can_translate) VALUES (137,0,9,'reviewer_name','Reviewer Name','ezstring',1,1,3,0,0,0,0,0,0,0,0,'','','','',NULL,0,1);
INSERT INTO ezcontentclass_attribute (id, version, contentclass_id, identifier, name, data_type_string, is_searchable, is_required, placement, data_int1, data_int2, data_int3, data_int4, data_float1, data_float2, data_float3, data_float4, data_text1, data_text2, data_text3, data_text4, data_text5, is_information_collector, can_translate) VALUES (136,0,9,'rating','Rating','ezenum',1,0,2,0,0,0,0,0,0,0,0,'','','','',NULL,0,1);
INSERT INTO ezcontentclass_attribute (id, version, contentclass_id, identifier, name, data_type_string, is_searchable, is_required, placement, data_int1, data_int2, data_int3, data_int4, data_float1, data_float2, data_float3, data_float4, data_text1, data_text2, data_text3, data_text4, data_text5, is_information_collector, can_translate) VALUES (135,0,9,'title','Title','ezstring',1,1,1,50,0,0,0,0,0,0,0,'','','','',NULL,0,1);
INSERT INTO ezcontentclass_attribute (id, version, contentclass_id, identifier, name, data_type_string, is_searchable, is_required, placement, data_int1, data_int2, data_int3, data_int4, data_float1, data_float2, data_float3, data_float4, data_text1, data_text2, data_text3, data_text4, data_text5, is_information_collector, can_translate) VALUES (142,0,10,'image','Image','ezimage',0,0,3,1,0,0,0,0,0,0,0,'','','','',NULL,0,1);
INSERT INTO ezcontentclass_attribute (id, version, contentclass_id, identifier, name, data_type_string, is_searchable, is_required, placement, data_int1, data_int2, data_int3, data_int4, data_float1, data_float2, data_float3, data_float4, data_text1, data_text2, data_text3, data_text4, data_text5, is_information_collector, can_translate) VALUES (141,0,10,'body','Body','ezxmltext',1,0,2,20,0,0,0,0,0,0,0,'','','','',NULL,0,1);
INSERT INTO ezcontentclass_attribute (id, version, contentclass_id, identifier, name, data_type_string, is_searchable, is_required, placement, data_int1, data_int2, data_int3, data_int4, data_float1, data_float2, data_float3, data_float4, data_text1, data_text2, data_text3, data_text4, data_text5, is_information_collector, can_translate) VALUES (140,0,10,'name','Name','ezstring',1,1,1,100,0,0,0,0,0,0,0,'','','','',NULL,0,1);
INSERT INTO ezcontentclass_attribute (id, version, contentclass_id, identifier, name, data_type_string, is_searchable, is_required, placement, data_int1, data_int2, data_int3, data_int4, data_float1, data_float2, data_float3, data_float4, data_text1, data_text2, data_text3, data_text4, data_text5, is_information_collector, can_translate) VALUES (146,0,12,'name','Name','ezstring',1,1,1,0,0,0,0,0,0,0,0,'New file','','','',NULL,0,1);
INSERT INTO ezcontentclass_attribute (id, version, contentclass_id, identifier, name, data_type_string, is_searchable, is_required, placement, data_int1, data_int2, data_int3, data_int4, data_float1, data_float2, data_float3, data_float4, data_text1, data_text2, data_text3, data_text4, data_text5, is_information_collector, can_translate) VALUES (148,0,12,'file','File','ezbinaryfile',0,1,3,0,0,0,0,0,0,0,0,'','','','',NULL,0,1);
INSERT INTO ezcontentclass_attribute (id, version, contentclass_id, identifier, name, data_type_string, is_searchable, is_required, placement, data_int1, data_int2, data_int3, data_int4, data_float1, data_float2, data_float3, data_float4, data_text1, data_text2, data_text3, data_text4, data_text5, is_information_collector, can_translate) VALUES (147,0,12,'description','Description','ezxmltext',1,0,2,10,0,0,0,0,0,0,0,'','','','',NULL,0,1);
INSERT INTO ezcontentclass_attribute (id, version, contentclass_id, identifier, name, data_type_string, is_searchable, is_required, placement, data_int1, data_int2, data_int3, data_int4, data_float1, data_float2, data_float3, data_float4, data_text1, data_text2, data_text3, data_text4, data_text5, is_information_collector, can_translate) VALUES (145,0,11,'link','Link','ezurl',0,0,3,0,0,0,0,0,0,0,0,'','','','',NULL,0,1);
INSERT INTO ezcontentclass_attribute (id, version, contentclass_id, identifier, name, data_type_string, is_searchable, is_required, placement, data_int1, data_int2, data_int3, data_int4, data_float1, data_float2, data_float3, data_float4, data_text1, data_text2, data_text3, data_text4, data_text5, is_information_collector, can_translate) VALUES (144,0,11,'description','Description','ezxmltext',1,0,2,10,0,0,0,0,0,0,0,'','','','',NULL,0,1);
INSERT INTO ezcontentclass_attribute (id, version, contentclass_id, identifier, name, data_type_string, is_searchable, is_required, placement, data_int1, data_int2, data_int3, data_int4, data_float1, data_float2, data_float3, data_float4, data_text1, data_text2, data_text3, data_text4, data_text5, is_information_collector, can_translate) VALUES (143,0,11,'title','Title','ezstring',1,1,1,100,0,0,0,0,0,0,0,'','','','',NULL,0,1);
INSERT INTO ezcontentclass_attribute (id, version, contentclass_id, identifier, name, data_type_string, is_searchable, is_required, placement, data_int1, data_int2, data_int3, data_int4, data_float1, data_float2, data_float3, data_float4, data_text1, data_text2, data_text3, data_text4, data_text5, is_information_collector, can_translate) VALUES (151,0,13,'message','Message','eztext',1,1,3,10,0,0,0,0,0,0,0,'','','','',NULL,0,1);
INSERT INTO ezcontentclass_attribute (id, version, contentclass_id, identifier, name, data_type_string, is_searchable, is_required, placement, data_int1, data_int2, data_int3, data_int4, data_float1, data_float2, data_float3, data_float4, data_text1, data_text2, data_text3, data_text4, data_text5, is_information_collector, can_translate) VALUES (150,0,13,'author','Author','ezstring',1,1,2,0,0,0,0,0,0,0,0,'','','','',NULL,0,1);
INSERT INTO ezcontentclass_attribute (id, version, contentclass_id, identifier, name, data_type_string, is_searchable, is_required, placement, data_int1, data_int2, data_int3, data_int4, data_float1, data_float2, data_float3, data_float4, data_text1, data_text2, data_text3, data_text4, data_text5, is_information_collector, can_translate) VALUES (149,0,13,'subject','Subject','ezstring',1,1,1,40,0,0,0,0,0,0,0,'','','','',NULL,0,1);





CREATE TABLE ezcontentclass_classgroup (
  contentclass_id int(11) NOT NULL default '0',
  contentclass_version int(11) NOT NULL default '0',
  group_id int(11) NOT NULL default '0',
  group_name varchar(255) default NULL,
  PRIMARY KEY  (contentclass_id,contentclass_version,group_id)
) TYPE=MyISAM;





INSERT INTO ezcontentclass_classgroup (contentclass_id, contentclass_version, group_id, group_name) VALUES (1,0,1,'Content');
INSERT INTO ezcontentclass_classgroup (contentclass_id, contentclass_version, group_id, group_name) VALUES (2,0,1,'Content');
INSERT INTO ezcontentclass_classgroup (contentclass_id, contentclass_version, group_id, group_name) VALUES (4,0,2,'Content');
INSERT INTO ezcontentclass_classgroup (contentclass_id, contentclass_version, group_id, group_name) VALUES (5,0,3,'Media');
INSERT INTO ezcontentclass_classgroup (contentclass_id, contentclass_version, group_id, group_name) VALUES (3,0,2,'');
INSERT INTO ezcontentclass_classgroup (contentclass_id, contentclass_version, group_id, group_name) VALUES (6,0,1,'Content');
INSERT INTO ezcontentclass_classgroup (contentclass_id, contentclass_version, group_id, group_name) VALUES (7,0,1,'Content');
INSERT INTO ezcontentclass_classgroup (contentclass_id, contentclass_version, group_id, group_name) VALUES (8,0,1,'Content');
INSERT INTO ezcontentclass_classgroup (contentclass_id, contentclass_version, group_id, group_name) VALUES (9,0,1,'Content');
INSERT INTO ezcontentclass_classgroup (contentclass_id, contentclass_version, group_id, group_name) VALUES (10,0,1,'Content');
INSERT INTO ezcontentclass_classgroup (contentclass_id, contentclass_version, group_id, group_name) VALUES (11,0,1,'Content');
INSERT INTO ezcontentclass_classgroup (contentclass_id, contentclass_version, group_id, group_name) VALUES (12,0,3,'Media');
INSERT INTO ezcontentclass_classgroup (contentclass_id, contentclass_version, group_id, group_name) VALUES (13,0,1,'Content');





CREATE TABLE ezcontentclassgroup (
  id int(11) NOT NULL auto_increment,
  name varchar(255) default NULL,
  creator_id int(11) NOT NULL default '0',
  modifier_id int(11) NOT NULL default '0',
  created int(11) NOT NULL default '0',
  modified int(11) NOT NULL default '0',
  PRIMARY KEY  (id)
) TYPE=MyISAM;





INSERT INTO ezcontentclassgroup (id, name, creator_id, modifier_id, created, modified) VALUES (1,'Content',1,14,1031216928,1033922106);
INSERT INTO ezcontentclassgroup (id, name, creator_id, modifier_id, created, modified) VALUES (2,'Users',1,14,1031216941,1033922113);
INSERT INTO ezcontentclassgroup (id, name, creator_id, modifier_id, created, modified) VALUES (3,'Media',8,14,1032009743,1033922120);





CREATE TABLE ezcontentobject (
  id int(11) NOT NULL auto_increment,
  owner_id int(11) NOT NULL default '0',
  section_id int(11) NOT NULL default '0',
  contentclass_id int(11) NOT NULL default '0',
  name varchar(255) default NULL,
  current_version int(11) default NULL,
  is_published int(11) default NULL,
  published int(11) NOT NULL default '0',
  modified int(11) NOT NULL default '0',
  status int(11) default '0',
  remote_id varchar(100) default NULL,
  PRIMARY KEY  (id)
) TYPE=MyISAM;





INSERT INTO ezcontentobject (id, owner_id, section_id, contentclass_id, name, current_version, is_published, published, modified, status, remote_id) VALUES (1,14,1,1,'Root folder',1,0,1033917596,1033917596,1,NULL);
INSERT INTO ezcontentobject (id, owner_id, section_id, contentclass_id, name, current_version, is_published, published, modified, status, remote_id) VALUES (4,14,2,3,'Users',1,0,1033917596,1033917596,1,NULL);
INSERT INTO ezcontentobject (id, owner_id, section_id, contentclass_id, name, current_version, is_published, published, modified, status, remote_id) VALUES (10,14,2,4,'Anonymous User',1,0,1033920665,1033920665,1,NULL);
INSERT INTO ezcontentobject (id, owner_id, section_id, contentclass_id, name, current_version, is_published, published, modified, status, remote_id) VALUES (11,14,2,3,'Guest accounts',1,0,1033920746,1033920746,1,NULL);
INSERT INTO ezcontentobject (id, owner_id, section_id, contentclass_id, name, current_version, is_published, published, modified, status, remote_id) VALUES (12,14,2,3,'Administrator users',1,0,1033920775,1033920775,1,NULL);
INSERT INTO ezcontentobject (id, owner_id, section_id, contentclass_id, name, current_version, is_published, published, modified, status, remote_id) VALUES (13,14,2,3,'Editors',1,0,1033920794,1033920794,1,NULL);
INSERT INTO ezcontentobject (id, owner_id, section_id, contentclass_id, name, current_version, is_published, published, modified, status, remote_id) VALUES (14,14,2,4,'Administrator User',1,0,1033920830,1033920830,1,NULL);
INSERT INTO ezcontentobject (id, owner_id, section_id, contentclass_id, name, current_version, is_published, published, modified, status, remote_id) VALUES (40,14,2,4,'test test',1,0,1053613020,1053613020,1,'');
INSERT INTO ezcontentobject (id, owner_id, section_id, contentclass_id, name, current_version, is_published, published, modified, status, remote_id) VALUES (41,14,3,1,'Media',1,0,1060695457,1060695457,1,'');
INSERT INTO ezcontentobject (id, owner_id, section_id, contentclass_id, name, current_version, is_published, published, modified, status, remote_id) VALUES (42,14,1,1,'Forums',1,0,1061228708,1061228708,1,'');
INSERT INTO ezcontentobject (id, owner_id, section_id, contentclass_id, name, current_version, is_published, published, modified, status, remote_id) VALUES (43,14,1,1,'New Folder',1,0,0,0,0,'');
INSERT INTO ezcontentobject (id, owner_id, section_id, contentclass_id, name, current_version, is_published, published, modified, status, remote_id) VALUES (44,14,1,1,'Links',1,0,1061228736,1061228736,1,'');
INSERT INTO ezcontentobject (id, owner_id, section_id, contentclass_id, name, current_version, is_published, published, modified, status, remote_id) VALUES (45,14,1,6,'Sports',1,0,1061228996,1061228996,1,'');
INSERT INTO ezcontentobject (id, owner_id, section_id, contentclass_id, name, current_version, is_published, published, modified, status, remote_id) VALUES (46,14,1,6,'Music',1,0,1061229040,1061229040,1,'');
INSERT INTO ezcontentobject (id, owner_id, section_id, contentclass_id, name, current_version, is_published, published, modified, status, remote_id) VALUES (47,14,1,7,'First post!',1,0,1061229362,1061229362,1,'');
INSERT INTO ezcontentobject (id, owner_id, section_id, contentclass_id, name, current_version, is_published, published, modified, status, remote_id) VALUES (48,14,1,6,'Internet',1,0,1061229467,1061229467,1,'');
INSERT INTO ezcontentobject (id, owner_id, section_id, contentclass_id, name, current_version, is_published, published, modified, status, remote_id) VALUES (49,14,1,7,'Pink Floyd?',1,0,1061229500,1061229500,1,'');
INSERT INTO ezcontentobject (id, owner_id, section_id, contentclass_id, name, current_version, is_published, published, modified, status, remote_id) VALUES (50,14,1,7,'Where is the internet?',1,0,1061229528,1061229528,1,'');
INSERT INTO ezcontentobject (id, owner_id, section_id, contentclass_id, name, current_version, is_published, published, modified, status, remote_id) VALUES (51,14,1,11,'eZ publish',1,0,1061229625,1061229625,1,'');
INSERT INTO ezcontentobject (id, owner_id, section_id, contentclass_id, name, current_version, is_published, published, modified, status, remote_id) VALUES (52,14,1,10,'About my forum',1,0,1061229739,1061229739,1,'');





CREATE TABLE ezcontentobject_attribute (
  id int(11) NOT NULL auto_increment,
  language_code varchar(20) NOT NULL default '',
  version int(11) NOT NULL default '0',
  contentobject_id int(11) NOT NULL default '0',
  contentclassattribute_id int(11) NOT NULL default '0',
  data_text text,
  data_int int(11) default NULL,
  data_float float default NULL,
  attribute_original_id int(11) default '0',
  sort_key_int int(11) NOT NULL default '0',
  sort_key_string varchar(50) NOT NULL default '',
  PRIMARY KEY  (id,version),
  KEY ezcontentobject_attribute_contentobject_id (contentobject_id),
  KEY ezcontentobject_attribute_language_code (language_code),
  KEY sort_key_int (sort_key_int),
  KEY sort_key_string (sort_key_string),
  KEY ezcontentobject_attribute_co_id_ver_lang_code (contentobject_id,version,language_code)
) TYPE=MyISAM;





INSERT INTO ezcontentobject_attribute (id, language_code, version, contentobject_id, contentclassattribute_id, data_text, data_int, data_float, attribute_original_id, sort_key_int, sort_key_string) VALUES (1,'eng-GB',1,1,4,'Root folder',NULL,NULL,0,0,'');
INSERT INTO ezcontentobject_attribute (id, language_code, version, contentobject_id, contentclassattribute_id, data_text, data_int, data_float, attribute_original_id, sort_key_int, sort_key_string) VALUES (2,'eng-GB',1,1,119,'<?xml version=\"1.0\"><section><paragraph>This folder contains some information about...</paragraph></section>',NULL,NULL,0,0,'');
INSERT INTO ezcontentobject_attribute (id, language_code, version, contentobject_id, contentclassattribute_id, data_text, data_int, data_float, attribute_original_id, sort_key_int, sort_key_string) VALUES (7,'eng-GB',1,4,7,'Main group',NULL,NULL,0,0,'');
INSERT INTO ezcontentobject_attribute (id, language_code, version, contentobject_id, contentclassattribute_id, data_text, data_int, data_float, attribute_original_id, sort_key_int, sort_key_string) VALUES (8,'eng-GB',1,4,6,'Users',NULL,NULL,0,0,'');
INSERT INTO ezcontentobject_attribute (id, language_code, version, contentobject_id, contentclassattribute_id, data_text, data_int, data_float, attribute_original_id, sort_key_int, sort_key_string) VALUES (21,'eng-GB',1,10,12,'',0,0,0,0,'');
INSERT INTO ezcontentobject_attribute (id, language_code, version, contentobject_id, contentclassattribute_id, data_text, data_int, data_float, attribute_original_id, sort_key_int, sort_key_string) VALUES (22,'eng-GB',1,11,6,'Guest accounts',0,0,0,0,'');
INSERT INTO ezcontentobject_attribute (id, language_code, version, contentobject_id, contentclassattribute_id, data_text, data_int, data_float, attribute_original_id, sort_key_int, sort_key_string) VALUES (19,'eng-GB',1,10,8,'Anonymous',0,0,0,0,'');
INSERT INTO ezcontentobject_attribute (id, language_code, version, contentobject_id, contentclassattribute_id, data_text, data_int, data_float, attribute_original_id, sort_key_int, sort_key_string) VALUES (20,'eng-GB',1,10,9,'User',0,0,0,0,'');
INSERT INTO ezcontentobject_attribute (id, language_code, version, contentobject_id, contentclassattribute_id, data_text, data_int, data_float, attribute_original_id, sort_key_int, sort_key_string) VALUES (23,'eng-GB',1,11,7,'',0,0,0,0,'');
INSERT INTO ezcontentobject_attribute (id, language_code, version, contentobject_id, contentclassattribute_id, data_text, data_int, data_float, attribute_original_id, sort_key_int, sort_key_string) VALUES (24,'eng-GB',1,12,6,'Administrator users',0,0,0,0,'');
INSERT INTO ezcontentobject_attribute (id, language_code, version, contentobject_id, contentclassattribute_id, data_text, data_int, data_float, attribute_original_id, sort_key_int, sort_key_string) VALUES (25,'eng-GB',1,12,7,'',0,0,0,0,'');
INSERT INTO ezcontentobject_attribute (id, language_code, version, contentobject_id, contentclassattribute_id, data_text, data_int, data_float, attribute_original_id, sort_key_int, sort_key_string) VALUES (26,'eng-GB',1,13,6,'Editors',0,0,0,0,'');
INSERT INTO ezcontentobject_attribute (id, language_code, version, contentobject_id, contentclassattribute_id, data_text, data_int, data_float, attribute_original_id, sort_key_int, sort_key_string) VALUES (27,'eng-GB',1,13,7,'',0,0,0,0,'');
INSERT INTO ezcontentobject_attribute (id, language_code, version, contentobject_id, contentclassattribute_id, data_text, data_int, data_float, attribute_original_id, sort_key_int, sort_key_string) VALUES (28,'eng-GB',1,14,8,'Administrator',0,0,0,0,'');
INSERT INTO ezcontentobject_attribute (id, language_code, version, contentobject_id, contentclassattribute_id, data_text, data_int, data_float, attribute_original_id, sort_key_int, sort_key_string) VALUES (29,'eng-GB',1,14,9,'User',0,0,0,0,'');
INSERT INTO ezcontentobject_attribute (id, language_code, version, contentobject_id, contentclassattribute_id, data_text, data_int, data_float, attribute_original_id, sort_key_int, sort_key_string) VALUES (30,'eng-GB',1,14,12,'',0,0,0,0,'');
INSERT INTO ezcontentobject_attribute (id, language_code, version, contentobject_id, contentclassattribute_id, data_text, data_int, data_float, attribute_original_id, sort_key_int, sort_key_string) VALUES (95,'eng-GB',1,40,8,'test',0,0,0,0,'');
INSERT INTO ezcontentobject_attribute (id, language_code, version, contentobject_id, contentclassattribute_id, data_text, data_int, data_float, attribute_original_id, sort_key_int, sort_key_string) VALUES (96,'eng-GB',1,40,9,'test',0,0,0,0,'');
INSERT INTO ezcontentobject_attribute (id, language_code, version, contentobject_id, contentclassattribute_id, data_text, data_int, data_float, attribute_original_id, sort_key_int, sort_key_string) VALUES (97,'eng-GB',1,40,12,'',0,0,0,0,'');
INSERT INTO ezcontentobject_attribute (id, language_code, version, contentobject_id, contentclassattribute_id, data_text, data_int, data_float, attribute_original_id, sort_key_int, sort_key_string) VALUES (98,'eng-GB',1,41,4,'Media',0,0,0,0,'');
INSERT INTO ezcontentobject_attribute (id, language_code, version, contentobject_id, contentclassattribute_id, data_text, data_int, data_float, attribute_original_id, sort_key_int, sort_key_string) VALUES (99,'eng-GB',1,41,119,'<?xml version=\"1.0\" encoding=\"iso-8859-1\"?>\n<section xmlns:image=\"http://ez.no/namespaces/ezpublish3/image/\"\n         xmlns:xhtml=\"http://ez.no/namespaces/ezpublish3/xhtml/\"\n         xmlns:custom=\"http://ez.no/namespaces/ezpublish3/custom/\" />',1045487555,0,0,0,'');
INSERT INTO ezcontentobject_attribute (id, language_code, version, contentobject_id, contentclassattribute_id, data_text, data_int, data_float, attribute_original_id, sort_key_int, sort_key_string) VALUES (100,'eng-GB',1,42,4,'Forums',0,0,0,0,'0');
INSERT INTO ezcontentobject_attribute (id, language_code, version, contentobject_id, contentclassattribute_id, data_text, data_int, data_float, attribute_original_id, sort_key_int, sort_key_string) VALUES (101,'eng-GB',1,42,119,'<?xml version=\"1.0\" encoding=\"iso-8859-1\"?>\n<section xmlns:image=\"http://ez.no/namespaces/ezpublish3/image/\"\n         xmlns:xhtml=\"http://ez.no/namespaces/ezpublish3/xhtml/\"\n         xmlns:custom=\"http://ez.no/namespaces/ezpublish3/custom/\">\n  <paragraph>Discussion forums</paragraph>\n</section>',1045487555,0,0,0,'0');
INSERT INTO ezcontentobject_attribute (id, language_code, version, contentobject_id, contentclassattribute_id, data_text, data_int, data_float, attribute_original_id, sort_key_int, sort_key_string) VALUES (102,'eng-GB',1,43,4,'Folder',0,0,0,0,'0');
INSERT INTO ezcontentobject_attribute (id, language_code, version, contentobject_id, contentclassattribute_id, data_text, data_int, data_float, attribute_original_id, sort_key_int, sort_key_string) VALUES (103,'eng-GB',1,43,119,'',1045487555,0,0,0,'0');
INSERT INTO ezcontentobject_attribute (id, language_code, version, contentobject_id, contentclassattribute_id, data_text, data_int, data_float, attribute_original_id, sort_key_int, sort_key_string) VALUES (104,'eng-GB',1,44,4,'Links',0,0,0,0,'0');
INSERT INTO ezcontentobject_attribute (id, language_code, version, contentobject_id, contentclassattribute_id, data_text, data_int, data_float, attribute_original_id, sort_key_int, sort_key_string) VALUES (105,'eng-GB',1,44,119,'<?xml version=\"1.0\" encoding=\"iso-8859-1\"?>\n<section xmlns:image=\"http://ez.no/namespaces/ezpublish3/image/\"\n         xmlns:xhtml=\"http://ez.no/namespaces/ezpublish3/xhtml/\"\n         xmlns:custom=\"http://ez.no/namespaces/ezpublish3/custom/\" />',1045487555,0,0,0,'0');
INSERT INTO ezcontentobject_attribute (id, language_code, version, contentobject_id, contentclassattribute_id, data_text, data_int, data_float, attribute_original_id, sort_key_int, sort_key_string) VALUES (106,'eng-GB',1,45,124,'Sports',0,0,0,0,'0');
INSERT INTO ezcontentobject_attribute (id, language_code, version, contentobject_id, contentclassattribute_id, data_text, data_int, data_float, attribute_original_id, sort_key_int, sort_key_string) VALUES (107,'eng-GB',1,45,125,'',0,0,0,0,'0');
INSERT INTO ezcontentobject_attribute (id, language_code, version, contentobject_id, contentclassattribute_id, data_text, data_int, data_float, attribute_original_id, sort_key_int, sort_key_string) VALUES (108,'eng-GB',1,45,126,'<?xml version=\"1.0\" encoding=\"iso-8859-1\"?>\n<section xmlns:image=\"http://ez.no/namespaces/ezpublish3/image/\"\n         xmlns:xhtml=\"http://ez.no/namespaces/ezpublish3/xhtml/\"\n         xmlns:custom=\"http://ez.no/namespaces/ezpublish3/custom/\">\n  <paragraph>Discussion about sports.</paragraph>\n</section>',1045487555,0,0,0,'0');
INSERT INTO ezcontentobject_attribute (id, language_code, version, contentobject_id, contentclassattribute_id, data_text, data_int, data_float, attribute_original_id, sort_key_int, sort_key_string) VALUES (109,'eng-GB',1,46,124,'Music',0,0,0,0,'0');
INSERT INTO ezcontentobject_attribute (id, language_code, version, contentobject_id, contentclassattribute_id, data_text, data_int, data_float, attribute_original_id, sort_key_int, sort_key_string) VALUES (110,'eng-GB',1,46,125,'',0,0,0,0,'0');
INSERT INTO ezcontentobject_attribute (id, language_code, version, contentobject_id, contentclassattribute_id, data_text, data_int, data_float, attribute_original_id, sort_key_int, sort_key_string) VALUES (111,'eng-GB',1,46,126,'<?xml version=\"1.0\" encoding=\"iso-8859-1\"?>\n<section xmlns:image=\"http://ez.no/namespaces/ezpublish3/image/\"\n         xmlns:xhtml=\"http://ez.no/namespaces/ezpublish3/xhtml/\"\n         xmlns:custom=\"http://ez.no/namespaces/ezpublish3/custom/\">\n  <paragraph>Discussion about music.</paragraph>\n</section>',1045487555,0,0,0,'0');
INSERT INTO ezcontentobject_attribute (id, language_code, version, contentobject_id, contentclassattribute_id, data_text, data_int, data_float, attribute_original_id, sort_key_int, sort_key_string) VALUES (112,'eng-GB',1,47,127,'First post!',0,0,0,0,'0');
INSERT INTO ezcontentobject_attribute (id, language_code, version, contentobject_id, contentclassattribute_id, data_text, data_int, data_float, attribute_original_id, sort_key_int, sort_key_string) VALUES (113,'eng-GB',1,47,128,'I was the first to post here.\n\n-foo',0,0,0,0,'0');
INSERT INTO ezcontentobject_attribute (id, language_code, version, contentobject_id, contentclassattribute_id, data_text, data_int, data_float, attribute_original_id, sort_key_int, sort_key_string) VALUES (114,'eng-GB',1,48,124,'Internet',0,0,0,0,'0');
INSERT INTO ezcontentobject_attribute (id, language_code, version, contentobject_id, contentclassattribute_id, data_text, data_int, data_float, attribute_original_id, sort_key_int, sort_key_string) VALUES (115,'eng-GB',1,48,125,'',0,0,0,0,'0');
INSERT INTO ezcontentobject_attribute (id, language_code, version, contentobject_id, contentclassattribute_id, data_text, data_int, data_float, attribute_original_id, sort_key_int, sort_key_string) VALUES (116,'eng-GB',1,48,126,'<?xml version=\"1.0\" encoding=\"iso-8859-1\"?>\n<section xmlns:image=\"http://ez.no/namespaces/ezpublish3/image/\"\n         xmlns:xhtml=\"http://ez.no/namespaces/ezpublish3/xhtml/\"\n         xmlns:custom=\"http://ez.no/namespaces/ezpublish3/custom/\">\n  <paragraph>Discussion about the Internet.</paragraph>\n</section>',1045487555,0,0,0,'0');
INSERT INTO ezcontentobject_attribute (id, language_code, version, contentobject_id, contentclassattribute_id, data_text, data_int, data_float, attribute_original_id, sort_key_int, sort_key_string) VALUES (117,'eng-GB',1,49,127,'Pink Floyd?',0,0,0,0,'0');
INSERT INTO ezcontentobject_attribute (id, language_code, version, contentobject_id, contentclassattribute_id, data_text, data_int, data_float, attribute_original_id, sort_key_int, sort_key_string) VALUES (118,'eng-GB',1,49,128,'Is that typical britpop?',0,0,0,0,'0');
INSERT INTO ezcontentobject_attribute (id, language_code, version, contentobject_id, contentclassattribute_id, data_text, data_int, data_float, attribute_original_id, sort_key_int, sort_key_string) VALUES (119,'eng-GB',1,50,127,'Where is the internet?',0,0,0,0,'0');
INSERT INTO ezcontentobject_attribute (id, language_code, version, contentobject_id, contentclassattribute_id, data_text, data_int, data_float, attribute_original_id, sort_key_int, sort_key_string) VALUES (120,'eng-GB',1,50,128,'I\'ve never seen it before...',0,0,0,0,'0');
INSERT INTO ezcontentobject_attribute (id, language_code, version, contentobject_id, contentclassattribute_id, data_text, data_int, data_float, attribute_original_id, sort_key_int, sort_key_string) VALUES (121,'eng-GB',1,51,143,'eZ publish',0,0,0,0,'0');
INSERT INTO ezcontentobject_attribute (id, language_code, version, contentobject_id, contentclassattribute_id, data_text, data_int, data_float, attribute_original_id, sort_key_int, sort_key_string) VALUES (122,'eng-GB',1,51,144,'<?xml version=\"1.0\" encoding=\"iso-8859-1\"?>\n<section xmlns:image=\"http://ez.no/namespaces/ezpublish3/image/\"\n         xmlns:xhtml=\"http://ez.no/namespaces/ezpublish3/xhtml/\"\n         xmlns:custom=\"http://ez.no/namespaces/ezpublish3/custom/\">\n  <paragraph>Open Source Content Management System and Development Framework. Aka OSCMSDF.</paragraph>\n</section>',1045487555,0,0,0,'0');
INSERT INTO ezcontentobject_attribute (id, language_code, version, contentobject_id, contentclassattribute_id, data_text, data_int, data_float, attribute_original_id, sort_key_int, sort_key_string) VALUES (123,'eng-GB',1,51,145,'ez.no',2,0,0,0,'0');
INSERT INTO ezcontentobject_attribute (id, language_code, version, contentobject_id, contentclassattribute_id, data_text, data_int, data_float, attribute_original_id, sort_key_int, sort_key_string) VALUES (124,'eng-GB',1,52,140,'About my forum',0,0,0,0,'0');
INSERT INTO ezcontentobject_attribute (id, language_code, version, contentobject_id, contentclassattribute_id, data_text, data_int, data_float, attribute_original_id, sort_key_int, sort_key_string) VALUES (125,'eng-GB',1,52,141,'<?xml version=\"1.0\" encoding=\"iso-8859-1\"?>\n<section xmlns:image=\"http://ez.no/namespaces/ezpublish3/image/\"\n         xmlns:xhtml=\"http://ez.no/namespaces/ezpublish3/xhtml/\"\n         xmlns:custom=\"http://ez.no/namespaces/ezpublish3/custom/\">\n  <section>\n    <header>Proin consectetuer lacus</header>\n    <paragraph>\n      <line>Proin consectetuer lacus nec neque. Vivamus volutpat elit id purus. Nulla varius dictum est. Maecenas sapien pede, mattis mattis, mollis in, pulvinar a, mi. Vestibulum ante ipsum primis in faucibus orci luctus et ultrices posuere cubilia Curae; Phasellus arcu. Vestibulum justo. Sed rhoncus. Suspendisse quis turpis nec turpis pretium scelerisque. Fusce dignissim, metus ut vestibulum rutrum, risus purus scelerisque est, eu venenatis velit magna ac quam. Morbi non risus ut arcu eleifend consequat. Ut est augue, malesuada vitae, porttitor pellentesque, egestas vitae, nunc. Curabitur feugiat. Ut sit amet dui. Etiam fermentum. Nulla ornare magna non urna. Cras pulvinar imperdiet turpis.</line>\n      <line> Phasellus eu felis non diam faucibus viverra. Pellentesque sit amet mi. Cras euismod leo vel libero. Sed vel sapien. Mauris aliquam enim ac ante. Nam vestibulum, metus et blandit vulputate, arcu arcu scelerisque ante, at dapibus ipsum turpis vitae felis. Sed aliquet tempus ipsum. Sed facilisis arcu in nulla. Maecenas et orci. Morbi ornare massa. Sed dui metus, scelerisque sed, vestibulum non, dictum a, purus. Proin dignissim semper odio.</line>\n    </paragraph>\n    <paragraph>\n      <ul>\n        <li>Phasellus</li>\n        <li>Dictum</li>\n        <li>Dignissim</li>\n      </ul>\n    </paragraph>\n  </section>\n</section>',1045487555,0,0,0,'0');
INSERT INTO ezcontentobject_attribute (id, language_code, version, contentobject_id, contentclassattribute_id, data_text, data_int, data_float, attribute_original_id, sort_key_int, sort_key_string) VALUES (126,'eng-GB',1,52,142,'',0,0,0,0,'0');





CREATE TABLE ezcontentobject_link (
  id int(11) NOT NULL auto_increment,
  from_contentobject_id int(11) NOT NULL default '0',
  from_contentobject_version int(11) NOT NULL default '0',
  to_contentobject_id int(11) NOT NULL default '0',
  PRIMARY KEY  (id)
) TYPE=MyISAM;










CREATE TABLE ezcontentobject_name (
  contentobject_id int(11) NOT NULL default '0',
  name varchar(255) default NULL,
  content_version int(11) NOT NULL default '0',
  content_translation varchar(20) NOT NULL default '',
  real_translation varchar(20) default NULL,
  PRIMARY KEY  (contentobject_id,content_version,content_translation)
) TYPE=MyISAM;





INSERT INTO ezcontentobject_name (contentobject_id, name, content_version, content_translation, real_translation) VALUES (1,'Root folder',1,'eng-GB','eng-GB');
INSERT INTO ezcontentobject_name (contentobject_id, name, content_version, content_translation, real_translation) VALUES (4,'Users',1,'eng-GB','eng-GB');
INSERT INTO ezcontentobject_name (contentobject_id, name, content_version, content_translation, real_translation) VALUES (10,'Anonymous User',1,'eng-GB','eng-GB');
INSERT INTO ezcontentobject_name (contentobject_id, name, content_version, content_translation, real_translation) VALUES (11,'Guest accounts',1,'eng-GB','eng-GB');
INSERT INTO ezcontentobject_name (contentobject_id, name, content_version, content_translation, real_translation) VALUES (12,'Administrator users',1,'eng-GB','eng-GB');
INSERT INTO ezcontentobject_name (contentobject_id, name, content_version, content_translation, real_translation) VALUES (13,'Editors',1,'eng-GB','eng-GB');
INSERT INTO ezcontentobject_name (contentobject_id, name, content_version, content_translation, real_translation) VALUES (14,'Administrator User',1,'eng-GB','eng-GB');
INSERT INTO ezcontentobject_name (contentobject_id, name, content_version, content_translation, real_translation) VALUES (40,'test test',1,'eng-GB','eng-GB');
INSERT INTO ezcontentobject_name (contentobject_id, name, content_version, content_translation, real_translation) VALUES (41,'Media',1,'eng-GB','eng-GB');
INSERT INTO ezcontentobject_name (contentobject_id, name, content_version, content_translation, real_translation) VALUES (42,'Forums',1,'eng-GB','eng-GB');
INSERT INTO ezcontentobject_name (contentobject_id, name, content_version, content_translation, real_translation) VALUES (43,'New Folder',1,'eng-GB','eng-GB');
INSERT INTO ezcontentobject_name (contentobject_id, name, content_version, content_translation, real_translation) VALUES (44,'Links',1,'eng-GB','eng-GB');
INSERT INTO ezcontentobject_name (contentobject_id, name, content_version, content_translation, real_translation) VALUES (45,'Sports',1,'eng-GB','eng-GB');
INSERT INTO ezcontentobject_name (contentobject_id, name, content_version, content_translation, real_translation) VALUES (46,'Music',1,'eng-GB','eng-GB');
INSERT INTO ezcontentobject_name (contentobject_id, name, content_version, content_translation, real_translation) VALUES (47,'First post!',1,'eng-GB','eng-GB');
INSERT INTO ezcontentobject_name (contentobject_id, name, content_version, content_translation, real_translation) VALUES (48,'Internet',1,'eng-GB','eng-GB');
INSERT INTO ezcontentobject_name (contentobject_id, name, content_version, content_translation, real_translation) VALUES (49,'Pink Floyd?',1,'eng-GB','eng-GB');
INSERT INTO ezcontentobject_name (contentobject_id, name, content_version, content_translation, real_translation) VALUES (50,'Where is the internet?',1,'eng-GB','eng-GB');
INSERT INTO ezcontentobject_name (contentobject_id, name, content_version, content_translation, real_translation) VALUES (51,'eZ publish',1,'eng-GB','eng-GB');
INSERT INTO ezcontentobject_name (contentobject_id, name, content_version, content_translation, real_translation) VALUES (52,'About my forum',1,'eng-GB','eng-GB');





CREATE TABLE ezcontentobject_tree (
  node_id int(11) NOT NULL auto_increment,
  parent_node_id int(11) NOT NULL default '0',
  contentobject_id int(11) default NULL,
  contentobject_version int(11) default NULL,
  contentobject_is_published int(11) default NULL,
  depth int(11) NOT NULL default '0',
  path_string varchar(255) NOT NULL default '',
  sort_field int(11) default '1',
  sort_order int(1) default '1',
  priority int(11) NOT NULL default '0',
  path_identification_string text,
  main_node_id int(11) default NULL,
  PRIMARY KEY  (node_id),
  KEY ezcontentobject_tree_path (path_string),
  KEY ezcontentobject_tree_p_node_id (parent_node_id),
  KEY ezcontentobject_tree_co_id (contentobject_id),
  KEY ezcontentobject_tree_depth (depth)
) TYPE=MyISAM;





INSERT INTO ezcontentobject_tree (node_id, parent_node_id, contentobject_id, contentobject_version, contentobject_is_published, depth, path_string, sort_field, sort_order, priority, path_identification_string, main_node_id) VALUES (1,1,0,1,1,0,'/1/',1,1,0,NULL,1);
INSERT INTO ezcontentobject_tree (node_id, parent_node_id, contentobject_id, contentobject_version, contentobject_is_published, depth, path_string, sort_field, sort_order, priority, path_identification_string, main_node_id) VALUES (2,1,1,1,1,1,'/1/2/',1,1,0,'',2);
INSERT INTO ezcontentobject_tree (node_id, parent_node_id, contentobject_id, contentobject_version, contentobject_is_published, depth, path_string, sort_field, sort_order, priority, path_identification_string, main_node_id) VALUES (5,1,4,1,0,1,'/1/5/',1,1,0,'users',5);
INSERT INTO ezcontentobject_tree (node_id, parent_node_id, contentobject_id, contentobject_version, contentobject_is_published, depth, path_string, sort_field, sort_order, priority, path_identification_string, main_node_id) VALUES (11,5,10,1,1,2,'/1/5/11/',1,1,0,'users/anonymous_user',11);
INSERT INTO ezcontentobject_tree (node_id, parent_node_id, contentobject_id, contentobject_version, contentobject_is_published, depth, path_string, sort_field, sort_order, priority, path_identification_string, main_node_id) VALUES (12,5,11,1,1,2,'/1/5/12/',1,1,0,'users/guest_accounts',12);
INSERT INTO ezcontentobject_tree (node_id, parent_node_id, contentobject_id, contentobject_version, contentobject_is_published, depth, path_string, sort_field, sort_order, priority, path_identification_string, main_node_id) VALUES (13,5,12,1,1,2,'/1/5/13/',1,1,0,'users/administrator_users',13);
INSERT INTO ezcontentobject_tree (node_id, parent_node_id, contentobject_id, contentobject_version, contentobject_is_published, depth, path_string, sort_field, sort_order, priority, path_identification_string, main_node_id) VALUES (14,5,13,1,1,2,'/1/5/14/',1,1,0,'users/editors',14);
INSERT INTO ezcontentobject_tree (node_id, parent_node_id, contentobject_id, contentobject_version, contentobject_is_published, depth, path_string, sort_field, sort_order, priority, path_identification_string, main_node_id) VALUES (15,13,14,1,1,3,'/1/5/13/15/',1,1,0,'users/administrator_users/administrator_user',15);
INSERT INTO ezcontentobject_tree (node_id, parent_node_id, contentobject_id, contentobject_version, contentobject_is_published, depth, path_string, sort_field, sort_order, priority, path_identification_string, main_node_id) VALUES (42,12,40,1,1,3,'/1/5/12/42/',9,1,0,'users/guest_accounts/test_test',42);
INSERT INTO ezcontentobject_tree (node_id, parent_node_id, contentobject_id, contentobject_version, contentobject_is_published, depth, path_string, sort_field, sort_order, priority, path_identification_string, main_node_id) VALUES (43,1,41,1,1,1,'/1/43/',9,1,0,'media',43);
INSERT INTO ezcontentobject_tree (node_id, parent_node_id, contentobject_id, contentobject_version, contentobject_is_published, depth, path_string, sort_field, sort_order, priority, path_identification_string, main_node_id) VALUES (44,2,42,1,1,2,'/1/2/44/',9,1,0,'forums',44);
INSERT INTO ezcontentobject_tree (node_id, parent_node_id, contentobject_id, contentobject_version, contentobject_is_published, depth, path_string, sort_field, sort_order, priority, path_identification_string, main_node_id) VALUES (45,2,44,1,1,2,'/1/2/45/',9,1,0,'links',45);
INSERT INTO ezcontentobject_tree (node_id, parent_node_id, contentobject_id, contentobject_version, contentobject_is_published, depth, path_string, sort_field, sort_order, priority, path_identification_string, main_node_id) VALUES (46,44,45,1,1,3,'/1/2/44/46/',9,1,0,'forums/sports',46);
INSERT INTO ezcontentobject_tree (node_id, parent_node_id, contentobject_id, contentobject_version, contentobject_is_published, depth, path_string, sort_field, sort_order, priority, path_identification_string, main_node_id) VALUES (47,44,46,1,1,3,'/1/2/44/47/',9,1,0,'forums/music',47);
INSERT INTO ezcontentobject_tree (node_id, parent_node_id, contentobject_id, contentobject_version, contentobject_is_published, depth, path_string, sort_field, sort_order, priority, path_identification_string, main_node_id) VALUES (48,46,47,1,1,4,'/1/2/44/46/48/',1,1,0,'forums/sports/first_post',48);
INSERT INTO ezcontentobject_tree (node_id, parent_node_id, contentobject_id, contentobject_version, contentobject_is_published, depth, path_string, sort_field, sort_order, priority, path_identification_string, main_node_id) VALUES (49,44,48,1,1,3,'/1/2/44/49/',9,1,0,'forums/internet',49);
INSERT INTO ezcontentobject_tree (node_id, parent_node_id, contentobject_id, contentobject_version, contentobject_is_published, depth, path_string, sort_field, sort_order, priority, path_identification_string, main_node_id) VALUES (50,47,49,1,1,4,'/1/2/44/47/50/',1,1,0,'forums/music/pink_floyd',50);
INSERT INTO ezcontentobject_tree (node_id, parent_node_id, contentobject_id, contentobject_version, contentobject_is_published, depth, path_string, sort_field, sort_order, priority, path_identification_string, main_node_id) VALUES (51,49,50,1,1,4,'/1/2/44/49/51/',1,1,0,'forums/internet/where_is_the_internet',51);
INSERT INTO ezcontentobject_tree (node_id, parent_node_id, contentobject_id, contentobject_version, contentobject_is_published, depth, path_string, sort_field, sort_order, priority, path_identification_string, main_node_id) VALUES (52,45,51,1,1,3,'/1/2/45/52/',9,1,0,'links/ez_publish',52);
INSERT INTO ezcontentobject_tree (node_id, parent_node_id, contentobject_id, contentobject_version, contentobject_is_published, depth, path_string, sort_field, sort_order, priority, path_identification_string, main_node_id) VALUES (53,2,52,1,1,2,'/1/2/53/',9,1,0,'about_my_forum',53);





CREATE TABLE ezcontentobject_version (
  id int(11) NOT NULL auto_increment,
  contentobject_id int(11) default NULL,
  creator_id int(11) NOT NULL default '0',
  version int(11) NOT NULL default '0',
  created int(11) NOT NULL default '0',
  modified int(11) NOT NULL default '0',
  status int(11) NOT NULL default '0',
  workflow_event_pos int(11) NOT NULL default '0',
  user_id int(11) NOT NULL default '0',
  PRIMARY KEY  (id)
) TYPE=MyISAM;





INSERT INTO ezcontentobject_version (id, contentobject_id, creator_id, version, created, modified, status, workflow_event_pos, user_id) VALUES (1,1,14,1,1033919080,1033919080,1,1,0);
INSERT INTO ezcontentobject_version (id, contentobject_id, creator_id, version, created, modified, status, workflow_event_pos, user_id) VALUES (4,4,14,1,1033919080,1033919080,1,1,0);
INSERT INTO ezcontentobject_version (id, contentobject_id, creator_id, version, created, modified, status, workflow_event_pos, user_id) VALUES (438,10,14,1,1033920649,1033920665,1,0,0);
INSERT INTO ezcontentobject_version (id, contentobject_id, creator_id, version, created, modified, status, workflow_event_pos, user_id) VALUES (439,11,14,1,1033920737,1033920746,1,0,0);
INSERT INTO ezcontentobject_version (id, contentobject_id, creator_id, version, created, modified, status, workflow_event_pos, user_id) VALUES (440,12,14,1,1033920760,1033920775,1,0,0);
INSERT INTO ezcontentobject_version (id, contentobject_id, creator_id, version, created, modified, status, workflow_event_pos, user_id) VALUES (441,13,14,1,1033920786,1033920794,1,0,0);
INSERT INTO ezcontentobject_version (id, contentobject_id, creator_id, version, created, modified, status, workflow_event_pos, user_id) VALUES (442,14,14,1,1033920808,1033920830,1,0,0);
INSERT INTO ezcontentobject_version (id, contentobject_id, creator_id, version, created, modified, status, workflow_event_pos, user_id) VALUES (471,40,14,1,1053613007,1053613020,1,0,0);
INSERT INTO ezcontentobject_version (id, contentobject_id, creator_id, version, created, modified, status, workflow_event_pos, user_id) VALUES (472,41,14,1,1060695450,1060695457,1,0,0);
INSERT INTO ezcontentobject_version (id, contentobject_id, creator_id, version, created, modified, status, workflow_event_pos, user_id) VALUES (473,42,14,1,1061228692,1061228708,1,0,0);
INSERT INTO ezcontentobject_version (id, contentobject_id, creator_id, version, created, modified, status, workflow_event_pos, user_id) VALUES (474,43,14,1,1061228722,1061228722,0,0,0);
INSERT INTO ezcontentobject_version (id, contentobject_id, creator_id, version, created, modified, status, workflow_event_pos, user_id) VALUES (475,44,14,1,1061228727,1061228736,1,0,0);
INSERT INTO ezcontentobject_version (id, contentobject_id, creator_id, version, created, modified, status, workflow_event_pos, user_id) VALUES (476,45,14,1,1061228966,1061228996,1,0,0);
INSERT INTO ezcontentobject_version (id, contentobject_id, creator_id, version, created, modified, status, workflow_event_pos, user_id) VALUES (477,46,14,1,1061229027,1061229040,1,0,0);
INSERT INTO ezcontentobject_version (id, contentobject_id, creator_id, version, created, modified, status, workflow_event_pos, user_id) VALUES (478,47,14,1,1061229344,1061229362,1,0,0);
INSERT INTO ezcontentobject_version (id, contentobject_id, creator_id, version, created, modified, status, workflow_event_pos, user_id) VALUES (479,48,14,1,1061229439,1061229467,1,0,0);
INSERT INTO ezcontentobject_version (id, contentobject_id, creator_id, version, created, modified, status, workflow_event_pos, user_id) VALUES (480,49,14,1,1061229478,1061229500,1,0,0);
INSERT INTO ezcontentobject_version (id, contentobject_id, creator_id, version, created, modified, status, workflow_event_pos, user_id) VALUES (481,50,14,1,1061229509,1061229528,1,0,0);
INSERT INTO ezcontentobject_version (id, contentobject_id, creator_id, version, created, modified, status, workflow_event_pos, user_id) VALUES (482,51,14,1,1061229581,1061229625,1,0,0);
INSERT INTO ezcontentobject_version (id, contentobject_id, creator_id, version, created, modified, status, workflow_event_pos, user_id) VALUES (483,52,14,1,1061229716,1061229739,1,0,0);





CREATE TABLE ezdiscountrule (
  id int(11) NOT NULL auto_increment,
  name varchar(255) NOT NULL default '',
  PRIMARY KEY  (id)
) TYPE=MyISAM;










CREATE TABLE ezdiscountsubrule (
  id int(11) NOT NULL auto_increment,
  name varchar(255) NOT NULL default '',
  discountrule_id int(11) NOT NULL default '0',
  discount_percent float default NULL,
  limitation char(1) default NULL,
  PRIMARY KEY  (id)
) TYPE=MyISAM;










CREATE TABLE ezdiscountsubrule_value (
  discountsubrule_id int(11) NOT NULL default '0',
  value int(11) NOT NULL default '0',
  issection int(1) NOT NULL default '0',
  PRIMARY KEY  (discountsubrule_id,value,issection)
) TYPE=MyISAM;










CREATE TABLE ezenumobjectvalue (
  contentobject_attribute_id int(11) NOT NULL default '0',
  contentobject_attribute_version int(11) NOT NULL default '0',
  enumid int(11) NOT NULL default '0',
  enumelement varchar(255) NOT NULL default '',
  enumvalue varchar(255) NOT NULL default '',
  PRIMARY KEY  (contentobject_attribute_id,contentobject_attribute_version,enumid),
  KEY ezenumobjectvalue_co_attr_id_co_attr_ver (contentobject_attribute_id,contentobject_attribute_version)
) TYPE=MyISAM;










CREATE TABLE ezenumvalue (
  id int(11) NOT NULL auto_increment,
  contentclass_attribute_id int(11) NOT NULL default '0',
  contentclass_attribute_version int(11) NOT NULL default '0',
  enumelement varchar(255) NOT NULL default '',
  enumvalue varchar(255) NOT NULL default '',
  placement int(11) NOT NULL default '0',
  PRIMARY KEY  (id,contentclass_attribute_id,contentclass_attribute_version),
  KEY ezenumvalue_co_cl_attr_id_co_class_att_ver (contentclass_attribute_id,contentclass_attribute_version)
) TYPE=MyISAM;





INSERT INTO ezenumvalue (id, contentclass_attribute_id, contentclass_attribute_version, enumelement, enumvalue, placement) VALUES (2,136,0,'Ok','3',2);
INSERT INTO ezenumvalue (id, contentclass_attribute_id, contentclass_attribute_version, enumelement, enumvalue, placement) VALUES (1,136,0,'Poor','2',1);
INSERT INTO ezenumvalue (id, contentclass_attribute_id, contentclass_attribute_version, enumelement, enumvalue, placement) VALUES (3,136,0,'Good','5',3);





CREATE TABLE ezforgot_password (
  id int(11) NOT NULL auto_increment,
  user_id int(11) NOT NULL default '0',
  hash_key varchar(32) NOT NULL default '',
  time int(11) NOT NULL default '0',
  PRIMARY KEY  (id)
) TYPE=MyISAM;










CREATE TABLE ezgeneral_digest_user_settings (
  id int(11) NOT NULL auto_increment,
  address varchar(255) NOT NULL default '',
  receive_digest int(11) NOT NULL default '0',
  digest_type int(11) NOT NULL default '0',
  day varchar(255) NOT NULL default '',
  time varchar(255) NOT NULL default '',
  PRIMARY KEY  (id)
) TYPE=MyISAM;










CREATE TABLE ezimage (
  contentobject_attribute_id int(11) NOT NULL default '0',
  version int(11) NOT NULL default '0',
  filename varchar(255) NOT NULL default '',
  original_filename varchar(255) NOT NULL default '',
  mime_type varchar(50) NOT NULL default '',
  alternative_text varchar(255) NOT NULL default '',
  PRIMARY KEY  (contentobject_attribute_id,version)
) TYPE=MyISAM;










CREATE TABLE ezimagevariation (
  contentobject_attribute_id int(11) NOT NULL default '0',
  version int(11) NOT NULL default '0',
  filename varchar(255) NOT NULL default '',
  additional_path varchar(255) default NULL,
  requested_width int(11) NOT NULL default '0',
  requested_height int(11) NOT NULL default '0',
  width int(11) NOT NULL default '0',
  height int(11) NOT NULL default '0',
  PRIMARY KEY  (contentobject_attribute_id,version,requested_width,requested_height)
) TYPE=MyISAM;










CREATE TABLE ezinfocollection (
  id int(11) NOT NULL auto_increment,
  contentobject_id int(11) NOT NULL default '0',
  created int(11) NOT NULL default '0',
  PRIMARY KEY  (id)
) TYPE=MyISAM;










CREATE TABLE ezinfocollection_attribute (
  id int(11) NOT NULL auto_increment,
  informationcollection_id int(11) NOT NULL default '0',
  data_text text,
  data_int int(11) default NULL,
  data_float float default NULL,
  contentclass_attribute_id int(11) NOT NULL default '0',
  PRIMARY KEY  (id)
) TYPE=MyISAM;










CREATE TABLE ezkeyword (
  id int(11) NOT NULL auto_increment,
  keyword varchar(255) default NULL,
  class_id int(11) NOT NULL default '0',
  PRIMARY KEY  (id)
) TYPE=MyISAM;










CREATE TABLE ezkeyword_attribute_link (
  id int(11) NOT NULL auto_increment,
  keyword_id int(11) NOT NULL default '0',
  objectattribute_id int(11) NOT NULL default '0',
  PRIMARY KEY  (id)
) TYPE=MyISAM;










CREATE TABLE ezmedia (
  contentobject_attribute_id int(11) NOT NULL default '0',
  version int(11) NOT NULL default '0',
  filename varchar(255) NOT NULL default '',
  original_filename varchar(255) NOT NULL default '',
  mime_type varchar(50) NOT NULL default '',
  width int(11) default NULL,
  height int(11) default NULL,
  has_controller int(1) default NULL,
  is_autoplay int(1) default NULL,
  pluginspage varchar(255) default NULL,
  quality varchar(50) default NULL,
  controls varchar(50) default NULL,
  is_loop int(1) default NULL,
  PRIMARY KEY  (contentobject_attribute_id,version)
) TYPE=MyISAM;










CREATE TABLE ezmessage (
  id int(11) NOT NULL auto_increment,
  send_method varchar(50) NOT NULL default '',
  send_weekday varchar(50) NOT NULL default '',
  send_time varchar(50) NOT NULL default '',
  destination_address varchar(50) NOT NULL default '',
  title varchar(255) NOT NULL default '',
  body text,
  is_sent int(1) NOT NULL default '0',
  PRIMARY KEY  (id)
) TYPE=MyISAM;










CREATE TABLE ezmodule_run (
  id int(11) NOT NULL auto_increment,
  workflow_process_id int(11) default NULL,
  module_name varchar(255) default NULL,
  function_name varchar(255) default NULL,
  module_data text,
  PRIMARY KEY  (id),
  UNIQUE KEY ezmodule_run_workflow_process_id_s (workflow_process_id)
) TYPE=MyISAM;










CREATE TABLE eznode_assignment (
  id int(11) NOT NULL auto_increment,
  contentobject_id int(11) default NULL,
  contentobject_version int(11) default NULL,
  parent_node int(11) default NULL,
  sort_field int(11) default '1',
  sort_order int(1) default '1',
  is_main int(11) NOT NULL default '0',
  from_node_id int(11) default '0',
  remote_id int(11) NOT NULL default '0',
  PRIMARY KEY  (id)
) TYPE=MyISAM;





INSERT INTO eznode_assignment (id, contentobject_id, contentobject_version, parent_node, sort_field, sort_order, is_main, from_node_id, remote_id) VALUES (2,1,1,1,1,1,1,0,0);
INSERT INTO eznode_assignment (id, contentobject_id, contentobject_version, parent_node, sort_field, sort_order, is_main, from_node_id, remote_id) VALUES (4,8,2,5,1,1,1,0,0);
INSERT INTO eznode_assignment (id, contentobject_id, contentobject_version, parent_node, sort_field, sort_order, is_main, from_node_id, remote_id) VALUES (144,4,1,1,1,1,1,0,0);
INSERT INTO eznode_assignment (id, contentobject_id, contentobject_version, parent_node, sort_field, sort_order, is_main, from_node_id, remote_id) VALUES (147,210,1,5,1,1,1,0,0);
INSERT INTO eznode_assignment (id, contentobject_id, contentobject_version, parent_node, sort_field, sort_order, is_main, from_node_id, remote_id) VALUES (146,209,1,5,1,1,1,0,0);
INSERT INTO eznode_assignment (id, contentobject_id, contentobject_version, parent_node, sort_field, sort_order, is_main, from_node_id, remote_id) VALUES (145,1,2,1,1,1,1,0,0);
INSERT INTO eznode_assignment (id, contentobject_id, contentobject_version, parent_node, sort_field, sort_order, is_main, from_node_id, remote_id) VALUES (148,9,1,2,1,1,1,0,0);
INSERT INTO eznode_assignment (id, contentobject_id, contentobject_version, parent_node, sort_field, sort_order, is_main, from_node_id, remote_id) VALUES (149,10,1,5,1,1,1,0,0);
INSERT INTO eznode_assignment (id, contentobject_id, contentobject_version, parent_node, sort_field, sort_order, is_main, from_node_id, remote_id) VALUES (150,11,1,5,1,1,1,0,0);
INSERT INTO eznode_assignment (id, contentobject_id, contentobject_version, parent_node, sort_field, sort_order, is_main, from_node_id, remote_id) VALUES (151,12,1,5,1,1,1,0,0);
INSERT INTO eznode_assignment (id, contentobject_id, contentobject_version, parent_node, sort_field, sort_order, is_main, from_node_id, remote_id) VALUES (152,13,1,5,1,1,1,0,0);
INSERT INTO eznode_assignment (id, contentobject_id, contentobject_version, parent_node, sort_field, sort_order, is_main, from_node_id, remote_id) VALUES (153,14,1,13,1,1,1,0,0);
INSERT INTO eznode_assignment (id, contentobject_id, contentobject_version, parent_node, sort_field, sort_order, is_main, from_node_id, remote_id) VALUES (181,40,1,12,9,1,1,0,0);
INSERT INTO eznode_assignment (id, contentobject_id, contentobject_version, parent_node, sort_field, sort_order, is_main, from_node_id, remote_id) VALUES (182,41,1,1,9,1,1,0,0);
INSERT INTO eznode_assignment (id, contentobject_id, contentobject_version, parent_node, sort_field, sort_order, is_main, from_node_id, remote_id) VALUES (183,42,1,2,9,1,1,0,0);
INSERT INTO eznode_assignment (id, contentobject_id, contentobject_version, parent_node, sort_field, sort_order, is_main, from_node_id, remote_id) VALUES (184,43,1,2,1,1,1,0,0);
INSERT INTO eznode_assignment (id, contentobject_id, contentobject_version, parent_node, sort_field, sort_order, is_main, from_node_id, remote_id) VALUES (185,44,1,2,9,1,1,0,0);
INSERT INTO eznode_assignment (id, contentobject_id, contentobject_version, parent_node, sort_field, sort_order, is_main, from_node_id, remote_id) VALUES (186,45,1,44,9,1,1,0,0);
INSERT INTO eznode_assignment (id, contentobject_id, contentobject_version, parent_node, sort_field, sort_order, is_main, from_node_id, remote_id) VALUES (187,46,1,44,9,1,1,0,0);
INSERT INTO eznode_assignment (id, contentobject_id, contentobject_version, parent_node, sort_field, sort_order, is_main, from_node_id, remote_id) VALUES (188,47,1,46,1,1,1,0,0);
INSERT INTO eznode_assignment (id, contentobject_id, contentobject_version, parent_node, sort_field, sort_order, is_main, from_node_id, remote_id) VALUES (189,48,1,44,9,1,1,0,0);
INSERT INTO eznode_assignment (id, contentobject_id, contentobject_version, parent_node, sort_field, sort_order, is_main, from_node_id, remote_id) VALUES (190,49,1,47,1,1,1,0,0);
INSERT INTO eznode_assignment (id, contentobject_id, contentobject_version, parent_node, sort_field, sort_order, is_main, from_node_id, remote_id) VALUES (191,50,1,49,1,1,1,0,0);
INSERT INTO eznode_assignment (id, contentobject_id, contentobject_version, parent_node, sort_field, sort_order, is_main, from_node_id, remote_id) VALUES (192,51,1,45,9,1,1,0,0);
INSERT INTO eznode_assignment (id, contentobject_id, contentobject_version, parent_node, sort_field, sort_order, is_main, from_node_id, remote_id) VALUES (193,52,1,2,9,1,1,0,0);





CREATE TABLE eznotificationcollection (
  id int(11) NOT NULL auto_increment,
  event_id int(11) NOT NULL default '0',
  handler varchar(255) NOT NULL default '',
  transport varchar(255) NOT NULL default '',
  data_subject text NOT NULL,
  data_text text NOT NULL,
  PRIMARY KEY  (id)
) TYPE=MyISAM;










CREATE TABLE eznotificationcollection_item (
  id int(11) NOT NULL auto_increment,
  collection_id int(11) NOT NULL default '0',
  event_id int(11) NOT NULL default '0',
  address varchar(255) NOT NULL default '',
  send_date int(11) NOT NULL default '0',
  PRIMARY KEY  (id)
) TYPE=MyISAM;










CREATE TABLE eznotificationevent (
  id int(11) NOT NULL auto_increment,
  status int(11) NOT NULL default '0',
  event_type_string varchar(255) NOT NULL default '',
  data_int1 int(11) NOT NULL default '0',
  data_int2 int(11) NOT NULL default '0',
  data_int3 int(11) NOT NULL default '0',
  data_int4 int(11) NOT NULL default '0',
  data_text1 text NOT NULL,
  data_text2 text NOT NULL,
  data_text3 text NOT NULL,
  data_text4 text NOT NULL,
  PRIMARY KEY  (id)
) TYPE=MyISAM;





INSERT INTO eznotificationevent (id, status, event_type_string, data_int1, data_int2, data_int3, data_int4, data_text1, data_text2, data_text3, data_text4) VALUES (1,0,'ezpublish',41,1,0,0,'','','','');
INSERT INTO eznotificationevent (id, status, event_type_string, data_int1, data_int2, data_int3, data_int4, data_text1, data_text2, data_text3, data_text4) VALUES (2,0,'ezpublish',42,1,0,0,'','','','');
INSERT INTO eznotificationevent (id, status, event_type_string, data_int1, data_int2, data_int3, data_int4, data_text1, data_text2, data_text3, data_text4) VALUES (3,0,'ezpublish',44,1,0,0,'','','','');
INSERT INTO eznotificationevent (id, status, event_type_string, data_int1, data_int2, data_int3, data_int4, data_text1, data_text2, data_text3, data_text4) VALUES (4,0,'ezpublish',45,1,0,0,'','','','');
INSERT INTO eznotificationevent (id, status, event_type_string, data_int1, data_int2, data_int3, data_int4, data_text1, data_text2, data_text3, data_text4) VALUES (5,0,'ezpublish',46,1,0,0,'','','','');
INSERT INTO eznotificationevent (id, status, event_type_string, data_int1, data_int2, data_int3, data_int4, data_text1, data_text2, data_text3, data_text4) VALUES (6,0,'ezpublish',47,1,0,0,'','','','');
INSERT INTO eznotificationevent (id, status, event_type_string, data_int1, data_int2, data_int3, data_int4, data_text1, data_text2, data_text3, data_text4) VALUES (7,0,'ezpublish',48,1,0,0,'','','','');
INSERT INTO eznotificationevent (id, status, event_type_string, data_int1, data_int2, data_int3, data_int4, data_text1, data_text2, data_text3, data_text4) VALUES (8,0,'ezpublish',49,1,0,0,'','','','');
INSERT INTO eznotificationevent (id, status, event_type_string, data_int1, data_int2, data_int3, data_int4, data_text1, data_text2, data_text3, data_text4) VALUES (9,0,'ezpublish',50,1,0,0,'','','','');
INSERT INTO eznotificationevent (id, status, event_type_string, data_int1, data_int2, data_int3, data_int4, data_text1, data_text2, data_text3, data_text4) VALUES (10,0,'ezpublish',51,1,0,0,'','','','');
INSERT INTO eznotificationevent (id, status, event_type_string, data_int1, data_int2, data_int3, data_int4, data_text1, data_text2, data_text3, data_text4) VALUES (11,0,'ezpublish',52,1,0,0,'','','','');





CREATE TABLE ezoperation_memento (
  id int(11) NOT NULL auto_increment,
  memento_key varchar(32) NOT NULL default '',
  memento_data text NOT NULL,
  main int(11) NOT NULL default '0',
  main_key varchar(32) NOT NULL default '',
  PRIMARY KEY  (id,memento_key),
  KEY ezoperation_memento_memento_key_main (memento_key,main)
) TYPE=MyISAM;










CREATE TABLE ezorder (
  id int(11) NOT NULL auto_increment,
  user_id int(11) NOT NULL default '0',
  productcollection_id int(11) NOT NULL default '0',
  created int(11) NOT NULL default '0',
  is_temporary int(11) NOT NULL default '1',
  order_nr int(11) NOT NULL default '0',
  data_text_2 text,
  data_text_1 text,
  account_identifier varchar(100) NOT NULL default 'default',
  ignore_vat int(11) NOT NULL default '0',
  PRIMARY KEY  (id)
) TYPE=MyISAM;










CREATE TABLE ezorder_item (
  id int(11) NOT NULL auto_increment,
  order_id int(11) NOT NULL default '0',
  description varchar(255) default NULL,
  price float default NULL,
  vat_value int(11) NOT NULL default '0',
  PRIMARY KEY  (id),
  KEY ezorder_item_order_id (order_id)
) TYPE=MyISAM;










CREATE TABLE ezpolicy (
  id int(11) NOT NULL auto_increment,
  role_id int(11) default NULL,
  function_name varchar(255) default NULL,
  module_name varchar(255) default NULL,
  limitation char(1) default NULL,
  PRIMARY KEY  (id)
) TYPE=MyISAM;





INSERT INTO ezpolicy (id, role_id, function_name, module_name, limitation) VALUES (317,3,'*','content','*');
INSERT INTO ezpolicy (id, role_id, function_name, module_name, limitation) VALUES (308,2,'*','*','*');
INSERT INTO ezpolicy (id, role_id, function_name, module_name, limitation) VALUES (326,1,'read','content','');
INSERT INTO ezpolicy (id, role_id, function_name, module_name, limitation) VALUES (325,1,'login','user','*');
INSERT INTO ezpolicy (id, role_id, function_name, module_name, limitation) VALUES (319,3,'login','user','*');





CREATE TABLE ezpolicy_limitation (
  id int(11) NOT NULL auto_increment,
  policy_id int(11) default NULL,
  identifier varchar(255) NOT NULL default '',
  role_id int(11) default NULL,
  function_name varchar(255) default NULL,
  module_name varchar(255) default NULL,
  PRIMARY KEY  (id)
) TYPE=MyISAM;





INSERT INTO ezpolicy_limitation (id, policy_id, identifier, role_id, function_name, module_name) VALUES (249,326,'Class',0,'read','content');





CREATE TABLE ezpolicy_limitation_value (
  id int(11) NOT NULL auto_increment,
  limitation_id int(11) default NULL,
  value varchar(255) default NULL,
  PRIMARY KEY  (id)
) TYPE=MyISAM;





INSERT INTO ezpolicy_limitation_value (id, limitation_id, value) VALUES (435,249,'1');
INSERT INTO ezpolicy_limitation_value (id, limitation_id, value) VALUES (436,249,'10');
INSERT INTO ezpolicy_limitation_value (id, limitation_id, value) VALUES (437,249,'10');
INSERT INTO ezpolicy_limitation_value (id, limitation_id, value) VALUES (438,249,'11');
INSERT INTO ezpolicy_limitation_value (id, limitation_id, value) VALUES (439,249,'11');
INSERT INTO ezpolicy_limitation_value (id, limitation_id, value) VALUES (440,249,'12');
INSERT INTO ezpolicy_limitation_value (id, limitation_id, value) VALUES (441,249,'12');
INSERT INTO ezpolicy_limitation_value (id, limitation_id, value) VALUES (442,249,'13');
INSERT INTO ezpolicy_limitation_value (id, limitation_id, value) VALUES (443,249,'13');
INSERT INTO ezpolicy_limitation_value (id, limitation_id, value) VALUES (444,249,'2');
INSERT INTO ezpolicy_limitation_value (id, limitation_id, value) VALUES (445,249,'2');
INSERT INTO ezpolicy_limitation_value (id, limitation_id, value) VALUES (446,249,'5');
INSERT INTO ezpolicy_limitation_value (id, limitation_id, value) VALUES (447,249,'5');
INSERT INTO ezpolicy_limitation_value (id, limitation_id, value) VALUES (448,249,'6');
INSERT INTO ezpolicy_limitation_value (id, limitation_id, value) VALUES (449,249,'6');
INSERT INTO ezpolicy_limitation_value (id, limitation_id, value) VALUES (450,249,'7');
INSERT INTO ezpolicy_limitation_value (id, limitation_id, value) VALUES (451,249,'7');
INSERT INTO ezpolicy_limitation_value (id, limitation_id, value) VALUES (452,249,'8');
INSERT INTO ezpolicy_limitation_value (id, limitation_id, value) VALUES (453,249,'8');
INSERT INTO ezpolicy_limitation_value (id, limitation_id, value) VALUES (454,249,'9');
INSERT INTO ezpolicy_limitation_value (id, limitation_id, value) VALUES (455,249,'9');





CREATE TABLE ezpreferences (
  id int(11) NOT NULL auto_increment,
  user_id int(11) NOT NULL default '0',
  name varchar(100) default NULL,
  value varchar(100) default NULL,
  PRIMARY KEY  (id),
  KEY ezpreferences_name (name)
) TYPE=MyISAM;










CREATE TABLE ezproductcollection (
  id int(11) NOT NULL auto_increment,
  created int(11) default NULL,
  PRIMARY KEY  (id)
) TYPE=MyISAM;










CREATE TABLE ezproductcollection_item (
  id int(11) NOT NULL auto_increment,
  productcollection_id int(11) NOT NULL default '0',
  contentobject_id int(11) NOT NULL default '0',
  item_count int(11) NOT NULL default '0',
  price double default NULL,
  is_vat_inc int(11) default NULL,
  vat_value float default NULL,
  discount float default NULL,
  PRIMARY KEY  (id),
  KEY ezproductcollection_item_productcollection_id (productcollection_id),
  KEY ezproductcollection_item_contentobject_id (productcollection_id)
) TYPE=MyISAM;










CREATE TABLE ezproductcollection_item_opt (
  id int(11) NOT NULL auto_increment,
  item_id int(11) NOT NULL default '0',
  option_item_id int(11) NOT NULL default '0',
  name varchar(255) NOT NULL default '',
  value varchar(255) NOT NULL default '',
  price float NOT NULL default '0',
  object_attribute_id int(11) default NULL,
  PRIMARY KEY  (id),
  KEY ezproductcollection_item_opt_item_id (item_id)
) TYPE=MyISAM;










CREATE TABLE ezrole (
  id int(11) NOT NULL auto_increment,
  version int(11) default '0',
  name varchar(255) NOT NULL default '',
  value char(1) default NULL,
  PRIMARY KEY  (id)
) TYPE=MyISAM;





INSERT INTO ezrole (id, version, name, value) VALUES (1,0,'Anonymous','');
INSERT INTO ezrole (id, version, name, value) VALUES (2,0,'Administrator','*');
INSERT INTO ezrole (id, version, name, value) VALUES (3,0,'Editor','');





CREATE TABLE ezsearch_object_word_link (
  id int(11) NOT NULL auto_increment,
  contentobject_id int(11) NOT NULL default '0',
  word_id int(11) NOT NULL default '0',
  frequency float NOT NULL default '0',
  placement int(11) NOT NULL default '0',
  prev_word_id int(11) NOT NULL default '0',
  next_word_id int(11) NOT NULL default '0',
  contentclass_id int(11) NOT NULL default '0',
  published int(11) NOT NULL default '0',
  section_id int(11) NOT NULL default '0',
  contentclass_attribute_id int(11) NOT NULL default '0',
  identifier varchar(255) NOT NULL default '',
  integer_value int(11) NOT NULL default '0',
  PRIMARY KEY  (id),
  KEY ezsearch_object_word_link_object (contentobject_id),
  KEY ezsearch_object_word_link_word (word_id),
  KEY ezsearch_object_word_link_frequency (frequency),
  KEY ezsearch_object_word_link_identifier (identifier),
  KEY ezsearch_object_word_link_integer_value (integer_value)
) TYPE=MyISAM;





INSERT INTO ezsearch_object_word_link (id, contentobject_id, word_id, frequency, placement, prev_word_id, next_word_id, contentclass_id, published, section_id, contentclass_attribute_id, identifier, integer_value) VALUES (26,40,5,0,0,0,5,4,1053613020,2,8,'',0);
INSERT INTO ezsearch_object_word_link (id, contentobject_id, word_id, frequency, placement, prev_word_id, next_word_id, contentclass_id, published, section_id, contentclass_attribute_id, identifier, integer_value) VALUES (27,40,5,0,1,5,0,4,1053613020,2,9,'',0);
INSERT INTO ezsearch_object_word_link (id, contentobject_id, word_id, frequency, placement, prev_word_id, next_word_id, contentclass_id, published, section_id, contentclass_attribute_id, identifier, integer_value) VALUES (28,41,6,0,0,0,0,1,1060695457,3,4,'',0);
INSERT INTO ezsearch_object_word_link (id, contentobject_id, word_id, frequency, placement, prev_word_id, next_word_id, contentclass_id, published, section_id, contentclass_attribute_id, identifier, integer_value) VALUES (29,42,7,0,0,0,8,1,1061228708,1,4,'',0);
INSERT INTO ezsearch_object_word_link (id, contentobject_id, word_id, frequency, placement, prev_word_id, next_word_id, contentclass_id, published, section_id, contentclass_attribute_id, identifier, integer_value) VALUES (30,42,8,0,1,7,7,1,1061228708,1,119,'',0);
INSERT INTO ezsearch_object_word_link (id, contentobject_id, word_id, frequency, placement, prev_word_id, next_word_id, contentclass_id, published, section_id, contentclass_attribute_id, identifier, integer_value) VALUES (31,42,7,0,2,8,0,1,1061228708,1,119,'',0);
INSERT INTO ezsearch_object_word_link (id, contentobject_id, word_id, frequency, placement, prev_word_id, next_word_id, contentclass_id, published, section_id, contentclass_attribute_id, identifier, integer_value) VALUES (32,44,9,0,0,0,0,1,1061228736,1,4,'',0);
INSERT INTO ezsearch_object_word_link (id, contentobject_id, word_id, frequency, placement, prev_word_id, next_word_id, contentclass_id, published, section_id, contentclass_attribute_id, identifier, integer_value) VALUES (33,45,10,0,0,0,8,6,1061228996,1,124,'',0);
INSERT INTO ezsearch_object_word_link (id, contentobject_id, word_id, frequency, placement, prev_word_id, next_word_id, contentclass_id, published, section_id, contentclass_attribute_id, identifier, integer_value) VALUES (34,45,8,0,1,10,11,6,1061228996,1,126,'',0);
INSERT INTO ezsearch_object_word_link (id, contentobject_id, word_id, frequency, placement, prev_word_id, next_word_id, contentclass_id, published, section_id, contentclass_attribute_id, identifier, integer_value) VALUES (35,45,11,0,2,8,10,6,1061228996,1,126,'',0);
INSERT INTO ezsearch_object_word_link (id, contentobject_id, word_id, frequency, placement, prev_word_id, next_word_id, contentclass_id, published, section_id, contentclass_attribute_id, identifier, integer_value) VALUES (36,45,10,0,3,11,0,6,1061228996,1,126,'',0);
INSERT INTO ezsearch_object_word_link (id, contentobject_id, word_id, frequency, placement, prev_word_id, next_word_id, contentclass_id, published, section_id, contentclass_attribute_id, identifier, integer_value) VALUES (37,46,12,0,0,0,8,6,1061229040,1,124,'',0);
INSERT INTO ezsearch_object_word_link (id, contentobject_id, word_id, frequency, placement, prev_word_id, next_word_id, contentclass_id, published, section_id, contentclass_attribute_id, identifier, integer_value) VALUES (38,46,8,0,1,12,11,6,1061229040,1,126,'',0);
INSERT INTO ezsearch_object_word_link (id, contentobject_id, word_id, frequency, placement, prev_word_id, next_word_id, contentclass_id, published, section_id, contentclass_attribute_id, identifier, integer_value) VALUES (39,46,11,0,2,8,12,6,1061229040,1,126,'',0);
INSERT INTO ezsearch_object_word_link (id, contentobject_id, word_id, frequency, placement, prev_word_id, next_word_id, contentclass_id, published, section_id, contentclass_attribute_id, identifier, integer_value) VALUES (40,46,12,0,3,11,0,6,1061229040,1,126,'',0);
INSERT INTO ezsearch_object_word_link (id, contentobject_id, word_id, frequency, placement, prev_word_id, next_word_id, contentclass_id, published, section_id, contentclass_attribute_id, identifier, integer_value) VALUES (41,47,13,0,0,0,14,7,1061229362,1,127,'',0);
INSERT INTO ezsearch_object_word_link (id, contentobject_id, word_id, frequency, placement, prev_word_id, next_word_id, contentclass_id, published, section_id, contentclass_attribute_id, identifier, integer_value) VALUES (42,47,14,0,1,13,15,7,1061229362,1,127,'',0);
INSERT INTO ezsearch_object_word_link (id, contentobject_id, word_id, frequency, placement, prev_word_id, next_word_id, contentclass_id, published, section_id, contentclass_attribute_id, identifier, integer_value) VALUES (43,47,15,0,2,14,16,7,1061229362,1,128,'',0);
INSERT INTO ezsearch_object_word_link (id, contentobject_id, word_id, frequency, placement, prev_word_id, next_word_id, contentclass_id, published, section_id, contentclass_attribute_id, identifier, integer_value) VALUES (44,47,16,0,3,15,17,7,1061229362,1,128,'',0);
INSERT INTO ezsearch_object_word_link (id, contentobject_id, word_id, frequency, placement, prev_word_id, next_word_id, contentclass_id, published, section_id, contentclass_attribute_id, identifier, integer_value) VALUES (45,47,17,0,4,16,13,7,1061229362,1,128,'',0);
INSERT INTO ezsearch_object_word_link (id, contentobject_id, word_id, frequency, placement, prev_word_id, next_word_id, contentclass_id, published, section_id, contentclass_attribute_id, identifier, integer_value) VALUES (46,47,13,0,5,17,18,7,1061229362,1,128,'',0);
INSERT INTO ezsearch_object_word_link (id, contentobject_id, word_id, frequency, placement, prev_word_id, next_word_id, contentclass_id, published, section_id, contentclass_attribute_id, identifier, integer_value) VALUES (47,47,18,0,6,13,14,7,1061229362,1,128,'',0);
INSERT INTO ezsearch_object_word_link (id, contentobject_id, word_id, frequency, placement, prev_word_id, next_word_id, contentclass_id, published, section_id, contentclass_attribute_id, identifier, integer_value) VALUES (48,47,14,0,7,18,19,7,1061229362,1,128,'',0);
INSERT INTO ezsearch_object_word_link (id, contentobject_id, word_id, frequency, placement, prev_word_id, next_word_id, contentclass_id, published, section_id, contentclass_attribute_id, identifier, integer_value) VALUES (49,47,19,0,8,14,20,7,1061229362,1,128,'',0);
INSERT INTO ezsearch_object_word_link (id, contentobject_id, word_id, frequency, placement, prev_word_id, next_word_id, contentclass_id, published, section_id, contentclass_attribute_id, identifier, integer_value) VALUES (50,47,20,0,9,19,0,7,1061229362,1,128,'',0);
INSERT INTO ezsearch_object_word_link (id, contentobject_id, word_id, frequency, placement, prev_word_id, next_word_id, contentclass_id, published, section_id, contentclass_attribute_id, identifier, integer_value) VALUES (51,48,21,0,0,0,8,6,1061229467,1,124,'',0);
INSERT INTO ezsearch_object_word_link (id, contentobject_id, word_id, frequency, placement, prev_word_id, next_word_id, contentclass_id, published, section_id, contentclass_attribute_id, identifier, integer_value) VALUES (52,48,8,0,1,21,11,6,1061229467,1,126,'',0);
INSERT INTO ezsearch_object_word_link (id, contentobject_id, word_id, frequency, placement, prev_word_id, next_word_id, contentclass_id, published, section_id, contentclass_attribute_id, identifier, integer_value) VALUES (53,48,11,0,2,8,17,6,1061229467,1,126,'',0);
INSERT INTO ezsearch_object_word_link (id, contentobject_id, word_id, frequency, placement, prev_word_id, next_word_id, contentclass_id, published, section_id, contentclass_attribute_id, identifier, integer_value) VALUES (54,48,17,0,3,11,21,6,1061229467,1,126,'',0);
INSERT INTO ezsearch_object_word_link (id, contentobject_id, word_id, frequency, placement, prev_word_id, next_word_id, contentclass_id, published, section_id, contentclass_attribute_id, identifier, integer_value) VALUES (55,48,21,0,4,17,0,6,1061229467,1,126,'',0);
INSERT INTO ezsearch_object_word_link (id, contentobject_id, word_id, frequency, placement, prev_word_id, next_word_id, contentclass_id, published, section_id, contentclass_attribute_id, identifier, integer_value) VALUES (56,49,22,0,0,0,23,7,1061229500,1,127,'',0);
INSERT INTO ezsearch_object_word_link (id, contentobject_id, word_id, frequency, placement, prev_word_id, next_word_id, contentclass_id, published, section_id, contentclass_attribute_id, identifier, integer_value) VALUES (57,49,23,0,1,22,24,7,1061229500,1,127,'',0);
INSERT INTO ezsearch_object_word_link (id, contentobject_id, word_id, frequency, placement, prev_word_id, next_word_id, contentclass_id, published, section_id, contentclass_attribute_id, identifier, integer_value) VALUES (58,49,24,0,2,23,25,7,1061229500,1,128,'',0);
INSERT INTO ezsearch_object_word_link (id, contentobject_id, word_id, frequency, placement, prev_word_id, next_word_id, contentclass_id, published, section_id, contentclass_attribute_id, identifier, integer_value) VALUES (59,49,25,0,3,24,26,7,1061229500,1,128,'',0);
INSERT INTO ezsearch_object_word_link (id, contentobject_id, word_id, frequency, placement, prev_word_id, next_word_id, contentclass_id, published, section_id, contentclass_attribute_id, identifier, integer_value) VALUES (60,49,26,0,4,25,27,7,1061229500,1,128,'',0);
INSERT INTO ezsearch_object_word_link (id, contentobject_id, word_id, frequency, placement, prev_word_id, next_word_id, contentclass_id, published, section_id, contentclass_attribute_id, identifier, integer_value) VALUES (61,49,27,0,5,26,0,7,1061229500,1,128,'',0);
INSERT INTO ezsearch_object_word_link (id, contentobject_id, word_id, frequency, placement, prev_word_id, next_word_id, contentclass_id, published, section_id, contentclass_attribute_id, identifier, integer_value) VALUES (62,50,28,0,0,0,24,7,1061229528,1,127,'',0);
INSERT INTO ezsearch_object_word_link (id, contentobject_id, word_id, frequency, placement, prev_word_id, next_word_id, contentclass_id, published, section_id, contentclass_attribute_id, identifier, integer_value) VALUES (63,50,24,0,1,28,17,7,1061229528,1,127,'',0);
INSERT INTO ezsearch_object_word_link (id, contentobject_id, word_id, frequency, placement, prev_word_id, next_word_id, contentclass_id, published, section_id, contentclass_attribute_id, identifier, integer_value) VALUES (64,50,17,0,2,24,21,7,1061229528,1,127,'',0);
INSERT INTO ezsearch_object_word_link (id, contentobject_id, word_id, frequency, placement, prev_word_id, next_word_id, contentclass_id, published, section_id, contentclass_attribute_id, identifier, integer_value) VALUES (65,50,21,0,3,17,15,7,1061229528,1,127,'',0);
INSERT INTO ezsearch_object_word_link (id, contentobject_id, word_id, frequency, placement, prev_word_id, next_word_id, contentclass_id, published, section_id, contentclass_attribute_id, identifier, integer_value) VALUES (66,50,15,0,4,21,29,7,1061229528,1,128,'',0);
INSERT INTO ezsearch_object_word_link (id, contentobject_id, word_id, frequency, placement, prev_word_id, next_word_id, contentclass_id, published, section_id, contentclass_attribute_id, identifier, integer_value) VALUES (67,50,29,0,5,15,30,7,1061229528,1,128,'',0);
INSERT INTO ezsearch_object_word_link (id, contentobject_id, word_id, frequency, placement, prev_word_id, next_word_id, contentclass_id, published, section_id, contentclass_attribute_id, identifier, integer_value) VALUES (68,50,30,0,6,29,31,7,1061229528,1,128,'',0);
INSERT INTO ezsearch_object_word_link (id, contentobject_id, word_id, frequency, placement, prev_word_id, next_word_id, contentclass_id, published, section_id, contentclass_attribute_id, identifier, integer_value) VALUES (69,50,31,0,7,30,32,7,1061229528,1,128,'',0);
INSERT INTO ezsearch_object_word_link (id, contentobject_id, word_id, frequency, placement, prev_word_id, next_word_id, contentclass_id, published, section_id, contentclass_attribute_id, identifier, integer_value) VALUES (70,50,32,0,8,31,33,7,1061229528,1,128,'',0);
INSERT INTO ezsearch_object_word_link (id, contentobject_id, word_id, frequency, placement, prev_word_id, next_word_id, contentclass_id, published, section_id, contentclass_attribute_id, identifier, integer_value) VALUES (71,50,33,0,9,32,0,7,1061229528,1,128,'',0);
INSERT INTO ezsearch_object_word_link (id, contentobject_id, word_id, frequency, placement, prev_word_id, next_word_id, contentclass_id, published, section_id, contentclass_attribute_id, identifier, integer_value) VALUES (72,51,34,0,0,0,35,11,1061229625,1,143,'',0);
INSERT INTO ezsearch_object_word_link (id, contentobject_id, word_id, frequency, placement, prev_word_id, next_word_id, contentclass_id, published, section_id, contentclass_attribute_id, identifier, integer_value) VALUES (73,51,35,0,1,34,36,11,1061229625,1,143,'',0);
INSERT INTO ezsearch_object_word_link (id, contentobject_id, word_id, frequency, placement, prev_word_id, next_word_id, contentclass_id, published, section_id, contentclass_attribute_id, identifier, integer_value) VALUES (74,51,36,0,2,35,37,11,1061229625,1,144,'',0);
INSERT INTO ezsearch_object_word_link (id, contentobject_id, word_id, frequency, placement, prev_word_id, next_word_id, contentclass_id, published, section_id, contentclass_attribute_id, identifier, integer_value) VALUES (75,51,37,0,3,36,38,11,1061229625,1,144,'',0);
INSERT INTO ezsearch_object_word_link (id, contentobject_id, word_id, frequency, placement, prev_word_id, next_word_id, contentclass_id, published, section_id, contentclass_attribute_id, identifier, integer_value) VALUES (76,51,38,0,4,37,39,11,1061229625,1,144,'',0);
INSERT INTO ezsearch_object_word_link (id, contentobject_id, word_id, frequency, placement, prev_word_id, next_word_id, contentclass_id, published, section_id, contentclass_attribute_id, identifier, integer_value) VALUES (77,51,39,0,5,38,40,11,1061229625,1,144,'',0);
INSERT INTO ezsearch_object_word_link (id, contentobject_id, word_id, frequency, placement, prev_word_id, next_word_id, contentclass_id, published, section_id, contentclass_attribute_id, identifier, integer_value) VALUES (78,51,40,0,6,39,41,11,1061229625,1,144,'',0);
INSERT INTO ezsearch_object_word_link (id, contentobject_id, word_id, frequency, placement, prev_word_id, next_word_id, contentclass_id, published, section_id, contentclass_attribute_id, identifier, integer_value) VALUES (79,51,41,0,7,40,42,11,1061229625,1,144,'',0);
INSERT INTO ezsearch_object_word_link (id, contentobject_id, word_id, frequency, placement, prev_word_id, next_word_id, contentclass_id, published, section_id, contentclass_attribute_id, identifier, integer_value) VALUES (80,51,42,0,8,41,43,11,1061229625,1,144,'',0);
INSERT INTO ezsearch_object_word_link (id, contentobject_id, word_id, frequency, placement, prev_word_id, next_word_id, contentclass_id, published, section_id, contentclass_attribute_id, identifier, integer_value) VALUES (81,51,43,0,9,42,44,11,1061229625,1,144,'',0);
INSERT INTO ezsearch_object_word_link (id, contentobject_id, word_id, frequency, placement, prev_word_id, next_word_id, contentclass_id, published, section_id, contentclass_attribute_id, identifier, integer_value) VALUES (82,51,44,0,10,43,45,11,1061229625,1,144,'',0);
INSERT INTO ezsearch_object_word_link (id, contentobject_id, word_id, frequency, placement, prev_word_id, next_word_id, contentclass_id, published, section_id, contentclass_attribute_id, identifier, integer_value) VALUES (83,51,45,0,11,44,0,11,1061229625,1,144,'',0);
INSERT INTO ezsearch_object_word_link (id, contentobject_id, word_id, frequency, placement, prev_word_id, next_word_id, contentclass_id, published, section_id, contentclass_attribute_id, identifier, integer_value) VALUES (84,52,11,0,0,0,46,10,1061229739,1,140,'',0);
INSERT INTO ezsearch_object_word_link (id, contentobject_id, word_id, frequency, placement, prev_word_id, next_word_id, contentclass_id, published, section_id, contentclass_attribute_id, identifier, integer_value) VALUES (85,52,46,0,1,11,47,10,1061229739,1,140,'',0);
INSERT INTO ezsearch_object_word_link (id, contentobject_id, word_id, frequency, placement, prev_word_id, next_word_id, contentclass_id, published, section_id, contentclass_attribute_id, identifier, integer_value) VALUES (86,52,47,0,2,46,48,10,1061229739,1,140,'',0);
INSERT INTO ezsearch_object_word_link (id, contentobject_id, word_id, frequency, placement, prev_word_id, next_word_id, contentclass_id, published, section_id, contentclass_attribute_id, identifier, integer_value) VALUES (87,52,48,0,3,47,49,10,1061229739,1,141,'',0);
INSERT INTO ezsearch_object_word_link (id, contentobject_id, word_id, frequency, placement, prev_word_id, next_word_id, contentclass_id, published, section_id, contentclass_attribute_id, identifier, integer_value) VALUES (88,52,49,0,4,48,50,10,1061229739,1,141,'',0);
INSERT INTO ezsearch_object_word_link (id, contentobject_id, word_id, frequency, placement, prev_word_id, next_word_id, contentclass_id, published, section_id, contentclass_attribute_id, identifier, integer_value) VALUES (89,52,50,0,5,49,48,10,1061229739,1,141,'',0);
INSERT INTO ezsearch_object_word_link (id, contentobject_id, word_id, frequency, placement, prev_word_id, next_word_id, contentclass_id, published, section_id, contentclass_attribute_id, identifier, integer_value) VALUES (90,52,48,0,6,50,49,10,1061229739,1,141,'',0);
INSERT INTO ezsearch_object_word_link (id, contentobject_id, word_id, frequency, placement, prev_word_id, next_word_id, contentclass_id, published, section_id, contentclass_attribute_id, identifier, integer_value) VALUES (91,52,49,0,7,48,50,10,1061229739,1,141,'',0);
INSERT INTO ezsearch_object_word_link (id, contentobject_id, word_id, frequency, placement, prev_word_id, next_word_id, contentclass_id, published, section_id, contentclass_attribute_id, identifier, integer_value) VALUES (92,52,50,0,8,49,51,10,1061229739,1,141,'',0);
INSERT INTO ezsearch_object_word_link (id, contentobject_id, word_id, frequency, placement, prev_word_id, next_word_id, contentclass_id, published, section_id, contentclass_attribute_id, identifier, integer_value) VALUES (93,52,51,0,9,50,52,10,1061229739,1,141,'',0);
INSERT INTO ezsearch_object_word_link (id, contentobject_id, word_id, frequency, placement, prev_word_id, next_word_id, contentclass_id, published, section_id, contentclass_attribute_id, identifier, integer_value) VALUES (94,52,52,0,10,51,53,10,1061229739,1,141,'',0);
INSERT INTO ezsearch_object_word_link (id, contentobject_id, word_id, frequency, placement, prev_word_id, next_word_id, contentclass_id, published, section_id, contentclass_attribute_id, identifier, integer_value) VALUES (95,52,53,0,11,52,54,10,1061229739,1,141,'',0);
INSERT INTO ezsearch_object_word_link (id, contentobject_id, word_id, frequency, placement, prev_word_id, next_word_id, contentclass_id, published, section_id, contentclass_attribute_id, identifier, integer_value) VALUES (96,52,54,0,12,53,55,10,1061229739,1,141,'',0);
INSERT INTO ezsearch_object_word_link (id, contentobject_id, word_id, frequency, placement, prev_word_id, next_word_id, contentclass_id, published, section_id, contentclass_attribute_id, identifier, integer_value) VALUES (97,52,55,0,13,54,56,10,1061229739,1,141,'',0);
INSERT INTO ezsearch_object_word_link (id, contentobject_id, word_id, frequency, placement, prev_word_id, next_word_id, contentclass_id, published, section_id, contentclass_attribute_id, identifier, integer_value) VALUES (98,52,56,0,14,55,57,10,1061229739,1,141,'',0);
INSERT INTO ezsearch_object_word_link (id, contentobject_id, word_id, frequency, placement, prev_word_id, next_word_id, contentclass_id, published, section_id, contentclass_attribute_id, identifier, integer_value) VALUES (99,52,57,0,15,56,58,10,1061229739,1,141,'',0);
INSERT INTO ezsearch_object_word_link (id, contentobject_id, word_id, frequency, placement, prev_word_id, next_word_id, contentclass_id, published, section_id, contentclass_attribute_id, identifier, integer_value) VALUES (100,52,58,0,16,57,59,10,1061229739,1,141,'',0);
INSERT INTO ezsearch_object_word_link (id, contentobject_id, word_id, frequency, placement, prev_word_id, next_word_id, contentclass_id, published, section_id, contentclass_attribute_id, identifier, integer_value) VALUES (101,52,59,0,17,58,60,10,1061229739,1,141,'',0);
INSERT INTO ezsearch_object_word_link (id, contentobject_id, word_id, frequency, placement, prev_word_id, next_word_id, contentclass_id, published, section_id, contentclass_attribute_id, identifier, integer_value) VALUES (102,52,60,0,18,59,61,10,1061229739,1,141,'',0);
INSERT INTO ezsearch_object_word_link (id, contentobject_id, word_id, frequency, placement, prev_word_id, next_word_id, contentclass_id, published, section_id, contentclass_attribute_id, identifier, integer_value) VALUES (103,52,61,0,19,60,62,10,1061229739,1,141,'',0);
INSERT INTO ezsearch_object_word_link (id, contentobject_id, word_id, frequency, placement, prev_word_id, next_word_id, contentclass_id, published, section_id, contentclass_attribute_id, identifier, integer_value) VALUES (104,52,62,0,20,61,63,10,1061229739,1,141,'',0);
INSERT INTO ezsearch_object_word_link (id, contentobject_id, word_id, frequency, placement, prev_word_id, next_word_id, contentclass_id, published, section_id, contentclass_attribute_id, identifier, integer_value) VALUES (105,52,63,0,21,62,64,10,1061229739,1,141,'',0);
INSERT INTO ezsearch_object_word_link (id, contentobject_id, word_id, frequency, placement, prev_word_id, next_word_id, contentclass_id, published, section_id, contentclass_attribute_id, identifier, integer_value) VALUES (106,52,64,0,22,63,65,10,1061229739,1,141,'',0);
INSERT INTO ezsearch_object_word_link (id, contentobject_id, word_id, frequency, placement, prev_word_id, next_word_id, contentclass_id, published, section_id, contentclass_attribute_id, identifier, integer_value) VALUES (107,52,65,0,23,64,65,10,1061229739,1,141,'',0);
INSERT INTO ezsearch_object_word_link (id, contentobject_id, word_id, frequency, placement, prev_word_id, next_word_id, contentclass_id, published, section_id, contentclass_attribute_id, identifier, integer_value) VALUES (108,52,65,0,24,65,66,10,1061229739,1,141,'',0);
INSERT INTO ezsearch_object_word_link (id, contentobject_id, word_id, frequency, placement, prev_word_id, next_word_id, contentclass_id, published, section_id, contentclass_attribute_id, identifier, integer_value) VALUES (109,52,66,0,25,65,67,10,1061229739,1,141,'',0);
INSERT INTO ezsearch_object_word_link (id, contentobject_id, word_id, frequency, placement, prev_word_id, next_word_id, contentclass_id, published, section_id, contentclass_attribute_id, identifier, integer_value) VALUES (110,52,67,0,26,66,68,10,1061229739,1,141,'',0);
INSERT INTO ezsearch_object_word_link (id, contentobject_id, word_id, frequency, placement, prev_word_id, next_word_id, contentclass_id, published, section_id, contentclass_attribute_id, identifier, integer_value) VALUES (111,52,68,0,27,67,69,10,1061229739,1,141,'',0);
INSERT INTO ezsearch_object_word_link (id, contentobject_id, word_id, frequency, placement, prev_word_id, next_word_id, contentclass_id, published, section_id, contentclass_attribute_id, identifier, integer_value) VALUES (112,52,69,0,28,68,70,10,1061229739,1,141,'',0);
INSERT INTO ezsearch_object_word_link (id, contentobject_id, word_id, frequency, placement, prev_word_id, next_word_id, contentclass_id, published, section_id, contentclass_attribute_id, identifier, integer_value) VALUES (113,52,70,0,29,69,71,10,1061229739,1,141,'',0);
INSERT INTO ezsearch_object_word_link (id, contentobject_id, word_id, frequency, placement, prev_word_id, next_word_id, contentclass_id, published, section_id, contentclass_attribute_id, identifier, integer_value) VALUES (114,52,71,0,30,70,72,10,1061229739,1,141,'',0);
INSERT INTO ezsearch_object_word_link (id, contentobject_id, word_id, frequency, placement, prev_word_id, next_word_id, contentclass_id, published, section_id, contentclass_attribute_id, identifier, integer_value) VALUES (115,52,72,0,31,71,73,10,1061229739,1,141,'',0);
INSERT INTO ezsearch_object_word_link (id, contentobject_id, word_id, frequency, placement, prev_word_id, next_word_id, contentclass_id, published, section_id, contentclass_attribute_id, identifier, integer_value) VALUES (116,52,73,0,32,72,74,10,1061229739,1,141,'',0);
INSERT INTO ezsearch_object_word_link (id, contentobject_id, word_id, frequency, placement, prev_word_id, next_word_id, contentclass_id, published, section_id, contentclass_attribute_id, identifier, integer_value) VALUES (117,52,74,0,33,73,67,10,1061229739,1,141,'',0);
INSERT INTO ezsearch_object_word_link (id, contentobject_id, word_id, frequency, placement, prev_word_id, next_word_id, contentclass_id, published, section_id, contentclass_attribute_id, identifier, integer_value) VALUES (118,52,67,0,34,74,75,10,1061229739,1,141,'',0);
INSERT INTO ezsearch_object_word_link (id, contentobject_id, word_id, frequency, placement, prev_word_id, next_word_id, contentclass_id, published, section_id, contentclass_attribute_id, identifier, integer_value) VALUES (119,52,75,0,35,67,76,10,1061229739,1,141,'',0);
INSERT INTO ezsearch_object_word_link (id, contentobject_id, word_id, frequency, placement, prev_word_id, next_word_id, contentclass_id, published, section_id, contentclass_attribute_id, identifier, integer_value) VALUES (120,52,76,0,36,75,77,10,1061229739,1,141,'',0);
INSERT INTO ezsearch_object_word_link (id, contentobject_id, word_id, frequency, placement, prev_word_id, next_word_id, contentclass_id, published, section_id, contentclass_attribute_id, identifier, integer_value) VALUES (121,52,77,0,37,76,78,10,1061229739,1,141,'',0);
INSERT INTO ezsearch_object_word_link (id, contentobject_id, word_id, frequency, placement, prev_word_id, next_word_id, contentclass_id, published, section_id, contentclass_attribute_id, identifier, integer_value) VALUES (122,52,78,0,38,77,79,10,1061229739,1,141,'',0);
INSERT INTO ezsearch_object_word_link (id, contentobject_id, word_id, frequency, placement, prev_word_id, next_word_id, contentclass_id, published, section_id, contentclass_attribute_id, identifier, integer_value) VALUES (123,52,79,0,39,78,80,10,1061229739,1,141,'',0);
INSERT INTO ezsearch_object_word_link (id, contentobject_id, word_id, frequency, placement, prev_word_id, next_word_id, contentclass_id, published, section_id, contentclass_attribute_id, identifier, integer_value) VALUES (124,52,80,0,40,79,81,10,1061229739,1,141,'',0);
INSERT INTO ezsearch_object_word_link (id, contentobject_id, word_id, frequency, placement, prev_word_id, next_word_id, contentclass_id, published, section_id, contentclass_attribute_id, identifier, integer_value) VALUES (125,52,81,0,41,80,82,10,1061229739,1,141,'',0);
INSERT INTO ezsearch_object_word_link (id, contentobject_id, word_id, frequency, placement, prev_word_id, next_word_id, contentclass_id, published, section_id, contentclass_attribute_id, identifier, integer_value) VALUES (126,52,82,0,42,81,83,10,1061229739,1,141,'',0);
INSERT INTO ezsearch_object_word_link (id, contentobject_id, word_id, frequency, placement, prev_word_id, next_word_id, contentclass_id, published, section_id, contentclass_attribute_id, identifier, integer_value) VALUES (127,52,83,0,43,82,84,10,1061229739,1,141,'',0);
INSERT INTO ezsearch_object_word_link (id, contentobject_id, word_id, frequency, placement, prev_word_id, next_word_id, contentclass_id, published, section_id, contentclass_attribute_id, identifier, integer_value) VALUES (128,52,84,0,44,83,71,10,1061229739,1,141,'',0);
INSERT INTO ezsearch_object_word_link (id, contentobject_id, word_id, frequency, placement, prev_word_id, next_word_id, contentclass_id, published, section_id, contentclass_attribute_id, identifier, integer_value) VALUES (129,52,71,0,45,84,85,10,1061229739,1,141,'',0);
INSERT INTO ezsearch_object_word_link (id, contentobject_id, word_id, frequency, placement, prev_word_id, next_word_id, contentclass_id, published, section_id, contentclass_attribute_id, identifier, integer_value) VALUES (130,52,85,0,46,71,86,10,1061229739,1,141,'',0);
INSERT INTO ezsearch_object_word_link (id, contentobject_id, word_id, frequency, placement, prev_word_id, next_word_id, contentclass_id, published, section_id, contentclass_attribute_id, identifier, integer_value) VALUES (131,52,86,0,47,85,87,10,1061229739,1,141,'',0);
INSERT INTO ezsearch_object_word_link (id, contentobject_id, word_id, frequency, placement, prev_word_id, next_word_id, contentclass_id, published, section_id, contentclass_attribute_id, identifier, integer_value) VALUES (132,52,87,0,48,86,88,10,1061229739,1,141,'',0);
INSERT INTO ezsearch_object_word_link (id, contentobject_id, word_id, frequency, placement, prev_word_id, next_word_id, contentclass_id, published, section_id, contentclass_attribute_id, identifier, integer_value) VALUES (133,52,88,0,49,87,89,10,1061229739,1,141,'',0);
INSERT INTO ezsearch_object_word_link (id, contentobject_id, word_id, frequency, placement, prev_word_id, next_word_id, contentclass_id, published, section_id, contentclass_attribute_id, identifier, integer_value) VALUES (134,52,89,0,50,88,90,10,1061229739,1,141,'',0);
INSERT INTO ezsearch_object_word_link (id, contentobject_id, word_id, frequency, placement, prev_word_id, next_word_id, contentclass_id, published, section_id, contentclass_attribute_id, identifier, integer_value) VALUES (135,52,90,0,51,89,51,10,1061229739,1,141,'',0);
INSERT INTO ezsearch_object_word_link (id, contentobject_id, word_id, frequency, placement, prev_word_id, next_word_id, contentclass_id, published, section_id, contentclass_attribute_id, identifier, integer_value) VALUES (136,52,51,0,52,90,90,10,1061229739,1,141,'',0);
INSERT INTO ezsearch_object_word_link (id, contentobject_id, word_id, frequency, placement, prev_word_id, next_word_id, contentclass_id, published, section_id, contentclass_attribute_id, identifier, integer_value) VALUES (137,52,90,0,53,51,91,10,1061229739,1,141,'',0);
INSERT INTO ezsearch_object_word_link (id, contentobject_id, word_id, frequency, placement, prev_word_id, next_word_id, contentclass_id, published, section_id, contentclass_attribute_id, identifier, integer_value) VALUES (138,52,91,0,54,90,92,10,1061229739,1,141,'',0);
INSERT INTO ezsearch_object_word_link (id, contentobject_id, word_id, frequency, placement, prev_word_id, next_word_id, contentclass_id, published, section_id, contentclass_attribute_id, identifier, integer_value) VALUES (139,52,92,0,55,91,93,10,1061229739,1,141,'',0);
INSERT INTO ezsearch_object_word_link (id, contentobject_id, word_id, frequency, placement, prev_word_id, next_word_id, contentclass_id, published, section_id, contentclass_attribute_id, identifier, integer_value) VALUES (140,52,93,0,56,92,94,10,1061229739,1,141,'',0);
INSERT INTO ezsearch_object_word_link (id, contentobject_id, word_id, frequency, placement, prev_word_id, next_word_id, contentclass_id, published, section_id, contentclass_attribute_id, identifier, integer_value) VALUES (141,52,94,0,57,93,95,10,1061229739,1,141,'',0);
INSERT INTO ezsearch_object_word_link (id, contentobject_id, word_id, frequency, placement, prev_word_id, next_word_id, contentclass_id, published, section_id, contentclass_attribute_id, identifier, integer_value) VALUES (142,52,95,0,58,94,96,10,1061229739,1,141,'',0);
INSERT INTO ezsearch_object_word_link (id, contentobject_id, word_id, frequency, placement, prev_word_id, next_word_id, contentclass_id, published, section_id, contentclass_attribute_id, identifier, integer_value) VALUES (143,52,96,0,59,95,71,10,1061229739,1,141,'',0);
INSERT INTO ezsearch_object_word_link (id, contentobject_id, word_id, frequency, placement, prev_word_id, next_word_id, contentclass_id, published, section_id, contentclass_attribute_id, identifier, integer_value) VALUES (144,52,71,0,60,96,97,10,1061229739,1,141,'',0);
INSERT INTO ezsearch_object_word_link (id, contentobject_id, word_id, frequency, placement, prev_word_id, next_word_id, contentclass_id, published, section_id, contentclass_attribute_id, identifier, integer_value) VALUES (145,52,97,0,61,71,98,10,1061229739,1,141,'',0);
INSERT INTO ezsearch_object_word_link (id, contentobject_id, word_id, frequency, placement, prev_word_id, next_word_id, contentclass_id, published, section_id, contentclass_attribute_id, identifier, integer_value) VALUES (146,52,98,0,62,97,57,10,1061229739,1,141,'',0);
INSERT INTO ezsearch_object_word_link (id, contentobject_id, word_id, frequency, placement, prev_word_id, next_word_id, contentclass_id, published, section_id, contentclass_attribute_id, identifier, integer_value) VALUES (147,52,57,0,63,98,92,10,1061229739,1,141,'',0);
INSERT INTO ezsearch_object_word_link (id, contentobject_id, word_id, frequency, placement, prev_word_id, next_word_id, contentclass_id, published, section_id, contentclass_attribute_id, identifier, integer_value) VALUES (148,52,92,0,64,57,61,10,1061229739,1,141,'',0);
INSERT INTO ezsearch_object_word_link (id, contentobject_id, word_id, frequency, placement, prev_word_id, next_word_id, contentclass_id, published, section_id, contentclass_attribute_id, identifier, integer_value) VALUES (149,52,61,0,65,92,99,10,1061229739,1,141,'',0);
INSERT INTO ezsearch_object_word_link (id, contentobject_id, word_id, frequency, placement, prev_word_id, next_word_id, contentclass_id, published, section_id, contentclass_attribute_id, identifier, integer_value) VALUES (150,52,99,0,66,61,100,10,1061229739,1,141,'',0);
INSERT INTO ezsearch_object_word_link (id, contentobject_id, word_id, frequency, placement, prev_word_id, next_word_id, contentclass_id, published, section_id, contentclass_attribute_id, identifier, integer_value) VALUES (151,52,100,0,67,99,101,10,1061229739,1,141,'',0);
INSERT INTO ezsearch_object_word_link (id, contentobject_id, word_id, frequency, placement, prev_word_id, next_word_id, contentclass_id, published, section_id, contentclass_attribute_id, identifier, integer_value) VALUES (152,52,101,0,68,100,102,10,1061229739,1,141,'',0);
INSERT INTO ezsearch_object_word_link (id, contentobject_id, word_id, frequency, placement, prev_word_id, next_word_id, contentclass_id, published, section_id, contentclass_attribute_id, identifier, integer_value) VALUES (153,52,102,0,69,101,103,10,1061229739,1,141,'',0);
INSERT INTO ezsearch_object_word_link (id, contentobject_id, word_id, frequency, placement, prev_word_id, next_word_id, contentclass_id, published, section_id, contentclass_attribute_id, identifier, integer_value) VALUES (154,52,103,0,70,102,104,10,1061229739,1,141,'',0);
INSERT INTO ezsearch_object_word_link (id, contentobject_id, word_id, frequency, placement, prev_word_id, next_word_id, contentclass_id, published, section_id, contentclass_attribute_id, identifier, integer_value) VALUES (155,52,104,0,71,103,105,10,1061229739,1,141,'',0);
INSERT INTO ezsearch_object_word_link (id, contentobject_id, word_id, frequency, placement, prev_word_id, next_word_id, contentclass_id, published, section_id, contentclass_attribute_id, identifier, integer_value) VALUES (156,52,105,0,72,104,106,10,1061229739,1,141,'',0);
INSERT INTO ezsearch_object_word_link (id, contentobject_id, word_id, frequency, placement, prev_word_id, next_word_id, contentclass_id, published, section_id, contentclass_attribute_id, identifier, integer_value) VALUES (157,52,106,0,73,105,98,10,1061229739,1,141,'',0);
INSERT INTO ezsearch_object_word_link (id, contentobject_id, word_id, frequency, placement, prev_word_id, next_word_id, contentclass_id, published, section_id, contentclass_attribute_id, identifier, integer_value) VALUES (158,52,98,0,74,106,96,10,1061229739,1,141,'',0);
INSERT INTO ezsearch_object_word_link (id, contentobject_id, word_id, frequency, placement, prev_word_id, next_word_id, contentclass_id, published, section_id, contentclass_attribute_id, identifier, integer_value) VALUES (159,52,96,0,75,98,84,10,1061229739,1,141,'',0);
INSERT INTO ezsearch_object_word_link (id, contentobject_id, word_id, frequency, placement, prev_word_id, next_word_id, contentclass_id, published, section_id, contentclass_attribute_id, identifier, integer_value) VALUES (160,52,84,0,76,96,107,10,1061229739,1,141,'',0);
INSERT INTO ezsearch_object_word_link (id, contentobject_id, word_id, frequency, placement, prev_word_id, next_word_id, contentclass_id, published, section_id, contentclass_attribute_id, identifier, integer_value) VALUES (161,52,107,0,77,84,108,10,1061229739,1,141,'',0);
INSERT INTO ezsearch_object_word_link (id, contentobject_id, word_id, frequency, placement, prev_word_id, next_word_id, contentclass_id, published, section_id, contentclass_attribute_id, identifier, integer_value) VALUES (162,52,108,0,78,107,96,10,1061229739,1,141,'',0);
INSERT INTO ezsearch_object_word_link (id, contentobject_id, word_id, frequency, placement, prev_word_id, next_word_id, contentclass_id, published, section_id, contentclass_attribute_id, identifier, integer_value) VALUES (163,52,96,0,79,108,61,10,1061229739,1,141,'',0);
INSERT INTO ezsearch_object_word_link (id, contentobject_id, word_id, frequency, placement, prev_word_id, next_word_id, contentclass_id, published, section_id, contentclass_attribute_id, identifier, integer_value) VALUES (164,52,61,0,80,96,109,10,1061229739,1,141,'',0);
INSERT INTO ezsearch_object_word_link (id, contentobject_id, word_id, frequency, placement, prev_word_id, next_word_id, contentclass_id, published, section_id, contentclass_attribute_id, identifier, integer_value) VALUES (165,52,109,0,81,61,110,10,1061229739,1,141,'',0);
INSERT INTO ezsearch_object_word_link (id, contentobject_id, word_id, frequency, placement, prev_word_id, next_word_id, contentclass_id, published, section_id, contentclass_attribute_id, identifier, integer_value) VALUES (166,52,110,0,82,109,111,10,1061229739,1,141,'',0);
INSERT INTO ezsearch_object_word_link (id, contentobject_id, word_id, frequency, placement, prev_word_id, next_word_id, contentclass_id, published, section_id, contentclass_attribute_id, identifier, integer_value) VALUES (167,52,111,0,83,110,112,10,1061229739,1,141,'',0);
INSERT INTO ezsearch_object_word_link (id, contentobject_id, word_id, frequency, placement, prev_word_id, next_word_id, contentclass_id, published, section_id, contentclass_attribute_id, identifier, integer_value) VALUES (168,52,112,0,84,111,113,10,1061229739,1,141,'',0);
INSERT INTO ezsearch_object_word_link (id, contentobject_id, word_id, frequency, placement, prev_word_id, next_word_id, contentclass_id, published, section_id, contentclass_attribute_id, identifier, integer_value) VALUES (169,52,113,0,85,112,114,10,1061229739,1,141,'',0);
INSERT INTO ezsearch_object_word_link (id, contentobject_id, word_id, frequency, placement, prev_word_id, next_word_id, contentclass_id, published, section_id, contentclass_attribute_id, identifier, integer_value) VALUES (170,52,114,0,86,113,111,10,1061229739,1,141,'',0);
INSERT INTO ezsearch_object_word_link (id, contentobject_id, word_id, frequency, placement, prev_word_id, next_word_id, contentclass_id, published, section_id, contentclass_attribute_id, identifier, integer_value) VALUES (171,52,111,0,87,114,115,10,1061229739,1,141,'',0);
INSERT INTO ezsearch_object_word_link (id, contentobject_id, word_id, frequency, placement, prev_word_id, next_word_id, contentclass_id, published, section_id, contentclass_attribute_id, identifier, integer_value) VALUES (172,52,115,0,88,111,116,10,1061229739,1,141,'',0);
INSERT INTO ezsearch_object_word_link (id, contentobject_id, word_id, frequency, placement, prev_word_id, next_word_id, contentclass_id, published, section_id, contentclass_attribute_id, identifier, integer_value) VALUES (173,52,116,0,89,115,117,10,1061229739,1,141,'',0);
INSERT INTO ezsearch_object_word_link (id, contentobject_id, word_id, frequency, placement, prev_word_id, next_word_id, contentclass_id, published, section_id, contentclass_attribute_id, identifier, integer_value) VALUES (174,52,117,0,90,116,96,10,1061229739,1,141,'',0);
INSERT INTO ezsearch_object_word_link (id, contentobject_id, word_id, frequency, placement, prev_word_id, next_word_id, contentclass_id, published, section_id, contentclass_attribute_id, identifier, integer_value) VALUES (175,52,96,0,91,117,118,10,1061229739,1,141,'',0);
INSERT INTO ezsearch_object_word_link (id, contentobject_id, word_id, frequency, placement, prev_word_id, next_word_id, contentclass_id, published, section_id, contentclass_attribute_id, identifier, integer_value) VALUES (176,52,118,0,92,96,119,10,1061229739,1,141,'',0);
INSERT INTO ezsearch_object_word_link (id, contentobject_id, word_id, frequency, placement, prev_word_id, next_word_id, contentclass_id, published, section_id, contentclass_attribute_id, identifier, integer_value) VALUES (177,52,119,0,93,118,120,10,1061229739,1,141,'',0);
INSERT INTO ezsearch_object_word_link (id, contentobject_id, word_id, frequency, placement, prev_word_id, next_word_id, contentclass_id, published, section_id, contentclass_attribute_id, identifier, integer_value) VALUES (178,52,120,0,94,119,121,10,1061229739,1,141,'',0);
INSERT INTO ezsearch_object_word_link (id, contentobject_id, word_id, frequency, placement, prev_word_id, next_word_id, contentclass_id, published, section_id, contentclass_attribute_id, identifier, integer_value) VALUES (179,52,121,0,95,120,122,10,1061229739,1,141,'',0);
INSERT INTO ezsearch_object_word_link (id, contentobject_id, word_id, frequency, placement, prev_word_id, next_word_id, contentclass_id, published, section_id, contentclass_attribute_id, identifier, integer_value) VALUES (180,52,122,0,96,121,58,10,1061229739,1,141,'',0);
INSERT INTO ezsearch_object_word_link (id, contentobject_id, word_id, frequency, placement, prev_word_id, next_word_id, contentclass_id, published, section_id, contentclass_attribute_id, identifier, integer_value) VALUES (181,52,58,0,97,122,123,10,1061229739,1,141,'',0);
INSERT INTO ezsearch_object_word_link (id, contentobject_id, word_id, frequency, placement, prev_word_id, next_word_id, contentclass_id, published, section_id, contentclass_attribute_id, identifier, integer_value) VALUES (182,52,123,0,98,58,102,10,1061229739,1,141,'',0);
INSERT INTO ezsearch_object_word_link (id, contentobject_id, word_id, frequency, placement, prev_word_id, next_word_id, contentclass_id, published, section_id, contentclass_attribute_id, identifier, integer_value) VALUES (183,52,102,0,99,123,106,10,1061229739,1,141,'',0);
INSERT INTO ezsearch_object_word_link (id, contentobject_id, word_id, frequency, placement, prev_word_id, next_word_id, contentclass_id, published, section_id, contentclass_attribute_id, identifier, integer_value) VALUES (184,52,106,0,100,102,124,10,1061229739,1,141,'',0);
INSERT INTO ezsearch_object_word_link (id, contentobject_id, word_id, frequency, placement, prev_word_id, next_word_id, contentclass_id, published, section_id, contentclass_attribute_id, identifier, integer_value) VALUES (185,52,124,0,101,106,125,10,1061229739,1,141,'',0);
INSERT INTO ezsearch_object_word_link (id, contentobject_id, word_id, frequency, placement, prev_word_id, next_word_id, contentclass_id, published, section_id, contentclass_attribute_id, identifier, integer_value) VALUES (186,52,125,0,102,124,68,10,1061229739,1,141,'',0);
INSERT INTO ezsearch_object_word_link (id, contentobject_id, word_id, frequency, placement, prev_word_id, next_word_id, contentclass_id, published, section_id, contentclass_attribute_id, identifier, integer_value) VALUES (187,52,68,0,103,125,126,10,1061229739,1,141,'',0);
INSERT INTO ezsearch_object_word_link (id, contentobject_id, word_id, frequency, placement, prev_word_id, next_word_id, contentclass_id, published, section_id, contentclass_attribute_id, identifier, integer_value) VALUES (188,52,126,0,104,68,90,10,1061229739,1,141,'',0);
INSERT INTO ezsearch_object_word_link (id, contentobject_id, word_id, frequency, placement, prev_word_id, next_word_id, contentclass_id, published, section_id, contentclass_attribute_id, identifier, integer_value) VALUES (189,52,90,0,105,126,83,10,1061229739,1,141,'',0);
INSERT INTO ezsearch_object_word_link (id, contentobject_id, word_id, frequency, placement, prev_word_id, next_word_id, contentclass_id, published, section_id, contentclass_attribute_id, identifier, integer_value) VALUES (190,52,83,0,106,90,99,10,1061229739,1,141,'',0);
INSERT INTO ezsearch_object_word_link (id, contentobject_id, word_id, frequency, placement, prev_word_id, next_word_id, contentclass_id, published, section_id, contentclass_attribute_id, identifier, integer_value) VALUES (191,52,99,0,107,83,127,10,1061229739,1,141,'',0);
INSERT INTO ezsearch_object_word_link (id, contentobject_id, word_id, frequency, placement, prev_word_id, next_word_id, contentclass_id, published, section_id, contentclass_attribute_id, identifier, integer_value) VALUES (192,52,127,0,108,99,106,10,1061229739,1,141,'',0);
INSERT INTO ezsearch_object_word_link (id, contentobject_id, word_id, frequency, placement, prev_word_id, next_word_id, contentclass_id, published, section_id, contentclass_attribute_id, identifier, integer_value) VALUES (193,52,106,0,109,127,128,10,1061229739,1,141,'',0);
INSERT INTO ezsearch_object_word_link (id, contentobject_id, word_id, frequency, placement, prev_word_id, next_word_id, contentclass_id, published, section_id, contentclass_attribute_id, identifier, integer_value) VALUES (194,52,128,0,110,106,75,10,1061229739,1,141,'',0);
INSERT INTO ezsearch_object_word_link (id, contentobject_id, word_id, frequency, placement, prev_word_id, next_word_id, contentclass_id, published, section_id, contentclass_attribute_id, identifier, integer_value) VALUES (195,52,75,0,111,128,129,10,1061229739,1,141,'',0);
INSERT INTO ezsearch_object_word_link (id, contentobject_id, word_id, frequency, placement, prev_word_id, next_word_id, contentclass_id, published, section_id, contentclass_attribute_id, identifier, integer_value) VALUES (196,52,129,0,112,75,113,10,1061229739,1,141,'',0);
INSERT INTO ezsearch_object_word_link (id, contentobject_id, word_id, frequency, placement, prev_word_id, next_word_id, contentclass_id, published, section_id, contentclass_attribute_id, identifier, integer_value) VALUES (197,52,113,0,113,129,118,10,1061229739,1,141,'',0);
INSERT INTO ezsearch_object_word_link (id, contentobject_id, word_id, frequency, placement, prev_word_id, next_word_id, contentclass_id, published, section_id, contentclass_attribute_id, identifier, integer_value) VALUES (198,52,118,0,114,113,119,10,1061229739,1,141,'',0);
INSERT INTO ezsearch_object_word_link (id, contentobject_id, word_id, frequency, placement, prev_word_id, next_word_id, contentclass_id, published, section_id, contentclass_attribute_id, identifier, integer_value) VALUES (199,52,119,0,115,118,70,10,1061229739,1,141,'',0);
INSERT INTO ezsearch_object_word_link (id, contentobject_id, word_id, frequency, placement, prev_word_id, next_word_id, contentclass_id, published, section_id, contentclass_attribute_id, identifier, integer_value) VALUES (200,52,70,0,116,119,125,10,1061229739,1,141,'',0);
INSERT INTO ezsearch_object_word_link (id, contentobject_id, word_id, frequency, placement, prev_word_id, next_word_id, contentclass_id, published, section_id, contentclass_attribute_id, identifier, integer_value) VALUES (201,52,125,0,117,70,130,10,1061229739,1,141,'',0);
INSERT INTO ezsearch_object_word_link (id, contentobject_id, word_id, frequency, placement, prev_word_id, next_word_id, contentclass_id, published, section_id, contentclass_attribute_id, identifier, integer_value) VALUES (202,52,130,0,118,125,131,10,1061229739,1,141,'',0);
INSERT INTO ezsearch_object_word_link (id, contentobject_id, word_id, frequency, placement, prev_word_id, next_word_id, contentclass_id, published, section_id, contentclass_attribute_id, identifier, integer_value) VALUES (203,52,131,0,119,130,132,10,1061229739,1,141,'',0);
INSERT INTO ezsearch_object_word_link (id, contentobject_id, word_id, frequency, placement, prev_word_id, next_word_id, contentclass_id, published, section_id, contentclass_attribute_id, identifier, integer_value) VALUES (204,52,132,0,120,131,133,10,1061229739,1,141,'',0);
INSERT INTO ezsearch_object_word_link (id, contentobject_id, word_id, frequency, placement, prev_word_id, next_word_id, contentclass_id, published, section_id, contentclass_attribute_id, identifier, integer_value) VALUES (205,52,133,0,121,132,86,10,1061229739,1,141,'',0);
INSERT INTO ezsearch_object_word_link (id, contentobject_id, word_id, frequency, placement, prev_word_id, next_word_id, contentclass_id, published, section_id, contentclass_attribute_id, identifier, integer_value) VALUES (206,52,86,0,122,133,132,10,1061229739,1,141,'',0);
INSERT INTO ezsearch_object_word_link (id, contentobject_id, word_id, frequency, placement, prev_word_id, next_word_id, contentclass_id, published, section_id, contentclass_attribute_id, identifier, integer_value) VALUES (207,52,132,0,123,86,63,10,1061229739,1,141,'',0);
INSERT INTO ezsearch_object_word_link (id, contentobject_id, word_id, frequency, placement, prev_word_id, next_word_id, contentclass_id, published, section_id, contentclass_attribute_id, identifier, integer_value) VALUES (208,52,63,0,124,132,134,10,1061229739,1,141,'',0);
INSERT INTO ezsearch_object_word_link (id, contentobject_id, word_id, frequency, placement, prev_word_id, next_word_id, contentclass_id, published, section_id, contentclass_attribute_id, identifier, integer_value) VALUES (209,52,134,0,125,63,135,10,1061229739,1,141,'',0);
INSERT INTO ezsearch_object_word_link (id, contentobject_id, word_id, frequency, placement, prev_word_id, next_word_id, contentclass_id, published, section_id, contentclass_attribute_id, identifier, integer_value) VALUES (210,52,135,0,126,134,136,10,1061229739,1,141,'',0);
INSERT INTO ezsearch_object_word_link (id, contentobject_id, word_id, frequency, placement, prev_word_id, next_word_id, contentclass_id, published, section_id, contentclass_attribute_id, identifier, integer_value) VALUES (211,52,136,0,127,135,103,10,1061229739,1,141,'',0);
INSERT INTO ezsearch_object_word_link (id, contentobject_id, word_id, frequency, placement, prev_word_id, next_word_id, contentclass_id, published, section_id, contentclass_attribute_id, identifier, integer_value) VALUES (212,52,103,0,128,136,72,10,1061229739,1,141,'',0);
INSERT INTO ezsearch_object_word_link (id, contentobject_id, word_id, frequency, placement, prev_word_id, next_word_id, contentclass_id, published, section_id, contentclass_attribute_id, identifier, integer_value) VALUES (213,52,72,0,129,103,137,10,1061229739,1,141,'',0);
INSERT INTO ezsearch_object_word_link (id, contentobject_id, word_id, frequency, placement, prev_word_id, next_word_id, contentclass_id, published, section_id, contentclass_attribute_id, identifier, integer_value) VALUES (214,52,137,0,130,72,71,10,1061229739,1,141,'',0);
INSERT INTO ezsearch_object_word_link (id, contentobject_id, word_id, frequency, placement, prev_word_id, next_word_id, contentclass_id, published, section_id, contentclass_attribute_id, identifier, integer_value) VALUES (215,52,71,0,131,137,95,10,1061229739,1,141,'',0);
INSERT INTO ezsearch_object_word_link (id, contentobject_id, word_id, frequency, placement, prev_word_id, next_word_id, contentclass_id, published, section_id, contentclass_attribute_id, identifier, integer_value) VALUES (216,52,95,0,132,71,78,10,1061229739,1,141,'',0);
INSERT INTO ezsearch_object_word_link (id, contentobject_id, word_id, frequency, placement, prev_word_id, next_word_id, contentclass_id, published, section_id, contentclass_attribute_id, identifier, integer_value) VALUES (217,52,78,0,133,95,138,10,1061229739,1,141,'',0);
INSERT INTO ezsearch_object_word_link (id, contentobject_id, word_id, frequency, placement, prev_word_id, next_word_id, contentclass_id, published, section_id, contentclass_attribute_id, identifier, integer_value) VALUES (218,52,138,0,134,78,139,10,1061229739,1,141,'',0);
INSERT INTO ezsearch_object_word_link (id, contentobject_id, word_id, frequency, placement, prev_word_id, next_word_id, contentclass_id, published, section_id, contentclass_attribute_id, identifier, integer_value) VALUES (219,52,139,0,135,138,84,10,1061229739,1,141,'',0);
INSERT INTO ezsearch_object_word_link (id, contentobject_id, word_id, frequency, placement, prev_word_id, next_word_id, contentclass_id, published, section_id, contentclass_attribute_id, identifier, integer_value) VALUES (220,52,84,0,136,139,84,10,1061229739,1,141,'',0);
INSERT INTO ezsearch_object_word_link (id, contentobject_id, word_id, frequency, placement, prev_word_id, next_word_id, contentclass_id, published, section_id, contentclass_attribute_id, identifier, integer_value) VALUES (221,52,84,0,137,84,92,10,1061229739,1,141,'',0);
INSERT INTO ezsearch_object_word_link (id, contentobject_id, word_id, frequency, placement, prev_word_id, next_word_id, contentclass_id, published, section_id, contentclass_attribute_id, identifier, integer_value) VALUES (222,52,92,0,138,84,72,10,1061229739,1,141,'',0);
INSERT INTO ezsearch_object_word_link (id, contentobject_id, word_id, frequency, placement, prev_word_id, next_word_id, contentclass_id, published, section_id, contentclass_attribute_id, identifier, integer_value) VALUES (223,52,72,0,139,92,140,10,1061229739,1,141,'',0);
INSERT INTO ezsearch_object_word_link (id, contentobject_id, word_id, frequency, placement, prev_word_id, next_word_id, contentclass_id, published, section_id, contentclass_attribute_id, identifier, integer_value) VALUES (224,52,140,0,140,72,141,10,1061229739,1,141,'',0);
INSERT INTO ezsearch_object_word_link (id, contentobject_id, word_id, frequency, placement, prev_word_id, next_word_id, contentclass_id, published, section_id, contentclass_attribute_id, identifier, integer_value) VALUES (225,52,141,0,141,140,73,10,1061229739,1,141,'',0);
INSERT INTO ezsearch_object_word_link (id, contentobject_id, word_id, frequency, placement, prev_word_id, next_word_id, contentclass_id, published, section_id, contentclass_attribute_id, identifier, integer_value) VALUES (226,52,73,0,142,141,90,10,1061229739,1,141,'',0);
INSERT INTO ezsearch_object_word_link (id, contentobject_id, word_id, frequency, placement, prev_word_id, next_word_id, contentclass_id, published, section_id, contentclass_attribute_id, identifier, integer_value) VALUES (227,52,90,0,143,73,111,10,1061229739,1,141,'',0);
INSERT INTO ezsearch_object_word_link (id, contentobject_id, word_id, frequency, placement, prev_word_id, next_word_id, contentclass_id, published, section_id, contentclass_attribute_id, identifier, integer_value) VALUES (228,52,111,0,144,90,127,10,1061229739,1,141,'',0);
INSERT INTO ezsearch_object_word_link (id, contentobject_id, word_id, frequency, placement, prev_word_id, next_word_id, contentclass_id, published, section_id, contentclass_attribute_id, identifier, integer_value) VALUES (229,52,127,0,145,111,86,10,1061229739,1,141,'',0);
INSERT INTO ezsearch_object_word_link (id, contentobject_id, word_id, frequency, placement, prev_word_id, next_word_id, contentclass_id, published, section_id, contentclass_attribute_id, identifier, integer_value) VALUES (230,52,86,0,146,127,142,10,1061229739,1,141,'',0);
INSERT INTO ezsearch_object_word_link (id, contentobject_id, word_id, frequency, placement, prev_word_id, next_word_id, contentclass_id, published, section_id, contentclass_attribute_id, identifier, integer_value) VALUES (231,52,142,0,147,86,143,10,1061229739,1,141,'',0);
INSERT INTO ezsearch_object_word_link (id, contentobject_id, word_id, frequency, placement, prev_word_id, next_word_id, contentclass_id, published, section_id, contentclass_attribute_id, identifier, integer_value) VALUES (232,52,143,0,148,142,73,10,1061229739,1,141,'',0);
INSERT INTO ezsearch_object_word_link (id, contentobject_id, word_id, frequency, placement, prev_word_id, next_word_id, contentclass_id, published, section_id, contentclass_attribute_id, identifier, integer_value) VALUES (233,52,73,0,149,143,86,10,1061229739,1,141,'',0);
INSERT INTO ezsearch_object_word_link (id, contentobject_id, word_id, frequency, placement, prev_word_id, next_word_id, contentclass_id, published, section_id, contentclass_attribute_id, identifier, integer_value) VALUES (234,52,86,0,150,73,144,10,1061229739,1,141,'',0);
INSERT INTO ezsearch_object_word_link (id, contentobject_id, word_id, frequency, placement, prev_word_id, next_word_id, contentclass_id, published, section_id, contentclass_attribute_id, identifier, integer_value) VALUES (235,52,144,0,151,86,84,10,1061229739,1,141,'',0);
INSERT INTO ezsearch_object_word_link (id, contentobject_id, word_id, frequency, placement, prev_word_id, next_word_id, contentclass_id, published, section_id, contentclass_attribute_id, identifier, integer_value) VALUES (236,52,84,0,152,144,67,10,1061229739,1,141,'',0);
INSERT INTO ezsearch_object_word_link (id, contentobject_id, word_id, frequency, placement, prev_word_id, next_word_id, contentclass_id, published, section_id, contentclass_attribute_id, identifier, integer_value) VALUES (237,52,67,0,153,84,58,10,1061229739,1,141,'',0);
INSERT INTO ezsearch_object_word_link (id, contentobject_id, word_id, frequency, placement, prev_word_id, next_word_id, contentclass_id, published, section_id, contentclass_attribute_id, identifier, integer_value) VALUES (238,52,58,0,154,67,62,10,1061229739,1,141,'',0);
INSERT INTO ezsearch_object_word_link (id, contentobject_id, word_id, frequency, placement, prev_word_id, next_word_id, contentclass_id, published, section_id, contentclass_attribute_id, identifier, integer_value) VALUES (239,52,62,0,155,58,78,10,1061229739,1,141,'',0);
INSERT INTO ezsearch_object_word_link (id, contentobject_id, word_id, frequency, placement, prev_word_id, next_word_id, contentclass_id, published, section_id, contentclass_attribute_id, identifier, integer_value) VALUES (240,52,78,0,156,62,76,10,1061229739,1,141,'',0);
INSERT INTO ezsearch_object_word_link (id, contentobject_id, word_id, frequency, placement, prev_word_id, next_word_id, contentclass_id, published, section_id, contentclass_attribute_id, identifier, integer_value) VALUES (241,52,76,0,157,78,105,10,1061229739,1,141,'',0);
INSERT INTO ezsearch_object_word_link (id, contentobject_id, word_id, frequency, placement, prev_word_id, next_word_id, contentclass_id, published, section_id, contentclass_attribute_id, identifier, integer_value) VALUES (242,52,105,0,158,76,123,10,1061229739,1,141,'',0);
INSERT INTO ezsearch_object_word_link (id, contentobject_id, word_id, frequency, placement, prev_word_id, next_word_id, contentclass_id, published, section_id, contentclass_attribute_id, identifier, integer_value) VALUES (243,52,123,0,159,105,145,10,1061229739,1,141,'',0);
INSERT INTO ezsearch_object_word_link (id, contentobject_id, word_id, frequency, placement, prev_word_id, next_word_id, contentclass_id, published, section_id, contentclass_attribute_id, identifier, integer_value) VALUES (244,52,145,0,160,123,86,10,1061229739,1,141,'',0);
INSERT INTO ezsearch_object_word_link (id, contentobject_id, word_id, frequency, placement, prev_word_id, next_word_id, contentclass_id, published, section_id, contentclass_attribute_id, identifier, integer_value) VALUES (245,52,86,0,161,145,120,10,1061229739,1,141,'',0);
INSERT INTO ezsearch_object_word_link (id, contentobject_id, word_id, frequency, placement, prev_word_id, next_word_id, contentclass_id, published, section_id, contentclass_attribute_id, identifier, integer_value) VALUES (246,52,120,0,162,86,95,10,1061229739,1,141,'',0);
INSERT INTO ezsearch_object_word_link (id, contentobject_id, word_id, frequency, placement, prev_word_id, next_word_id, contentclass_id, published, section_id, contentclass_attribute_id, identifier, integer_value) VALUES (247,52,95,0,163,120,92,10,1061229739,1,141,'',0);
INSERT INTO ezsearch_object_word_link (id, contentobject_id, word_id, frequency, placement, prev_word_id, next_word_id, contentclass_id, published, section_id, contentclass_attribute_id, identifier, integer_value) VALUES (248,52,92,0,164,95,86,10,1061229739,1,141,'',0);
INSERT INTO ezsearch_object_word_link (id, contentobject_id, word_id, frequency, placement, prev_word_id, next_word_id, contentclass_id, published, section_id, contentclass_attribute_id, identifier, integer_value) VALUES (249,52,86,0,165,92,71,10,1061229739,1,141,'',0);
INSERT INTO ezsearch_object_word_link (id, contentobject_id, word_id, frequency, placement, prev_word_id, next_word_id, contentclass_id, published, section_id, contentclass_attribute_id, identifier, integer_value) VALUES (250,52,71,0,166,86,106,10,1061229739,1,141,'',0);
INSERT INTO ezsearch_object_word_link (id, contentobject_id, word_id, frequency, placement, prev_word_id, next_word_id, contentclass_id, published, section_id, contentclass_attribute_id, identifier, integer_value) VALUES (251,52,106,0,167,71,60,10,1061229739,1,141,'',0);
INSERT INTO ezsearch_object_word_link (id, contentobject_id, word_id, frequency, placement, prev_word_id, next_word_id, contentclass_id, published, section_id, contentclass_attribute_id, identifier, integer_value) VALUES (252,52,60,0,168,106,69,10,1061229739,1,141,'',0);
INSERT INTO ezsearch_object_word_link (id, contentobject_id, word_id, frequency, placement, prev_word_id, next_word_id, contentclass_id, published, section_id, contentclass_attribute_id, identifier, integer_value) VALUES (253,52,69,0,169,60,57,10,1061229739,1,141,'',0);
INSERT INTO ezsearch_object_word_link (id, contentobject_id, word_id, frequency, placement, prev_word_id, next_word_id, contentclass_id, published, section_id, contentclass_attribute_id, identifier, integer_value) VALUES (254,52,57,0,170,69,48,10,1061229739,1,141,'',0);
INSERT INTO ezsearch_object_word_link (id, contentobject_id, word_id, frequency, placement, prev_word_id, next_word_id, contentclass_id, published, section_id, contentclass_attribute_id, identifier, integer_value) VALUES (255,52,48,0,171,57,94,10,1061229739,1,141,'',0);
INSERT INTO ezsearch_object_word_link (id, contentobject_id, word_id, frequency, placement, prev_word_id, next_word_id, contentclass_id, published, section_id, contentclass_attribute_id, identifier, integer_value) VALUES (256,52,94,0,172,48,146,10,1061229739,1,141,'',0);
INSERT INTO ezsearch_object_word_link (id, contentobject_id, word_id, frequency, placement, prev_word_id, next_word_id, contentclass_id, published, section_id, contentclass_attribute_id, identifier, integer_value) VALUES (257,52,146,0,173,94,147,10,1061229739,1,141,'',0);
INSERT INTO ezsearch_object_word_link (id, contentobject_id, word_id, frequency, placement, prev_word_id, next_word_id, contentclass_id, published, section_id, contentclass_attribute_id, identifier, integer_value) VALUES (258,52,147,0,174,146,83,10,1061229739,1,141,'',0);
INSERT INTO ezsearch_object_word_link (id, contentobject_id, word_id, frequency, placement, prev_word_id, next_word_id, contentclass_id, published, section_id, contentclass_attribute_id, identifier, integer_value) VALUES (259,52,83,0,175,147,60,10,1061229739,1,141,'',0);
INSERT INTO ezsearch_object_word_link (id, contentobject_id, word_id, frequency, placement, prev_word_id, next_word_id, contentclass_id, published, section_id, contentclass_attribute_id, identifier, integer_value) VALUES (260,52,60,0,176,83,94,10,1061229739,1,141,'',0);
INSERT INTO ezsearch_object_word_link (id, contentobject_id, word_id, frequency, placement, prev_word_id, next_word_id, contentclass_id, published, section_id, contentclass_attribute_id, identifier, integer_value) VALUES (261,52,94,0,177,60,0,10,1061229739,1,141,'',0);





CREATE TABLE ezsearch_return_count (
  id int(11) NOT NULL auto_increment,
  phrase_id int(11) NOT NULL default '0',
  time int(11) NOT NULL default '0',
  count int(11) NOT NULL default '0',
  PRIMARY KEY  (id)
) TYPE=MyISAM;










CREATE TABLE ezsearch_search_phrase (
  id int(11) NOT NULL auto_increment,
  phrase varchar(250) default NULL,
  PRIMARY KEY  (id)
) TYPE=MyISAM;










CREATE TABLE ezsearch_word (
  id int(11) NOT NULL auto_increment,
  word varchar(150) default NULL,
  object_count int(11) NOT NULL default '0',
  PRIMARY KEY  (id),
  KEY ezsearch_word (word)
) TYPE=MyISAM;





INSERT INTO ezsearch_word (id, word, object_count) VALUES (5,'test',1);
INSERT INTO ezsearch_word (id, word, object_count) VALUES (6,'media',1);
INSERT INTO ezsearch_word (id, word, object_count) VALUES (7,'forums',1);
INSERT INTO ezsearch_word (id, word, object_count) VALUES (8,'discussion',4);
INSERT INTO ezsearch_word (id, word, object_count) VALUES (9,'links',1);
INSERT INTO ezsearch_word (id, word, object_count) VALUES (10,'sports',1);
INSERT INTO ezsearch_word (id, word, object_count) VALUES (11,'about',4);
INSERT INTO ezsearch_word (id, word, object_count) VALUES (12,'music',1);
INSERT INTO ezsearch_word (id, word, object_count) VALUES (13,'first',1);
INSERT INTO ezsearch_word (id, word, object_count) VALUES (14,'post',1);
INSERT INTO ezsearch_word (id, word, object_count) VALUES (15,'i',2);
INSERT INTO ezsearch_word (id, word, object_count) VALUES (16,'was',1);
INSERT INTO ezsearch_word (id, word, object_count) VALUES (17,'the',3);
INSERT INTO ezsearch_word (id, word, object_count) VALUES (18,'to',1);
INSERT INTO ezsearch_word (id, word, object_count) VALUES (19,'here',1);
INSERT INTO ezsearch_word (id, word, object_count) VALUES (20,'foo',1);
INSERT INTO ezsearch_word (id, word, object_count) VALUES (21,'internet',2);
INSERT INTO ezsearch_word (id, word, object_count) VALUES (22,'pink',1);
INSERT INTO ezsearch_word (id, word, object_count) VALUES (23,'floyd',1);
INSERT INTO ezsearch_word (id, word, object_count) VALUES (24,'is',2);
INSERT INTO ezsearch_word (id, word, object_count) VALUES (25,'that',1);
INSERT INTO ezsearch_word (id, word, object_count) VALUES (26,'typical',1);
INSERT INTO ezsearch_word (id, word, object_count) VALUES (27,'britpop',1);
INSERT INTO ezsearch_word (id, word, object_count) VALUES (28,'where',1);
INSERT INTO ezsearch_word (id, word, object_count) VALUES (29,'ve',1);
INSERT INTO ezsearch_word (id, word, object_count) VALUES (30,'never',1);
INSERT INTO ezsearch_word (id, word, object_count) VALUES (31,'seen',1);
INSERT INTO ezsearch_word (id, word, object_count) VALUES (32,'it',1);
INSERT INTO ezsearch_word (id, word, object_count) VALUES (33,'before',1);
INSERT INTO ezsearch_word (id, word, object_count) VALUES (34,'ez',1);
INSERT INTO ezsearch_word (id, word, object_count) VALUES (35,'publish',1);
INSERT INTO ezsearch_word (id, word, object_count) VALUES (36,'open',1);
INSERT INTO ezsearch_word (id, word, object_count) VALUES (37,'source',1);
INSERT INTO ezsearch_word (id, word, object_count) VALUES (38,'content',1);
INSERT INTO ezsearch_word (id, word, object_count) VALUES (39,'management',1);
INSERT INTO ezsearch_word (id, word, object_count) VALUES (40,'system',1);
INSERT INTO ezsearch_word (id, word, object_count) VALUES (41,'and',1);
INSERT INTO ezsearch_word (id, word, object_count) VALUES (42,'development',1);
INSERT INTO ezsearch_word (id, word, object_count) VALUES (43,'framework',1);
INSERT INTO ezsearch_word (id, word, object_count) VALUES (44,'aka',1);
INSERT INTO ezsearch_word (id, word, object_count) VALUES (45,'oscmsdf',1);
INSERT INTO ezsearch_word (id, word, object_count) VALUES (46,'my',1);
INSERT INTO ezsearch_word (id, word, object_count) VALUES (47,'forum',1);
INSERT INTO ezsearch_word (id, word, object_count) VALUES (48,'proin',1);
INSERT INTO ezsearch_word (id, word, object_count) VALUES (49,'consectetuer',1);
INSERT INTO ezsearch_word (id, word, object_count) VALUES (50,'lacus',1);
INSERT INTO ezsearch_word (id, word, object_count) VALUES (51,'nec',1);
INSERT INTO ezsearch_word (id, word, object_count) VALUES (52,'neque',1);
INSERT INTO ezsearch_word (id, word, object_count) VALUES (53,'vivamus',1);
INSERT INTO ezsearch_word (id, word, object_count) VALUES (54,'volutpat',1);
INSERT INTO ezsearch_word (id, word, object_count) VALUES (55,'elit',1);
INSERT INTO ezsearch_word (id, word, object_count) VALUES (56,'id',1);
INSERT INTO ezsearch_word (id, word, object_count) VALUES (57,'purus',1);
INSERT INTO ezsearch_word (id, word, object_count) VALUES (58,'nulla',1);
INSERT INTO ezsearch_word (id, word, object_count) VALUES (59,'varius',1);
INSERT INTO ezsearch_word (id, word, object_count) VALUES (60,'dictum',1);
INSERT INTO ezsearch_word (id, word, object_count) VALUES (61,'est',1);
INSERT INTO ezsearch_word (id, word, object_count) VALUES (62,'maecenas',1);
INSERT INTO ezsearch_word (id, word, object_count) VALUES (63,'sapien',1);
INSERT INTO ezsearch_word (id, word, object_count) VALUES (64,'pede',1);
INSERT INTO ezsearch_word (id, word, object_count) VALUES (65,'mattis',1);
INSERT INTO ezsearch_word (id, word, object_count) VALUES (66,'mollis',1);
INSERT INTO ezsearch_word (id, word, object_count) VALUES (67,'in',1);
INSERT INTO ezsearch_word (id, word, object_count) VALUES (68,'pulvinar',1);
INSERT INTO ezsearch_word (id, word, object_count) VALUES (69,'a',1);
INSERT INTO ezsearch_word (id, word, object_count) VALUES (70,'mi',1);
INSERT INTO ezsearch_word (id, word, object_count) VALUES (71,'vestibulum',1);
INSERT INTO ezsearch_word (id, word, object_count) VALUES (72,'ante',1);
INSERT INTO ezsearch_word (id, word, object_count) VALUES (73,'ipsum',1);
INSERT INTO ezsearch_word (id, word, object_count) VALUES (74,'primis',1);
INSERT INTO ezsearch_word (id, word, object_count) VALUES (75,'faucibus',1);
INSERT INTO ezsearch_word (id, word, object_count) VALUES (76,'orci',1);
INSERT INTO ezsearch_word (id, word, object_count) VALUES (77,'luctus',1);
INSERT INTO ezsearch_word (id, word, object_count) VALUES (78,'et',1);
INSERT INTO ezsearch_word (id, word, object_count) VALUES (79,'ultrices',1);
INSERT INTO ezsearch_word (id, word, object_count) VALUES (80,'posuere',1);
INSERT INTO ezsearch_word (id, word, object_count) VALUES (81,'cubilia',1);
INSERT INTO ezsearch_word (id, word, object_count) VALUES (82,'curae',1);
INSERT INTO ezsearch_word (id, word, object_count) VALUES (83,'phasellus',1);
INSERT INTO ezsearch_word (id, word, object_count) VALUES (84,'arcu',1);
INSERT INTO ezsearch_word (id, word, object_count) VALUES (85,'justo',1);
INSERT INTO ezsearch_word (id, word, object_count) VALUES (86,'sed',1);
INSERT INTO ezsearch_word (id, word, object_count) VALUES (87,'rhoncus',1);
INSERT INTO ezsearch_word (id, word, object_count) VALUES (88,'suspendisse',1);
INSERT INTO ezsearch_word (id, word, object_count) VALUES (89,'quis',1);
INSERT INTO ezsearch_word (id, word, object_count) VALUES (90,'turpis',1);
INSERT INTO ezsearch_word (id, word, object_count) VALUES (91,'pretium',1);
INSERT INTO ezsearch_word (id, word, object_count) VALUES (92,'scelerisque',1);
INSERT INTO ezsearch_word (id, word, object_count) VALUES (93,'fusce',1);
INSERT INTO ezsearch_word (id, word, object_count) VALUES (94,'dignissim',1);
INSERT INTO ezsearch_word (id, word, object_count) VALUES (95,'metus',1);
INSERT INTO ezsearch_word (id, word, object_count) VALUES (96,'ut',1);
INSERT INTO ezsearch_word (id, word, object_count) VALUES (97,'rutrum',1);
INSERT INTO ezsearch_word (id, word, object_count) VALUES (98,'risus',1);
INSERT INTO ezsearch_word (id, word, object_count) VALUES (99,'eu',1);
INSERT INTO ezsearch_word (id, word, object_count) VALUES (100,'venenatis',1);
INSERT INTO ezsearch_word (id, word, object_count) VALUES (101,'velit',1);
INSERT INTO ezsearch_word (id, word, object_count) VALUES (102,'magna',1);
INSERT INTO ezsearch_word (id, word, object_count) VALUES (103,'ac',1);
INSERT INTO ezsearch_word (id, word, object_count) VALUES (104,'quam',1);
INSERT INTO ezsearch_word (id, word, object_count) VALUES (105,'morbi',1);
INSERT INTO ezsearch_word (id, word, object_count) VALUES (106,'non',1);
INSERT INTO ezsearch_word (id, word, object_count) VALUES (107,'eleifend',1);
INSERT INTO ezsearch_word (id, word, object_count) VALUES (108,'consequat',1);
INSERT INTO ezsearch_word (id, word, object_count) VALUES (109,'augue',1);
INSERT INTO ezsearch_word (id, word, object_count) VALUES (110,'malesuada',1);
INSERT INTO ezsearch_word (id, word, object_count) VALUES (111,'vitae',1);
INSERT INTO ezsearch_word (id, word, object_count) VALUES (112,'porttitor',1);
INSERT INTO ezsearch_word (id, word, object_count) VALUES (113,'pellentesque',1);
INSERT INTO ezsearch_word (id, word, object_count) VALUES (114,'egestas',1);
INSERT INTO ezsearch_word (id, word, object_count) VALUES (115,'nunc',1);
INSERT INTO ezsearch_word (id, word, object_count) VALUES (116,'curabitur',1);
INSERT INTO ezsearch_word (id, word, object_count) VALUES (117,'feugiat',1);
INSERT INTO ezsearch_word (id, word, object_count) VALUES (118,'sit',1);
INSERT INTO ezsearch_word (id, word, object_count) VALUES (119,'amet',1);
INSERT INTO ezsearch_word (id, word, object_count) VALUES (120,'dui',1);
INSERT INTO ezsearch_word (id, word, object_count) VALUES (121,'etiam',1);
INSERT INTO ezsearch_word (id, word, object_count) VALUES (122,'fermentum',1);
INSERT INTO ezsearch_word (id, word, object_count) VALUES (123,'ornare',1);
INSERT INTO ezsearch_word (id, word, object_count) VALUES (124,'urna',1);
INSERT INTO ezsearch_word (id, word, object_count) VALUES (125,'cras',1);
INSERT INTO ezsearch_word (id, word, object_count) VALUES (126,'imperdiet',1);
INSERT INTO ezsearch_word (id, word, object_count) VALUES (127,'felis',1);
INSERT INTO ezsearch_word (id, word, object_count) VALUES (128,'diam',1);
INSERT INTO ezsearch_word (id, word, object_count) VALUES (129,'viverra',1);
INSERT INTO ezsearch_word (id, word, object_count) VALUES (130,'euismod',1);
INSERT INTO ezsearch_word (id, word, object_count) VALUES (131,'leo',1);
INSERT INTO ezsearch_word (id, word, object_count) VALUES (132,'vel',1);
INSERT INTO ezsearch_word (id, word, object_count) VALUES (133,'libero',1);
INSERT INTO ezsearch_word (id, word, object_count) VALUES (134,'mauris',1);
INSERT INTO ezsearch_word (id, word, object_count) VALUES (135,'aliquam',1);
INSERT INTO ezsearch_word (id, word, object_count) VALUES (136,'enim',1);
INSERT INTO ezsearch_word (id, word, object_count) VALUES (137,'nam',1);
INSERT INTO ezsearch_word (id, word, object_count) VALUES (138,'blandit',1);
INSERT INTO ezsearch_word (id, word, object_count) VALUES (139,'vulputate',1);
INSERT INTO ezsearch_word (id, word, object_count) VALUES (140,'at',1);
INSERT INTO ezsearch_word (id, word, object_count) VALUES (141,'dapibus',1);
INSERT INTO ezsearch_word (id, word, object_count) VALUES (142,'aliquet',1);
INSERT INTO ezsearch_word (id, word, object_count) VALUES (143,'tempus',1);
INSERT INTO ezsearch_word (id, word, object_count) VALUES (144,'facilisis',1);
INSERT INTO ezsearch_word (id, word, object_count) VALUES (145,'massa',1);
INSERT INTO ezsearch_word (id, word, object_count) VALUES (146,'semper',1);
INSERT INTO ezsearch_word (id, word, object_count) VALUES (147,'odio',1);





CREATE TABLE ezsection (
  id int(11) NOT NULL auto_increment,
  name varchar(255) default NULL,
  locale varchar(255) default NULL,
  navigation_part_identifier varchar(100) default 'ezcontentnavigationpart',
  PRIMARY KEY  (id)
) TYPE=MyISAM;





INSERT INTO ezsection (id, name, locale, navigation_part_identifier) VALUES (1,'Standard section','nor-NO','ezcontentnavigationpart');
INSERT INTO ezsection (id, name, locale, navigation_part_identifier) VALUES (2,'Users','','ezusernavigationpart');
INSERT INTO ezsection (id, name, locale, navigation_part_identifier) VALUES (3,'Media','','ezmedianavigationpart');





CREATE TABLE ezsession (
  session_key varchar(32) NOT NULL default '',
  expiration_time int(11) unsigned NOT NULL default '0',
  data text NOT NULL,
  PRIMARY KEY  (session_key),
  KEY expiration_time (expiration_time)
) TYPE=MyISAM;










CREATE TABLE ezsite_data (
  name varchar(60) NOT NULL default '',
  value text NOT NULL,
  PRIMARY KEY  (name)
) TYPE=MyISAM;





INSERT INTO ezsite_data (name, value) VALUES ('ezpublish-version','3.2');
INSERT INTO ezsite_data (name, value) VALUES ('ezpublish-release','6');





CREATE TABLE ezsubtree_notification_rule (
  id int(11) NOT NULL auto_increment,
  address varchar(255) NOT NULL default '',
  use_digest int(11) NOT NULL default '0',
  node_id int(11) NOT NULL default '0',
  PRIMARY KEY  (id)
) TYPE=MyISAM;










CREATE TABLE eztrigger (
  id int(11) NOT NULL auto_increment,
  name varchar(255) default NULL,
  module_name varchar(200) NOT NULL default '',
  function_name varchar(200) NOT NULL default '',
  connect_type char(1) NOT NULL default '',
  workflow_id int(11) default NULL,
  PRIMARY KEY  (id),
  UNIQUE KEY eztrigger_def_id (module_name,function_name,connect_type),
  KEY eztrigger_fetch (name(25),module_name(50),function_name(50))
) TYPE=MyISAM;










CREATE TABLE ezurl (
  id int(11) NOT NULL auto_increment,
  url varchar(255) default NULL,
  created int(11) NOT NULL default '0',
  modified int(11) NOT NULL default '0',
  is_valid int(11) NOT NULL default '1',
  last_checked int(11) NOT NULL default '0',
  original_url_md5 varchar(32) NOT NULL default '',
  PRIMARY KEY  (id)
) TYPE=MyISAM;





INSERT INTO ezurl (id, url, created, modified, is_valid, last_checked, original_url_md5) VALUES (1,'',1061229581,1061229581,1,0,'d41d8cd98f00b204e9800998ecf8427e');
INSERT INTO ezurl (id, url, created, modified, is_valid, last_checked, original_url_md5) VALUES (2,'http://ez.no',1061229625,1061229625,1,0,'dfcdb471b240d964dc3f57b998eb0533');





CREATE TABLE ezurl_object_link (
  url_id int(11) NOT NULL default '0',
  contentobject_attribute_id int(11) NOT NULL default '0',
  contentobject_attribute_version int(11) NOT NULL default '0',
  PRIMARY KEY  (url_id,contentobject_attribute_id,contentobject_attribute_version)
) TYPE=MyISAM;





INSERT INTO ezurl_object_link (url_id, contentobject_attribute_id, contentobject_attribute_version) VALUES (1,0,1);
INSERT INTO ezurl_object_link (url_id, contentobject_attribute_id, contentobject_attribute_version) VALUES (2,123,1);





CREATE TABLE ezurlalias (
  id int(11) NOT NULL auto_increment,
  source_url text NOT NULL,
  source_md5 varchar(32) default NULL,
  destination_url text NOT NULL,
  is_internal int(11) NOT NULL default '1',
  forward_to_id int(11) NOT NULL default '0',
  is_wildcard int(11) NOT NULL default '0',
  PRIMARY KEY  (id),
  KEY ezurlalias_source_md5 (source_md5),
  KEY ezurlalias_source_url (source_url(255)),
  KEY ezurlalias_desturl (destination_url(200))
) TYPE=MyISAM;





INSERT INTO ezurlalias (id, source_url, source_md5, destination_url, is_internal, forward_to_id, is_wildcard) VALUES (12,'','d41d8cd98f00b204e9800998ecf8427e','content/view/full/2',1,0,0);
INSERT INTO ezurlalias (id, source_url, source_md5, destination_url, is_internal, forward_to_id, is_wildcard) VALUES (13,'users','9bc65c2abec141778ffaa729489f3e87','content/view/full/5',1,0,0);
INSERT INTO ezurlalias (id, source_url, source_md5, destination_url, is_internal, forward_to_id, is_wildcard) VALUES (14,'users/anonymous_user','a37b7463e2c21098fa1a729dad4b4437','content/view/full/11',1,0,0);
INSERT INTO ezurlalias (id, source_url, source_md5, destination_url, is_internal, forward_to_id, is_wildcard) VALUES (15,'users/guest_accounts','02d4e844e3a660857a3f81585995ffe1','content/view/full/12',1,0,0);
INSERT INTO ezurlalias (id, source_url, source_md5, destination_url, is_internal, forward_to_id, is_wildcard) VALUES (16,'users/administrator_users','1b1d79c16700fd6003ea7be233e754ba','content/view/full/13',1,0,0);
INSERT INTO ezurlalias (id, source_url, source_md5, destination_url, is_internal, forward_to_id, is_wildcard) VALUES (17,'users/editors','0bb9dd665c96bbc1cf36b79180786dea','content/view/full/14',1,0,0);
INSERT INTO ezurlalias (id, source_url, source_md5, destination_url, is_internal, forward_to_id, is_wildcard) VALUES (18,'users/administrator_users/administrator_user','f1305ac5f327a19b451d82719e0c3f5d','content/view/full/15',1,0,0);
INSERT INTO ezurlalias (id, source_url, source_md5, destination_url, is_internal, forward_to_id, is_wildcard) VALUES (19,'users/guest_accounts/test_test','27a1813763d43de613bf05c31df7a6ef','content/view/full/42',1,0,0);
INSERT INTO ezurlalias (id, source_url, source_md5, destination_url, is_internal, forward_to_id, is_wildcard) VALUES (20,'media','62933a2951ef01f4eafd9bdf4d3cd2f0','content/view/full/43',1,0,0);
INSERT INTO ezurlalias (id, source_url, source_md5, destination_url, is_internal, forward_to_id, is_wildcard) VALUES (21,'forums','68daf8bdc8755fe8f4859024b3054fb8','content/view/full/44',1,0,0);
INSERT INTO ezurlalias (id, source_url, source_md5, destination_url, is_internal, forward_to_id, is_wildcard) VALUES (22,'links','807765384d9d5527da8848df14a4f02f','content/view/full/45',1,0,0);
INSERT INTO ezurlalias (id, source_url, source_md5, destination_url, is_internal, forward_to_id, is_wildcard) VALUES (23,'forums/sports','99f570cf23ce4ed60264d1c5d0bf9e68','content/view/full/46',1,0,0);
INSERT INTO ezurlalias (id, source_url, source_md5, destination_url, is_internal, forward_to_id, is_wildcard) VALUES (24,'forums/music','42349517debdd02b03dddcfb5bc6db40','content/view/full/47',1,0,0);
INSERT INTO ezurlalias (id, source_url, source_md5, destination_url, is_internal, forward_to_id, is_wildcard) VALUES (25,'forums/sports/first_post','101f338fc9144235631c30c61649f3e3','content/view/full/48',1,0,0);
INSERT INTO ezurlalias (id, source_url, source_md5, destination_url, is_internal, forward_to_id, is_wildcard) VALUES (26,'forums/internet','c18b1d335d991ff97a787afcd340dc3f','content/view/full/49',1,0,0);
INSERT INTO ezurlalias (id, source_url, source_md5, destination_url, is_internal, forward_to_id, is_wildcard) VALUES (27,'forums/music/pink_floyd','09437926d58d5d7812c667d8c7041f00','content/view/full/50',1,0,0);
INSERT INTO ezurlalias (id, source_url, source_md5, destination_url, is_internal, forward_to_id, is_wildcard) VALUES (28,'forums/internet/where_is_the_internet','8e6cea34ea8b2287e4b34f1dabacb3e7','content/view/full/51',1,0,0);
INSERT INTO ezurlalias (id, source_url, source_md5, destination_url, is_internal, forward_to_id, is_wildcard) VALUES (29,'links/ez_publish','bc686b9e85aa37048d464d1caeabe7f7','content/view/full/52',1,0,0);
INSERT INTO ezurlalias (id, source_url, source_md5, destination_url, is_internal, forward_to_id, is_wildcard) VALUES (30,'about_my_forum','239cfeb87dec1f982f84cf7c1109d2bb','content/view/full/53',1,0,0);





CREATE TABLE ezuser (
  contentobject_id int(11) NOT NULL default '0',
  login varchar(150) NOT NULL default '',
  email varchar(150) NOT NULL default '',
  password_hash_type int(11) NOT NULL default '1',
  password_hash varchar(50) default NULL,
  PRIMARY KEY  (contentobject_id)
) TYPE=MyISAM;





INSERT INTO ezuser (contentobject_id, login, email, password_hash_type, password_hash) VALUES (10,'anonymous','nospam@ez.no',2,'4e6f6184135228ccd45f8233d72a0363');
INSERT INTO ezuser (contentobject_id, login, email, password_hash_type, password_hash) VALUES (14,'admin','nospam@ez.no',2,'c78e3b0f3d9244ed8c6d1c29464bdff9');
INSERT INTO ezuser (contentobject_id, login, email, password_hash_type, password_hash) VALUES (40,'test','test@test.com',2,'be778b473235e210cc577056226536a4');





CREATE TABLE ezuser_accountkey (
  id int(11) NOT NULL auto_increment,
  user_id int(11) NOT NULL default '0',
  hash_key varchar(32) NOT NULL default '',
  time int(11) NOT NULL default '0',
  PRIMARY KEY  (id)
) TYPE=MyISAM;










CREATE TABLE ezuser_discountrule (
  id int(11) NOT NULL auto_increment,
  discountrule_id int(11) default NULL,
  contentobject_id int(11) default NULL,
  name varchar(255) NOT NULL default '',
  PRIMARY KEY  (id)
) TYPE=MyISAM;










CREATE TABLE ezuser_role (
  id int(11) NOT NULL auto_increment,
  role_id int(11) default NULL,
  contentobject_id int(11) default NULL,
  PRIMARY KEY  (id),
  KEY ezuser_role_contentobject_id (contentobject_id)
) TYPE=MyISAM;





INSERT INTO ezuser_role (id, role_id, contentobject_id) VALUES (29,1,10);
INSERT INTO ezuser_role (id, role_id, contentobject_id) VALUES (25,2,12);
INSERT INTO ezuser_role (id, role_id, contentobject_id) VALUES (30,3,13);
INSERT INTO ezuser_role (id, role_id, contentobject_id) VALUES (28,1,11);





CREATE TABLE ezuser_setting (
  user_id int(11) NOT NULL default '0',
  is_enabled int(1) NOT NULL default '0',
  max_login int(11) default NULL,
  PRIMARY KEY  (user_id)
) TYPE=MyISAM;





INSERT INTO ezuser_setting (user_id, is_enabled, max_login) VALUES (10,1,1000);
INSERT INTO ezuser_setting (user_id, is_enabled, max_login) VALUES (14,1,10);
INSERT INTO ezuser_setting (user_id, is_enabled, max_login) VALUES (23,1,0);
INSERT INTO ezuser_setting (user_id, is_enabled, max_login) VALUES (40,1,0);





CREATE TABLE ezvattype (
  id int(11) NOT NULL auto_increment,
  name varchar(255) NOT NULL default '',
  percentage float default NULL,
  PRIMARY KEY  (id)
) TYPE=MyISAM;





INSERT INTO ezvattype (id, name, percentage) VALUES (1,'Std',0);





CREATE TABLE ezwaituntildatevalue (
  id int(11) NOT NULL auto_increment,
  workflow_event_id int(11) NOT NULL default '0',
  workflow_event_version int(11) NOT NULL default '0',
  contentclass_id int(11) NOT NULL default '0',
  contentclass_attribute_id int(11) NOT NULL default '0',
  PRIMARY KEY  (id,workflow_event_id,workflow_event_version),
  KEY ezwaituntildateevalue_wf_ev_id_wf_ver (workflow_event_id,workflow_event_version)
) TYPE=MyISAM;










CREATE TABLE ezwishlist (
  id int(11) NOT NULL auto_increment,
  user_id int(11) NOT NULL default '0',
  productcollection_id int(11) NOT NULL default '0',
  PRIMARY KEY  (id)
) TYPE=MyISAM;










CREATE TABLE ezworkflow (
  id int(11) NOT NULL auto_increment,
  version int(11) NOT NULL default '0',
  is_enabled int(1) NOT NULL default '0',
  workflow_type_string varchar(50) NOT NULL default '',
  name varchar(255) NOT NULL default '',
  creator_id int(11) NOT NULL default '0',
  modifier_id int(11) NOT NULL default '0',
  created int(11) NOT NULL default '0',
  modified int(11) NOT NULL default '0',
  PRIMARY KEY  (id,version)
) TYPE=MyISAM;










CREATE TABLE ezworkflow_assign (
  id int(11) NOT NULL auto_increment,
  workflow_id int(11) NOT NULL default '0',
  node_id int(11) NOT NULL default '0',
  access_type int(11) NOT NULL default '0',
  as_tree int(1) NOT NULL default '0',
  PRIMARY KEY  (id)
) TYPE=MyISAM;










CREATE TABLE ezworkflow_event (
  id int(11) NOT NULL auto_increment,
  version int(11) NOT NULL default '0',
  workflow_id int(11) NOT NULL default '0',
  workflow_type_string varchar(50) NOT NULL default '',
  description varchar(50) NOT NULL default '',
  data_int1 int(11) default NULL,
  data_int2 int(11) default NULL,
  data_int3 int(11) default NULL,
  data_int4 int(11) default NULL,
  data_text1 varchar(50) default NULL,
  data_text2 varchar(50) default NULL,
  data_text3 varchar(50) default NULL,
  data_text4 varchar(50) default NULL,
  placement int(11) NOT NULL default '0',
  PRIMARY KEY  (id,version)
) TYPE=MyISAM;










CREATE TABLE ezworkflow_group (
  id int(11) NOT NULL auto_increment,
  name varchar(255) NOT NULL default '',
  creator_id int(11) NOT NULL default '0',
  modifier_id int(11) NOT NULL default '0',
  created int(11) NOT NULL default '0',
  modified int(11) NOT NULL default '0',
  PRIMARY KEY  (id)
) TYPE=MyISAM;





INSERT INTO ezworkflow_group (id, name, creator_id, modifier_id, created, modified) VALUES (1,'Standard',14,14,1024392098,1024392098);





CREATE TABLE ezworkflow_group_link (
  workflow_id int(11) NOT NULL default '0',
  group_id int(11) NOT NULL default '0',
  workflow_version int(11) NOT NULL default '0',
  group_name varchar(255) default NULL,
  PRIMARY KEY  (workflow_id,group_id,workflow_version)
) TYPE=MyISAM;





INSERT INTO ezworkflow_group_link (workflow_id, group_id, workflow_version, group_name) VALUES (1,1,0,'Standard');





CREATE TABLE ezworkflow_process (
  id int(11) NOT NULL auto_increment,
  process_key varchar(32) NOT NULL default '',
  workflow_id int(11) NOT NULL default '0',
  user_id int(11) NOT NULL default '0',
  content_id int(11) NOT NULL default '0',
  content_version int(11) NOT NULL default '0',
  node_id int(11) NOT NULL default '0',
  session_key varchar(32) NOT NULL default '0',
  event_id int(11) NOT NULL default '0',
  event_position int(11) NOT NULL default '0',
  last_event_id int(11) NOT NULL default '0',
  last_event_position int(11) NOT NULL default '0',
  last_event_status int(11) NOT NULL default '0',
  event_status int(11) NOT NULL default '0',
  created int(11) NOT NULL default '0',
  modified int(11) NOT NULL default '0',
  activation_date int(11) default NULL,
  event_state int(11) default NULL,
  status int(11) default NULL,
  parameters text,
  memento_key varchar(32) default NULL,
  PRIMARY KEY  (id),
  KEY ezworkflow_process_process_key (process_key)
) TYPE=MyISAM;






