










CREATE SEQUENCE ezapprove_items_s
    START 1
    INCREMENT 1
    MAXVALUE 9223372036854775807
    MINVALUE 1
    CACHE 1;







CREATE SEQUENCE ezbasket_s
    START 1
    INCREMENT 1
    MAXVALUE 9223372036854775807
    MINVALUE 1
    CACHE 1;







CREATE SEQUENCE ezcollab_group_s
    START 1
    INCREMENT 1
    MAXVALUE 9223372036854775807
    MINVALUE 1
    CACHE 1;







CREATE SEQUENCE ezcollab_item_s
    START 1
    INCREMENT 1
    MAXVALUE 9223372036854775807
    MINVALUE 1
    CACHE 1;







CREATE SEQUENCE ezcollab_item_message_link_s
    START 1
    INCREMENT 1
    MAXVALUE 9223372036854775807
    MINVALUE 1
    CACHE 1;







CREATE SEQUENCE ezcollab_notification_rule_s
    START 1
    INCREMENT 1
    MAXVALUE 9223372036854775807
    MINVALUE 1
    CACHE 1;







CREATE SEQUENCE ezcollab_profile_s
    START 1
    INCREMENT 1
    MAXVALUE 9223372036854775807
    MINVALUE 1
    CACHE 1;







CREATE SEQUENCE ezcollab_simple_message_s
    START 1
    INCREMENT 1
    MAXVALUE 9223372036854775807
    MINVALUE 1
    CACHE 1;







CREATE SEQUENCE ezcontent_translation_s
    START 1
    INCREMENT 1
    MAXVALUE 9223372036854775807
    MINVALUE 1
    CACHE 1;







CREATE SEQUENCE ezcontentbrowsebookmark_s
    START 1
    INCREMENT 1
    MAXVALUE 9223372036854775807
    MINVALUE 1
    CACHE 1;







CREATE SEQUENCE ezcontentbrowserecent_s
    START 1
    INCREMENT 1
    MAXVALUE 9223372036854775807
    MINVALUE 1
    CACHE 1;







CREATE SEQUENCE ezcontentclass_s
    START 27
    INCREMENT 1
    MAXVALUE 9223372036854775807
    MINVALUE 1
    CACHE 1;







CREATE SEQUENCE ezcontentclass_attribute_s
    START 1
    INCREMENT 1
    MAXVALUE 9223372036854775807
    MINVALUE 1
    CACHE 1;







CREATE SEQUENCE ezcontentclassgroup_s
    START 1
    INCREMENT 1
    MAXVALUE 9223372036854775807
    MINVALUE 1
    CACHE 1;







CREATE SEQUENCE ezcontentobject_s
    START 1
    INCREMENT 1
    MAXVALUE 9223372036854775807
    MINVALUE 1
    CACHE 1;







CREATE SEQUENCE ezcontentobject_attribute_s
    START 1
    INCREMENT 1
    MAXVALUE 9223372036854775807
    MINVALUE 1
    CACHE 1;







CREATE SEQUENCE ezcontentobject_link_s
    START 1
    INCREMENT 1
    MAXVALUE 9223372036854775807
    MINVALUE 1
    CACHE 1;







CREATE SEQUENCE ezcontentobject_tree_s
    START 1
    INCREMENT 1
    MAXVALUE 9223372036854775807
    MINVALUE 1
    CACHE 1;







CREATE SEQUENCE ezcontentobject_version_s
    START 1
    INCREMENT 1
    MAXVALUE 9223372036854775807
    MINVALUE 1
    CACHE 1;







CREATE SEQUENCE ezdiscountrule_s
    START 1
    INCREMENT 1
    MAXVALUE 9223372036854775807
    MINVALUE 1
    CACHE 1;







CREATE SEQUENCE ezdiscountsubrule_s
    START 1
    INCREMENT 1
    MAXVALUE 9223372036854775807
    MINVALUE 1
    CACHE 1;







CREATE SEQUENCE ezenumvalue_s
    START 1
    INCREMENT 1
    MAXVALUE 9223372036854775807
    MINVALUE 1
    CACHE 1;







CREATE SEQUENCE ezforgot_password_s
    START 1
    INCREMENT 1
    MAXVALUE 9223372036854775807
    MINVALUE 1
    CACHE 1;







CREATE SEQUENCE ezgeneral_digest_user_settings_s
    START 1
    INCREMENT 1
    MAXVALUE 9223372036854775807
    MINVALUE 1
    CACHE 1;







CREATE SEQUENCE ezinfocollection_s
    START 1
    INCREMENT 1
    MAXVALUE 9223372036854775807
    MINVALUE 1
    CACHE 1;







CREATE SEQUENCE ezinfocollection_attribute_s
    START 1
    INCREMENT 1
    MAXVALUE 9223372036854775807
    MINVALUE 1
    CACHE 1;







CREATE SEQUENCE ezkeyword_s
    START 1
    INCREMENT 1
    MAXVALUE 9223372036854775807
    MINVALUE 1
    CACHE 1;







CREATE SEQUENCE ezkeyword_attribute_link_s
    START 1
    INCREMENT 1
    MAXVALUE 9223372036854775807
    MINVALUE 1
    CACHE 1;







CREATE SEQUENCE ezmessage_s
    START 1
    INCREMENT 1
    MAXVALUE 9223372036854775807
    MINVALUE 1
    CACHE 1;







CREATE SEQUENCE ezmodule_run_s
    START 1
    INCREMENT 1
    MAXVALUE 9223372036854775807
    MINVALUE 1
    CACHE 1;







CREATE SEQUENCE eznode_assignment_s
    START 1
    INCREMENT 1
    MAXVALUE 9223372036854775807
    MINVALUE 1
    CACHE 1;







CREATE SEQUENCE eznotificationcollection_s
    START 1
    INCREMENT 1
    MAXVALUE 9223372036854775807
    MINVALUE 1
    CACHE 1;







CREATE SEQUENCE eznotificationcollection_item_s
    START 1
    INCREMENT 1
    MAXVALUE 9223372036854775807
    MINVALUE 1
    CACHE 1;







CREATE SEQUENCE eznotificationevent_s
    START 1
    INCREMENT 1
    MAXVALUE 9223372036854775807
    MINVALUE 1
    CACHE 1;







CREATE SEQUENCE ezoperation_memento_s
    START 1
    INCREMENT 1
    MAXVALUE 9223372036854775807
    MINVALUE 1
    CACHE 1;







CREATE SEQUENCE ezorder_s
    START 1
    INCREMENT 1
    MAXVALUE 9223372036854775807
    MINVALUE 1
    CACHE 1;







CREATE SEQUENCE ezorder_item_s
    START 1
    INCREMENT 1
    MAXVALUE 9223372036854775807
    MINVALUE 1
    CACHE 1;







CREATE SEQUENCE ezpolicy_s
    START 1
    INCREMENT 1
    MAXVALUE 9223372036854775807
    MINVALUE 1
    CACHE 1;







CREATE SEQUENCE ezpolicy_limitation_s
    START 1
    INCREMENT 1
    MAXVALUE 9223372036854775807
    MINVALUE 1
    CACHE 1;







CREATE SEQUENCE ezpolicy_limitation_value_s
    START 1
    INCREMENT 1
    MAXVALUE 9223372036854775807
    MINVALUE 1
    CACHE 1;







CREATE SEQUENCE ezpreferences_s
    START 1
    INCREMENT 1
    MAXVALUE 9223372036854775807
    MINVALUE 1
    CACHE 1;







CREATE SEQUENCE ezproductcollection_s
    START 1
    INCREMENT 1
    MAXVALUE 9223372036854775807
    MINVALUE 1
    CACHE 1;







CREATE SEQUENCE ezproductcollection_item_s
    START 1
    INCREMENT 1
    MAXVALUE 9223372036854775807
    MINVALUE 1
    CACHE 1;







CREATE SEQUENCE ezproductcollection_item_opt_s
    START 1
    INCREMENT 1
    MAXVALUE 9223372036854775807
    MINVALUE 1
    CACHE 1;







CREATE SEQUENCE ezrole_s
    START 1
    INCREMENT 1
    MAXVALUE 9223372036854775807
    MINVALUE 1
    CACHE 1;







CREATE SEQUENCE ezsearch_object_word_link_s
    START 1
    INCREMENT 1
    MAXVALUE 9223372036854775807
    MINVALUE 1
    CACHE 1;







CREATE SEQUENCE ezsearch_return_count_s
    START 1
    INCREMENT 1
    MAXVALUE 9223372036854775807
    MINVALUE 1
    CACHE 1;







CREATE SEQUENCE ezsearch_search_phrase_s
    START 1
    INCREMENT 1
    MAXVALUE 9223372036854775807
    MINVALUE 1
    CACHE 1;







CREATE SEQUENCE ezsearch_word_s
    START 1
    INCREMENT 1
    MAXVALUE 9223372036854775807
    MINVALUE 1
    CACHE 1;







CREATE SEQUENCE ezsection_s
    START 1
    INCREMENT 1
    MAXVALUE 9223372036854775807
    MINVALUE 1
    CACHE 1;







CREATE SEQUENCE ezsubtree_notification_rule_s
    START 1
    INCREMENT 1
    MAXVALUE 9223372036854775807
    MINVALUE 1
    CACHE 1;







CREATE SEQUENCE eztrigger_s
    START 1
    INCREMENT 1
    MAXVALUE 9223372036854775807
    MINVALUE 1
    CACHE 1;







CREATE SEQUENCE ezurl_s
    START 1
    INCREMENT 1
    MAXVALUE 9223372036854775807
    MINVALUE 1
    CACHE 1;







CREATE SEQUENCE ezurlalias_s
    START 1
    INCREMENT 1
    MAXVALUE 9223372036854775807
    MINVALUE 1
    CACHE 1;







CREATE SEQUENCE ezuser_accountkey_s
    START 1
    INCREMENT 1
    MAXVALUE 9223372036854775807
    MINVALUE 1
    CACHE 1;







CREATE SEQUENCE ezuser_discountrule_s
    START 1
    INCREMENT 1
    MAXVALUE 9223372036854775807
    MINVALUE 1
    CACHE 1;







CREATE SEQUENCE ezuser_role_s
    START 1
    INCREMENT 1
    MAXVALUE 9223372036854775807
    MINVALUE 1
    CACHE 1;







CREATE SEQUENCE ezvattype_s
    START 1
    INCREMENT 1
    MAXVALUE 9223372036854775807
    MINVALUE 1
    CACHE 1;







CREATE SEQUENCE ezwaituntildatevalue_s
    START 1
    INCREMENT 1
    MAXVALUE 9223372036854775807
    MINVALUE 1
    CACHE 1;







CREATE SEQUENCE ezwishlist_s
    START 1
    INCREMENT 1
    MAXVALUE 9223372036854775807
    MINVALUE 1
    CACHE 1;







CREATE SEQUENCE ezworkflow_s
    START 1
    INCREMENT 1
    MAXVALUE 9223372036854775807
    MINVALUE 1
    CACHE 1;







CREATE SEQUENCE ezworkflow_assign_s
    START 1
    INCREMENT 1
    MAXVALUE 9223372036854775807
    MINVALUE 1
    CACHE 1;







CREATE SEQUENCE ezworkflow_event_s
    START 1
    INCREMENT 1
    MAXVALUE 9223372036854775807
    MINVALUE 1
    CACHE 1;







CREATE SEQUENCE ezworkflow_group_s
    START 1
    INCREMENT 1
    MAXVALUE 9223372036854775807
    MINVALUE 1
    CACHE 1;







CREATE SEQUENCE ezworkflow_process_s
    START 1
    INCREMENT 1
    MAXVALUE 9223372036854775807
    MINVALUE 1
    CACHE 1;







CREATE TABLE ezapprove_items (
    id integer DEFAULT nextval('ezapprove_items_s'::text) NOT NULL,
    workflow_process_id integer DEFAULT 0 NOT NULL,
    collaboration_id integer DEFAULT 0 NOT NULL
);







CREATE TABLE ezbasket (
    id integer DEFAULT nextval('ezbasket_s'::text) NOT NULL,
    session_id character varying(255) DEFAULT ''::character varying NOT NULL,
    productcollection_id integer DEFAULT 0 NOT NULL
);







CREATE TABLE ezbinaryfile (
    contentobject_attribute_id integer DEFAULT 0 NOT NULL,
    "version" integer DEFAULT 0 NOT NULL,
    filename character varying(255) DEFAULT ''::character varying NOT NULL,
    original_filename character varying(255) DEFAULT ''::character varying NOT NULL,
    mime_type character varying(50) DEFAULT ''::character varying NOT NULL
);







CREATE TABLE ezcollab_group (
    id integer DEFAULT nextval('ezcollab_group_s'::text) NOT NULL,
    parent_group_id integer DEFAULT 0 NOT NULL,
    depth integer DEFAULT 0 NOT NULL,
    path_string character varying(255) DEFAULT ''::character varying NOT NULL,
    is_open integer DEFAULT 1 NOT NULL,
    user_id integer DEFAULT 0 NOT NULL,
    title character varying(255) DEFAULT ''::character varying NOT NULL,
    priority integer DEFAULT 0 NOT NULL,
    created integer DEFAULT 0 NOT NULL,
    modified integer DEFAULT 0 NOT NULL
);







CREATE TABLE ezcollab_item (
    id integer DEFAULT nextval('ezcollab_item_s'::text) NOT NULL,
    type_identifier character varying(40) DEFAULT ''::character varying NOT NULL,
    creator_id integer DEFAULT 0 NOT NULL,
    status integer DEFAULT 1 NOT NULL,
    data_text1 text NOT NULL,
    data_text2 text NOT NULL,
    data_text3 text NOT NULL,
    data_int1 integer DEFAULT 0 NOT NULL,
    data_int2 integer DEFAULT 0 NOT NULL,
    data_int3 integer DEFAULT 0 NOT NULL,
    data_float1 double precision DEFAULT 0::double precision NOT NULL,
    data_float2 double precision DEFAULT 0::double precision NOT NULL,
    data_float3 double precision DEFAULT 0::double precision NOT NULL,
    created integer DEFAULT 0 NOT NULL,
    modified integer DEFAULT 0 NOT NULL
);







CREATE TABLE ezcollab_item_group_link (
    collaboration_id integer DEFAULT 0 NOT NULL,
    group_id integer DEFAULT 0 NOT NULL,
    user_id integer DEFAULT 0 NOT NULL,
    is_read integer DEFAULT 0 NOT NULL,
    is_active integer DEFAULT 1 NOT NULL,
    last_read integer DEFAULT 0 NOT NULL,
    created integer DEFAULT 0 NOT NULL,
    modified integer DEFAULT 0 NOT NULL
);







CREATE TABLE ezcollab_item_message_link (
    id integer DEFAULT nextval('ezcollab_item_message_link_s'::text) NOT NULL,
    collaboration_id integer DEFAULT 0 NOT NULL,
    participant_id integer DEFAULT 0 NOT NULL,
    message_id integer DEFAULT 0 NOT NULL,
    message_type integer DEFAULT 0 NOT NULL,
    created integer DEFAULT 0 NOT NULL,
    modified integer DEFAULT 0 NOT NULL
);







CREATE TABLE ezcollab_item_participant_link (
    collaboration_id integer DEFAULT 0 NOT NULL,
    participant_id integer DEFAULT 0 NOT NULL,
    participant_type integer DEFAULT 1 NOT NULL,
    participant_role integer DEFAULT 1 NOT NULL,
    is_read integer DEFAULT 0 NOT NULL,
    is_active integer DEFAULT 1 NOT NULL,
    last_read integer DEFAULT 0 NOT NULL,
    created integer DEFAULT 0 NOT NULL,
    modified integer DEFAULT 0 NOT NULL
);







CREATE TABLE ezcollab_item_status (
    collaboration_id integer DEFAULT 0 NOT NULL,
    user_id integer DEFAULT 0 NOT NULL,
    is_read integer DEFAULT 0 NOT NULL,
    is_active integer DEFAULT 1 NOT NULL,
    last_read integer DEFAULT 0 NOT NULL
);







CREATE TABLE ezcollab_notification_rule (
    id integer DEFAULT nextval('ezcollab_notification_rule_s'::text) NOT NULL,
    user_id character varying(255) DEFAULT ''::character varying NOT NULL,
    collab_identifier character varying(255) DEFAULT ''::character varying NOT NULL
);







CREATE TABLE ezcollab_profile (
    id integer DEFAULT nextval('ezcollab_profile_s'::text) NOT NULL,
    user_id integer DEFAULT 0 NOT NULL,
    main_group integer DEFAULT 0 NOT NULL,
    data_text1 text NOT NULL,
    created integer DEFAULT 0 NOT NULL,
    modified integer DEFAULT 0 NOT NULL
);







CREATE TABLE ezcollab_simple_message (
    id integer DEFAULT nextval('ezcollab_simple_message_s'::text) NOT NULL,
    message_type character varying(40) DEFAULT ''::character varying NOT NULL,
    creator_id integer DEFAULT 0 NOT NULL,
    data_text1 text NOT NULL,
    data_text2 text NOT NULL,
    data_text3 text NOT NULL,
    data_int1 integer DEFAULT 0 NOT NULL,
    data_int2 integer DEFAULT 0 NOT NULL,
    data_int3 integer DEFAULT 0 NOT NULL,
    data_float1 double precision DEFAULT 0::double precision NOT NULL,
    data_float2 double precision DEFAULT 0::double precision NOT NULL,
    data_float3 double precision DEFAULT 0::double precision NOT NULL,
    created integer DEFAULT 0 NOT NULL,
    modified integer DEFAULT 0 NOT NULL
);







CREATE TABLE ezcontent_translation (
    id integer DEFAULT nextval('ezcontent_translation_s'::text) NOT NULL,
    name character varying(255) DEFAULT ''::character varying NOT NULL,
    locale character varying(255) DEFAULT ''::character varying NOT NULL
);







CREATE TABLE ezcontentbrowsebookmark (
    id integer DEFAULT nextval('ezcontentbrowsebookmark_s'::text) NOT NULL,
    user_id integer DEFAULT 0 NOT NULL,
    node_id integer DEFAULT 0 NOT NULL,
    name character varying(255) DEFAULT ''::character varying NOT NULL
);







CREATE TABLE ezcontentbrowserecent (
    id integer DEFAULT nextval('ezcontentbrowserecent_s'::text) NOT NULL,
    user_id integer DEFAULT 0 NOT NULL,
    node_id integer DEFAULT 0 NOT NULL,
    created integer DEFAULT 0 NOT NULL,
    name character varying(255) DEFAULT ''::character varying NOT NULL
);







CREATE TABLE ezcontentclass (
    id integer DEFAULT nextval('ezcontentclass_s'::text) NOT NULL,
    "version" integer DEFAULT 0 NOT NULL,
    name character varying(255),
    identifier character varying(50) DEFAULT ''::character varying NOT NULL,
    contentobject_name character varying(255),
    creator_id integer DEFAULT 0 NOT NULL,
    modifier_id integer DEFAULT 0 NOT NULL,
    created integer DEFAULT 0 NOT NULL,
    modified integer DEFAULT 0 NOT NULL
);







CREATE TABLE ezcontentclass_attribute (
    id integer DEFAULT nextval('ezcontentclass_attribute_s'::text) NOT NULL,
    "version" integer DEFAULT 0 NOT NULL,
    contentclass_id integer DEFAULT 0 NOT NULL,
    identifier character varying(50) DEFAULT ''::character varying NOT NULL,
    name character varying(255) DEFAULT ''::character varying NOT NULL,
    data_type_string character varying(50) DEFAULT ''::character varying NOT NULL,
    is_searchable integer DEFAULT 0 NOT NULL,
    is_required integer DEFAULT 0 NOT NULL,
    placement integer DEFAULT 0 NOT NULL,
    data_int1 integer,
    data_int2 integer,
    data_int3 integer,
    data_int4 integer,
    data_float1 double precision,
    data_float2 double precision,
    data_float3 double precision,
    data_float4 double precision,
    data_text1 character varying(50),
    data_text2 character varying(50),
    data_text3 character varying(50),
    data_text4 character varying(255),
    data_text5 text,
    is_information_collector integer DEFAULT 0 NOT NULL,
    can_translate integer DEFAULT 1
);







CREATE TABLE ezcontentclass_classgroup (
    contentclass_id integer DEFAULT 0 NOT NULL,
    contentclass_version integer DEFAULT 0 NOT NULL,
    group_id integer DEFAULT 0 NOT NULL,
    group_name character varying(255)
);







CREATE TABLE ezcontentclassgroup (
    id integer DEFAULT nextval('ezcontentclassgroup_s'::text) NOT NULL,
    name character varying(255),
    creator_id integer DEFAULT 0 NOT NULL,
    modifier_id integer DEFAULT 0 NOT NULL,
    created integer DEFAULT 0 NOT NULL,
    modified integer DEFAULT 0 NOT NULL
);







CREATE TABLE ezcontentobject (
    id integer DEFAULT nextval('ezcontentobject_s'::text) NOT NULL,
    owner_id integer DEFAULT 0 NOT NULL,
    section_id integer DEFAULT 0 NOT NULL,
    contentclass_id integer DEFAULT 0 NOT NULL,
    name character varying(255),
    current_version integer,
    is_published integer,
    published integer DEFAULT 0 NOT NULL,
    modified integer DEFAULT 0 NOT NULL,
    status integer DEFAULT 0,
    remote_id character varying(100)
);







CREATE TABLE ezcontentobject_attribute (
    id integer DEFAULT nextval('ezcontentobject_attribute_s'::text) NOT NULL,
    language_code character varying(20) DEFAULT ''::character varying NOT NULL,
    "version" integer DEFAULT 0 NOT NULL,
    contentobject_id integer DEFAULT 0 NOT NULL,
    contentclassattribute_id integer DEFAULT 0 NOT NULL,
    data_text text,
    data_int integer,
    data_float double precision,
    attribute_original_id integer DEFAULT 0,
    sort_key_int integer DEFAULT 0 NOT NULL,
    sort_key_string character varying(50) DEFAULT ''::character varying,
    data_type_string character varying(50)
);







CREATE TABLE ezcontentobject_link (
    id integer DEFAULT nextval('ezcontentobject_link_s'::text) NOT NULL,
    from_contentobject_id integer DEFAULT 0 NOT NULL,
    from_contentobject_version integer DEFAULT 0 NOT NULL,
    to_contentobject_id integer DEFAULT 0 NOT NULL
);







CREATE TABLE ezcontentobject_name (
    contentobject_id integer DEFAULT 0 NOT NULL,
    name character varying(255),
    content_version integer DEFAULT 0 NOT NULL,
    content_translation character varying(20) DEFAULT ''::character varying NOT NULL,
    real_translation character varying(20)
);







CREATE TABLE ezcontentobject_tree (
    node_id integer DEFAULT nextval('ezcontentobject_tree_s'::text) NOT NULL,
    parent_node_id integer DEFAULT 0 NOT NULL,
    contentobject_id integer,
    contentobject_version integer,
    contentobject_is_published integer,
    depth integer DEFAULT 0 NOT NULL,
    path_string character varying(255) DEFAULT ''::character varying NOT NULL,
    sort_field integer DEFAULT 1,
    sort_order integer DEFAULT 1,
    priority integer DEFAULT 0 NOT NULL,
    path_identification_string text,
    main_node_id integer
);







CREATE TABLE ezcontentobject_version (
    id integer DEFAULT nextval('ezcontentobject_version_s'::text) NOT NULL,
    contentobject_id integer,
    creator_id integer DEFAULT 0 NOT NULL,
    "version" integer DEFAULT 0 NOT NULL,
    created integer DEFAULT 0 NOT NULL,
    modified integer DEFAULT 0 NOT NULL,
    status integer DEFAULT 0 NOT NULL,
    user_id integer DEFAULT 0 NOT NULL,
    workflow_event_pos integer DEFAULT 0
);







CREATE TABLE ezdiscountrule (
    id integer DEFAULT nextval('ezdiscountrule_s'::text) NOT NULL,
    name character varying(255) DEFAULT ''::character varying NOT NULL
);







CREATE TABLE ezdiscountsubrule (
    id integer DEFAULT nextval('ezdiscountsubrule_s'::text) NOT NULL,
    name character varying(255) DEFAULT ''::character varying NOT NULL,
    discountrule_id integer DEFAULT 0 NOT NULL,
    discount_percent double precision,
    limitation character(1)
);







CREATE TABLE ezdiscountsubrule_value (
    discountsubrule_id integer DEFAULT 0 NOT NULL,
    value integer DEFAULT 0 NOT NULL,
    issection integer DEFAULT 0 NOT NULL
);







CREATE TABLE ezenumobjectvalue (
    contentobject_attribute_id integer DEFAULT 0 NOT NULL,
    contentobject_attribute_version integer DEFAULT 0 NOT NULL,
    enumid integer DEFAULT 0 NOT NULL,
    enumelement character varying(255) DEFAULT ''::character varying NOT NULL,
    enumvalue character varying(255) DEFAULT ''::character varying NOT NULL
);







CREATE TABLE ezenumvalue (
    id integer DEFAULT nextval('ezenumvalue_s'::text) NOT NULL,
    contentclass_attribute_id integer DEFAULT 0 NOT NULL,
    contentclass_attribute_version integer DEFAULT 0 NOT NULL,
    enumelement character varying(255) DEFAULT ''::character varying NOT NULL,
    enumvalue character varying(255) DEFAULT ''::character varying NOT NULL,
    placement integer DEFAULT 0 NOT NULL
);







CREATE TABLE ezforgot_password (
    id integer DEFAULT nextval('ezforgot_password_s'::text) NOT NULL,
    user_id integer DEFAULT 0 NOT NULL,
    hash_key character varying(32) DEFAULT ''::character varying NOT NULL,
    "time" integer DEFAULT 0 NOT NULL
);







CREATE TABLE ezgeneral_digest_user_settings (
    id integer DEFAULT nextval('ezgeneral_digest_user_settings_s'::text) NOT NULL,
    address character varying(255) DEFAULT ''::character varying NOT NULL,
    receive_digest integer DEFAULT 0 NOT NULL,
    digest_type integer DEFAULT 0 NOT NULL,
    "day" character varying(255) DEFAULT ''::character varying NOT NULL,
    "time" character varying(255) DEFAULT ''::character varying NOT NULL
);







CREATE TABLE ezimage (
    contentobject_attribute_id integer DEFAULT 0 NOT NULL,
    "version" integer DEFAULT 0 NOT NULL,
    filename character varying(255) DEFAULT ''::character varying NOT NULL,
    original_filename character varying(255) DEFAULT ''::character varying NOT NULL,
    mime_type character varying(50) DEFAULT ''::character varying NOT NULL,
    alternative_text character varying(255) DEFAULT ''::character varying NOT NULL
);







CREATE TABLE ezimagevariation (
    contentobject_attribute_id integer DEFAULT 0 NOT NULL,
    "version" integer DEFAULT 0 NOT NULL,
    filename character varying(255) DEFAULT ''::character varying NOT NULL,
    additional_path character varying(255),
    requested_width integer DEFAULT 0 NOT NULL,
    requested_height integer DEFAULT 0 NOT NULL,
    width integer DEFAULT 0 NOT NULL,
    height integer DEFAULT 0 NOT NULL
);







CREATE TABLE ezinfocollection (
    id integer DEFAULT nextval('ezinfocollection_s'::text) NOT NULL,
    contentobject_id integer DEFAULT 0 NOT NULL,
    created integer DEFAULT 0 NOT NULL,
    user_identifier character varying(34),
    modified integer DEFAULT 0
);







CREATE TABLE ezinfocollection_attribute (
    id integer DEFAULT nextval('ezinfocollection_attribute_s'::text) NOT NULL,
    informationcollection_id integer DEFAULT 0 NOT NULL,
    data_text text,
    data_int integer,
    data_float double precision,
    contentclass_attribute_id integer DEFAULT 0 NOT NULL,
    contentobject_attribute_id integer,
    contentobject_id integer
);







CREATE TABLE ezkeyword (
    id integer DEFAULT nextval('ezkeyword_s'::text) NOT NULL,
    keyword character varying(255),
    class_id integer DEFAULT 0 NOT NULL
);







CREATE TABLE ezkeyword_attribute_link (
    id integer DEFAULT nextval('ezkeyword_attribute_link_s'::text) NOT NULL,
    keyword_id integer DEFAULT 0 NOT NULL,
    objectattribute_id integer DEFAULT 0 NOT NULL
);







CREATE TABLE ezmedia (
    contentobject_attribute_id integer DEFAULT 0 NOT NULL,
    "version" integer DEFAULT 0 NOT NULL,
    filename character varying(255) DEFAULT ''::character varying NOT NULL,
    original_filename character varying(255) DEFAULT ''::character varying NOT NULL,
    mime_type character varying(50) DEFAULT ''::character varying NOT NULL,
    width integer,
    height integer,
    has_controller integer,
    is_autoplay integer,
    pluginspage character varying(255),
    quality character varying(50),
    controls character varying(50),
    is_loop integer
);







CREATE TABLE ezmessage (
    id integer DEFAULT nextval('ezmessage_s'::text) NOT NULL,
    send_method character varying(50) DEFAULT ''::character varying NOT NULL,
    send_weekday character varying(50) DEFAULT ''::character varying NOT NULL,
    send_time character varying(50) DEFAULT ''::character varying NOT NULL,
    destination_address character varying(50) DEFAULT ''::character varying NOT NULL,
    title character varying(255) DEFAULT ''::character varying NOT NULL,
    body text,
    is_sent integer DEFAULT 0 NOT NULL
);







CREATE TABLE ezmodule_run (
    id integer DEFAULT nextval('ezmodule_run_s'::text) NOT NULL,
    workflow_process_id integer,
    module_name character varying(255),
    function_name character varying(255),
    module_data text
);







CREATE TABLE eznode_assignment (
    id integer DEFAULT nextval('eznode_assignment_s'::text) NOT NULL,
    contentobject_id integer,
    contentobject_version integer,
    parent_node integer,
    sort_field integer DEFAULT 1,
    sort_order integer DEFAULT 1,
    is_main integer DEFAULT 0 NOT NULL,
    from_node_id integer DEFAULT 0,
    remote_id integer DEFAULT 0 NOT NULL
);







CREATE TABLE eznotificationcollection (
    id integer DEFAULT nextval('eznotificationcollection_s'::text) NOT NULL,
    event_id integer DEFAULT 0 NOT NULL,
    "handler" character varying(255) DEFAULT ''::character varying NOT NULL,
    transport character varying(255) DEFAULT ''::character varying NOT NULL,
    data_subject text NOT NULL,
    data_text text NOT NULL
);







CREATE TABLE eznotificationcollection_item (
    id integer DEFAULT nextval('eznotificationcollection_item_s'::text) NOT NULL,
    collection_id integer DEFAULT 0 NOT NULL,
    event_id integer DEFAULT 0 NOT NULL,
    address character varying(255) DEFAULT ''::character varying NOT NULL,
    send_date integer DEFAULT 0 NOT NULL
);







CREATE TABLE eznotificationevent (
    id integer DEFAULT nextval('eznotificationevent_s'::text) NOT NULL,
    status integer DEFAULT 0 NOT NULL,
    event_type_string character varying(255) DEFAULT ''::character varying NOT NULL,
    data_int1 integer DEFAULT 0 NOT NULL,
    data_int2 integer DEFAULT 0 NOT NULL,
    data_int3 integer DEFAULT 0 NOT NULL,
    data_int4 integer DEFAULT 0 NOT NULL,
    data_text1 text NOT NULL,
    data_text2 text NOT NULL,
    data_text3 text NOT NULL,
    data_text4 text NOT NULL
);







CREATE TABLE ezoperation_memento (
    id integer DEFAULT nextval('ezoperation_memento_s'::text) NOT NULL,
    memento_key character varying(32) DEFAULT ''::character varying NOT NULL,
    memento_data text NOT NULL,
    main integer DEFAULT 0 NOT NULL,
    main_key character varying(32) DEFAULT ''::character varying NOT NULL
);







CREATE TABLE ezorder (
    id integer DEFAULT nextval('ezorder_s'::text) NOT NULL,
    user_id integer DEFAULT 0 NOT NULL,
    productcollection_id integer DEFAULT 0 NOT NULL,
    created integer DEFAULT 0 NOT NULL,
    is_temporary integer DEFAULT 1 NOT NULL,
    order_nr integer DEFAULT 0 NOT NULL,
    data_text_2 text,
    data_text_1 text,
    account_identifier character varying(100) DEFAULT 'default'::character varying NOT NULL,
    ignore_vat integer DEFAULT 0 NOT NULL
);







CREATE TABLE ezorder_item (
    id integer DEFAULT nextval('ezorder_item_s'::text) NOT NULL,
    order_id integer DEFAULT 0 NOT NULL,
    description character varying(255),
    price double precision,
    vat_value integer DEFAULT 0 NOT NULL
);







CREATE TABLE ezpolicy (
    id integer DEFAULT nextval('ezpolicy_s'::text) NOT NULL,
    role_id integer,
    function_name character varying(255),
    module_name character varying(255),
    limitation character(1)
);







CREATE TABLE ezpolicy_limitation (
    id integer DEFAULT nextval('ezpolicy_limitation_s'::text) NOT NULL,
    policy_id integer,
    identifier character varying(255) DEFAULT ''::character varying NOT NULL,
    role_id integer,
    function_name character varying(255),
    module_name character varying(255)
);







CREATE TABLE ezpolicy_limitation_value (
    id integer DEFAULT nextval('ezpolicy_limitation_value_s'::text) NOT NULL,
    limitation_id integer,
    value character varying(255)
);







CREATE TABLE ezpreferences (
    id integer DEFAULT nextval('ezpreferences_s'::text) NOT NULL,
    user_id integer DEFAULT 0 NOT NULL,
    name character varying(100),
    value character varying(100)
);







CREATE TABLE ezproductcollection (
    id integer DEFAULT nextval('ezproductcollection_s'::text) NOT NULL,
    created integer
);







CREATE TABLE ezproductcollection_item (
    id integer DEFAULT nextval('ezproductcollection_item_s'::text) NOT NULL,
    productcollection_id integer DEFAULT 0 NOT NULL,
    contentobject_id integer DEFAULT 0 NOT NULL,
    item_count integer DEFAULT 0 NOT NULL,
    price double precision,
    is_vat_inc integer,
    vat_value double precision,
    discount double precision
);







CREATE TABLE ezproductcollection_item_opt (
    id integer DEFAULT nextval('ezproductcollection_item_opt_s'::text) NOT NULL,
    item_id integer DEFAULT 0 NOT NULL,
    option_item_id integer DEFAULT 0 NOT NULL,
    name character varying(255) DEFAULT ''::character varying NOT NULL,
    value character varying(255) DEFAULT ''::character varying NOT NULL,
    price double precision DEFAULT 0::double precision NOT NULL,
    object_attribute_id integer
);







CREATE TABLE ezrole (
    id integer DEFAULT nextval('ezrole_s'::text) NOT NULL,
    "version" integer DEFAULT 0,
    name character varying(255) DEFAULT ''::character varying NOT NULL,
    value character(1)
);







CREATE TABLE ezsearch_object_word_link (
    id integer DEFAULT nextval('ezsearch_object_word_link_s'::text) NOT NULL,
    contentobject_id integer DEFAULT 0 NOT NULL,
    word_id integer DEFAULT 0 NOT NULL,
    frequency double precision DEFAULT 0::double precision NOT NULL,
    placement integer DEFAULT 0 NOT NULL,
    prev_word_id integer DEFAULT 0 NOT NULL,
    next_word_id integer DEFAULT 0 NOT NULL,
    contentclass_id integer DEFAULT 0 NOT NULL,
    published integer DEFAULT 0 NOT NULL,
    section_id integer DEFAULT 0 NOT NULL,
    contentclass_attribute_id integer DEFAULT 0 NOT NULL,
    identifier character varying(255) DEFAULT ''::character varying NOT NULL,
    integer_value integer DEFAULT 0 NOT NULL
);







CREATE TABLE ezsearch_return_count (
    id integer DEFAULT nextval('ezsearch_return_count_s'::text) NOT NULL,
    phrase_id integer DEFAULT 0 NOT NULL,
    "time" integer DEFAULT 0 NOT NULL,
    count integer DEFAULT 0 NOT NULL
);







CREATE TABLE ezsearch_search_phrase (
    id integer DEFAULT nextval('ezsearch_search_phrase_s'::text) NOT NULL,
    phrase character varying(250)
);







CREATE TABLE ezsearch_word (
    id integer DEFAULT nextval('ezsearch_word_s'::text) NOT NULL,
    word character varying(150),
    object_count integer DEFAULT 0 NOT NULL
);







CREATE TABLE ezsection (
    id integer DEFAULT nextval('ezsection_s'::text) NOT NULL,
    name character varying(255),
    locale character varying(255),
    navigation_part_identifier character varying(100) DEFAULT 'ezcontentnavigationpart'::character varying
);







CREATE TABLE ezsession (
    session_key character varying(32) DEFAULT ''::character varying NOT NULL,
    expiration_time bigint DEFAULT 0::bigint NOT NULL,
    data text NOT NULL,
    CONSTRAINT ezsession_expiration_time CHECK ((expiration_time >= 0))
);







CREATE TABLE eztrigger (
    id integer DEFAULT nextval('eztrigger_s'::text) NOT NULL,
    name character varying(255),
    module_name character varying(200) DEFAULT ''::character varying NOT NULL,
    function_name character varying(200) DEFAULT ''::character varying NOT NULL,
    connect_type character(1) DEFAULT ''::bpchar NOT NULL,
    workflow_id integer
);







CREATE TABLE ezurl (
    id integer DEFAULT nextval('ezurl_s'::text) NOT NULL,
    url character varying(255),
    created integer DEFAULT 0 NOT NULL,
    modified integer DEFAULT 0 NOT NULL,
    is_valid integer DEFAULT 1 NOT NULL,
    last_checked integer DEFAULT 0 NOT NULL,
    original_url_md5 character varying(32) DEFAULT ''::character varying NOT NULL
);







CREATE TABLE ezurl_object_link (
    url_id integer DEFAULT 0 NOT NULL,
    contentobject_attribute_id integer DEFAULT 0 NOT NULL,
    contentobject_attribute_version integer DEFAULT 0 NOT NULL
);







CREATE TABLE ezurlalias (
    id integer DEFAULT nextval('ezurlalias_s'::text) NOT NULL,
    source_url text NOT NULL,
    source_md5 character varying(32),
    destination_url text NOT NULL,
    is_internal integer DEFAULT 1 NOT NULL,
    forward_to_id integer DEFAULT 0 NOT NULL,
    is_wildcard integer DEFAULT 0 NOT NULL
);







CREATE TABLE ezuser (
    contentobject_id integer DEFAULT 0 NOT NULL,
    login character varying(150) DEFAULT ''::character varying NOT NULL,
    email character varying(150) DEFAULT ''::character varying NOT NULL,
    password_hash_type integer DEFAULT 1 NOT NULL,
    password_hash character varying(50)
);







CREATE TABLE ezuser_accountkey (
    id integer DEFAULT nextval('ezuser_accountkey_s'::text) NOT NULL,
    user_id integer DEFAULT 0 NOT NULL,
    hash_key character varying(32) DEFAULT ''::character varying NOT NULL,
    "time" integer DEFAULT 0 NOT NULL
);







CREATE TABLE ezuser_discountrule (
    id integer DEFAULT nextval('ezuser_discountrule_s'::text) NOT NULL,
    discountrule_id integer,
    contentobject_id integer,
    name character varying(255) DEFAULT ''::character varying NOT NULL
);







CREATE TABLE ezuser_role (
    id integer DEFAULT nextval('ezuser_role_s'::text) NOT NULL,
    role_id integer,
    contentobject_id integer
);







CREATE TABLE ezuser_setting (
    user_id integer DEFAULT 0 NOT NULL,
    is_enabled integer DEFAULT 0 NOT NULL,
    max_login integer
);







CREATE TABLE ezvattype (
    id integer DEFAULT nextval('ezvattype_s'::text) NOT NULL,
    name character varying(255) DEFAULT ''::character varying NOT NULL,
    percentage double precision
);







CREATE TABLE ezwaituntildatevalue (
    id integer DEFAULT nextval('ezwaituntildatevalue_s'::text) NOT NULL,
    workflow_event_id integer DEFAULT 0 NOT NULL,
    workflow_event_version integer DEFAULT 0 NOT NULL,
    contentclass_id integer DEFAULT 0 NOT NULL,
    contentclass_attribute_id integer DEFAULT 0 NOT NULL
);







CREATE TABLE ezwishlist (
    id integer DEFAULT nextval('ezwishlist_s'::text) NOT NULL,
    user_id integer DEFAULT 0 NOT NULL,
    productcollection_id integer DEFAULT 0 NOT NULL
);







CREATE TABLE ezworkflow (
    id integer DEFAULT nextval('ezworkflow_s'::text) NOT NULL,
    "version" integer DEFAULT 0 NOT NULL,
    is_enabled integer DEFAULT 0 NOT NULL,
    workflow_type_string character varying(50) DEFAULT ''::character varying NOT NULL,
    name character varying(255) DEFAULT ''::character varying NOT NULL,
    creator_id integer DEFAULT 0 NOT NULL,
    modifier_id integer DEFAULT 0 NOT NULL,
    created integer DEFAULT 0 NOT NULL,
    modified integer DEFAULT 0 NOT NULL
);







CREATE TABLE ezworkflow_assign (
    id integer DEFAULT nextval('ezworkflow_assign_s'::text) NOT NULL,
    workflow_id integer DEFAULT 0 NOT NULL,
    node_id integer DEFAULT 0 NOT NULL,
    access_type integer DEFAULT 0 NOT NULL,
    as_tree integer DEFAULT 0 NOT NULL
);







CREATE TABLE ezworkflow_event (
    id integer DEFAULT nextval('ezworkflow_event_s'::text) NOT NULL,
    "version" integer DEFAULT 0 NOT NULL,
    workflow_id integer DEFAULT 0 NOT NULL,
    workflow_type_string character varying(50) DEFAULT ''::character varying NOT NULL,
    description character varying(50) DEFAULT ''::character varying NOT NULL,
    data_int1 integer,
    data_int2 integer,
    data_int3 integer,
    data_int4 integer,
    data_text1 character varying(50),
    data_text2 character varying(50),
    data_text3 character varying(50),
    data_text4 character varying(50),
    placement integer DEFAULT 0 NOT NULL
);







CREATE TABLE ezworkflow_group (
    id integer DEFAULT nextval('ezworkflow_group_s'::text) NOT NULL,
    name character varying(255) DEFAULT ''::character varying NOT NULL,
    creator_id integer DEFAULT 0 NOT NULL,
    modifier_id integer DEFAULT 0 NOT NULL,
    created integer DEFAULT 0 NOT NULL,
    modified integer DEFAULT 0 NOT NULL
);







CREATE TABLE ezworkflow_group_link (
    workflow_id integer DEFAULT 0 NOT NULL,
    group_id integer DEFAULT 0 NOT NULL,
    workflow_version integer DEFAULT 0 NOT NULL,
    group_name character varying(255)
);







CREATE TABLE ezworkflow_process (
    id integer DEFAULT nextval('ezworkflow_process_s'::text) NOT NULL,
    process_key character varying(32) DEFAULT ''::character varying NOT NULL,
    workflow_id integer DEFAULT 0 NOT NULL,
    user_id integer DEFAULT 0 NOT NULL,
    content_id integer DEFAULT 0 NOT NULL,
    content_version integer DEFAULT 0 NOT NULL,
    node_id integer DEFAULT 0 NOT NULL,
    session_key character varying(32) DEFAULT '0'::character varying NOT NULL,
    event_id integer DEFAULT 0 NOT NULL,
    event_position integer DEFAULT 0 NOT NULL,
    last_event_id integer DEFAULT 0 NOT NULL,
    last_event_position integer DEFAULT 0 NOT NULL,
    last_event_status integer DEFAULT 0 NOT NULL,
    event_status integer DEFAULT 0 NOT NULL,
    created integer DEFAULT 0 NOT NULL,
    modified integer DEFAULT 0 NOT NULL,
    activation_date integer,
    event_state integer,
    status integer,
    parameters text,
    memento_key character varying(32)
);







CREATE TABLE ezsite_data (
    name character varying(60) DEFAULT ''::character varying NOT NULL,
    value text DEFAULT ''::text NOT NULL
);







CREATE SEQUENCE ezpdf_export_s
    START 1
    INCREMENT 1
    MAXVALUE 9223372036854775807
    MINVALUE 1
    CACHE 1;







CREATE TABLE ezpdf_export (
    id integer DEFAULT nextval('ezpdf_export_s'::text) NOT NULL,
    title character varying(255),
    show_frontpage integer,
    intro_text text,
    sub_text text,
    source_node_id integer,
    export_structure character varying(255),
    export_classes character varying(255),
    site_access character varying(255),
    pdf_filename character varying(255),
    modifier_id integer,
    modified integer,
    created integer,
    creator_id integer,
    status integer
);







CREATE SEQUENCE ezrss_export_s
    START 1
    INCREMENT 1
    MAXVALUE 9223372036854775807
    MINVALUE 1
    CACHE 1;







CREATE TABLE ezrss_export (
    id integer DEFAULT nextval('ezrss_export_s'::text) NOT NULL,
    title character varying(255),
    modifier_id integer,
    modified integer,
    url character varying(255),
    description text,
    image_id integer,
    active integer,
    access_url character varying(255),
    created integer,
    creator_id integer,
    status integer,
    rss_version character varying(255),
    site_access character varying(255)
);







CREATE SEQUENCE ezrss_export_item_s
    START 1
    INCREMENT 1
    MAXVALUE 9223372036854775807
    MINVALUE 1
    CACHE 1;







CREATE TABLE ezrss_export_item (
    id integer DEFAULT nextval('ezrss_export_item_s'::text) NOT NULL,
    rssexport_id integer,
    source_node_id integer,
    class_id integer,
    title character varying(255),
    description character varying(255) DEFAULT 0
);







CREATE SEQUENCE ezrss_import_s
    START 1
    INCREMENT 1
    MAXVALUE 9223372036854775807
    MINVALUE 1
    CACHE 1;







CREATE TABLE ezrss_import (
    id integer DEFAULT nextval('ezrss_import_s'::text) NOT NULL,
    name character varying(255),
    url text,
    destination_node_id integer,
    class_id integer,
    class_title character varying(255),
    class_url character varying(255),
    class_description character varying(255),
    active integer,
    creator_id integer,
    created integer,
    modifier_id integer,
    modified integer,
    status integer,
    object_owner_id integer
);







CREATE SEQUENCE ezimagefile_s
    START 1
    INCREMENT 1
    MAXVALUE 9223372036854775807
    MINVALUE 1
    CACHE 1;







CREATE TABLE ezimagefile (
    id integer DEFAULT nextval('ezimagefile_s'::text) NOT NULL,
    contentobject_attribute_id integer NOT NULL,
    filepath text NOT NULL
);







CREATE TABLE eztipafriend_counter (
    node_id integer DEFAULT 0 NOT NULL,
    count integer DEFAULT 0 NOT NULL
);







CREATE TABLE ezview_counter (
    node_id integer DEFAULT 0 NOT NULL,
    count integer DEFAULT 0 NOT NULL
);







CREATE TABLE ezsubtree_notification_rule (
    id integer DEFAULT nextval('tmp_notification_rule_s'::text) NOT NULL,
    use_digest integer DEFAULT 0,
    node_id integer NOT NULL,
    user_id integer NOT NULL
);



























































































INSERT INTO ezcontent_translation VALUES (1, 'English (United Kingdom)', 'eng-GB');





















INSERT INTO ezcontentclass VALUES (1, 0, 'Folder', 'folder', '<name>', 14, 14, 1024392098, 1068804191);
INSERT INTO ezcontentclass VALUES (2, 0, 'Article', 'article', '<title>', 14, 14, 1024392098, 1066907423);
INSERT INTO ezcontentclass VALUES (3, 0, 'User group', 'user_group', '<name>', 14, 14, 1024392098, 1048494743);
INSERT INTO ezcontentclass VALUES (4, 0, 'User', 'user', '<first_name> <last_name>', 14, 14, 1024392098, 1068123024);
INSERT INTO ezcontentclass VALUES (5, 0, 'Image', 'image', '<name>', 8, 14, 1031484992, 1048494784);
INSERT INTO ezcontentclass VALUES (10, 0, 'Info page', 'info_page', '<name>', 14, 14, 1052385274, 1052385353);
INSERT INTO ezcontentclass VALUES (12, 0, 'File', 'file', '<name>', 14, 14, 1052385472, 1052385669);
INSERT INTO ezcontentclass VALUES (14, 0, 'Setup link', 'setup_link', '<title>', 14, 14, 1066383719, 1066383885);
INSERT INTO ezcontentclass VALUES (15, 0, 'Template look', 'template_look', '<title>', 14, 14, 1066390045, 1069677671);
INSERT INTO ezcontentclass VALUES (25, 0, 'Poll', 'poll', '<name>', 14, 14, 1068716373, 1068717758);
INSERT INTO ezcontentclass VALUES (24, 0, 'Link', 'link', '<name>', 14, 14, 1068716182, 1068716360);
INSERT INTO ezcontentclass VALUES (23, 0, 'Log', 'log', '<title>', 14, 14, 1068710873, 1068718967);
INSERT INTO ezcontentclass VALUES (26, 0, 'Comment', 'comment', '<name>', 14, 14, 1068716787, 1068716858);







INSERT INTO ezcontentclass_attribute VALUES (116, 0, 5, 'name', 'Name', 'ezstring', 1, 1, 1, 150, 0, 0, 0, 0, 0, 0, 0, '', '', '', '', NULL, 0, 1);
INSERT INTO ezcontentclass_attribute VALUES (6, 0, 3, 'name', 'Name', 'ezstring', 1, 1, 1, 255, 0, 0, 0, 0, 0, 0, 0, '', '', '', '', NULL, 0, 1);
INSERT INTO ezcontentclass_attribute VALUES (7, 0, 3, 'description', 'Description', 'ezstring', 1, 0, 2, 255, 0, 0, 0, 0, 0, 0, 0, '', '', '', '', NULL, 0, 1);
INSERT INTO ezcontentclass_attribute VALUES (118, 0, 5, 'image', 'Image', 'ezimage', 0, 0, 3, 2, 0, 0, 0, 0, 0, 0, 0, '', '', '', '', NULL, 0, 1);
INSERT INTO ezcontentclass_attribute VALUES (117, 0, 5, 'caption', 'Caption', 'ezxmltext', 1, 0, 2, 10, 0, 0, 0, 0, 0, 0, 0, '', '', '', '', NULL, 0, 1);
INSERT INTO ezcontentclass_attribute VALUES (142, 0, 10, 'image', 'Image', 'ezimage', 0, 0, 3, 1, 0, 0, 0, 0, 0, 0, 0, '', '', '', '', NULL, 0, 1);
INSERT INTO ezcontentclass_attribute VALUES (141, 0, 10, 'body', 'Body', 'ezxmltext', 1, 0, 2, 20, 0, 0, 0, 0, 0, 0, 0, '', '', '', '', NULL, 0, 1);
INSERT INTO ezcontentclass_attribute VALUES (140, 0, 10, 'name', 'Name', 'ezstring', 1, 1, 1, 100, 0, 0, 0, 0, 0, 0, 0, '', '', '', '', NULL, 0, 1);
INSERT INTO ezcontentclass_attribute VALUES (146, 0, 12, 'name', 'Name', 'ezstring', 1, 1, 1, 0, 0, 0, 0, 0, 0, 0, 0, 'New file', '', '', '', NULL, 0, 1);
INSERT INTO ezcontentclass_attribute VALUES (148, 0, 12, 'file', 'File', 'ezbinaryfile', 0, 1, 3, 0, 0, 0, 0, 0, 0, 0, 0, '', '', '', '', NULL, 0, 1);
INSERT INTO ezcontentclass_attribute VALUES (147, 0, 12, 'description', 'Description', 'ezxmltext', 1, 0, 2, 10, 0, 0, 0, 0, 0, 0, 0, '', '', '', '', NULL, 0, 1);
INSERT INTO ezcontentclass_attribute VALUES (154, 0, 14, 'description', 'Description', 'eztext', 1, 0, 3, 2, 0, 0, 0, 0, 0, 0, 0, '', '', '', '', '', 0, 1);
INSERT INTO ezcontentclass_attribute VALUES (153, 0, 14, 'icon', 'Icon', 'ezimage', 0, 0, 2, 0, 0, 0, 0, 0, 0, 0, 0, '', '', '', '', '', 0, 1);
INSERT INTO ezcontentclass_attribute VALUES (152, 0, 14, 'title', 'Title', 'ezstring', 1, 1, 1, 0, 0, 0, 0, 0, 0, 0, 0, '', '', '', '', '', 0, 1);
INSERT INTO ezcontentclass_attribute VALUES (155, 0, 14, 'link', 'Link', 'ezstring', 1, 1, 4, 0, 0, 0, 0, 0, 0, 0, 0, '', '', '', '', '', 0, 1);
INSERT INTO ezcontentclass_attribute VALUES (214, 0, 1, 'list_title', 'List title', 'ezstring', 0, 1, 4, 0, 0, 0, 0, 0, 0, 0, 0, 'Recent items', '', '', '', '', 0, 1);
INSERT INTO ezcontentclass_attribute VALUES (1, 0, 2, 'title', 'Title', 'ezstring', 1, 1, 1, 255, 0, 0, 0, 0, 0, 0, 0, 'New article', '', '', '', '', 0, 1);
INSERT INTO ezcontentclass_attribute VALUES (177, 0, 2, 'frontpage_image', 'Frontpage image', 'ezinteger', 0, 0, 6, 0, 0, 0, 0, 0, 0, 0, 0, '', '', '', '', '', 0, 1);
INSERT INTO ezcontentclass_attribute VALUES (123, 0, 2, 'enable_comments', 'Enable comments', 'ezboolean', 0, 0, 5, 0, 0, 0, 0, 0, 0, 0, 0, '', '', '', '', '', 0, 1);
INSERT INTO ezcontentclass_attribute VALUES (122, 0, 2, 'thumbnail', 'Thumbnail', 'ezimage', 0, 0, 4, 2, 0, 0, 0, 0, 0, 0, 0, '', '', '', '', '', 0, 1);
INSERT INTO ezcontentclass_attribute VALUES (121, 0, 2, 'body', 'Body', 'ezxmltext', 1, 0, 3, 20, 0, 0, 0, 0, 0, 0, 0, '', '', '', '', '', 0, 1);
INSERT INTO ezcontentclass_attribute VALUES (120, 0, 2, 'intro', 'Intro', 'ezxmltext', 1, 1, 2, 10, 0, 0, 0, 0, 0, 0, 0, '', '', '', '', '', 0, 1);
INSERT INTO ezcontentclass_attribute VALUES (198, 0, 4, 'location', 'Location', 'ezstring', 1, 0, 5, 0, 0, 0, 0, 0, 0, 0, 0, '', '', '', '', '', 0, 1);
INSERT INTO ezcontentclass_attribute VALUES (199, 0, 4, 'signature', 'Signature', 'eztext', 1, 0, 6, 2, 0, 0, 0, 0, 0, 0, 0, '', '', '', '', '', 0, 1);
INSERT INTO ezcontentclass_attribute VALUES (203, 0, 23, 'log', 'Log', 'ezxmltext', 1, 0, 2, 15, 0, 0, 0, 0, 0, 0, 0, '', '', '', '', '', 0, 1);
INSERT INTO ezcontentclass_attribute VALUES (207, 0, 25, 'name', 'Name', 'ezstring', 1, 1, 1, 0, 0, 0, 0, 0, 0, 0, 0, '', '', '', '', '', 0, 1);
INSERT INTO ezcontentclass_attribute VALUES (208, 0, 25, 'option', 'Option', 'ezoption', 0, 1, 2, 0, 0, 0, 0, 0, 0, 0, 0, '', '', '', '', '', 1, 1);
INSERT INTO ezcontentclass_attribute VALUES (205, 0, 24, 'description', 'Description', 'ezxmltext', 1, 0, 2, 5, 0, 0, 0, 0, 0, 0, 0, '', '', '', '', '', 0, 1);
INSERT INTO ezcontentclass_attribute VALUES (206, 0, 24, 'url', 'URL', 'ezurl', 0, 1, 3, 0, 0, 0, 0, 0, 0, 0, 0, '', '', '', '', '', 0, 1);
INSERT INTO ezcontentclass_attribute VALUES (204, 0, 24, 'name', 'Name', 'ezstring', 1, 1, 1, 0, 0, 0, 0, 0, 0, 0, 0, '', '', '', '', '', 0, 1);
INSERT INTO ezcontentclass_attribute VALUES (202, 0, 23, 'title', 'Title', 'ezstring', 1, 1, 1, 0, 0, 0, 0, 0, 0, 0, 0, '', '', '', '', '', 0, 1);
INSERT INTO ezcontentclass_attribute VALUES (212, 0, 26, 'comment', 'Comment', 'eztext', 1, 0, 4, 10, 0, 0, 0, 0, 0, 0, 0, '', '', '', '', '', 0, 1);
INSERT INTO ezcontentclass_attribute VALUES (200, 0, 4, 'user_image', 'User image', 'ezimage', 0, 0, 7, 1, 0, 0, 0, 0, 0, 0, 0, '', '', '', '', '', 0, 1);
INSERT INTO ezcontentclass_attribute VALUES (197, 0, 4, 'title', 'Title', 'ezstring', 1, 0, 4, 25, 0, 0, 0, 0, 0, 0, 0, '', '', '', '', '', 0, 1);
INSERT INTO ezcontentclass_attribute VALUES (12, 0, 4, 'user_account', 'User account', 'ezuser', 0, 1, 3, 0, 0, 0, 0, 0, 0, 0, 0, '', '', '', '', '', 0, 1);
INSERT INTO ezcontentclass_attribute VALUES (9, 0, 4, 'last_name', 'Last name', 'ezstring', 1, 1, 2, 255, 0, 0, 0, 0, 0, 0, 0, '', '', '', '', '', 0, 1);
INSERT INTO ezcontentclass_attribute VALUES (8, 0, 4, 'first_name', 'First name', 'ezstring', 1, 1, 1, 255, 0, 0, 0, 0, 0, 0, 0, '', '', '', '', '', 0, 1);
INSERT INTO ezcontentclass_attribute VALUES (213, 0, 23, 'enable_comments', 'Enable comments', 'ezboolean', 1, 0, 3, 0, 0, 1, 0, 0, 0, 0, 0, '', '', '', '', '', 0, 1);
INSERT INTO ezcontentclass_attribute VALUES (211, 0, 26, 'url', 'URL', 'ezstring', 1, 0, 3, 0, 0, 0, 0, 0, 0, 0, 0, '', '', '', '', '', 0, 1);
INSERT INTO ezcontentclass_attribute VALUES (210, 0, 26, 'email', 'E-mail', 'ezstring', 1, 0, 2, 0, 0, 0, 0, 0, 0, 0, 0, '', '', '', '', '', 0, 1);
INSERT INTO ezcontentclass_attribute VALUES (209, 0, 26, 'name', 'Name', 'ezstring', 1, 1, 1, 0, 0, 0, 0, 0, 0, 0, 0, '', '', '', '', '', 0, 1);
INSERT INTO ezcontentclass_attribute VALUES (215, 0, 1, 'category_list_title', 'Category list title', 'ezstring', 0, 1, 5, 0, 0, 0, 0, 0, 0, 0, 0, 'All Categories', '', '', '', '', 0, 1);
INSERT INTO ezcontentclass_attribute VALUES (196, 0, 15, 'siteurl', 'Site URL', 'ezinisetting', 0, 0, 7, 1, 0, 0, 0, 0, 0, 0, 0, 'site.ini', 'SiteSettings', 'SiteURL', '0;1;2;3;4;5', 'override;user;admin;demo;blog_admin;blog_user', 0, 1);
INSERT INTO ezcontentclass_attribute VALUES (216, 0, 1, 'archive_title', 'Archive Title', 'ezstring', 0, 1, 3, 0, 0, 0, 0, 0, 0, 0, 0, 'Item Archive', '', '', '', '', 0, 1);
INSERT INTO ezcontentclass_attribute VALUES (119, 0, 1, 'description', 'Description', 'ezxmltext', 1, 0, 2, 5, 0, 0, 0, 0, 0, 0, 0, '', '', '', '', '', 0, 1);
INSERT INTO ezcontentclass_attribute VALUES (4, 0, 1, 'name', 'Name', 'ezstring', 1, 1, 1, 255, 0, 0, 0, 0, 0, 0, 0, 'Folder', '', '', '', '', 0, 1);
INSERT INTO ezcontentclass_attribute VALUES (159, 0, 15, 'image', 'Image', 'ezimage', 0, 0, 3, 0, 0, 0, 0, 0, 0, 0, 0, '', '', '', '', '', 0, 1);
INSERT INTO ezcontentclass_attribute VALUES (160, 0, 15, 'sitestyle', 'Sitestyle', 'ezpackage', 0, 0, 4, 1, 0, 0, 0, 0, 0, 0, 0, 'sitestyle', '', '', '', '', 0, 1);
INSERT INTO ezcontentclass_attribute VALUES (161, 0, 15, 'id', 'id', 'ezstring', 1, 0, 5, 0, 0, 0, 0, 0, 0, 0, 0, '', '', '', '', '', 0, 1);
INSERT INTO ezcontentclass_attribute VALUES (157, 0, 15, 'title', 'Title', 'ezinisetting', 0, 0, 1, 1, 0, 0, 0, 0, 0, 0, 0, 'site.ini', 'SiteSettings', 'SiteName', '0;1;2;3;4;5', 'override;user;admin;demo;blog_admin;blog_user', 0, 1);
INSERT INTO ezcontentclass_attribute VALUES (180, 0, 15, 'email', 'Email', 'ezinisetting', 0, 0, 6, 1, 0, 0, 0, 0, 0, 0, 0, 'site.ini', 'MailSettings', 'AdminEmail', '0;1;2;3;4;5', 'override;user;admin;demo;blog_admin;blog_user', 0, 1);
INSERT INTO ezcontentclass_attribute VALUES (158, 0, 15, 'meta_data', 'Meta data', 'ezinisetting', 0, 0, 2, 6, 0, 0, 0, 0, 0, 0, 0, 'site.ini', 'SiteSettings', 'MetaDataArray', '0;1;2;3;4;5', 'override;user;admin;demo;blog_admin;blog_user', 0, 1);







INSERT INTO ezcontentclass_classgroup VALUES (1, 0, 1, 'Content');
INSERT INTO ezcontentclass_classgroup VALUES (2, 0, 1, 'Content');
INSERT INTO ezcontentclass_classgroup VALUES (4, 0, 2, 'Content');
INSERT INTO ezcontentclass_classgroup VALUES (5, 0, 3, 'Media');
INSERT INTO ezcontentclass_classgroup VALUES (3, 0, 2, '');
INSERT INTO ezcontentclass_classgroup VALUES (6, 0, 1, 'Content');
INSERT INTO ezcontentclass_classgroup VALUES (7, 0, 1, 'Content');
INSERT INTO ezcontentclass_classgroup VALUES (8, 0, 1, 'Content');
INSERT INTO ezcontentclass_classgroup VALUES (9, 0, 1, 'Content');
INSERT INTO ezcontentclass_classgroup VALUES (10, 0, 1, 'Content');
INSERT INTO ezcontentclass_classgroup VALUES (11, 0, 1, 'Content');
INSERT INTO ezcontentclass_classgroup VALUES (12, 0, 3, 'Media');
INSERT INTO ezcontentclass_classgroup VALUES (13, 0, 1, 'Content');
INSERT INTO ezcontentclass_classgroup VALUES (14, 0, 4, 'Setup');
INSERT INTO ezcontentclass_classgroup VALUES (15, 0, 4, 'Setup');
INSERT INTO ezcontentclass_classgroup VALUES (12, 1, 3, 'Media');
INSERT INTO ezcontentclass_classgroup VALUES (16, 0, 1, 'Content');
INSERT INTO ezcontentclass_classgroup VALUES (17, 0, 1, 'Content');
INSERT INTO ezcontentclass_classgroup VALUES (21, 1, 1, 'Content');
INSERT INTO ezcontentclass_classgroup VALUES (20, 0, 1, 'Content');
INSERT INTO ezcontentclass_classgroup VALUES (21, 0, 1, 'Content');
INSERT INTO ezcontentclass_classgroup VALUES (25, 1, 1, 'Content');
INSERT INTO ezcontentclass_classgroup VALUES (23, 0, 1, 'Content');
INSERT INTO ezcontentclass_classgroup VALUES (26, 0, 1, 'Content');
INSERT INTO ezcontentclass_classgroup VALUES (24, 0, 1, 'Content');
INSERT INTO ezcontentclass_classgroup VALUES (25, 0, 1, 'Content');
INSERT INTO ezcontentclass_classgroup VALUES (14, 1, 4, 'Setup');
INSERT INTO ezcontentclass_classgroup VALUES (26, 1, 1, 'Content');







INSERT INTO ezcontentclassgroup VALUES (1, 'Content', 1, 14, 1031216928, 1033922106);
INSERT INTO ezcontentclassgroup VALUES (2, 'Users', 1, 14, 1031216941, 1033922113);
INSERT INTO ezcontentclassgroup VALUES (3, 'Media', 8, 14, 1032009743, 1033922120);
INSERT INTO ezcontentclassgroup VALUES (4, 'Setup', 14, 14, 1066383702, 1066383712);







INSERT INTO ezcontentobject VALUES (1, 14, 1, 1, 'Blog', 6, 0, 1033917596, 1068710485, 1, '');
INSERT INTO ezcontentobject VALUES (4, 14, 2, 3, 'Users', 1, 0, 1033917596, 1033917596, 1, NULL);
INSERT INTO ezcontentobject VALUES (11, 14, 2, 3, 'Guest accounts', 1, 0, 1033920746, 1033920746, 1, NULL);
INSERT INTO ezcontentobject VALUES (12, 14, 2, 3, 'Administrator users', 1, 0, 1033920775, 1033920775, 1, NULL);
INSERT INTO ezcontentobject VALUES (13, 14, 2, 3, 'Editors', 1, 0, 1033920794, 1033920794, 1, NULL);
INSERT INTO ezcontentobject VALUES (14, 14, 2, 4, 'Administrator User', 5, 0, 1033920830, 1068468219, 1, '');
INSERT INTO ezcontentobject VALUES (41, 14, 3, 1, 'Media', 1, 0, 1060695457, 1060695457, 1, '');
INSERT INTO ezcontentobject VALUES (42, 14, 11, 1, 'Setup', 1, 0, 1066383068, 1066383068, 1, '');
INSERT INTO ezcontentobject VALUES (43, 14, 11, 14, 'Classes', 9, 0, 1066384365, 1068729357, 1, '');
INSERT INTO ezcontentobject VALUES (44, 14, 11, 1, 'Setup links', 1, 0, 1066384457, 1066384457, 1, '');
INSERT INTO ezcontentobject VALUES (45, 14, 11, 14, 'Look and feel', 10, 0, 1066388816, 1068729376, 1, '');
INSERT INTO ezcontentobject VALUES (46, 14, 11, 1, 'Look and feel', 2, 0, 1066389805, 1066389902, 1, '');
INSERT INTO ezcontentobject VALUES (47, 14, 1, 15, 'New Template look', 1, 0, 0, 0, 0, '');
INSERT INTO ezcontentobject VALUES (122, 14, 1, 5, 'New Image', 1, 0, 0, 0, 0, '');
INSERT INTO ezcontentobject VALUES (49, 14, 13, 1, 'Blogs', 5, 0, 1066398020, 1068804689, 1, '');
INSERT INTO ezcontentobject VALUES (51, 14, 1, 14, 'New Setup link', 1, 0, 0, 0, 0, '');
INSERT INTO ezcontentobject VALUES (53, 14, 1, 15, 'New Template look', 1, 0, 0, 0, 0, '');
INSERT INTO ezcontentobject VALUES (56, 14, 11, 15, 'Blog', 70, 0, 1066643397, 1069839484, 1, '');
INSERT INTO ezcontentobject VALUES (214, 14, 13, 23, 'Today I got my new car!', 2, 0, 1068711140, 1069770036, 1, '');
INSERT INTO ezcontentobject VALUES (212, 14, 13, 1, 'Personal', 2, 0, 1068711069, 1068717667, 1, '');
INSERT INTO ezcontentobject VALUES (161, 14, 1, 10, 'About me', 3, 0, 1068047603, 1069770484, 1, '');
INSERT INTO ezcontentobject VALUES (129, 14, 1, 2, 'New Article', 1, 0, 0, 0, 0, '');
INSERT INTO ezcontentobject VALUES (127, 14, 4, 2, 'New Article', 1, 0, 0, 0, 0, '');
INSERT INTO ezcontentobject VALUES (83, 14, 2, 4, 'New User', 1, 0, 0, 0, 0, '');
INSERT INTO ezcontentobject VALUES (84, 14, 2, 4, 'New User', 1, 0, 0, 0, 0, '');
INSERT INTO ezcontentobject VALUES (85, 14, 5, 1, 'New Folder', 1, 0, 0, 0, 0, '');
INSERT INTO ezcontentobject VALUES (88, 14, 2, 4, 'New User', 1, 0, 0, 0, 0, '');
INSERT INTO ezcontentobject VALUES (91, 14, 1, 15, 'New Template look', 1, 0, 0, 0, 0, '');
INSERT INTO ezcontentobject VALUES (213, 14, 13, 1, 'Computers', 2, 0, 1068711091, 1068717696, 1, '');
INSERT INTO ezcontentobject VALUES (96, 14, 2, 4, 'New User', 1, 0, 0, 0, 0, '');
INSERT INTO ezcontentobject VALUES (126, 14, 4, 2, 'New Article', 1, 0, 0, 0, 0, '');
INSERT INTO ezcontentobject VALUES (103, 14, 2, 4, 'New User', 1, 0, 0, 0, 0, '');
INSERT INTO ezcontentobject VALUES (104, 14, 2, 4, 'New User', 1, 0, 0, 0, 0, '');
INSERT INTO ezcontentobject VALUES (105, 14, 2, 4, 'New User', 1, 0, 0, 0, 0, '');
INSERT INTO ezcontentobject VALUES (106, 14, 2, 4, 'New User', 1, 0, 0, 0, 0, '');
INSERT INTO ezcontentobject VALUES (115, 14, 11, 14, 'Cache', 4, 0, 1066991725, 1068729308, 1, '');
INSERT INTO ezcontentobject VALUES (116, 14, 11, 14, 'URL translator', 3, 0, 1066992054, 1068729395, 1, '');
INSERT INTO ezcontentobject VALUES (117, 14, 4, 2, 'New Article', 1, 0, 0, 0, 0, '');
INSERT INTO ezcontentobject VALUES (218, 14, 1, 25, 'New Poll', 1, 0, 0, 0, 0, '');
INSERT INTO ezcontentobject VALUES (143, 14, 1, 14, 'New Setup link', 1, 0, 0, 0, 0, '');
INSERT INTO ezcontentobject VALUES (144, 14, 1, 14, 'New Setup link', 1, 0, 0, 0, 0, '');
INSERT INTO ezcontentobject VALUES (145, 14, 1, 14, 'New Setup link', 1, 0, 0, 0, 0, '');
INSERT INTO ezcontentobject VALUES (216, 14, 1, 25, 'New Poll', 1, 0, 0, 0, 0, '');
INSERT INTO ezcontentobject VALUES (217, 14, 1, 25, 'New Poll', 1, 0, 0, 0, 0, '');
INSERT INTO ezcontentobject VALUES (187, 14, 1, 4, 'New User', 1, 0, 0, 0, 0, '');
INSERT INTO ezcontentobject VALUES (189, 14, 1, 4, 'New User', 1, 0, 0, 0, 0, '');
INSERT INTO ezcontentobject VALUES (221, 14, 1, 25, 'New Poll', 1, 0, 0, 0, 0, '');
INSERT INTO ezcontentobject VALUES (222, 14, 1, 25, 'New Poll', 1, 0, 0, 0, 0, '');
INSERT INTO ezcontentobject VALUES (224, 14, 1, 25, 'New Poll', 1, 0, 0, 0, 0, '');
INSERT INTO ezcontentobject VALUES (225, 14, 1, 25, 'New Poll', 1, 0, 0, 0, 0, '');
INSERT INTO ezcontentobject VALUES (228, 14, 12, 1, 'Links', 4, 0, 1068718629, 1068804675, 1, '');
INSERT INTO ezcontentobject VALUES (231, 14, 12, 1, 'Downloads', 2, 0, 1068718746, 1069770638, 1, '');
INSERT INTO ezcontentobject VALUES (240, 14, 1, 1, 'Polls', 3, 0, 1068719643, 1069172879, 1, '');
INSERT INTO ezcontentobject VALUES (241, 14, 1, 25, 'Which one is the best of matrix movies?', 1, 0, 1068720802, 1068720802, 1, '');
INSERT INTO ezcontentobject VALUES (243, 14, 13, 1, 'Entertainment', 1, 0, 1068727871, 1068727871, 1, '');
INSERT INTO ezcontentobject VALUES (252, 14, 13, 23, 'I overslept again', 1, 0, 1069770140, 1069770140, 1, '');
INSERT INTO ezcontentobject VALUES (253, 14, 13, 23, 'Tonight I was at the movies', 1, 0, 1069770254, 1069770254, 1, '');
INSERT INTO ezcontentobject VALUES (254, 14, 13, 23, 'Finally I got it', 1, 0, 1069770356, 1069770356, 1, '');
INSERT INTO ezcontentobject VALUES (255, 14, 12, 24, 'eZ systems', 1, 0, 1069770691, 1069770691, 1, '');
INSERT INTO ezcontentobject VALUES (256, 14, 12, 24, 'eZ publish at Freshmeat', 1, 0, 1069770809, 1069770809, 1, '');
INSERT INTO ezcontentobject VALUES (257, 14, 12, 1, 'Movies', 1, 0, 1069770849, 1069770849, 1, '');
INSERT INTO ezcontentobject VALUES (258, 14, 12, 24, 'The Matrix', 1, 0, 1069770910, 1069770910, 1, '');
INSERT INTO ezcontentobject VALUES (259, 14, 12, 24, 'Lord of the Rings', 1, 0, 1069770984, 1069770984, 1, '');
INSERT INTO ezcontentobject VALUES (260, 14, 12, 1, 'Sports', 1, 0, 1069771040, 1069771040, 1, '');
INSERT INTO ezcontentobject VALUES (261, 14, 12, 24, 'Liverpool FC', 1, 0, 1069771089, 1069771089, 1, '');
INSERT INTO ezcontentobject VALUES (262, 14, 1, 25, 'Which do you like the best: Matrix or Lord of the Rings?', 1, 0, 1069771243, 1069771243, 1, '');
INSERT INTO ezcontentobject VALUES (263, 14, 13, 23, 'Party!', 1, 0, 1069771496, 1069771496, 1, '');
INSERT INTO ezcontentobject VALUES (264, 14, 12, 1, 'Fun', 1, 0, 1069773539, 1069773539, 1, '');
INSERT INTO ezcontentobject VALUES (265, 14, 12, 24, 'Pondus', 1, 0, 1069773629, 1069773629, 1, '');
INSERT INTO ezcontentobject VALUES (266, 10, 13, 26, 'Tim', 1, 0, 1069773783, 1069773783, 1, '');
INSERT INTO ezcontentobject VALUES (267, 10, 13, 26, 'Helene', 1, 0, 1069773826, 1069773826, 1, '');
INSERT INTO ezcontentobject VALUES (268, 14, 2, 3, 'Anonymous Users', 1, 0, 1072186482, 1072186482, 1, '');
INSERT INTO ezcontentobject VALUES (10, 14, 2, 4, 'Anonymous User', 2, 0, 1033920665, 1072186517, 1, '');







INSERT INTO ezcontentobject_attribute VALUES (152, 'eng-GB', 7, 56, 159, '', 0, 0, 0, 0, '', 'ezimage');
INSERT INTO ezcontentobject_attribute VALUES (323, 'eng-GB', 4, 115, 152, 'Cache', 0, 0, 0, 0, 'cache', 'ezstring');
INSERT INTO ezcontentobject_attribute VALUES (797, 'eng-GB', 2, 231, 119, '<?xml version="1.0" encoding="iso-8859-1"?>
<section xmlns:image="http://ez.no/namespaces/ezpublish3/image/"
         xmlns:xhtml="http://ez.no/namespaces/ezpublish3/xhtml/"
         xmlns:custom="http://ez.no/namespaces/ezpublish3/custom/">
  <paragraph>Links for news site.</paragraph>
</section>', 1045487555, 0, 0, 0, '', 'ezxmltext');
INSERT INTO ezcontentobject_attribute VALUES (524, 'eng-GB', 3, 161, 142, '<?xml version="1.0" encoding="UTF-8"?>
<ezimage serial_number="1"
         is_valid=""
         filename="about_me."
         suffix=""
         basename="about_me"
         dirpath="var/blog/storage/images/about_me/524-3-eng-GB"
         url="var/blog/storage/images/about_me/524-3-eng-GB/about_me."
         original_filename=""
         mime_type=""
         width=""
         height=""
         alternative_text=""
         alias_key="1293033771"
         timestamp="">
  <original attribute_id="524"
            attribute_version="2"
            attribute_language="eng-GB" />
</ezimage>', 0, 0, 0, 0, '', 'ezimage');
INSERT INTO ezcontentobject_attribute VALUES (761, 'eng-GB', 2, 212, 4, 'Personal', 0, 0, 0, 0, 'personal', 'ezstring');
INSERT INTO ezcontentobject_attribute VALUES (763, 'eng-GB', 2, 213, 4, 'Computers', 0, 0, 0, 0, 'computers', 'ezstring');
INSERT INTO ezcontentobject_attribute VALUES (762, 'eng-GB', 2, 212, 119, '<?xml version="1.0" encoding="iso-8859-1"?>
<section xmlns:image="http://ez.no/namespaces/ezpublish3/image/"
         xmlns:xhtml="http://ez.no/namespaces/ezpublish3/xhtml/"
         xmlns:custom="http://ez.no/namespaces/ezpublish3/custom/">
  <paragraph>A glimpse into the life of me.</paragraph>
</section>', 1045487555, 0, 0, 0, '', 'ezxmltext');
INSERT INTO ezcontentobject_attribute VALUES (764, 'eng-GB', 2, 213, 119, '<?xml version="1.0" encoding="iso-8859-1"?>
<section xmlns:image="http://ez.no/namespaces/ezpublish3/image/"
         xmlns:xhtml="http://ez.no/namespaces/ezpublish3/xhtml/"
         xmlns:custom="http://ez.no/namespaces/ezpublish3/custom/">
  <paragraph>Computers, handhelds, electronic gadgets, and the software which connects them all. I&apos;m an early adopter, which means I often end up paying the price, in more than one way.</paragraph>
</section>', 1045487555, 0, 0, 0, '', 'ezxmltext');
INSERT INTO ezcontentobject_attribute VALUES (1, 'eng-GB', 6, 1, 4, 'Blog', 0, 0, 0, 0, 'blog', 'ezstring');
INSERT INTO ezcontentobject_attribute VALUES (98, 'eng-GB', 1, 41, 4, 'Media', 0, 0, 0, 0, '', 'ezstring');
INSERT INTO ezcontentobject_attribute VALUES (100, 'eng-GB', 1, 42, 4, 'Setup', 0, 0, 0, 0, 'setup', 'ezstring');
INSERT INTO ezcontentobject_attribute VALUES (106, 'eng-GB', 1, 44, 4, 'Setup links', 0, 0, 0, 0, 'setup links', 'ezstring');
INSERT INTO ezcontentobject_attribute VALUES (112, 'eng-GB', 2, 46, 4, 'Look and feel', 0, 0, 0, 0, 'look and feel', 'ezstring');
INSERT INTO ezcontentobject_attribute VALUES (995, 'eng-GB', 1, 257, 4, 'Movies', 0, 0, 0, 0, 'movies', 'ezstring');
INSERT INTO ezcontentobject_attribute VALUES (836, 'eng-GB', 1, 243, 4, 'Entertainment', 0, 0, 0, 0, 'entertainment', 'ezstring');
INSERT INTO ezcontentobject_attribute VALUES (790, 'eng-GB', 4, 228, 4, 'Links', 0, 0, 0, 0, 'links', 'ezstring');
INSERT INTO ezcontentobject_attribute VALUES (125, 'eng-GB', 5, 49, 4, 'Blogs', 0, 0, 0, 0, 'blogs', 'ezstring');
INSERT INTO ezcontentobject_attribute VALUES (828, 'eng-GB', 3, 240, 4, 'Polls', 0, 0, 0, 0, 'polls', 'ezstring');
INSERT INTO ezcontentobject_attribute VALUES (796, 'eng-GB', 2, 231, 4, 'Downloads', 0, 0, 0, 0, 'downloads', 'ezstring');
INSERT INTO ezcontentobject_attribute VALUES (1006, 'eng-GB', 1, 260, 4, 'Sports', 0, 0, 0, 0, 'sports', 'ezstring');
INSERT INTO ezcontentobject_attribute VALUES (1019, 'eng-GB', 1, 264, 4, 'Fun', 0, 0, 0, 0, 'fun', 'ezstring');
INSERT INTO ezcontentobject_attribute VALUES (8, 'eng-GB', 1, 4, 6, 'Users', NULL, NULL, 0, 0, '', 'ezstring');
INSERT INTO ezcontentobject_attribute VALUES (22, 'eng-GB', 1, 11, 6, 'Guest accounts', 0, 0, 0, 0, '', 'ezstring');
INSERT INTO ezcontentobject_attribute VALUES (24, 'eng-GB', 1, 12, 6, 'Administrator users', 0, 0, 0, 0, '', 'ezstring');
INSERT INTO ezcontentobject_attribute VALUES (26, 'eng-GB', 1, 13, 6, 'Editors', 0, 0, 0, 0, '', 'ezstring');
INSERT INTO ezcontentobject_attribute VALUES (7, 'eng-GB', 1, 4, 7, 'Main group', NULL, NULL, 0, 0, '', 'ezstring');
INSERT INTO ezcontentobject_attribute VALUES (23, 'eng-GB', 1, 11, 7, '', 0, 0, 0, 0, '', 'ezstring');
INSERT INTO ezcontentobject_attribute VALUES (25, 'eng-GB', 1, 12, 7, '', 0, 0, 0, 0, '', 'ezstring');
INSERT INTO ezcontentobject_attribute VALUES (27, 'eng-GB', 1, 13, 7, '', 0, 0, 0, 0, '', 'ezstring');
INSERT INTO ezcontentobject_attribute VALUES (28, 'eng-GB', 5, 14, 8, 'Administrator', 0, 0, 0, 0, 'administrator', 'ezstring');
INSERT INTO ezcontentobject_attribute VALUES (29, 'eng-GB', 5, 14, 9, 'User', 0, 0, 0, 0, 'user', 'ezstring');
INSERT INTO ezcontentobject_attribute VALUES (30, 'eng-GB', 5, 14, 12, '', 0, 0, 0, 0, '', 'ezuser');
INSERT INTO ezcontentobject_attribute VALUES (671, 'eng-GB', 70, 56, 196, 'myblog.dvh1.ez.no', 0, 0, 0, 0, '', 'ezinisetting');
INSERT INTO ezcontentobject_attribute VALUES (2, 'eng-GB', 6, 1, 119, '<?xml version="1.0" encoding="iso-8859-1"?>
<section xmlns:image="http://ez.no/namespaces/ezpublish3/image/"
         xmlns:xhtml="http://ez.no/namespaces/ezpublish3/xhtml/"
         xmlns:custom="http://ez.no/namespaces/ezpublish3/custom/" />', 1045487555, 0, 0, 0, '', 'ezxmltext');
INSERT INTO ezcontentobject_attribute VALUES (99, 'eng-GB', 1, 41, 119, '<?xml version="1.0" encoding="iso-8859-1"?>
<section xmlns:image="http://ez.no/namespaces/ezpublish3/image/"
         xmlns:xhtml="http://ez.no/namespaces/ezpublish3/xhtml/"
         xmlns:custom="http://ez.no/namespaces/ezpublish3/custom/" />', 1045487555, 0, 0, 0, '', 'ezxmltext');
INSERT INTO ezcontentobject_attribute VALUES (101, 'eng-GB', 1, 42, 119, '<?xml version="1.0" encoding="iso-8859-1"?>
<section xmlns:image="http://ez.no/namespaces/ezpublish3/image/"
         xmlns:xhtml="http://ez.no/namespaces/ezpublish3/xhtml/"
         xmlns:custom="http://ez.no/namespaces/ezpublish3/custom/" />', 1045487555, 0, 0, 0, '', 'ezxmltext');
INSERT INTO ezcontentobject_attribute VALUES (107, 'eng-GB', 1, 44, 119, '<?xml version="1.0" encoding="iso-8859-1"?>
<section xmlns:image="http://ez.no/namespaces/ezpublish3/image/"
         xmlns:xhtml="http://ez.no/namespaces/ezpublish3/xhtml/"
         xmlns:custom="http://ez.no/namespaces/ezpublish3/custom/" />', 1045487555, 0, 0, 0, '', 'ezxmltext');
INSERT INTO ezcontentobject_attribute VALUES (113, 'eng-GB', 2, 46, 119, '<?xml version="1.0" encoding="iso-8859-1"?>
<section xmlns:image="http://ez.no/namespaces/ezpublish3/image/"
         xmlns:xhtml="http://ez.no/namespaces/ezpublish3/xhtml/"
         xmlns:custom="http://ez.no/namespaces/ezpublish3/custom/" />', 1045487555, 0, 0, 0, '', 'ezxmltext');
INSERT INTO ezcontentobject_attribute VALUES (996, 'eng-GB', 1, 257, 119, '<?xml version="1.0" encoding="iso-8859-1"?>
<section xmlns:image="http://ez.no/namespaces/ezpublish3/image/"
         xmlns:xhtml="http://ez.no/namespaces/ezpublish3/xhtml/"
         xmlns:custom="http://ez.no/namespaces/ezpublish3/custom/" />', 1045487555, 0, 0, 0, '', 'ezxmltext');
INSERT INTO ezcontentobject_attribute VALUES (837, 'eng-GB', 1, 243, 119, '<?xml version="1.0" encoding="iso-8859-1"?>
<section xmlns:image="http://ez.no/namespaces/ezpublish3/image/"
         xmlns:xhtml="http://ez.no/namespaces/ezpublish3/xhtml/"
         xmlns:custom="http://ez.no/namespaces/ezpublish3/custom/">
  <paragraph>Music, books, film, television, shopping, travel, and many other fine escapes and vices. If it&apos;s downright fun, it probably belongs here.</paragraph>
</section>', 1045487555, 0, 0, 0, '', 'ezxmltext');
INSERT INTO ezcontentobject_attribute VALUES (791, 'eng-GB', 4, 228, 119, '<?xml version="1.0" encoding="iso-8859-1"?>
<section xmlns:image="http://ez.no/namespaces/ezpublish3/image/"
         xmlns:xhtml="http://ez.no/namespaces/ezpublish3/xhtml/"
         xmlns:custom="http://ez.no/namespaces/ezpublish3/custom/">
  <paragraph>
    <line>Worthwhile websites, weblogs, journals, news pubs, and the like</line>
  </paragraph>
</section>', 1045487555, 0, 0, 0, '', 'ezxmltext');
INSERT INTO ezcontentobject_attribute VALUES (126, 'eng-GB', 5, 49, 119, '<?xml version="1.0" encoding="iso-8859-1"?>
<section xmlns:image="http://ez.no/namespaces/ezpublish3/image/"
         xmlns:xhtml="http://ez.no/namespaces/ezpublish3/xhtml/"
         xmlns:custom="http://ez.no/namespaces/ezpublish3/custom/">
  <paragraph>
    <line>Parenthetical thoughts, concepts, and brainstorms</line>
  </paragraph>
</section>', 1045487555, 0, 0, 0, '', 'ezxmltext');
INSERT INTO ezcontentobject_attribute VALUES (829, 'eng-GB', 3, 240, 119, '<?xml version="1.0" encoding="iso-8859-1"?>
<section xmlns:image="http://ez.no/namespaces/ezpublish3/image/"
         xmlns:xhtml="http://ez.no/namespaces/ezpublish3/xhtml/"
         xmlns:custom="http://ez.no/namespaces/ezpublish3/custom/" />', 1045487555, 0, 0, 0, '', 'ezxmltext');
INSERT INTO ezcontentobject_attribute VALUES (1007, 'eng-GB', 1, 260, 119, '<?xml version="1.0" encoding="iso-8859-1"?>
<section xmlns:image="http://ez.no/namespaces/ezpublish3/image/"
         xmlns:xhtml="http://ez.no/namespaces/ezpublish3/xhtml/"
         xmlns:custom="http://ez.no/namespaces/ezpublish3/custom/" />', 1045487555, 0, 0, 0, '', 'ezxmltext');
INSERT INTO ezcontentobject_attribute VALUES (1020, 'eng-GB', 1, 264, 119, '<?xml version="1.0" encoding="iso-8859-1"?>
<section xmlns:image="http://ez.no/namespaces/ezpublish3/image/"
         xmlns:xhtml="http://ez.no/namespaces/ezpublish3/xhtml/"
         xmlns:custom="http://ez.no/namespaces/ezpublish3/custom/" />', 1045487555, 0, 0, 0, '', 'ezxmltext');
INSERT INTO ezcontentobject_attribute VALUES (522, 'eng-GB', 3, 161, 140, 'About me', 0, 0, 0, 0, 'about me', 'ezstring');
INSERT INTO ezcontentobject_attribute VALUES (523, 'eng-GB', 3, 161, 141, '<?xml version="1.0" encoding="iso-8859-1"?>
<section xmlns:image="http://ez.no/namespaces/ezpublish3/image/"
         xmlns:xhtml="http://ez.no/namespaces/ezpublish3/xhtml/"
         xmlns:custom="http://ez.no/namespaces/ezpublish3/custom/">
  <paragraph>Anyway: this is me:</paragraph>
  <paragraph>
    <line>To short</line>
    <line>To young</line>
    <line>To smart</line>
    <line>Not smart enough</line>
    <line>Pimples</line>
    <line>Boy</line>
    <line>Totally girl addicted</line>
  </paragraph>
</section>', 1045487555, 0, 0, 0, '', 'ezxmltext');
INSERT INTO ezcontentobject_attribute VALUES (102, 'eng-GB', 9, 43, 152, 'Classes', 0, 0, 0, 0, 'classes', 'ezstring');
INSERT INTO ezcontentobject_attribute VALUES (108, 'eng-GB', 10, 45, 152, 'Look and feel', 0, 0, 0, 0, 'look and feel', 'ezstring');
INSERT INTO ezcontentobject_attribute VALUES (327, 'eng-GB', 3, 116, 152, 'URL translator', 0, 0, 0, 0, 'url translator', 'ezstring');
INSERT INTO ezcontentobject_attribute VALUES (324, 'eng-GB', 4, 115, 153, '<?xml version="1.0" encoding="UTF-8"?>
<ezimage serial_number="1"
         is_valid="1"
         filename="cache.png"
         suffix="png"
         basename="cache"
         dirpath="var/blog/storage/images/setup/setup_links/cache/324-4-eng-GB"
         url="var/blog/storage/images/setup/setup_links/cache/324-4-eng-GB/cache.png"
         original_filename="gnome-ccperiph.png"
         mime_type="image/png"
         width="48"
         height="48"
         alternative_text=""
         alias_key="1293033771">
  <original attribute_id="324"
            attribute_version="3"
            attribute_language="eng-GB" />
  <alias name="reference"
         filename="cache_reference.png"
         suffix="png"
         dirpath="var/blog/storage/images/setup/setup_links/cache/324-4-eng-GB"
         url="var/blog/storage/images/setup/setup_links/cache/324-4-eng-GB/cache_reference.png"
         mime_type="image/png"
         width="48"
         height="48"
         alias_key="-1689502181"
         timestamp="1069429665"
         is_valid="1" />
  <alias name="large"
         filename="cache_large.png"
         suffix="png"
         dirpath="var/blog/storage/images/setup/setup_links/cache/324-4-eng-GB"
         url="var/blog/storage/images/setup/setup_links/cache/324-4-eng-GB/cache_large.png"
         mime_type="image/png"
         width="48"
         height="48"
         alias_key="-1095359119"
         timestamp="1069429665"
         is_valid="1" />
  <alias name="medium"
         filename="cache_medium.png"
         suffix="png"
         dirpath="var/blog/storage/images/setup/setup_links/cache/324-4-eng-GB"
         url="var/blog/storage/images/setup/setup_links/cache/324-4-eng-GB/cache_medium.png"
         mime_type="image/png"
         width="48"
         height="48"
         alias_key="1446888826"
         is_valid="1" />
</ezimage>', 0, 0, 0, 0, '', 'ezimage');
INSERT INTO ezcontentobject_attribute VALUES (103, 'eng-GB', 9, 43, 153, '<?xml version="1.0" encoding="UTF-8"?>
<ezimage serial_number="1"
         is_valid="1"
         filename="classes.png"
         suffix="png"
         basename="classes"
         dirpath="var/blog/storage/images/setup/setup_links/classes/103-9-eng-GB"
         url="var/blog/storage/images/setup/setup_links/classes/103-9-eng-GB/classes.png"
         original_filename="gnome-settings.png"
         mime_type="image/png"
         width="48"
         height="48"
         alternative_text=""
         alias_key="1293033771">
  <original attribute_id="103"
            attribute_version="8"
            attribute_language="eng-GB" />
  <alias name="reference"
         filename="classes_reference.png"
         suffix="png"
         dirpath="var/blog/storage/images/setup/setup_links/classes/103-9-eng-GB"
         url="var/blog/storage/images/setup/setup_links/classes/103-9-eng-GB/classes_reference.png"
         mime_type="image/png"
         width="48"
         height="48"
         alias_key="-1689502181"
         timestamp="1069429664"
         is_valid="1" />
  <alias name="large"
         filename="classes_large.png"
         suffix="png"
         dirpath="var/blog/storage/images/setup/setup_links/classes/103-9-eng-GB"
         url="var/blog/storage/images/setup/setup_links/classes/103-9-eng-GB/classes_large.png"
         mime_type="image/png"
         width="48"
         height="48"
         alias_key="-1095359119"
         timestamp="1069429664"
         is_valid="1" />
  <alias name="medium"
         filename="classes_medium.png"
         suffix="png"
         dirpath="var/blog/storage/images/setup/setup_links/classes/103-9-eng-GB"
         url="var/blog/storage/images/setup/setup_links/classes/103-9-eng-GB/classes_medium.png"
         mime_type="image/png"
         width="48"
         height="48"
         alias_key="1446888826"
         is_valid="1" />
</ezimage>', 0, 0, 0, 0, '', 'ezimage');
INSERT INTO ezcontentobject_attribute VALUES (109, 'eng-GB', 10, 45, 153, '<?xml version="1.0" encoding="UTF-8"?>
<ezimage serial_number="1"
         is_valid="1"
         filename="look_and_feel.png"
         suffix="png"
         basename="look_and_feel"
         dirpath="var/blog/storage/images/setup/setup_links/look_and_feel/109-10-eng-GB"
         url="var/blog/storage/images/setup/setup_links/look_and_feel/109-10-eng-GB/look_and_feel.png"
         original_filename="gnome-color-browser.png"
         mime_type="original"
         width="48"
         height="48"
         alternative_text=""
         alias_key="1293033771">
  <original attribute_id="109"
            attribute_version="9"
            attribute_language="eng-GB" />
  <alias name="reference"
         filename="look_and_feel_reference.png"
         suffix="png"
         dirpath="var/blog/storage/images/setup/setup_links/look_and_feel/109-10-eng-GB"
         url="var/blog/storage/images/setup/setup_links/look_and_feel/109-10-eng-GB/look_and_feel_reference.png"
         mime_type="image/png"
         width="48"
         height="48"
         alias_key="-1689502181"
         timestamp="1069429665"
         is_valid="1" />
  <alias name="medium"
         filename="look_and_feel_medium.png"
         suffix="png"
         dirpath="var/blog/storage/images/setup/setup_links/look_and_feel/109-10-eng-GB"
         url="var/blog/storage/images/setup/setup_links/look_and_feel/109-10-eng-GB/look_and_feel_medium.png"
         mime_type="image/png"
         width="48"
         height="48"
         alias_key="1446888826"
         is_valid="1" />
  <alias name="icon"
         filename="look_and_feel_icon.png"
         suffix="png"
         dirpath="var/blog/storage/images/setup/setup_links/look_and_feel/109-10-eng-GB"
         url="var/blog/storage/images/setup/setup_links/look_and_feel/109-10-eng-GB/look_and_feel_icon.png"
         mime_type="image/png"
         width="48"
         height="48"
         alias_key="1993047904"
         is_valid="1" />
  <alias name="large"
         filename="look_and_feel_large.png"
         suffix="png"
         dirpath="var/blog/storage/images/setup/setup_links/look_and_feel/109-10-eng-GB"
         url="var/blog/storage/images/setup/setup_links/look_and_feel/109-10-eng-GB/look_and_feel_large.png"
         mime_type="image/png"
         width="48"
         height="48"
         alias_key="-1095359119"
         timestamp="1069429665"
         is_valid="1" />
</ezimage>', 0, 0, 0, 0, '', 'ezimage');
INSERT INTO ezcontentobject_attribute VALUES (328, 'eng-GB', 3, 116, 153, '<?xml version="1.0" encoding="UTF-8"?>
<ezimage serial_number="1"
         is_valid="1"
         filename="url_translator.png"
         suffix="png"
         basename="url_translator"
         dirpath="var/blog/storage/images/setup/setup_links/url_translator/328-3-eng-GB"
         url="var/blog/storage/images/setup/setup_links/url_translator/328-3-eng-GB/url_translator.png"
         original_filename="gnome-globe.png"
         mime_type="image/png"
         width="48"
         height="48"
         alternative_text=""
         alias_key="1293033771">
  <original attribute_id="328"
            attribute_version="2"
            attribute_language="eng-GB" />
  <alias name="reference"
         filename="url_translator_reference.png"
         suffix="png"
         dirpath="var/blog/storage/images/setup/setup_links/url_translator/328-3-eng-GB"
         url="var/blog/storage/images/setup/setup_links/url_translator/328-3-eng-GB/url_translator_reference.png"
         mime_type="image/png"
         width="48"
         height="48"
         alias_key="-1689502181"
         timestamp="1069429665"
         is_valid="1" />
  <alias name="large"
         filename="url_translator_large.png"
         suffix="png"
         dirpath="var/blog/storage/images/setup/setup_links/url_translator/328-3-eng-GB"
         url="var/blog/storage/images/setup/setup_links/url_translator/328-3-eng-GB/url_translator_large.png"
         mime_type="image/png"
         width="48"
         height="48"
         alias_key="-1095359119"
         timestamp="1069429665"
         is_valid="1" />
  <alias name="medium"
         filename="url_translator_medium.png"
         suffix="png"
         dirpath="var/blog/storage/images/setup/setup_links/url_translator/328-3-eng-GB"
         url="var/blog/storage/images/setup/setup_links/url_translator/328-3-eng-GB/url_translator_medium.png"
         mime_type="image/png"
         width="48"
         height="48"
         alias_key="1446888826"
         is_valid="1" />
</ezimage>', 0, 0, 0, 0, '', 'ezimage');
INSERT INTO ezcontentobject_attribute VALUES (325, 'eng-GB', 4, 115, 154, '', 0, 0, 0, 0, '', 'eztext');
INSERT INTO ezcontentobject_attribute VALUES (104, 'eng-GB', 9, 43, 154, '', 0, 0, 0, 0, '', 'eztext');
INSERT INTO ezcontentobject_attribute VALUES (110, 'eng-GB', 10, 45, 154, '', 0, 0, 0, 0, '', 'eztext');
INSERT INTO ezcontentobject_attribute VALUES (329, 'eng-GB', 3, 116, 154, '', 0, 0, 0, 0, '', 'eztext');
INSERT INTO ezcontentobject_attribute VALUES (326, 'eng-GB', 4, 115, 155, 'setup/cache', 0, 0, 0, 0, 'setup/cache', 'ezstring');
INSERT INTO ezcontentobject_attribute VALUES (105, 'eng-GB', 9, 43, 155, 'class/grouplist', 0, 0, 0, 0, 'class/grouplist', 'ezstring');
INSERT INTO ezcontentobject_attribute VALUES (111, 'eng-GB', 10, 45, 155, 'content/edit/56', 0, 0, 0, 0, 'content/edit/56', 'ezstring');
INSERT INTO ezcontentobject_attribute VALUES (330, 'eng-GB', 3, 116, 155, 'content/urltranslator/', 0, 0, 0, 0, 'content/urltranslator/', 'ezstring');
INSERT INTO ezcontentobject_attribute VALUES (150, 'eng-GB', 70, 56, 157, 'Blog', 0, 0, 0, 0, '', 'ezinisetting');
INSERT INTO ezcontentobject_attribute VALUES (151, 'eng-GB', 70, 56, 158, 'author=eZ systems package team
copyright=eZ systems as
description=Content Management System
keywords=cms', 0, 0, 0, 0, '', 'ezinisetting');
INSERT INTO ezcontentobject_attribute VALUES (152, 'eng-GB', 70, 56, 159, '<?xml version="1.0" encoding="UTF-8"?>
<ezimage serial_number="1"
         is_valid="1"
         filename="blog.gif"
         suffix="gif"
         basename="blog"
         dirpath="var/blog/storage/images/setup/look_and_feel/blog/152-70-eng-GB"
         url="var/blog/storage/images/setup/look_and_feel/blog/152-70-eng-GB/blog.gif"
         original_filename="weblog.gif"
         mime_type="original"
         width="165"
         height="48"
         alternative_text=""
         alias_key="1293033771"
         timestamp="1069838835">
  <original attribute_id="152"
            attribute_version="69"
            attribute_language="eng-GB" />
  <alias name="reference"
         filename="blog_reference.gif"
         suffix="gif"
         dirpath="var/blog/storage/images/setup/look_and_feel/blog/152-70-eng-GB"
         url="var/blog/storage/images/setup/look_and_feel/blog/152-70-eng-GB/blog_reference.gif"
         mime_type="image/gif"
         width="165"
         height="48"
         alias_key="-1689502181"
         timestamp="1069838837"
         is_valid="1" />
  <alias name="medium"
         filename="blog_medium.gif"
         suffix="gif"
         dirpath="var/blog/storage/images/setup/look_and_feel/blog/152-70-eng-GB"
         url="var/blog/storage/images/setup/look_and_feel/blog/152-70-eng-GB/blog_medium.gif"
         mime_type="image/gif"
         width="165"
         height="48"
         alias_key="1446888826"
         timestamp="1069838837"
         is_valid="1" />
  <alias name="logo"
         filename="blog_logo.gif"
         suffix="gif"
         dirpath="var/blog/storage/images/setup/look_and_feel/blog/152-70-eng-GB"
         url="var/blog/storage/images/setup/look_and_feel/blog/152-70-eng-GB/blog_logo.gif"
         mime_type="image/gif"
         width="165"
         height="48"
         alias_key="-447475028"
         timestamp="1069843716"
         is_valid="1" />
</ezimage>', 0, 0, 0, 0, '', 'ezimage');
INSERT INTO ezcontentobject_attribute VALUES (153, 'eng-GB', 4, 56, 160, 'intranet1', 0, 0, 0, 0, 'intranet1', 'ezpackage');
INSERT INTO ezcontentobject_attribute VALUES (153, 'eng-GB', 5, 56, 160, 'intranet1', 0, 0, 0, 0, 'intranet1', 'ezpackage');
INSERT INTO ezcontentobject_attribute VALUES (153, 'eng-GB', 7, 56, 160, 'left_menu', 0, 0, 0, 0, 'left_menu', 'ezpackage');
INSERT INTO ezcontentobject_attribute VALUES (153, 'eng-GB', 70, 56, 160, 'blog_blue', 0, 0, 0, 0, 'blog_blue', 'ezpackage');
INSERT INTO ezcontentobject_attribute VALUES (154, 'eng-GB', 7, 56, 161, 'intranet888', 0, 0, 0, 0, 'intranet888', 'ezstring');
INSERT INTO ezcontentobject_attribute VALUES (154, 'eng-GB', 70, 56, 161, 'blog_package', 0, 0, 0, 0, 'blog_package', 'ezstring');
INSERT INTO ezcontentobject_attribute VALUES (437, 'eng-GB', 70, 56, 180, 'nospam@ez.no', 0, 0, 0, 0, '', 'ezinisetting');
INSERT INTO ezcontentobject_attribute VALUES (695, 'eng-GB', 5, 14, 197, 'Uberguru', 0, 0, 0, 0, 'uberguru', 'ezstring');
INSERT INTO ezcontentobject_attribute VALUES (707, 'eng-GB', 5, 14, 198, 'Skien/Norway', 0, 0, 0, 0, 'skien/norway', 'ezstring');
INSERT INTO ezcontentobject_attribute VALUES (719, 'eng-GB', 5, 14, 199, 'developer... ;)', 0, 0, 0, 0, '', 'eztext');
INSERT INTO ezcontentobject_attribute VALUES (731, 'eng-GB', 5, 14, 200, '<?xml version="1.0" encoding="UTF-8"?>
<ezimage serial_number="1"
         is_valid="1"
         filename="administrator_user.jpg"
         suffix="jpg"
         basename="administrator_user"
         dirpath="var/forum/storage/images/users/administrator_users/administrator_user/731-5-eng-GB"
         url="var/forum/storage/images/users/administrator_users/administrator_user/731-5-eng-GB/administrator_user.jpg"
         original_filename="dscn9308.jpg"
         mime_type="original"
         width="1600"
         height="1200"
         alternative_text=""
         alias_key="1293033771">
  <original attribute_id="731"
            attribute_version="4"
            attribute_language="eng-GB" />
  <alias name="reference"
         filename="administrator_user_reference.jpg"
         suffix="jpg"
         dirpath="var/forum/storage/images/users/administrator_users/administrator_user/731-5-eng-GB"
         url="var/forum/storage/images/users/administrator_users/administrator_user/731-5-eng-GB/administrator_user_reference.jpg"
         mime_type="image/jpeg"
         width="600"
         height="450"
         alias_key="-294625821"
         is_valid="1" />
  <alias name="small"
         filename="administrator_user_small.jpg"
         suffix="jpg"
         dirpath="var/forum/storage/images/users/administrator_users/administrator_user/731-5-eng-GB"
         url="var/forum/storage/images/users/administrator_users/administrator_user/731-5-eng-GB/administrator_user_small.jpg"
         mime_type="image/jpeg"
         width="100"
         height="75"
         alias_key="-164556570"
         is_valid="1" />
  <alias name="medium"
         filename="administrator_user_medium.jpg"
         suffix="jpg"
         dirpath="var/forum/storage/images/users/administrator_users/administrator_user/731-5-eng-GB"
         url="var/forum/storage/images/users/administrator_users/administrator_user/731-5-eng-GB/administrator_user_medium.jpg"
         mime_type="image/jpeg"
         width="200"
         height="150"
         alias_key="1874955560"
         is_valid="1" />
</ezimage>', 0, 0, 0, 0, '', 'ezimage');
INSERT INTO ezcontentobject_attribute VALUES (983, 'eng-GB', 1, 253, 202, 'Tonight I was at the movies', 0, 0, 0, 0, 'tonight i was at the movies', 'ezstring');
INSERT INTO ezcontentobject_attribute VALUES (986, 'eng-GB', 1, 254, 202, 'Finally I got it', 0, 0, 0, 0, 'finally i got it', 'ezstring');
INSERT INTO ezcontentobject_attribute VALUES (980, 'eng-GB', 1, 252, 202, 'I overslept again', 0, 0, 0, 0, 'i overslept again', 'ezstring');
INSERT INTO ezcontentobject_attribute VALUES (765, 'eng-GB', 2, 214, 202, 'Today I got my new car!', 0, 0, 0, 0, 'today i got my new car!', 'ezstring');
INSERT INTO ezcontentobject_attribute VALUES (1016, 'eng-GB', 1, 263, 202, 'Party!', 0, 0, 0, 0, 'party!', 'ezstring');
INSERT INTO ezcontentobject_attribute VALUES (984, 'eng-GB', 1, 253, 203, '<?xml version="1.0" encoding="iso-8859-1"?>
<section xmlns:image="http://ez.no/namespaces/ezpublish3/image/"
         xmlns:xhtml="http://ez.no/namespaces/ezpublish3/xhtml/"
         xmlns:custom="http://ez.no/namespaces/ezpublish3/custom/">
  <paragraph>My first date with Mia! We went to see the romantic Matrix:-) </paragraph>
  <paragraph>It must have been a success since she let me follow here home. </paragraph>
</section>', 1045487555, 0, 0, 0, '', 'ezxmltext');
INSERT INTO ezcontentobject_attribute VALUES (987, 'eng-GB', 1, 254, 203, '<?xml version="1.0" encoding="iso-8859-1"?>
<section xmlns:image="http://ez.no/namespaces/ezpublish3/image/"
         xmlns:xhtml="http://ez.no/namespaces/ezpublish3/xhtml/"
         xmlns:custom="http://ez.no/namespaces/ezpublish3/custom/">
  <paragraph>After such a long time with pulling my hair I finally got the latest edition of my software working. Perhaps the way to fortune in not that long anymore?</paragraph>
</section>', 1045487555, 0, 0, 0, '', 'ezxmltext');
INSERT INTO ezcontentobject_attribute VALUES (981, 'eng-GB', 1, 252, 203, '<?xml version="1.0" encoding="iso-8859-1"?>
<section xmlns:image="http://ez.no/namespaces/ezpublish3/image/"
         xmlns:xhtml="http://ez.no/namespaces/ezpublish3/xhtml/"
         xmlns:custom="http://ez.no/namespaces/ezpublish3/custom/">
  <paragraph>Somehow I must have turned of the alarm in my sleep. I woke up three hours to late and missed a meeting with what will hopefully be my girlfriend. She was not very happy about this.  </paragraph>
</section>', 1045487555, 0, 0, 0, '', 'ezxmltext');
INSERT INTO ezcontentobject_attribute VALUES (766, 'eng-GB', 2, 214, 203, '<?xml version="1.0" encoding="iso-8859-1"?>
<section xmlns:image="http://ez.no/namespaces/ezpublish3/image/"
         xmlns:xhtml="http://ez.no/namespaces/ezpublish3/xhtml/"
         xmlns:custom="http://ez.no/namespaces/ezpublish3/custom/">
  <paragraph>It is an old Volkswagen Beetle from 1982. It has a lot more charm that it cost me money. </paragraph>
  <paragraph>I bought it from a friend for 30 and even got the old original wheels. </paragraph>
</section>', 1045487555, 0, 0, 0, '', 'ezxmltext');
INSERT INTO ezcontentobject_attribute VALUES (1017, 'eng-GB', 1, 263, 203, '<?xml version="1.0" encoding="iso-8859-1"?>
<section xmlns:image="http://ez.no/namespaces/ezpublish3/image/"
         xmlns:xhtml="http://ez.no/namespaces/ezpublish3/xhtml/"
         xmlns:custom="http://ez.no/namespaces/ezpublish3/custom/">
  <paragraph>I was invited to a party at a friends house this weekend. And I was told that the girl of my dreams will also be there. </paragraph>
</section>', 1045487555, 0, 0, 0, '', 'ezxmltext');
INSERT INTO ezcontentobject_attribute VALUES (992, 'eng-GB', 1, 256, 204, 'eZ publish at Freshmeat', 0, 0, 0, 0, 'ez publish at freshmeat', 'ezstring');
INSERT INTO ezcontentobject_attribute VALUES (1000, 'eng-GB', 1, 258, 204, 'The Matrix', 0, 0, 0, 0, 'the matrix', 'ezstring');
INSERT INTO ezcontentobject_attribute VALUES (989, 'eng-GB', 1, 255, 204, 'eZ systems', 0, 0, 0, 0, 'ez systems', 'ezstring');
INSERT INTO ezcontentobject_attribute VALUES (1003, 'eng-GB', 1, 259, 204, 'Lord of the Rings', 0, 0, 0, 0, 'lord of the rings', 'ezstring');
INSERT INTO ezcontentobject_attribute VALUES (1011, 'eng-GB', 1, 261, 204, 'Liverpool FC', 0, 0, 0, 0, 'liverpool fc', 'ezstring');
INSERT INTO ezcontentobject_attribute VALUES (1024, 'eng-GB', 1, 265, 204, 'Pondus', 0, 0, 0, 0, 'pondus', 'ezstring');
INSERT INTO ezcontentobject_attribute VALUES (993, 'eng-GB', 1, 256, 205, '<?xml version="1.0" encoding="iso-8859-1"?>
<section xmlns:image="http://ez.no/namespaces/ezpublish3/image/"
         xmlns:xhtml="http://ez.no/namespaces/ezpublish3/xhtml/"
         xmlns:custom="http://ez.no/namespaces/ezpublish3/custom/">
  <paragraph>Visit eZ publish at Freshmeat</paragraph>
</section>', 1045487555, 0, 0, 0, '', 'ezxmltext');
INSERT INTO ezcontentobject_attribute VALUES (1001, 'eng-GB', 1, 258, 205, '<?xml version="1.0" encoding="iso-8859-1"?>
<section xmlns:image="http://ez.no/namespaces/ezpublish3/image/"
         xmlns:xhtml="http://ez.no/namespaces/ezpublish3/xhtml/"
         xmlns:custom="http://ez.no/namespaces/ezpublish3/custom/">
  <paragraph>Best movies ever. This is the homepage for the movie</paragraph>
</section>', 1045487555, 0, 0, 0, '', 'ezxmltext');
INSERT INTO ezcontentobject_attribute VALUES (990, 'eng-GB', 1, 255, 205, '<?xml version="1.0" encoding="iso-8859-1"?>
<section xmlns:image="http://ez.no/namespaces/ezpublish3/image/"
         xmlns:xhtml="http://ez.no/namespaces/ezpublish3/xhtml/"
         xmlns:custom="http://ez.no/namespaces/ezpublish3/custom/">
  <paragraph>Creators of eZ publish content management system</paragraph>
</section>', 1045487555, 0, 0, 0, '', 'ezxmltext');
INSERT INTO ezcontentobject_attribute VALUES (1004, 'eng-GB', 1, 259, 205, '<?xml version="1.0" encoding="iso-8859-1"?>
<section xmlns:image="http://ez.no/namespaces/ezpublish3/image/"
         xmlns:xhtml="http://ez.no/namespaces/ezpublish3/xhtml/"
         xmlns:custom="http://ez.no/namespaces/ezpublish3/custom/">
  <paragraph>Can&apos;t wait for number three even if I know what will happen</paragraph>
</section>', 1045487555, 0, 0, 0, '', 'ezxmltext');
INSERT INTO ezcontentobject_attribute VALUES (1012, 'eng-GB', 1, 261, 205, '<?xml version="1.0" encoding="iso-8859-1"?>
<section xmlns:image="http://ez.no/namespaces/ezpublish3/image/"
         xmlns:xhtml="http://ez.no/namespaces/ezpublish3/xhtml/"
         xmlns:custom="http://ez.no/namespaces/ezpublish3/custom/">
  <paragraph>The best team ever</paragraph>
</section>', 1045487555, 0, 0, 0, '', 'ezxmltext');
INSERT INTO ezcontentobject_attribute VALUES (1025, 'eng-GB', 1, 265, 205, '<?xml version="1.0" encoding="iso-8859-1"?>
<section xmlns:image="http://ez.no/namespaces/ezpublish3/image/"
         xmlns:xhtml="http://ez.no/namespaces/ezpublish3/xhtml/"
         xmlns:custom="http://ez.no/namespaces/ezpublish3/custom/">
  <paragraph>Have you ever discovered the football fanatic? He is available in several languages but this site is in Norwegian only.</paragraph>
</section>', 1045487555, 0, 0, 0, '', 'ezxmltext');
INSERT INTO ezcontentobject_attribute VALUES (1002, 'eng-GB', 1, 258, 206, '', 7, 0, 0, 0, '', 'ezurl');
INSERT INTO ezcontentobject_attribute VALUES (991, 'eng-GB', 1, 255, 206, '', 1, 0, 0, 0, '', 'ezurl');
INSERT INTO ezcontentobject_attribute VALUES (994, 'eng-GB', 1, 256, 206, '', 6, 0, 0, 0, '', 'ezurl');
INSERT INTO ezcontentobject_attribute VALUES (1005, 'eng-GB', 1, 259, 206, '', 8, 0, 0, 0, '', 'ezurl');
INSERT INTO ezcontentobject_attribute VALUES (1013, 'eng-GB', 1, 261, 206, '', 9, 0, 0, 0, '', 'ezurl');
INSERT INTO ezcontentobject_attribute VALUES (1026, 'eng-GB', 1, 265, 206, '', 10, 0, 0, 0, '', 'ezurl');
INSERT INTO ezcontentobject_attribute VALUES (830, 'eng-GB', 1, 241, 207, 'Which one is the best of matrix movies?', 0, 0, 0, 0, 'which one is the best of matrix movies?', 'ezstring');
INSERT INTO ezcontentobject_attribute VALUES (1014, 'eng-GB', 1, 262, 207, 'Which do you like the best: Matrix or Lord of the Rings?', 0, 0, 0, 0, 'which do you like the best: matrix or lord of the', 'ezstring');
INSERT INTO ezcontentobject_attribute VALUES (831, 'eng-GB', 1, 241, 208, '<?xml version="1.0" encoding="UTF-8"?>
<ezoption>
  <name></name>
  <options>
    <option id="0"
            additional_price="">Matrix</option>
    <option id="1"
            additional_price="">Matrix reloaded</option>
    <option id="2"
            additional_price="">Matrix revoluaton</option>
  </options>
</ezoption>', 0, 0, 0, 0, '', 'ezoption');
INSERT INTO ezcontentobject_attribute VALUES (1015, 'eng-GB', 1, 262, 208, '<?xml version="1.0" encoding="UTF-8"?>
<ezoption>
  <name></name>
  <options>
    <option id="0"
            additional_price="">Matrix</option>
    <option id="1"
            additional_price="">Lord of the Rings </option>
    <option id="2"
            additional_price="">None</option>
  </options>
</ezoption>', 0, 0, 0, 0, '', 'ezoption');
INSERT INTO ezcontentobject_attribute VALUES (1027, 'eng-GB', 1, 266, 209, 'Tim', 0, 0, 0, 0, 'tim', 'ezstring');
INSERT INTO ezcontentobject_attribute VALUES (1031, 'eng-GB', 1, 267, 209, 'Helene', 0, 0, 0, 0, 'helene', 'ezstring');
INSERT INTO ezcontentobject_attribute VALUES (1028, 'eng-GB', 1, 266, 210, '', 0, 0, 0, 0, '', 'ezstring');
INSERT INTO ezcontentobject_attribute VALUES (1032, 'eng-GB', 1, 267, 210, '', 0, 0, 0, 0, '', 'ezstring');
INSERT INTO ezcontentobject_attribute VALUES (1029, 'eng-GB', 1, 266, 211, '', 0, 0, 0, 0, '', 'ezstring');
INSERT INTO ezcontentobject_attribute VALUES (1033, 'eng-GB', 1, 267, 211, '', 0, 0, 0, 0, '', 'ezstring');
INSERT INTO ezcontentobject_attribute VALUES (1030, 'eng-GB', 1, 266, 212, 'When will you share it with the rest of us?', 0, 0, 0, 0, '', 'eztext');
INSERT INTO ezcontentobject_attribute VALUES (1034, 'eng-GB', 1, 267, 212, 'Can I come? What''s the address?', 0, 0, 0, 0, '', 'eztext');
INSERT INTO ezcontentobject_attribute VALUES (985, 'eng-GB', 1, 253, 213, '', 0, 0, 0, 0, '', 'ezboolean');
INSERT INTO ezcontentobject_attribute VALUES (982, 'eng-GB', 1, 252, 213, '', 0, 0, 0, 0, '', 'ezboolean');
INSERT INTO ezcontentobject_attribute VALUES (815, 'eng-GB', 2, 214, 213, '', 1, 0, 0, 1, '', 'ezboolean');
INSERT INTO ezcontentobject_attribute VALUES (988, 'eng-GB', 1, 254, 213, '', 1, 0, 0, 1, '', 'ezboolean');
INSERT INTO ezcontentobject_attribute VALUES (1018, 'eng-GB', 1, 263, 213, '', 1, 0, 0, 1, '', 'ezboolean');
INSERT INTO ezcontentobject_attribute VALUES (998, 'eng-GB', 1, 257, 214, 'Recent items', 0, 0, 0, 0, 'recent items', 'ezstring');
INSERT INTO ezcontentobject_attribute VALUES (871, 'eng-GB', 2, 231, 214, 'Recent items', 0, 0, 0, 0, 'recent items', 'ezstring');
INSERT INTO ezcontentobject_attribute VALUES (856, 'eng-GB', 6, 1, 214, 'Recent items', 0, 0, 0, 0, 'recent items', 'ezstring');
INSERT INTO ezcontentobject_attribute VALUES (857, 'eng-GB', 1, 41, 214, 'Recent items', 0, 0, 0, 0, 'recent items', 'ezstring');
INSERT INTO ezcontentobject_attribute VALUES (858, 'eng-GB', 1, 42, 214, 'Recent items', 0, 0, 0, 0, 'recent items', 'ezstring');
INSERT INTO ezcontentobject_attribute VALUES (859, 'eng-GB', 1, 44, 214, 'Recent items', 0, 0, 0, 0, 'recent items', 'ezstring');
INSERT INTO ezcontentobject_attribute VALUES (861, 'eng-GB', 2, 46, 214, 'Recent items', 0, 0, 0, 0, 'recent items', 'ezstring');
INSERT INTO ezcontentobject_attribute VALUES (865, 'eng-GB', 2, 212, 214, 'Recent items', 0, 0, 0, 0, 'recent items', 'ezstring');
INSERT INTO ezcontentobject_attribute VALUES (867, 'eng-GB', 2, 213, 214, 'Recent items', 0, 0, 0, 0, 'recent items', 'ezstring');
INSERT INTO ezcontentobject_attribute VALUES (874, 'eng-GB', 1, 243, 214, 'Recent items', 0, 0, 0, 0, 'recent items', 'ezstring');
INSERT INTO ezcontentobject_attribute VALUES (868, 'eng-GB', 4, 228, 214, 'Recent Links', 0, 0, 0, 0, 'recent links', 'ezstring');
INSERT INTO ezcontentobject_attribute VALUES (863, 'eng-GB', 5, 49, 214, 'Excerpts from Recent Entries', 0, 0, 0, 0, 'excerpts from recent entries', 'ezstring');
INSERT INTO ezcontentobject_attribute VALUES (873, 'eng-GB', 3, 240, 214, 'Recent polls', 0, 0, 0, 0, 'recent polls', 'ezstring');
INSERT INTO ezcontentobject_attribute VALUES (1009, 'eng-GB', 1, 260, 214, 'Recent items', 0, 0, 0, 0, 'recent items', 'ezstring');
INSERT INTO ezcontentobject_attribute VALUES (1022, 'eng-GB', 1, 264, 214, 'Recent items', 0, 0, 0, 0, 'recent items', 'ezstring');
INSERT INTO ezcontentobject_attribute VALUES (999, 'eng-GB', 1, 257, 215, 'All Categories', 0, 0, 0, 0, 'all categories', 'ezstring');
INSERT INTO ezcontentobject_attribute VALUES (896, 'eng-GB', 2, 231, 215, 'All Categories', 0, 0, 0, 0, 'all categories', 'ezstring');
INSERT INTO ezcontentobject_attribute VALUES (879, 'eng-GB', 6, 1, 215, 'All Categories', 0, 0, 0, 0, 'all categories', 'ezstring');
INSERT INTO ezcontentobject_attribute VALUES (880, 'eng-GB', 1, 41, 215, 'All Categories', 0, 0, 0, 0, 'all categories', 'ezstring');
INSERT INTO ezcontentobject_attribute VALUES (881, 'eng-GB', 1, 42, 215, 'All Categories', 0, 0, 0, 0, 'all categories', 'ezstring');
INSERT INTO ezcontentobject_attribute VALUES (882, 'eng-GB', 1, 44, 215, 'All Categories', 0, 0, 0, 0, 'all categories', 'ezstring');
INSERT INTO ezcontentobject_attribute VALUES (884, 'eng-GB', 2, 46, 215, 'All Categories', 0, 0, 0, 0, 'all categories', 'ezstring');
INSERT INTO ezcontentobject_attribute VALUES (889, 'eng-GB', 2, 212, 215, 'All Categories', 0, 0, 0, 0, 'all categories', 'ezstring');
INSERT INTO ezcontentobject_attribute VALUES (891, 'eng-GB', 2, 213, 215, 'All Categories', 0, 0, 0, 0, 'all categories', 'ezstring');
INSERT INTO ezcontentobject_attribute VALUES (899, 'eng-GB', 1, 243, 215, 'All Categories', 0, 0, 0, 0, 'all categories', 'ezstring');
INSERT INTO ezcontentobject_attribute VALUES (893, 'eng-GB', 4, 228, 215, 'All Categories', 0, 0, 0, 0, 'all categories', 'ezstring');
INSERT INTO ezcontentobject_attribute VALUES (887, 'eng-GB', 5, 49, 215, 'Entry Categories', 0, 0, 0, 0, 'entry categories', 'ezstring');
INSERT INTO ezcontentobject_attribute VALUES (898, 'eng-GB', 3, 240, 215, 'All Categories', 0, 0, 0, 0, 'all categories', 'ezstring');
INSERT INTO ezcontentobject_attribute VALUES (1010, 'eng-GB', 1, 260, 215, 'All Categories', 0, 0, 0, 0, 'all categories', 'ezstring');
INSERT INTO ezcontentobject_attribute VALUES (1023, 'eng-GB', 1, 264, 215, 'All Categories', 0, 0, 0, 0, 'all categories', 'ezstring');
INSERT INTO ezcontentobject_attribute VALUES (923, 'eng-GB', 2, 231, 216, 'Item Archive', 0, 0, 0, 0, 'item archive', 'ezstring');
INSERT INTO ezcontentobject_attribute VALUES (997, 'eng-GB', 1, 257, 216, 'Item Archive', 0, 0, 0, 0, 'item archive', 'ezstring');
INSERT INTO ezcontentobject_attribute VALUES (904, 'eng-GB', 6, 1, 216, 'Item Archive', 0, 0, 0, 0, 'item archive', 'ezstring');
INSERT INTO ezcontentobject_attribute VALUES (905, 'eng-GB', 1, 41, 216, 'Item Archive', 0, 0, 0, 0, 'item archive', 'ezstring');
INSERT INTO ezcontentobject_attribute VALUES (906, 'eng-GB', 1, 42, 216, 'Item Archive', 0, 0, 0, 0, 'item archive', 'ezstring');
INSERT INTO ezcontentobject_attribute VALUES (907, 'eng-GB', 1, 44, 216, 'Item Archive', 0, 0, 0, 0, 'item archive', 'ezstring');
INSERT INTO ezcontentobject_attribute VALUES (909, 'eng-GB', 2, 46, 216, 'Item Archive', 0, 0, 0, 0, 'item archive', 'ezstring');
INSERT INTO ezcontentobject_attribute VALUES (915, 'eng-GB', 2, 212, 216, 'Item Archive', 0, 0, 0, 0, 'item archive', 'ezstring');
INSERT INTO ezcontentobject_attribute VALUES (917, 'eng-GB', 2, 213, 216, 'Item Archive', 0, 0, 0, 0, 'item archive', 'ezstring');
INSERT INTO ezcontentobject_attribute VALUES (926, 'eng-GB', 1, 243, 216, 'Item Archive', 0, 0, 0, 0, 'item archive', 'ezstring');
INSERT INTO ezcontentobject_attribute VALUES (920, 'eng-GB', 4, 228, 216, 'Link Archive', 0, 0, 0, 0, 'link archive', 'ezstring');
INSERT INTO ezcontentobject_attribute VALUES (913, 'eng-GB', 5, 49, 216, 'Log Archive', 0, 0, 0, 0, 'log archive', 'ezstring');
INSERT INTO ezcontentobject_attribute VALUES (925, 'eng-GB', 3, 240, 216, 'Poll Archive', 0, 0, 0, 0, 'poll archive', 'ezstring');
INSERT INTO ezcontentobject_attribute VALUES (1008, 'eng-GB', 1, 260, 216, 'Item Archive', 0, 0, 0, 0, 'item archive', 'ezstring');
INSERT INTO ezcontentobject_attribute VALUES (1021, 'eng-GB', 1, 264, 216, 'Item Archive', 0, 0, 0, 0, 'item archive', 'ezstring');
INSERT INTO ezcontentobject_attribute VALUES (1035, 'eng-GB', 1, 268, 6, 'Anonymous Users', 0, 0, 0, 0, 'anonymous users', 'ezstring');
INSERT INTO ezcontentobject_attribute VALUES (1036, 'eng-GB', 1, 268, 7, 'User group for the anonymous user', 0, 0, 0, 0, 'user group for the anonymous user', 'ezstring');
INSERT INTO ezcontentobject_attribute VALUES (19, 'eng-GB', 2, 10, 8, 'Anonymous', 0, 0, 0, 0, 'anonymous', 'ezstring');
INSERT INTO ezcontentobject_attribute VALUES (20, 'eng-GB', 2, 10, 9, 'User', 0, 0, 0, 0, 'user', 'ezstring');
INSERT INTO ezcontentobject_attribute VALUES (21, 'eng-GB', 2, 10, 12, '', 0, 0, 0, 0, '', 'ezuser');
INSERT INTO ezcontentobject_attribute VALUES (692, 'eng-GB', 2, 10, 197, '', 0, 0, 0, 0, '', 'ezstring');
INSERT INTO ezcontentobject_attribute VALUES (704, 'eng-GB', 2, 10, 198, '', 0, 0, 0, 0, '', 'ezstring');
INSERT INTO ezcontentobject_attribute VALUES (716, 'eng-GB', 2, 10, 199, '', 0, 0, 0, 0, '', 'eztext');
INSERT INTO ezcontentobject_attribute VALUES (728, 'eng-GB', 2, 10, 200, '<?xml version="1.0" encoding="UTF-8"?>
<ezimage serial_number="1"
         is_valid=""
         filename="anonymous_user."
         suffix=""
         basename="anonymous_user"
         dirpath="var/storage/images/users/anonymous_users/anonymous_user/728-2-eng-GB"
         url="var/storage/images/users/anonymous_users/anonymous_user/728-2-eng-GB/anonymous_user."
         original_filename=""
         mime_type=""
         width=""
         height=""
         alternative_text=""
         alias_key="1293033771"
         timestamp="1072186489">
  <original attribute_id=""
            attribute_version=""
            attribute_language="" />
</ezimage>', 0, 0, 0, 0, '', 'ezimage');














INSERT INTO ezcontentobject_name VALUES (1, 'Root folder', 1, 'eng-GB', 'eng-GB');
INSERT INTO ezcontentobject_name VALUES (4, 'Users', 1, 'eng-GB', 'eng-GB');
INSERT INTO ezcontentobject_name VALUES (10, 'Anonymous User', 1, 'eng-GB', 'eng-GB');
INSERT INTO ezcontentobject_name VALUES (11, 'Guest accounts', 1, 'eng-GB', 'eng-GB');
INSERT INTO ezcontentobject_name VALUES (12, 'Administrator users', 1, 'eng-GB', 'eng-GB');
INSERT INTO ezcontentobject_name VALUES (13, 'Editors', 1, 'eng-GB', 'eng-GB');
INSERT INTO ezcontentobject_name VALUES (14, 'Administrator User', 1, 'eng-GB', 'eng-GB');
INSERT INTO ezcontentobject_name VALUES (41, 'Media', 1, 'eng-GB', 'eng-GB');
INSERT INTO ezcontentobject_name VALUES (42, 'Setup', 1, 'eng-GB', 'eng-GB');
INSERT INTO ezcontentobject_name VALUES (43, 'Classes', 1, 'eng-GB', 'eng-GB');
INSERT INTO ezcontentobject_name VALUES (44, 'Setup links', 1, 'eng-GB', 'eng-GB');
INSERT INTO ezcontentobject_name VALUES (43, 'Classes', 2, 'eng-GB', 'eng-GB');
INSERT INTO ezcontentobject_name VALUES (43, 'Classes', 3, 'eng-GB', 'eng-GB');
INSERT INTO ezcontentobject_name VALUES (43, 'Classes', 4, 'eng-GB', 'eng-GB');
INSERT INTO ezcontentobject_name VALUES (43, 'Classes', 5, 'eng-GB', 'eng-GB');
INSERT INTO ezcontentobject_name VALUES (45, 'Setup Objects', 1, 'eng-GB', 'eng-GB');
INSERT INTO ezcontentobject_name VALUES (46, 'Fonts and colors', 1, 'eng-GB', 'eng-GB');
INSERT INTO ezcontentobject_name VALUES (46, 'Look and feel', 2, 'eng-GB', 'eng-GB');
INSERT INTO ezcontentobject_name VALUES (47, 'New Template look', 1, 'eng-GB', 'eng-GB');
INSERT INTO ezcontentobject_name VALUES (116, 'URL translator', 2, 'eng-GB', 'eng-GB');
INSERT INTO ezcontentobject_name VALUES (126, 'New Article', 1, 'eng-GB', 'eng-GB');
INSERT INTO ezcontentobject_name VALUES (49, 'News', 1, 'eng-GB', 'eng-GB');
INSERT INTO ezcontentobject_name VALUES (56, 'Corporate', 37, 'eng-GB', 'eng-GB');
INSERT INTO ezcontentobject_name VALUES (45, 'Look and feel', 7, 'eng-GB', 'eng-GB');
INSERT INTO ezcontentobject_name VALUES (51, 'New Setup link', 1, 'eng-GB', 'eng-GB');
INSERT INTO ezcontentobject_name VALUES (45, 'Look and feel', 8, 'eng-GB', 'eng-GB');
INSERT INTO ezcontentobject_name VALUES (53, 'New Template look', 1, 'eng-GB', 'eng-GB');
INSERT INTO ezcontentobject_name VALUES (56, 'Intranet', 2, 'eng-GB', 'eng-GB');
INSERT INTO ezcontentobject_name VALUES (56, 'Intranet', 1, 'eng-GB', 'eng-GB');
INSERT INTO ezcontentobject_name VALUES (56, 'Intranet', 3, 'eng-GB', 'eng-GB');
INSERT INTO ezcontentobject_name VALUES (56, 'Intranet', 4, 'eng-GB', 'eng-GB');
INSERT INTO ezcontentobject_name VALUES (56, 'Intranet', 5, 'eng-GB', 'eng-GB');
INSERT INTO ezcontentobject_name VALUES (56, 'Intranet', 6, 'eng-GB', 'eng-GB');
INSERT INTO ezcontentobject_name VALUES (43, 'Classes', 8, 'eng-GB', 'eng-GB');
INSERT INTO ezcontentobject_name VALUES (56, 'Corporate', 36, 'eng-GB', 'eng-GB');
INSERT INTO ezcontentobject_name VALUES (161, 'About this forum', 1, 'eng-GB', 'eng-GB');
INSERT INTO ezcontentobject_name VALUES (56, 'Intranetyy', 30, 'eng-GB', 'eng-GB');
INSERT INTO ezcontentobject_name VALUES (56, 'Intranet', 25, 'eng-GB', 'eng-GB');
INSERT INTO ezcontentobject_name VALUES (56, 'Intranet', 24, 'eng-GB', 'eng-GB');
INSERT INTO ezcontentobject_name VALUES (127, 'New Article', 1, 'eng-GB', 'eng-GB');
INSERT INTO ezcontentobject_name VALUES (56, 'Intranet', 22, 'eng-GB', 'eng-GB');
INSERT INTO ezcontentobject_name VALUES (56, 'Intranet', 23, 'eng-GB', 'eng-GB');
INSERT INTO ezcontentobject_name VALUES (56, 'Corporate', 35, 'eng-GB', 'eng-GB');
INSERT INTO ezcontentobject_name VALUES (122, 'New Image', 1, 'eng-GB', 'eng-GB');
INSERT INTO ezcontentobject_name VALUES (45, 'Look and feel', 9, 'eng-GB', 'eng-GB');
INSERT INTO ezcontentobject_name VALUES (56, 'Intranet', 7, 'eng-GB', 'eng-GB');
INSERT INTO ezcontentobject_name VALUES (56, 'Intranet', 8, 'eng-GB', 'eng-GB');
INSERT INTO ezcontentobject_name VALUES (56, 'Intranet', 9, 'eng-GB', 'eng-GB');
INSERT INTO ezcontentobject_name VALUES (56, 'Corporate', 38, 'eng-GB', 'eng-GB');
INSERT INTO ezcontentobject_name VALUES (56, 'Intranet', 10, 'eng-GB', 'eng-GB');
INSERT INTO ezcontentobject_name VALUES (83, 'New User', 1, 'eng-GB', 'eng-GB');
INSERT INTO ezcontentobject_name VALUES (84, 'New User', 1, 'eng-GB', 'eng-GB');
INSERT INTO ezcontentobject_name VALUES (56, 'Intranet', 11, 'eng-GB', 'eng-GB');
INSERT INTO ezcontentobject_name VALUES (85, 'New Folder', 1, 'eng-GB', 'eng-GB');
INSERT INTO ezcontentobject_name VALUES (88, 'New User', 1, 'eng-GB', 'eng-GB');
INSERT INTO ezcontentobject_name VALUES (56, 'Corporate', 33, 'eng-GB', 'eng-GB');
INSERT INTO ezcontentobject_name VALUES (56, 'Intranetyy', 31, 'eng-GB', 'eng-GB');
INSERT INTO ezcontentobject_name VALUES (56, 'Corporate', 32, 'eng-GB', 'eng-GB');
INSERT INTO ezcontentobject_name VALUES (56, 'Intranet', 12, 'eng-GB', 'eng-GB');
INSERT INTO ezcontentobject_name VALUES (56, 'Intranet', 13, 'eng-GB', 'eng-GB');
INSERT INTO ezcontentobject_name VALUES (91, 'New Template look', 1, 'eng-GB', 'eng-GB');
INSERT INTO ezcontentobject_name VALUES (56, 'Intranet', 18, 'eng-GB', 'eng-GB');
INSERT INTO ezcontentobject_name VALUES (214, 'Today I got my new car!', 1, 'eng-GB', 'eng-GB');
INSERT INTO ezcontentobject_name VALUES (56, 'Corporate', 39, 'eng-GB', 'eng-GB');
INSERT INTO ezcontentobject_name VALUES (96, 'New User', 1, 'eng-GB', 'eng-GB');
INSERT INTO ezcontentobject_name VALUES (213, 'Computers', 1, 'eng-GB', 'eng-GB');
INSERT INTO ezcontentobject_name VALUES (56, 'Corporate', 34, 'eng-GB', 'eng-GB');
INSERT INTO ezcontentobject_name VALUES (56, 'Intranet', 20, 'eng-GB', 'eng-GB');
INSERT INTO ezcontentobject_name VALUES (212, 'Personal', 1, 'eng-GB', 'eng-GB');
INSERT INTO ezcontentobject_name VALUES (103, 'New User', 1, 'eng-GB', 'eng-GB');
INSERT INTO ezcontentobject_name VALUES (104, 'New User', 1, 'eng-GB', 'eng-GB');
INSERT INTO ezcontentobject_name VALUES (240, 'Polls', 1, 'eng-GB', 'eng-GB');
INSERT INTO ezcontentobject_name VALUES (105, 'New User', 1, 'eng-GB', 'eng-GB');
INSERT INTO ezcontentobject_name VALUES (106, 'New User', 1, 'eng-GB', 'eng-GB');
INSERT INTO ezcontentobject_name VALUES (1, 'Corporate', 2, 'eng-GB', 'eng-GB');
INSERT INTO ezcontentobject_name VALUES (43, 'Classes', 6, 'eng-GB', 'eng-GB');
INSERT INTO ezcontentobject_name VALUES (45, 'Setup Objects', 2, 'eng-GB', 'eng-GB');
INSERT INTO ezcontentobject_name VALUES (43, 'Classes', 7, 'eng-GB', 'eng-GB');
INSERT INTO ezcontentobject_name VALUES (45, 'Setup Objects', 3, 'eng-GB', 'eng-GB');
INSERT INTO ezcontentobject_name VALUES (115, 'Cache', 1, 'eng-GB', 'eng-GB');
INSERT INTO ezcontentobject_name VALUES (45, 'Setup Objects', 4, 'eng-GB', 'eng-GB');
INSERT INTO ezcontentobject_name VALUES (116, 'URL translator', 1, 'eng-GB', 'eng-GB');
INSERT INTO ezcontentobject_name VALUES (117, 'New Article', 1, 'eng-GB', 'eng-GB');
INSERT INTO ezcontentobject_name VALUES (45, 'Look and feel', 5, 'eng-GB', 'eng-GB');
INSERT INTO ezcontentobject_name VALUES (45, 'Look and feel', 6, 'eng-GB', 'eng-GB');
INSERT INTO ezcontentobject_name VALUES (56, 'Intranet', 19, 'eng-GB', 'eng-GB');
INSERT INTO ezcontentobject_name VALUES (115, 'Cache', 2, 'eng-GB', 'eng-GB');
INSERT INTO ezcontentobject_name VALUES (56, 'Intranet', 21, 'eng-GB', 'eng-GB');
INSERT INTO ezcontentobject_name VALUES (115, 'Cache', 3, 'eng-GB', 'eng-GB');
INSERT INTO ezcontentobject_name VALUES (56, 'Intranet', 26, 'eng-GB', 'eng-GB');
INSERT INTO ezcontentobject_name VALUES (56, 'Intranetyy', 27, 'eng-GB', 'eng-GB');
INSERT INTO ezcontentobject_name VALUES (56, 'Intranetyy', 28, 'eng-GB', 'eng-GB');
INSERT INTO ezcontentobject_name VALUES (129, 'New Article', 1, 'eng-GB', 'eng-GB');
INSERT INTO ezcontentobject_name VALUES (56, 'Intranetyy', 29, 'eng-GB', 'eng-GB');
INSERT INTO ezcontentobject_name VALUES (56, 'Corporate', 41, 'eng-GB', 'eng-GB');
INSERT INTO ezcontentobject_name VALUES (56, 'Corporate', 42, 'eng-GB', 'eng-GB');
INSERT INTO ezcontentobject_name VALUES (56, 'Corporate', 40, 'eng-GB', 'eng-GB');
INSERT INTO ezcontentobject_name VALUES (1, 'Forum', 3, 'eng-GB', 'eng-GB');
INSERT INTO ezcontentobject_name VALUES (56, 'Forum', 45, 'eng-GB', 'eng-GB');
INSERT INTO ezcontentobject_name VALUES (240, 'Polls', 2, 'eng-GB', 'eng-GB');
INSERT INTO ezcontentobject_name VALUES (221, 'New Poll', 1, 'eng-GB', 'eng-GB');
INSERT INTO ezcontentobject_name VALUES (143, 'New Setup link', 1, 'eng-GB', 'eng-GB');
INSERT INTO ezcontentobject_name VALUES (144, 'New Setup link', 1, 'eng-GB', 'eng-GB');
INSERT INTO ezcontentobject_name VALUES (145, 'New Setup link', 1, 'eng-GB', 'eng-GB');
INSERT INTO ezcontentobject_name VALUES (56, 'Forum', 44, 'eng-GB', 'eng-GB');
INSERT INTO ezcontentobject_name VALUES (216, 'New Poll', 1, 'eng-GB', 'eng-GB');
INSERT INTO ezcontentobject_name VALUES (49, 'Blogs', 2, 'eng-GB', 'eng-GB');
INSERT INTO ezcontentobject_name VALUES (14, 'Administrator User', 2, 'eng-GB', 'eng-GB');
INSERT INTO ezcontentobject_name VALUES (187, 'New User', 1, 'eng-GB', 'eng-GB');
INSERT INTO ezcontentobject_name VALUES (189, 'test2 test2', 1, 'eng-GB', 'eng-GB');
INSERT INTO ezcontentobject_name VALUES (228, 'Links', 1, 'eng-GB', 'eng-GB');
INSERT INTO ezcontentobject_name VALUES (56, 'Forum', 46, 'eng-GB', 'eng-GB');
INSERT INTO ezcontentobject_name VALUES (231, 'News', 1, 'eng-GB', 'eng-GB');
INSERT INTO ezcontentobject_name VALUES (212, 'Personal', 2, 'eng-GB', 'eng-GB');
INSERT INTO ezcontentobject_name VALUES (213, 'Computers', 2, 'eng-GB', 'eng-GB');
INSERT INTO ezcontentobject_name VALUES (14, 'Administrator User', 3, 'eng-GB', 'eng-GB');
INSERT INTO ezcontentobject_name VALUES (14, 'Administrator User', 4, 'eng-GB', 'eng-GB');
INSERT INTO ezcontentobject_name VALUES (1, 'Forum', 4, 'eng-GB', 'eng-GB');
INSERT INTO ezcontentobject_name VALUES (1, 'Forum', 5, 'eng-GB', 'eng-GB');
INSERT INTO ezcontentobject_name VALUES (224, 'New Poll', 1, 'eng-GB', 'eng-GB');
INSERT INTO ezcontentobject_name VALUES (14, 'Administrator User', 5, 'eng-GB', 'eng-GB');
INSERT INTO ezcontentobject_name VALUES (222, 'New Poll', 1, 'eng-GB', 'eng-GB');
INSERT INTO ezcontentobject_name VALUES (225, 'New Poll', 1, 'eng-GB', 'eng-GB');
INSERT INTO ezcontentobject_name VALUES (218, 'New Poll', 1, 'eng-GB', 'eng-GB');
INSERT INTO ezcontentobject_name VALUES (217, 'New Poll', 1, 'eng-GB', 'eng-GB');
INSERT INTO ezcontentobject_name VALUES (1, 'Blog', 6, 'eng-GB', 'eng-GB');
INSERT INTO ezcontentobject_name VALUES (161, 'About me', 2, 'eng-GB', 'eng-GB');
INSERT INTO ezcontentobject_name VALUES (241, 'Which one is the best of matrix movies?', 1, 'eng-GB', 'eng-GB');
INSERT INTO ezcontentobject_name VALUES (243, 'Entertainment', 1, 'eng-GB', 'eng-GB');
INSERT INTO ezcontentobject_name VALUES (56, 'Blog', 43, 'eng-GB', 'eng-GB');
INSERT INTO ezcontentobject_name VALUES (56, 'Blog', 47, 'eng-GB', 'eng-GB');
INSERT INTO ezcontentobject_name VALUES (115, 'Cache', 4, 'eng-GB', 'eng-GB');
INSERT INTO ezcontentobject_name VALUES (43, 'Classes', 9, 'eng-GB', 'eng-GB');
INSERT INTO ezcontentobject_name VALUES (45, 'Look and feel', 10, 'eng-GB', 'eng-GB');
INSERT INTO ezcontentobject_name VALUES (116, 'URL translator', 3, 'eng-GB', 'eng-GB');
INSERT INTO ezcontentobject_name VALUES (56, 'Blog', 48, 'eng-GB', 'eng-GB');
INSERT INTO ezcontentobject_name VALUES (56, 'Blog', 49, 'eng-GB', 'eng-GB');
INSERT INTO ezcontentobject_name VALUES (228, 'Links', 2, 'eng-GB', 'eng-GB');
INSERT INTO ezcontentobject_name VALUES (49, 'Blogs', 3, 'eng-GB', 'eng-GB');
INSERT INTO ezcontentobject_name VALUES (228, 'Links', 3, 'eng-GB', 'eng-GB');
INSERT INTO ezcontentobject_name VALUES (49, 'Blogs', 4, 'eng-GB', 'eng-GB');
INSERT INTO ezcontentobject_name VALUES (228, 'Links', 4, 'eng-GB', 'eng-GB');
INSERT INTO ezcontentobject_name VALUES (49, 'Blogs', 5, 'eng-GB', 'eng-GB');
INSERT INTO ezcontentobject_name VALUES (56, 'Blog', 50, 'eng-GB', 'eng-GB');
INSERT INTO ezcontentobject_name VALUES (56, 'Blog', 51, 'eng-GB', 'eng-GB');
INSERT INTO ezcontentobject_name VALUES (240, 'Polls', 3, 'eng-GB', 'eng-GB');
INSERT INTO ezcontentobject_name VALUES (56, 'Blog', 52, 'eng-GB', 'eng-GB');
INSERT INTO ezcontentobject_name VALUES (56, 'Blog', 55, 'eng-GB', 'eng-GB');
INSERT INTO ezcontentobject_name VALUES (56, 'Blog', 56, 'eng-GB', 'eng-GB');
INSERT INTO ezcontentobject_name VALUES (56, 'Blog', 57, 'eng-GB', 'eng-GB');
INSERT INTO ezcontentobject_name VALUES (56, 'Blog', 58, 'eng-GB', 'eng-GB');
INSERT INTO ezcontentobject_name VALUES (56, 'Blog', 59, 'eng-GB', 'eng-GB');
INSERT INTO ezcontentobject_name VALUES (56, 'Blog', 60, 'eng-GB', 'eng-GB');
INSERT INTO ezcontentobject_name VALUES (56, 'Blog test', 63, 'eng-GB', 'eng-GB');
INSERT INTO ezcontentobject_name VALUES (161, 'About me', 3, 'eng-GB', 'eng-GB');
INSERT INTO ezcontentobject_name VALUES (56, 'Blog', 61, 'eng-GB', 'eng-GB');
INSERT INTO ezcontentobject_name VALUES (56, 'Blog', 62, 'eng-GB', 'eng-GB');
INSERT INTO ezcontentobject_name VALUES (56, 'Blog test', 64, 'eng-GB', 'eng-GB');
INSERT INTO ezcontentobject_name VALUES (56, 'Blog test', 65, 'eng-GB', 'eng-GB');
INSERT INTO ezcontentobject_name VALUES (56, 'Blog', 66, 'eng-GB', 'eng-GB');
INSERT INTO ezcontentobject_name VALUES (56, 'Blog', 67, 'eng-GB', 'eng-GB');
INSERT INTO ezcontentobject_name VALUES (56, 'Blog', 68, 'eng-GB', 'eng-GB');
INSERT INTO ezcontentobject_name VALUES (214, 'Today I got my new car!', 2, 'eng-GB', 'eng-GB');
INSERT INTO ezcontentobject_name VALUES (252, 'I overslept again', 1, 'eng-GB', 'eng-GB');
INSERT INTO ezcontentobject_name VALUES (253, 'Tonight I was at the movies', 1, 'eng-GB', 'eng-GB');
INSERT INTO ezcontentobject_name VALUES (254, 'Finally I got it', 1, 'eng-GB', 'eng-GB');
INSERT INTO ezcontentobject_name VALUES (231, 'Downloads', 2, 'eng-GB', 'eng-GB');
INSERT INTO ezcontentobject_name VALUES (255, 'eZ systems', 1, 'eng-GB', 'eng-GB');
INSERT INTO ezcontentobject_name VALUES (256, 'eZ publish at Freshmeat', 1, 'eng-GB', 'eng-GB');
INSERT INTO ezcontentobject_name VALUES (257, 'Movies', 1, 'eng-GB', 'eng-GB');
INSERT INTO ezcontentobject_name VALUES (258, 'The Matrix', 1, 'eng-GB', 'eng-GB');
INSERT INTO ezcontentobject_name VALUES (259, 'Lord of the Rings', 1, 'eng-GB', 'eng-GB');
INSERT INTO ezcontentobject_name VALUES (260, 'Sports', 1, 'eng-GB', 'eng-GB');
INSERT INTO ezcontentobject_name VALUES (261, 'Liverpool FC', 1, 'eng-GB', 'eng-GB');
INSERT INTO ezcontentobject_name VALUES (241, 'Which one is the best of matrix movies?', 2, 'eng-GB', 'eng-GB');
INSERT INTO ezcontentobject_name VALUES (262, 'Which do you like the best: Matrix or Lord of the Rings?', 1, 'eng-GB', 'eng-GB');
INSERT INTO ezcontentobject_name VALUES (263, 'Party!', 1, 'eng-GB', 'eng-GB');
INSERT INTO ezcontentobject_name VALUES (264, 'Fun', 1, 'eng-GB', 'eng-GB');
INSERT INTO ezcontentobject_name VALUES (265, 'Pondus', 1, 'eng-GB', 'eng-GB');
INSERT INTO ezcontentobject_name VALUES (266, 'Tim', 1, 'eng-GB', 'eng-GB');
INSERT INTO ezcontentobject_name VALUES (267, 'Helene', 1, 'eng-GB', 'eng-GB');
INSERT INTO ezcontentobject_name VALUES (56, 'Blog', 69, 'eng-GB', 'eng-GB');
INSERT INTO ezcontentobject_name VALUES (56, 'Blog', 70, 'eng-GB', 'eng-GB');
INSERT INTO ezcontentobject_name VALUES (268, 'Anonymous Users', 1, 'eng-GB', 'eng-GB');
INSERT INTO ezcontentobject_name VALUES (10, 'Anonymous User', 2, 'eng-GB', 'eng-GB');







INSERT INTO ezcontentobject_tree VALUES (1, 1, 0, 1, 1, 0, '/1/', 1, 1, 0, NULL, 1);
INSERT INTO ezcontentobject_tree VALUES (2, 1, 1, 6, 1, 1, '/1/2/', 9, 1, 0, '', 2);
INSERT INTO ezcontentobject_tree VALUES (127, 2, 161, 3, 1, 2, '/1/2/127/', 9, 1, 0, 'about_me', 127);
INSERT INTO ezcontentobject_tree VALUES (161, 2, 228, 4, 1, 2, '/1/2/161/', 9, 1, 0, 'links', 161);
INSERT INTO ezcontentobject_tree VALUES (164, 161, 231, 2, 1, 3, '/1/2/161/164/', 9, 1, 0, 'links/downloads', 164);
INSERT INTO ezcontentobject_tree VALUES (186, 164, 255, 1, 1, 4, '/1/2/161/164/186/', 9, 1, 0, 'links/downloads/ez_systems', 186);
INSERT INTO ezcontentobject_tree VALUES (187, 164, 256, 1, 1, 4, '/1/2/161/164/187/', 9, 1, 0, 'links/downloads/ez_publish_at_freshmeat', 187);
INSERT INTO ezcontentobject_tree VALUES (188, 161, 257, 1, 1, 3, '/1/2/161/188/', 9, 1, 0, 'links/movies', 188);
INSERT INTO ezcontentobject_tree VALUES (189, 188, 258, 1, 1, 4, '/1/2/161/188/189/', 9, 1, 0, 'links/movies/the_matrix', 189);
INSERT INTO ezcontentobject_tree VALUES (190, 188, 259, 1, 1, 4, '/1/2/161/188/190/', 9, 1, 0, 'links/movies/lord_of_the_rings', 190);
INSERT INTO ezcontentobject_tree VALUES (191, 161, 260, 1, 1, 3, '/1/2/161/191/', 9, 1, 0, 'links/sports', 191);
INSERT INTO ezcontentobject_tree VALUES (192, 191, 261, 1, 1, 4, '/1/2/161/191/192/', 9, 1, 0, 'links/sports/liverpool_fc', 192);
INSERT INTO ezcontentobject_tree VALUES (195, 161, 264, 1, 1, 3, '/1/2/161/195/', 9, 1, 0, 'links/fun', 195);
INSERT INTO ezcontentobject_tree VALUES (196, 195, 265, 1, 1, 4, '/1/2/161/195/196/', 9, 1, 0, 'links/fun/pondus', 196);
INSERT INTO ezcontentobject_tree VALUES (173, 2, 240, 3, 1, 2, '/1/2/173/', 8, 1, 0, 'polls', 173);
INSERT INTO ezcontentobject_tree VALUES (174, 173, 241, 1, 1, 3, '/1/2/173/174/', 9, 1, 1, 'polls/which_one_is_the_best_of_matrix_movies', 174);
INSERT INTO ezcontentobject_tree VALUES (193, 173, 262, 1, 1, 3, '/1/2/173/193/', 9, 1, 0, 'polls/which_do_you_like_the_best_matrix_or_lord_of_the_rings', 193);
INSERT INTO ezcontentobject_tree VALUES (50, 2, 49, 5, 1, 2, '/1/2/50/', 9, 1, 0, 'blogs', 50);
INSERT INTO ezcontentobject_tree VALUES (153, 50, 212, 2, 1, 3, '/1/2/50/153/', 9, 1, 0, 'blogs/personal', 153);
INSERT INTO ezcontentobject_tree VALUES (155, 153, 214, 2, 1, 4, '/1/2/50/153/155/', 9, 1, 0, 'blogs/personal/today_i_got_my_new_car', 155);
INSERT INTO ezcontentobject_tree VALUES (183, 153, 252, 1, 1, 4, '/1/2/50/153/183/', 9, 1, 0, 'blogs/personal/i_overslept_again', 183);
INSERT INTO ezcontentobject_tree VALUES (194, 153, 263, 1, 1, 4, '/1/2/50/153/194/', 9, 1, 0, 'blogs/personal/party', 194);
INSERT INTO ezcontentobject_tree VALUES (198, 194, 267, 1, 1, 5, '/1/2/50/153/194/198/', 1, 1, 0, 'blogs/personal/party/helene', 198);
INSERT INTO ezcontentobject_tree VALUES (154, 50, 213, 2, 1, 3, '/1/2/50/154/', 9, 1, 0, 'blogs/computers', 154);
INSERT INTO ezcontentobject_tree VALUES (185, 154, 254, 1, 1, 4, '/1/2/50/154/185/', 9, 1, 0, 'blogs/computers/finally_i_got_it', 185);
INSERT INTO ezcontentobject_tree VALUES (197, 185, 266, 1, 1, 5, '/1/2/50/154/185/197/', 1, 1, 0, 'blogs/computers/finally_i_got_it/tim', 197);
INSERT INTO ezcontentobject_tree VALUES (176, 50, 243, 1, 1, 3, '/1/2/50/176/', 9, 1, 0, 'blogs/entertainment', 176);
INSERT INTO ezcontentobject_tree VALUES (184, 176, 253, 1, 1, 4, '/1/2/50/176/184/', 9, 1, 0, 'blogs/entertainment/tonight_i_was_at_the_movies', 184);
INSERT INTO ezcontentobject_tree VALUES (5, 1, 4, 1, 0, 1, '/1/5/', 1, 1, 0, 'users', 5);
INSERT INTO ezcontentobject_tree VALUES (12, 5, 11, 1, 1, 2, '/1/5/12/', 1, 1, 0, 'users/guest_accounts', 12);
INSERT INTO ezcontentobject_tree VALUES (13, 5, 12, 1, 1, 2, '/1/5/13/', 1, 1, 0, 'users/administrator_users', 13);
INSERT INTO ezcontentobject_tree VALUES (15, 13, 14, 5, 1, 3, '/1/5/13/15/', 9, 1, 0, 'users/administrator_users/administrator_user', 15);
INSERT INTO ezcontentobject_tree VALUES (14, 5, 13, 1, 1, 2, '/1/5/14/', 1, 1, 0, 'users/editors', 14);
INSERT INTO ezcontentobject_tree VALUES (199, 5, 268, 1, 1, 2, '/1/5/199/', 9, 1, 0, 'users/anonymous_users', 199);
INSERT INTO ezcontentobject_tree VALUES (11, 199, 10, 2, 1, 3, '/1/5/199/11/', 9, 1, 0, 'users/anonymous_users/anonymous_user', 11);
INSERT INTO ezcontentobject_tree VALUES (43, 1, 41, 1, 1, 1, '/1/43/', 9, 1, 0, 'media', 43);
INSERT INTO ezcontentobject_tree VALUES (44, 1, 42, 1, 1, 1, '/1/44/', 9, 1, 0, 'setup', 44);
INSERT INTO ezcontentobject_tree VALUES (46, 44, 44, 1, 1, 2, '/1/44/46/', 9, 1, 0, 'setup/setup_links', 46);
INSERT INTO ezcontentobject_tree VALUES (45, 46, 43, 9, 1, 3, '/1/44/46/45/', 9, 1, 0, 'setup/setup_links/classes', 45);
INSERT INTO ezcontentobject_tree VALUES (47, 46, 45, 10, 1, 3, '/1/44/46/47/', 9, 1, 0, 'setup/setup_links/look_and_feel', 47);
INSERT INTO ezcontentobject_tree VALUES (95, 46, 115, 4, 1, 3, '/1/44/46/95/', 9, 1, 0, 'setup/setup_links/cache', 95);
INSERT INTO ezcontentobject_tree VALUES (96, 46, 116, 3, 1, 3, '/1/44/46/96/', 9, 1, 0, 'setup/setup_links/url_translator', 96);
INSERT INTO ezcontentobject_tree VALUES (48, 44, 46, 2, 1, 2, '/1/44/48/', 9, 1, 0, 'setup/look_and_feel', 48);
INSERT INTO ezcontentobject_tree VALUES (54, 48, 56, 70, 1, 3, '/1/44/48/54/', 9, 1, 0, 'setup/look_and_feel/blog', 54);







INSERT INTO ezcontentobject_version VALUES (804, 1, 14, 6, 1068710443, 1068710484, 1, 1, 0);
INSERT INTO ezcontentobject_version VALUES (4, 4, 14, 1, 0, 0, 1, 1, 0);
INSERT INTO ezcontentobject_version VALUES (439, 11, 14, 1, 1033920737, 1033920746, 1, 0, 0);
INSERT INTO ezcontentobject_version VALUES (440, 12, 14, 1, 1033920760, 1033920775, 1, 0, 0);
INSERT INTO ezcontentobject_version VALUES (441, 13, 14, 1, 1033920786, 1033920794, 1, 0, 0);
INSERT INTO ezcontentobject_version VALUES (472, 41, 14, 1, 1060695450, 1060695457, 1, 0, 0);
INSERT INTO ezcontentobject_version VALUES (473, 42, 14, 1, 1066383039, 1066383068, 1, 0, 0);
INSERT INTO ezcontentobject_version VALUES (475, 44, 14, 1, 1066384403, 1066384457, 1, 0, 0);
INSERT INTO ezcontentobject_version VALUES (482, 46, 14, 2, 1066389882, 1066389902, 1, 0, 0);
INSERT INTO ezcontentobject_version VALUES (896, 260, 14, 1, 1069771033, 1069771040, 1, 0, 0);
INSERT INTO ezcontentobject_version VALUES (895, 259, 14, 1, 1069770938, 1069770983, 1, 0, 0);
INSERT INTO ezcontentobject_version VALUES (885, 214, 14, 2, 1069769855, 1069770036, 1, 0, 0);
INSERT INTO ezcontentobject_version VALUES (894, 258, 14, 1, 1069770876, 1069770910, 1, 0, 0);
INSERT INTO ezcontentobject_version VALUES (845, 43, 14, 9, 1068729346, 1068729356, 1, 0, 0);
INSERT INTO ezcontentobject_version VALUES (906, 56, 14, 70, 1069839457, 1069839484, 1, 0, 0);
INSERT INTO ezcontentobject_version VALUES (844, 115, 14, 4, 1068729296, 1068729308, 1, 0, 0);
INSERT INTO ezcontentobject_version VALUES (893, 257, 14, 1, 1069770837, 1069770849, 1, 0, 0);
INSERT INTO ezcontentobject_version VALUES (892, 256, 14, 1, 1069770742, 1069770809, 1, 0, 0);
INSERT INTO ezcontentobject_version VALUES (891, 255, 14, 1, 1069770648, 1069770690, 1, 0, 0);
INSERT INTO ezcontentobject_version VALUES (841, 243, 14, 1, 1068727844, 1068727871, 1, 0, 0);
INSERT INTO ezcontentobject_version VALUES (890, 231, 14, 2, 1069770628, 1069770638, 1, 0, 0);
INSERT INTO ezcontentobject_version VALUES (839, 241, 14, 1, 1068720708, 1068720802, 1, 0, 0);
INSERT INTO ezcontentobject_version VALUES (889, 161, 14, 3, 1069770402, 1069770484, 1, 0, 0);
INSERT INTO ezcontentobject_version VALUES (888, 254, 14, 1, 1069770267, 1069770356, 1, 0, 0);
INSERT INTO ezcontentobject_version VALUES (887, 253, 14, 1, 1069770176, 1069770254, 1, 0, 0);
INSERT INTO ezcontentobject_version VALUES (819, 213, 14, 2, 1068717682, 1068717696, 1, 0, 0);
INSERT INTO ezcontentobject_version VALUES (818, 212, 14, 2, 1068717602, 1068717667, 1, 0, 0);
INSERT INTO ezcontentobject_version VALUES (886, 252, 14, 1, 1069770048, 1069770140, 1, 0, 0);
INSERT INTO ezcontentobject_version VALUES (796, 14, 14, 5, 1068468183, 1068468218, 1, 0, 0);
INSERT INTO ezcontentobject_version VALUES (847, 116, 14, 3, 1068729385, 1068729395, 1, 0, 0);
INSERT INTO ezcontentobject_version VALUES (846, 45, 14, 10, 1068729368, 1068729376, 1, 0, 0);
INSERT INTO ezcontentobject_version VALUES (857, 228, 14, 4, 1068804664, 1068804675, 1, 0, 0);
INSERT INTO ezcontentobject_version VALUES (858, 49, 14, 5, 1068804682, 1068804689, 1, 0, 0);
INSERT INTO ezcontentobject_version VALUES (861, 240, 14, 3, 1069172829, 1069172878, 1, 0, 0);
INSERT INTO ezcontentobject_version VALUES (897, 261, 14, 1, 1069771057, 1069771089, 1, 0, 0);
INSERT INTO ezcontentobject_version VALUES (899, 262, 14, 1, 1069771197, 1069771243, 1, 0, 0);
INSERT INTO ezcontentobject_version VALUES (900, 263, 14, 1, 1069771432, 1069771496, 1, 0, 0);
INSERT INTO ezcontentobject_version VALUES (901, 264, 14, 1, 1069773530, 1069773539, 1, 0, 0);
INSERT INTO ezcontentobject_version VALUES (902, 265, 14, 1, 1069773548, 1069773629, 1, 0, 0);
INSERT INTO ezcontentobject_version VALUES (903, 266, 10, 1, 1069773747, 1069773783, 1, 0, 0);
INSERT INTO ezcontentobject_version VALUES (904, 267, 10, 1, 1069773805, 1069773826, 1, 0, 0);
INSERT INTO ezcontentobject_version VALUES (907, 268, 14, 1, 1072186467, 1072186481, 1, 0, 0);
INSERT INTO ezcontentobject_version VALUES (908, 10, 14, 2, 1072186489, 1072186517, 1, 0, 0);
























































INSERT INTO ezimage VALUES (103, 4, 'phpWJgae7.png', 'kaddressbook.png', 'image/png', '');
INSERT INTO ezimage VALUES (103, 5, 'php7ZhvcB.png', 'chardevice.png', 'image/png', '');
INSERT INTO ezimage VALUES (109, 1, 'phpvzmRGW.png', 'folder_txt.png', 'image/png', '');
INSERT INTO ezimage VALUES (120, 11, 'phpG6qloJ.gif', 'ezpublish_logo_blue.gif', 'image/gif', '');
INSERT INTO ezimage VALUES (152, 15, 'phpZWf2sh.gif', 'phpCfM6Z4_600x600_68578.gif', 'image/gif', '');
INSERT INTO ezimage VALUES (120, 13, 'phpG6qloJ.gif', 'ezpublish_logo_blue.gif', 'image/gif', '');
INSERT INTO ezimage VALUES (152, 12, 'phpZWf2sh.gif', 'phpCfM6Z4_600x600_68578.gif', 'image/gif', '');
INSERT INTO ezimage VALUES (152, 13, 'phpZWf2sh.gif', 'phpCfM6Z4_600x600_68578.gif', 'image/gif', '');
INSERT INTO ezimage VALUES (152, 11, 'phpZWf2sh.gif', 'phpCfM6Z4_600x600_68578.gif', 'image/gif', '');
INSERT INTO ezimage VALUES (152, 16, 'phpZWf2sh.gif', 'phpCfM6Z4_600x600_68578.gif', 'image/gif', '');
INSERT INTO ezimage VALUES (152, 7, 'phpZWf2sh.gif', 'phpCfM6Z4_600x600_68578.gif', 'image/gif', '');
INSERT INTO ezimage VALUES (152, 18, 'phpZWf2sh.gif', 'phpCfM6Z4_600x600_68578.gif', 'image/gif', '');
INSERT INTO ezimage VALUES (152, 9, 'phpZWf2sh.gif', 'phpCfM6Z4_600x600_68578.gif', 'image/gif', '');
INSERT INTO ezimage VALUES (152, 10, 'phpZWf2sh.gif', 'phpCfM6Z4_600x600_68578.gif', 'image/gif', '');
INSERT INTO ezimage VALUES (152, 14, 'phpZWf2sh.gif', 'phpCfM6Z4_600x600_68578.gif', 'image/gif', '');
INSERT INTO ezimage VALUES (152, 17, 'phpZWf2sh.gif', 'phpCfM6Z4_600x600_68578.gif', 'image/gif', '');
INSERT INTO ezimage VALUES (268, 1, 'php8lV61b.png', 'phphWMyJs.png', 'image/png', '');
INSERT INTO ezimage VALUES (268, 2, 'php8lV61b.png', 'phphWMyJs.png', 'image/png', '');
INSERT INTO ezimage VALUES (287, 1, 'phpjqUhJn.jpg', '017_8_1small.jpg', 'image/jpeg', '');
INSERT INTO ezimage VALUES (292, 2, 'phpCKfj8I.png', 'phpCG9Rrg_600x600_97870.png', 'image/png', '');
INSERT INTO ezimage VALUES (293, 2, 'php2e1GsG.png', 'bj.png', 'image/png', '');
INSERT INTO ezimage VALUES (293, 3, 'php2e1GsG.png', 'bj.png', 'image/png', '');
INSERT INTO ezimage VALUES (103, 6, 'phpXz5esv.jpg', 'TN_a5.JPG', 'image/jpeg', '');
INSERT INTO ezimage VALUES (109, 2, 'phppIJtoa.jpg', 'maidinmanhattantop.jpg', 'image/jpeg', '');
INSERT INTO ezimage VALUES (103, 7, 'phpG0YSsD.png', 'gnome-settings.png', 'image/png', '');
INSERT INTO ezimage VALUES (109, 3, 'phpAhcEu9.png', 'gnome-favorites.png', 'image/png', '');
INSERT INTO ezimage VALUES (324, 1, 'php4sHmOe.png', 'gnome-ccperiph.png', 'image/png', '');
INSERT INTO ezimage VALUES (109, 4, 'phpbVfzkm.png', 'gnome-devel.png', 'image/png', '');
INSERT INTO ezimage VALUES (328, 1, 'php7a7vQE.png', 'gnome-globe.png', 'image/png', '');
INSERT INTO ezimage VALUES (109, 5, 'phpvs7kFg.png', 'gnome-color-browser.png', 'image/png', '');
INSERT INTO ezimage VALUES (400, 2, 'phprwazbD.jpg', 'vbanner.jpg', 'image/jpeg', '');







INSERT INTO ezimagevariation VALUES (103, 4, 'phpWJgae7_100x100_103.png', 'p/h/p', 100, 100, 48, 48);
INSERT INTO ezimagevariation VALUES (103, 4, 'phpWJgae7_600x600_103.png', 'p/h/p', 600, 600, 48, 48);
INSERT INTO ezimagevariation VALUES (103, 5, 'php7ZhvcB_100x100_103.png', 'p/h/p', 100, 100, 48, 48);
INSERT INTO ezimagevariation VALUES (109, 1, 'phpvzmRGW_100x100_109.png', 'p/h/p', 100, 100, 48, 48);
INSERT INTO ezimagevariation VALUES (103, 5, 'php7ZhvcB_600x600_103.png', 'p/h/p', 600, 600, 48, 48);
INSERT INTO ezimagevariation VALUES (109, 1, 'phpvzmRGW_600x600_109.png', 'p/h/p', 600, 600, 48, 48);
INSERT INTO ezimagevariation VALUES (293, 2, 'php2e1GsG_600x600_293.png', 'p/h/p', 600, 600, 186, 93);
INSERT INTO ezimagevariation VALUES (120, 11, 'phpG6qloJ_100x100_120.gif.png', 'p/h/p', 100, 100, 100, 16);
INSERT INTO ezimagevariation VALUES (292, 2, 'phpCKfj8I_600x600_292.png', 'p/h/p', 600, 600, 186, 93);
INSERT INTO ezimagevariation VALUES (152, 13, 'phpZWf2sh_100x100_152.gif.png', 'p/h/p', 100, 100, 100, 35);
INSERT INTO ezimagevariation VALUES (293, 2, 'php2e1GsG_100x100_293.png', 'p/h/p', 100, 100, 100, 50);
INSERT INTO ezimagevariation VALUES (120, 11, 'phpG6qloJ_600x600_120.gif.png', 'p/h/p', 600, 600, 129, 21);
INSERT INTO ezimagevariation VALUES (152, 12, 'phpZWf2sh_100x100_152.gif.png', 'p/h/p', 100, 100, 100, 35);
INSERT INTO ezimagevariation VALUES (152, 11, 'phpZWf2sh_100x100_152.gif.png', 'p/h/p', 100, 100, 100, 35);
INSERT INTO ezimagevariation VALUES (292, 2, 'phpCKfj8I_100x100_292.png', 'p/h/p', 100, 100, 100, 50);
INSERT INTO ezimagevariation VALUES (287, 1, 'phpjqUhJn_100x100_287.jpg', 'p/h/p', 100, 100, 73, 100);
INSERT INTO ezimagevariation VALUES (268, 2, 'php8lV61b_100x100_268.png', 'p/h/p', 100, 100, 100, 93);
INSERT INTO ezimagevariation VALUES (268, 1, 'php8lV61b_150x150_268.png', 'p/h/p', 150, 150, 144, 134);
INSERT INTO ezimagevariation VALUES (152, 16, 'phpZWf2sh_100x100_152.gif.png', 'p/h/p', 100, 100, 100, 35);
INSERT INTO ezimagevariation VALUES (152, 7, 'phpZWf2sh_100x100_152.gif.png', 'p/h/p', 100, 100, 100, 35);
INSERT INTO ezimagevariation VALUES (268, 1, 'php8lV61b_100x100_268.png', 'p/h/p', 100, 100, 100, 93);
INSERT INTO ezimagevariation VALUES (152, 9, 'phpZWf2sh_100x100_152.gif.png', 'p/h/p', 100, 100, 100, 35);
INSERT INTO ezimagevariation VALUES (152, 10, 'phpZWf2sh_100x100_152.gif.png', 'p/h/p', 100, 100, 100, 35);
INSERT INTO ezimagevariation VALUES (293, 2, 'php2e1GsG_150x150_293.png', 'p/h/p', 150, 150, 150, 75);
INSERT INTO ezimagevariation VALUES (292, 2, 'phpCKfj8I_150x150_292.png', 'p/h/p', 150, 150, 150, 75);
INSERT INTO ezimagevariation VALUES (293, 3, 'php2e1GsG_100x100_293.png', 'p/h/p', 100, 100, 100, 50);
INSERT INTO ezimagevariation VALUES (103, 6, 'phpXz5esv_600x600_103.jpg', 'p/h/p', 600, 600, 377, 600);
INSERT INTO ezimagevariation VALUES (109, 2, 'phppIJtoa_600x600_109.jpg', 'p/h/p', 600, 600, 116, 61);
INSERT INTO ezimagevariation VALUES (103, 7, 'phpG0YSsD_600x600_103.png', 'p/h/p', 600, 600, 48, 48);
INSERT INTO ezimagevariation VALUES (109, 3, 'phpAhcEu9_600x600_109.png', 'p/h/p', 600, 600, 48, 52);
INSERT INTO ezimagevariation VALUES (324, 1, 'php4sHmOe_600x600_324.png', 'p/h/p', 600, 600, 48, 48);
INSERT INTO ezimagevariation VALUES (109, 4, 'phpbVfzkm_600x600_109.png', 'p/h/p', 600, 600, 48, 48);
INSERT INTO ezimagevariation VALUES (328, 1, 'php7a7vQE_600x600_328.png', 'p/h/p', 600, 600, 48, 48);
INSERT INTO ezimagevariation VALUES (109, 5, 'phpvs7kFg_600x600_109.png', 'p/h/p', 600, 600, 48, 48);
INSERT INTO ezimagevariation VALUES (268, 2, 'php8lV61b_150x150_268.png', 'p/h/p', 150, 150, 144, 134);
INSERT INTO ezimagevariation VALUES (103, 7, 'phpG0YSsD_150x150_103.png', 'p/h/p', 150, 150, 48, 48);
INSERT INTO ezimagevariation VALUES (109, 5, 'phpvs7kFg_150x150_109.png', 'p/h/p', 150, 150, 48, 48);
INSERT INTO ezimagevariation VALUES (324, 1, 'php4sHmOe_150x150_324.png', 'p/h/p', 150, 150, 48, 48);
INSERT INTO ezimagevariation VALUES (328, 1, 'php7a7vQE_150x150_328.png', 'p/h/p', 150, 150, 48, 48);
INSERT INTO ezimagevariation VALUES (400, 2, 'phprwazbD_100x100_400.jpg', 'p/h/p', 100, 100, 100, 33);
INSERT INTO ezimagevariation VALUES (400, 2, 'phprwazbD_600x600_400.jpg', 'p/h/p', 600, 600, 450, 150);
























































INSERT INTO eznode_assignment VALUES (510, 1, 6, 1, 9, 1, 1, 0, 0);
INSERT INTO eznode_assignment VALUES (4, 8, 2, 5, 1, 1, 1, 0, 0);
INSERT INTO eznode_assignment VALUES (144, 4, 1, 1, 1, 1, 1, 0, 0);
INSERT INTO eznode_assignment VALUES (593, 257, 1, 161, 9, 1, 1, 0, 0);
INSERT INTO eznode_assignment VALUES (148, 9, 1, 2, 1, 1, 1, 0, 0);
INSERT INTO eznode_assignment VALUES (150, 11, 1, 5, 1, 1, 1, 0, 0);
INSERT INTO eznode_assignment VALUES (151, 12, 1, 5, 1, 1, 1, 0, 0);
INSERT INTO eznode_assignment VALUES (152, 13, 1, 5, 1, 1, 1, 0, 0);
INSERT INTO eznode_assignment VALUES (603, 266, 1, 185, 1, 1, 1, 0, 0);
INSERT INTO eznode_assignment VALUES (182, 41, 1, 1, 9, 1, 1, 0, 0);
INSERT INTO eznode_assignment VALUES (183, 42, 1, 1, 9, 1, 1, 0, 0);
INSERT INTO eznode_assignment VALUES (185, 44, 1, 44, 9, 1, 1, 0, 0);
INSERT INTO eznode_assignment VALUES (193, 46, 2, 44, 9, 1, 1, 0, 0);
INSERT INTO eznode_assignment VALUES (541, 243, 1, 50, 9, 1, 1, 0, 0);
INSERT INTO eznode_assignment VALUES (586, 252, 1, 153, 9, 1, 1, 0, 0);
INSERT INTO eznode_assignment VALUES (544, 115, 4, 46, 9, 1, 1, 0, 0);
INSERT INTO eznode_assignment VALUES (589, 161, 3, 2, 9, 1, 1, 0, 0);
INSERT INTO eznode_assignment VALUES (606, 56, 70, 48, 9, 1, 1, 0, 0);
INSERT INTO eznode_assignment VALUES (545, 43, 9, 46, 9, 1, 1, 0, 0);
INSERT INTO eznode_assignment VALUES (546, 45, 10, 46, 9, 1, 1, 0, 0);
INSERT INTO eznode_assignment VALUES (588, 254, 1, 154, 9, 1, 1, 0, 0);
INSERT INTO eznode_assignment VALUES (561, 240, 3, 2, 8, 1, 1, 0, 0);
INSERT INTO eznode_assignment VALUES (519, 212, 2, 50, 9, 1, 1, 0, 0);
INSERT INTO eznode_assignment VALUES (600, 263, 1, 153, 9, 1, 1, 0, 0);
INSERT INTO eznode_assignment VALUES (587, 253, 1, 176, 9, 1, 1, 0, 0);
INSERT INTO eznode_assignment VALUES (547, 116, 3, 46, 9, 1, 1, 0, 0);
INSERT INTO eznode_assignment VALUES (601, 264, 1, 161, 9, 1, 1, 0, 0);
INSERT INTO eznode_assignment VALUES (539, 241, 1, 173, 9, 1, 1, 0, 0);
INSERT INTO eznode_assignment VALUES (595, 259, 1, 188, 9, 1, 1, 0, 0);
INSERT INTO eznode_assignment VALUES (602, 265, 1, 195, 9, 1, 1, 0, 0);
INSERT INTO eznode_assignment VALUES (591, 255, 1, 164, 9, 1, 1, 0, 0);
INSERT INTO eznode_assignment VALUES (597, 261, 1, 191, 9, 1, 1, 0, 0);
INSERT INTO eznode_assignment VALUES (590, 231, 2, 161, 9, 1, 1, 0, 0);
INSERT INTO eznode_assignment VALUES (592, 256, 1, 164, 9, 1, 1, 0, 0);
INSERT INTO eznode_assignment VALUES (594, 258, 1, 188, 9, 1, 1, 0, 0);
INSERT INTO eznode_assignment VALUES (596, 260, 1, 161, 9, 1, 1, 0, 0);
INSERT INTO eznode_assignment VALUES (604, 267, 1, 194, 1, 1, 1, 0, 0);
INSERT INTO eznode_assignment VALUES (500, 14, 5, 13, 9, 1, 1, 0, 0);
INSERT INTO eznode_assignment VALUES (520, 213, 2, 50, 9, 1, 1, 0, 0);
INSERT INTO eznode_assignment VALUES (558, 49, 5, 2, 9, 1, 1, 0, 0);
INSERT INTO eznode_assignment VALUES (585, 214, 2, 153, 9, 1, 1, 0, 0);
INSERT INTO eznode_assignment VALUES (557, 228, 4, 2, 9, 1, 1, 0, 0);
INSERT INTO eznode_assignment VALUES (599, 262, 1, 173, 9, 1, 1, 0, 0);
INSERT INTO eznode_assignment VALUES (607, 268, 1, 5, 9, 1, 1, 0, 0);
INSERT INTO eznode_assignment VALUES (609, 10, 2, 199, 9, 1, 1, 5, 0);

















































INSERT INTO ezpolicy VALUES (308, 2, '*', '*', '*');
INSERT INTO ezpolicy VALUES (341, 8, 'read', 'content', '*');
INSERT INTO ezpolicy VALUES (388, 1, 'read', 'content', ' ');
INSERT INTO ezpolicy VALUES (387, 1, 'login', 'user', '*');
INSERT INTO ezpolicy VALUES (389, 1, 'create', 'content', ' ');
INSERT INTO ezpolicy VALUES (390, 1, 'edit', 'content', ' ');
INSERT INTO ezpolicy VALUES (391, 1, 'versionread', 'content', ' ');







INSERT INTO ezpolicy_limitation VALUES (306, 388, 'Class', 0, 'read', 'content');
INSERT INTO ezpolicy_limitation VALUES (307, 389, 'Class', 0, 'create', 'content');
INSERT INTO ezpolicy_limitation VALUES (308, 390, 'Class', 0, 'edit', 'content');
INSERT INTO ezpolicy_limitation VALUES (309, 391, 'Class', 0, 'versionread', 'content');
INSERT INTO ezpolicy_limitation VALUES (310, 391, 'Owner', 0, 'versionread', 'content');







INSERT INTO ezpolicy_limitation_value VALUES (633, 306, '5');
INSERT INTO ezpolicy_limitation_value VALUES (632, 306, '26');
INSERT INTO ezpolicy_limitation_value VALUES (631, 306, '25');
INSERT INTO ezpolicy_limitation_value VALUES (630, 306, '24');
INSERT INTO ezpolicy_limitation_value VALUES (629, 306, '23');
INSERT INTO ezpolicy_limitation_value VALUES (628, 306, '2');
INSERT INTO ezpolicy_limitation_value VALUES (627, 306, '12');
INSERT INTO ezpolicy_limitation_value VALUES (626, 306, '10');
INSERT INTO ezpolicy_limitation_value VALUES (625, 306, '1');
INSERT INTO ezpolicy_limitation_value VALUES (634, 307, '26');
INSERT INTO ezpolicy_limitation_value VALUES (635, 308, '26');
INSERT INTO ezpolicy_limitation_value VALUES (636, 309, '26');
INSERT INTO ezpolicy_limitation_value VALUES (637, 310, '1');



































INSERT INTO ezrole VALUES (1, 0, 'Anonymous', ' ');
INSERT INTO ezrole VALUES (2, 0, 'Administrator', '*');
INSERT INTO ezrole VALUES (8, 0, 'Guest', NULL);







INSERT INTO ezsearch_object_word_link VALUES (7919, 161, 2901, 0, 0, 0, 2902, 10, 1068047603, 1, 140, '', 0);
INSERT INTO ezsearch_object_word_link VALUES (7920, 161, 2902, 0, 1, 2901, 2901, 10, 1068047603, 1, 140, '', 0);
INSERT INTO ezsearch_object_word_link VALUES (7921, 161, 2901, 0, 2, 2902, 2902, 10, 1068047603, 1, 140, '', 0);
INSERT INTO ezsearch_object_word_link VALUES (7922, 161, 2902, 0, 3, 2901, 2903, 10, 1068047603, 1, 140, '', 0);
INSERT INTO ezsearch_object_word_link VALUES (7923, 161, 2903, 0, 4, 2902, 2904, 10, 1068047603, 1, 141, '', 0);
INSERT INTO ezsearch_object_word_link VALUES (7924, 161, 2904, 0, 5, 2903, 2905, 10, 1068047603, 1, 141, '', 0);
INSERT INTO ezsearch_object_word_link VALUES (7925, 161, 2905, 0, 6, 2904, 2902, 10, 1068047603, 1, 141, '', 0);
INSERT INTO ezsearch_object_word_link VALUES (7926, 161, 2902, 0, 7, 2905, 2906, 10, 1068047603, 1, 141, '', 0);
INSERT INTO ezsearch_object_word_link VALUES (7927, 161, 2906, 0, 8, 2902, 2907, 10, 1068047603, 1, 141, '', 0);
INSERT INTO ezsearch_object_word_link VALUES (7928, 161, 2907, 0, 9, 2906, 2906, 10, 1068047603, 1, 141, '', 0);
INSERT INTO ezsearch_object_word_link VALUES (7929, 161, 2906, 0, 10, 2907, 2908, 10, 1068047603, 1, 141, '', 0);
INSERT INTO ezsearch_object_word_link VALUES (7930, 161, 2908, 0, 11, 2906, 2906, 10, 1068047603, 1, 141, '', 0);
INSERT INTO ezsearch_object_word_link VALUES (7931, 161, 2906, 0, 12, 2908, 2909, 10, 1068047603, 1, 141, '', 0);
INSERT INTO ezsearch_object_word_link VALUES (7932, 161, 2909, 0, 13, 2906, 2910, 10, 1068047603, 1, 141, '', 0);
INSERT INTO ezsearch_object_word_link VALUES (7933, 161, 2910, 0, 14, 2909, 2909, 10, 1068047603, 1, 141, '', 0);
INSERT INTO ezsearch_object_word_link VALUES (7934, 161, 2909, 0, 15, 2910, 2911, 10, 1068047603, 1, 141, '', 0);
INSERT INTO ezsearch_object_word_link VALUES (7935, 161, 2911, 0, 16, 2909, 2912, 10, 1068047603, 1, 141, '', 0);
INSERT INTO ezsearch_object_word_link VALUES (7936, 161, 2912, 0, 17, 2911, 2913, 10, 1068047603, 1, 141, '', 0);
INSERT INTO ezsearch_object_word_link VALUES (7937, 161, 2913, 0, 18, 2912, 2914, 10, 1068047603, 1, 141, '', 0);
INSERT INTO ezsearch_object_word_link VALUES (7938, 161, 2914, 0, 19, 2913, 2915, 10, 1068047603, 1, 141, '', 0);
INSERT INTO ezsearch_object_word_link VALUES (7939, 161, 2915, 0, 20, 2914, 2916, 10, 1068047603, 1, 141, '', 0);
INSERT INTO ezsearch_object_word_link VALUES (7940, 161, 2916, 0, 21, 2915, 2903, 10, 1068047603, 1, 141, '', 0);
INSERT INTO ezsearch_object_word_link VALUES (7941, 161, 2903, 0, 22, 2916, 2904, 10, 1068047603, 1, 141, '', 0);
INSERT INTO ezsearch_object_word_link VALUES (7942, 161, 2904, 0, 23, 2903, 2905, 10, 1068047603, 1, 141, '', 0);
INSERT INTO ezsearch_object_word_link VALUES (7943, 161, 2905, 0, 24, 2904, 2902, 10, 1068047603, 1, 141, '', 0);
INSERT INTO ezsearch_object_word_link VALUES (7944, 161, 2902, 0, 25, 2905, 2906, 10, 1068047603, 1, 141, '', 0);
INSERT INTO ezsearch_object_word_link VALUES (7945, 161, 2906, 0, 26, 2902, 2907, 10, 1068047603, 1, 141, '', 0);
INSERT INTO ezsearch_object_word_link VALUES (7946, 161, 2907, 0, 27, 2906, 2906, 10, 1068047603, 1, 141, '', 0);
INSERT INTO ezsearch_object_word_link VALUES (7947, 161, 2906, 0, 28, 2907, 2908, 10, 1068047603, 1, 141, '', 0);
INSERT INTO ezsearch_object_word_link VALUES (7948, 161, 2908, 0, 29, 2906, 2906, 10, 1068047603, 1, 141, '', 0);
INSERT INTO ezsearch_object_word_link VALUES (7949, 161, 2906, 0, 30, 2908, 2909, 10, 1068047603, 1, 141, '', 0);
INSERT INTO ezsearch_object_word_link VALUES (7950, 161, 2909, 0, 31, 2906, 2910, 10, 1068047603, 1, 141, '', 0);
INSERT INTO ezsearch_object_word_link VALUES (7951, 161, 2910, 0, 32, 2909, 2909, 10, 1068047603, 1, 141, '', 0);
INSERT INTO ezsearch_object_word_link VALUES (7952, 161, 2909, 0, 33, 2910, 2911, 10, 1068047603, 1, 141, '', 0);
INSERT INTO ezsearch_object_word_link VALUES (7953, 161, 2911, 0, 34, 2909, 2912, 10, 1068047603, 1, 141, '', 0);
INSERT INTO ezsearch_object_word_link VALUES (7954, 161, 2912, 0, 35, 2911, 2913, 10, 1068047603, 1, 141, '', 0);
INSERT INTO ezsearch_object_word_link VALUES (7955, 161, 2913, 0, 36, 2912, 2914, 10, 1068047603, 1, 141, '', 0);
INSERT INTO ezsearch_object_word_link VALUES (7956, 161, 2914, 0, 37, 2913, 2915, 10, 1068047603, 1, 141, '', 0);
INSERT INTO ezsearch_object_word_link VALUES (7957, 161, 2915, 0, 38, 2914, 2916, 10, 1068047603, 1, 141, '', 0);
INSERT INTO ezsearch_object_word_link VALUES (7958, 161, 2916, 0, 39, 2915, 0, 10, 1068047603, 1, 141, '', 0);
INSERT INTO ezsearch_object_word_link VALUES (7959, 228, 2917, 0, 0, 0, 2917, 1, 1068718629, 12, 4, '', 0);
INSERT INTO ezsearch_object_word_link VALUES (7960, 228, 2917, 0, 1, 2917, 2918, 1, 1068718629, 12, 4, '', 0);
INSERT INTO ezsearch_object_word_link VALUES (7961, 228, 2918, 0, 2, 2917, 2919, 1, 1068718629, 12, 119, '', 0);
INSERT INTO ezsearch_object_word_link VALUES (7962, 228, 2919, 0, 3, 2918, 2920, 1, 1068718629, 12, 119, '', 0);
INSERT INTO ezsearch_object_word_link VALUES (7963, 228, 2920, 0, 4, 2919, 2921, 1, 1068718629, 12, 119, '', 0);
INSERT INTO ezsearch_object_word_link VALUES (7964, 228, 2921, 0, 5, 2920, 2922, 1, 1068718629, 12, 119, '', 0);
INSERT INTO ezsearch_object_word_link VALUES (7965, 228, 2922, 0, 6, 2921, 2923, 1, 1068718629, 12, 119, '', 0);
INSERT INTO ezsearch_object_word_link VALUES (7966, 228, 2923, 0, 7, 2922, 2924, 1, 1068718629, 12, 119, '', 0);
INSERT INTO ezsearch_object_word_link VALUES (7967, 228, 2924, 0, 8, 2923, 2925, 1, 1068718629, 12, 119, '', 0);
INSERT INTO ezsearch_object_word_link VALUES (7968, 228, 2925, 0, 9, 2924, 2926, 1, 1068718629, 12, 119, '', 0);
INSERT INTO ezsearch_object_word_link VALUES (7969, 228, 2926, 0, 10, 2925, 2918, 1, 1068718629, 12, 119, '', 0);
INSERT INTO ezsearch_object_word_link VALUES (7970, 228, 2918, 0, 11, 2926, 2919, 1, 1068718629, 12, 119, '', 0);
INSERT INTO ezsearch_object_word_link VALUES (7971, 228, 2919, 0, 12, 2918, 2920, 1, 1068718629, 12, 119, '', 0);
INSERT INTO ezsearch_object_word_link VALUES (7972, 228, 2920, 0, 13, 2919, 2921, 1, 1068718629, 12, 119, '', 0);
INSERT INTO ezsearch_object_word_link VALUES (7973, 228, 2921, 0, 14, 2920, 2922, 1, 1068718629, 12, 119, '', 0);
INSERT INTO ezsearch_object_word_link VALUES (7974, 228, 2922, 0, 15, 2921, 2923, 1, 1068718629, 12, 119, '', 0);
INSERT INTO ezsearch_object_word_link VALUES (7975, 228, 2923, 0, 16, 2922, 2924, 1, 1068718629, 12, 119, '', 0);
INSERT INTO ezsearch_object_word_link VALUES (7976, 228, 2924, 0, 17, 2923, 2925, 1, 1068718629, 12, 119, '', 0);
INSERT INTO ezsearch_object_word_link VALUES (7977, 228, 2925, 0, 18, 2924, 2926, 1, 1068718629, 12, 119, '', 0);
INSERT INTO ezsearch_object_word_link VALUES (7978, 228, 2926, 0, 19, 2925, 0, 1, 1068718629, 12, 119, '', 0);
INSERT INTO ezsearch_object_word_link VALUES (7979, 231, 2927, 0, 0, 0, 2927, 1, 1068718746, 12, 4, '', 0);
INSERT INTO ezsearch_object_word_link VALUES (7980, 231, 2927, 0, 1, 2927, 2917, 1, 1068718746, 12, 4, '', 0);
INSERT INTO ezsearch_object_word_link VALUES (7981, 231, 2917, 0, 2, 2927, 2928, 1, 1068718746, 12, 119, '', 0);
INSERT INTO ezsearch_object_word_link VALUES (7982, 231, 2928, 0, 3, 2917, 2922, 1, 1068718746, 12, 119, '', 0);
INSERT INTO ezsearch_object_word_link VALUES (7983, 231, 2922, 0, 4, 2928, 2929, 1, 1068718746, 12, 119, '', 0);
INSERT INTO ezsearch_object_word_link VALUES (7984, 231, 2929, 0, 5, 2922, 2917, 1, 1068718746, 12, 119, '', 0);
INSERT INTO ezsearch_object_word_link VALUES (7985, 231, 2917, 0, 6, 2929, 2928, 1, 1068718746, 12, 119, '', 0);
INSERT INTO ezsearch_object_word_link VALUES (7986, 231, 2928, 0, 7, 2917, 2922, 1, 1068718746, 12, 119, '', 0);
INSERT INTO ezsearch_object_word_link VALUES (7987, 231, 2922, 0, 8, 2928, 2929, 1, 1068718746, 12, 119, '', 0);
INSERT INTO ezsearch_object_word_link VALUES (7988, 231, 2929, 0, 9, 2922, 0, 1, 1068718746, 12, 119, '', 0);
INSERT INTO ezsearch_object_word_link VALUES (7989, 255, 2930, 0, 0, 0, 2931, 24, 1069770691, 12, 204, '', 0);
INSERT INTO ezsearch_object_word_link VALUES (7990, 255, 2931, 0, 1, 2930, 2930, 24, 1069770691, 12, 204, '', 0);
INSERT INTO ezsearch_object_word_link VALUES (7991, 255, 2930, 0, 2, 2931, 2931, 24, 1069770691, 12, 204, '', 0);
INSERT INTO ezsearch_object_word_link VALUES (7992, 255, 2931, 0, 3, 2930, 2932, 24, 1069770691, 12, 204, '', 0);
INSERT INTO ezsearch_object_word_link VALUES (7993, 255, 2932, 0, 4, 2931, 2933, 24, 1069770691, 12, 205, '', 0);
INSERT INTO ezsearch_object_word_link VALUES (7994, 255, 2933, 0, 5, 2932, 2930, 24, 1069770691, 12, 205, '', 0);
INSERT INTO ezsearch_object_word_link VALUES (7995, 255, 2930, 0, 6, 2933, 2934, 24, 1069770691, 12, 205, '', 0);
INSERT INTO ezsearch_object_word_link VALUES (7996, 255, 2934, 0, 7, 2930, 2935, 24, 1069770691, 12, 205, '', 0);
INSERT INTO ezsearch_object_word_link VALUES (7997, 255, 2935, 0, 8, 2934, 2936, 24, 1069770691, 12, 205, '', 0);
INSERT INTO ezsearch_object_word_link VALUES (7998, 255, 2936, 0, 9, 2935, 2937, 24, 1069770691, 12, 205, '', 0);
INSERT INTO ezsearch_object_word_link VALUES (7999, 255, 2937, 0, 10, 2936, 2932, 24, 1069770691, 12, 205, '', 0);
INSERT INTO ezsearch_object_word_link VALUES (8000, 255, 2932, 0, 11, 2937, 2933, 24, 1069770691, 12, 205, '', 0);
INSERT INTO ezsearch_object_word_link VALUES (8001, 255, 2933, 0, 12, 2932, 2930, 24, 1069770691, 12, 205, '', 0);
INSERT INTO ezsearch_object_word_link VALUES (8002, 255, 2930, 0, 13, 2933, 2934, 24, 1069770691, 12, 205, '', 0);
INSERT INTO ezsearch_object_word_link VALUES (8003, 255, 2934, 0, 14, 2930, 2935, 24, 1069770691, 12, 205, '', 0);
INSERT INTO ezsearch_object_word_link VALUES (8004, 255, 2935, 0, 15, 2934, 2936, 24, 1069770691, 12, 205, '', 0);
INSERT INTO ezsearch_object_word_link VALUES (8005, 255, 2936, 0, 16, 2935, 2937, 24, 1069770691, 12, 205, '', 0);
INSERT INTO ezsearch_object_word_link VALUES (8006, 255, 2937, 0, 17, 2936, 0, 24, 1069770691, 12, 205, '', 0);
INSERT INTO ezsearch_object_word_link VALUES (8007, 256, 2930, 0, 0, 0, 2934, 24, 1069770809, 12, 204, '', 0);
INSERT INTO ezsearch_object_word_link VALUES (8008, 256, 2934, 0, 1, 2930, 2938, 24, 1069770809, 12, 204, '', 0);
INSERT INTO ezsearch_object_word_link VALUES (8009, 256, 2938, 0, 2, 2934, 2939, 24, 1069770809, 12, 204, '', 0);
INSERT INTO ezsearch_object_word_link VALUES (8010, 256, 2939, 0, 3, 2938, 2930, 24, 1069770809, 12, 204, '', 0);
INSERT INTO ezsearch_object_word_link VALUES (8011, 256, 2930, 0, 4, 2939, 2934, 24, 1069770809, 12, 204, '', 0);
INSERT INTO ezsearch_object_word_link VALUES (8012, 256, 2934, 0, 5, 2930, 2938, 24, 1069770809, 12, 204, '', 0);
INSERT INTO ezsearch_object_word_link VALUES (8013, 256, 2938, 0, 6, 2934, 2939, 24, 1069770809, 12, 204, '', 0);
INSERT INTO ezsearch_object_word_link VALUES (8014, 256, 2939, 0, 7, 2938, 2940, 24, 1069770809, 12, 204, '', 0);
INSERT INTO ezsearch_object_word_link VALUES (8015, 256, 2940, 0, 8, 2939, 2930, 24, 1069770809, 12, 205, '', 0);
INSERT INTO ezsearch_object_word_link VALUES (8016, 256, 2930, 0, 9, 2940, 2934, 24, 1069770809, 12, 205, '', 0);
INSERT INTO ezsearch_object_word_link VALUES (8017, 256, 2934, 0, 10, 2930, 2938, 24, 1069770809, 12, 205, '', 0);
INSERT INTO ezsearch_object_word_link VALUES (8018, 256, 2938, 0, 11, 2934, 2939, 24, 1069770809, 12, 205, '', 0);
INSERT INTO ezsearch_object_word_link VALUES (8019, 256, 2939, 0, 12, 2938, 2940, 24, 1069770809, 12, 205, '', 0);
INSERT INTO ezsearch_object_word_link VALUES (8020, 256, 2940, 0, 13, 2939, 2930, 24, 1069770809, 12, 205, '', 0);
INSERT INTO ezsearch_object_word_link VALUES (8021, 256, 2930, 0, 14, 2940, 2934, 24, 1069770809, 12, 205, '', 0);
INSERT INTO ezsearch_object_word_link VALUES (8022, 256, 2934, 0, 15, 2930, 2938, 24, 1069770809, 12, 205, '', 0);
INSERT INTO ezsearch_object_word_link VALUES (8023, 256, 2938, 0, 16, 2934, 2939, 24, 1069770809, 12, 205, '', 0);
INSERT INTO ezsearch_object_word_link VALUES (8024, 256, 2939, 0, 17, 2938, 0, 24, 1069770809, 12, 205, '', 0);
INSERT INTO ezsearch_object_word_link VALUES (8025, 257, 2941, 0, 0, 0, 2941, 1, 1069770849, 12, 4, '', 0);
INSERT INTO ezsearch_object_word_link VALUES (8026, 257, 2941, 0, 1, 2941, 0, 1, 1069770849, 12, 4, '', 0);
INSERT INTO ezsearch_object_word_link VALUES (8027, 258, 2925, 0, 0, 0, 2942, 24, 1069770910, 12, 204, '', 0);
INSERT INTO ezsearch_object_word_link VALUES (8028, 258, 2942, 0, 1, 2925, 2925, 24, 1069770910, 12, 204, '', 0);
INSERT INTO ezsearch_object_word_link VALUES (8029, 258, 2925, 0, 2, 2942, 2942, 24, 1069770910, 12, 204, '', 0);
INSERT INTO ezsearch_object_word_link VALUES (8030, 258, 2942, 0, 3, 2925, 2943, 24, 1069770910, 12, 204, '', 0);
INSERT INTO ezsearch_object_word_link VALUES (8031, 258, 2943, 0, 4, 2942, 2941, 24, 1069770910, 12, 205, '', 0);
INSERT INTO ezsearch_object_word_link VALUES (8032, 258, 2941, 0, 5, 2943, 2944, 24, 1069770910, 12, 205, '', 0);
INSERT INTO ezsearch_object_word_link VALUES (8033, 258, 2944, 0, 6, 2941, 2904, 24, 1069770910, 12, 205, '', 0);
INSERT INTO ezsearch_object_word_link VALUES (8034, 258, 2904, 0, 7, 2944, 2905, 24, 1069770910, 12, 205, '', 0);
INSERT INTO ezsearch_object_word_link VALUES (8035, 258, 2905, 0, 8, 2904, 2925, 24, 1069770910, 12, 205, '', 0);
INSERT INTO ezsearch_object_word_link VALUES (8036, 258, 2925, 0, 9, 2905, 2945, 24, 1069770910, 12, 205, '', 0);
INSERT INTO ezsearch_object_word_link VALUES (8037, 258, 2945, 0, 10, 2925, 2928, 24, 1069770910, 12, 205, '', 0);
INSERT INTO ezsearch_object_word_link VALUES (8038, 258, 2928, 0, 11, 2945, 2925, 24, 1069770910, 12, 205, '', 0);
INSERT INTO ezsearch_object_word_link VALUES (8039, 258, 2925, 0, 12, 2928, 2946, 24, 1069770910, 12, 205, '', 0);
INSERT INTO ezsearch_object_word_link VALUES (8040, 258, 2946, 0, 13, 2925, 2943, 24, 1069770910, 12, 205, '', 0);
INSERT INTO ezsearch_object_word_link VALUES (8041, 258, 2943, 0, 14, 2946, 2941, 24, 1069770910, 12, 205, '', 0);
INSERT INTO ezsearch_object_word_link VALUES (8042, 258, 2941, 0, 15, 2943, 2944, 24, 1069770910, 12, 205, '', 0);
INSERT INTO ezsearch_object_word_link VALUES (8043, 258, 2944, 0, 16, 2941, 2904, 24, 1069770910, 12, 205, '', 0);
INSERT INTO ezsearch_object_word_link VALUES (8044, 258, 2904, 0, 17, 2944, 2905, 24, 1069770910, 12, 205, '', 0);
INSERT INTO ezsearch_object_word_link VALUES (8045, 258, 2905, 0, 18, 2904, 2925, 24, 1069770910, 12, 205, '', 0);
INSERT INTO ezsearch_object_word_link VALUES (8046, 258, 2925, 0, 19, 2905, 2945, 24, 1069770910, 12, 205, '', 0);
INSERT INTO ezsearch_object_word_link VALUES (8047, 258, 2945, 0, 20, 2925, 2928, 24, 1069770910, 12, 205, '', 0);
INSERT INTO ezsearch_object_word_link VALUES (8048, 258, 2928, 0, 21, 2945, 2925, 24, 1069770910, 12, 205, '', 0);
INSERT INTO ezsearch_object_word_link VALUES (8049, 258, 2925, 0, 22, 2928, 2946, 24, 1069770910, 12, 205, '', 0);
INSERT INTO ezsearch_object_word_link VALUES (8050, 258, 2946, 0, 23, 2925, 0, 24, 1069770910, 12, 205, '', 0);
INSERT INTO ezsearch_object_word_link VALUES (8051, 259, 2947, 0, 0, 0, 2933, 24, 1069770984, 12, 204, '', 0);
INSERT INTO ezsearch_object_word_link VALUES (8052, 259, 2933, 0, 1, 2947, 2925, 24, 1069770984, 12, 204, '', 0);
INSERT INTO ezsearch_object_word_link VALUES (8053, 259, 2925, 0, 2, 2933, 2948, 24, 1069770984, 12, 204, '', 0);
INSERT INTO ezsearch_object_word_link VALUES (8054, 259, 2948, 0, 3, 2925, 2947, 24, 1069770984, 12, 204, '', 0);
INSERT INTO ezsearch_object_word_link VALUES (8055, 259, 2947, 0, 4, 2948, 2933, 24, 1069770984, 12, 204, '', 0);
INSERT INTO ezsearch_object_word_link VALUES (8056, 259, 2933, 0, 5, 2947, 2925, 24, 1069770984, 12, 204, '', 0);
INSERT INTO ezsearch_object_word_link VALUES (8057, 259, 2925, 0, 6, 2933, 2948, 24, 1069770984, 12, 204, '', 0);
INSERT INTO ezsearch_object_word_link VALUES (8058, 259, 2948, 0, 7, 2925, 2949, 24, 1069770984, 12, 204, '', 0);
INSERT INTO ezsearch_object_word_link VALUES (8059, 259, 2949, 0, 8, 2948, 2950, 24, 1069770984, 12, 205, '', 0);
INSERT INTO ezsearch_object_word_link VALUES (8060, 259, 2950, 0, 9, 2949, 2951, 24, 1069770984, 12, 205, '', 0);
INSERT INTO ezsearch_object_word_link VALUES (8061, 259, 2951, 0, 10, 2950, 2928, 24, 1069770984, 12, 205, '', 0);
INSERT INTO ezsearch_object_word_link VALUES (8062, 259, 2928, 0, 11, 2951, 2952, 24, 1069770984, 12, 205, '', 0);
INSERT INTO ezsearch_object_word_link VALUES (8063, 259, 2952, 0, 12, 2928, 2953, 24, 1069770984, 12, 205, '', 0);
INSERT INTO ezsearch_object_word_link VALUES (8064, 259, 2953, 0, 13, 2952, 2954, 24, 1069770984, 12, 205, '', 0);
INSERT INTO ezsearch_object_word_link VALUES (8065, 259, 2954, 0, 14, 2953, 2955, 24, 1069770984, 12, 205, '', 0);
INSERT INTO ezsearch_object_word_link VALUES (8066, 259, 2955, 0, 15, 2954, 2956, 24, 1069770984, 12, 205, '', 0);
INSERT INTO ezsearch_object_word_link VALUES (8067, 259, 2956, 0, 16, 2955, 2957, 24, 1069770984, 12, 205, '', 0);
INSERT INTO ezsearch_object_word_link VALUES (8068, 259, 2957, 0, 17, 2956, 2958, 24, 1069770984, 12, 205, '', 0);
INSERT INTO ezsearch_object_word_link VALUES (8069, 259, 2958, 0, 18, 2957, 2959, 24, 1069770984, 12, 205, '', 0);
INSERT INTO ezsearch_object_word_link VALUES (8070, 259, 2959, 0, 19, 2958, 2960, 24, 1069770984, 12, 205, '', 0);
INSERT INTO ezsearch_object_word_link VALUES (8071, 259, 2960, 0, 20, 2959, 2949, 24, 1069770984, 12, 205, '', 0);
INSERT INTO ezsearch_object_word_link VALUES (8072, 259, 2949, 0, 21, 2960, 2950, 24, 1069770984, 12, 205, '', 0);
INSERT INTO ezsearch_object_word_link VALUES (8073, 259, 2950, 0, 22, 2949, 2951, 24, 1069770984, 12, 205, '', 0);
INSERT INTO ezsearch_object_word_link VALUES (8074, 259, 2951, 0, 23, 2950, 2928, 24, 1069770984, 12, 205, '', 0);
INSERT INTO ezsearch_object_word_link VALUES (8075, 259, 2928, 0, 24, 2951, 2952, 24, 1069770984, 12, 205, '', 0);
INSERT INTO ezsearch_object_word_link VALUES (8076, 259, 2952, 0, 25, 2928, 2953, 24, 1069770984, 12, 205, '', 0);
INSERT INTO ezsearch_object_word_link VALUES (8077, 259, 2953, 0, 26, 2952, 2954, 24, 1069770984, 12, 205, '', 0);
INSERT INTO ezsearch_object_word_link VALUES (8078, 259, 2954, 0, 27, 2953, 2955, 24, 1069770984, 12, 205, '', 0);
INSERT INTO ezsearch_object_word_link VALUES (8079, 259, 2955, 0, 28, 2954, 2956, 24, 1069770984, 12, 205, '', 0);
INSERT INTO ezsearch_object_word_link VALUES (8080, 259, 2956, 0, 29, 2955, 2957, 24, 1069770984, 12, 205, '', 0);
INSERT INTO ezsearch_object_word_link VALUES (8081, 259, 2957, 0, 30, 2956, 2958, 24, 1069770984, 12, 205, '', 0);
INSERT INTO ezsearch_object_word_link VALUES (8082, 259, 2958, 0, 31, 2957, 2959, 24, 1069770984, 12, 205, '', 0);
INSERT INTO ezsearch_object_word_link VALUES (8083, 259, 2959, 0, 32, 2958, 2960, 24, 1069770984, 12, 205, '', 0);
INSERT INTO ezsearch_object_word_link VALUES (8084, 259, 2960, 0, 33, 2959, 0, 24, 1069770984, 12, 205, '', 0);
INSERT INTO ezsearch_object_word_link VALUES (8085, 260, 2961, 0, 0, 0, 2961, 1, 1069771040, 12, 4, '', 0);
INSERT INTO ezsearch_object_word_link VALUES (8086, 260, 2961, 0, 1, 2961, 0, 1, 1069771040, 12, 4, '', 0);
INSERT INTO ezsearch_object_word_link VALUES (8087, 261, 2962, 0, 0, 0, 2963, 24, 1069771089, 12, 204, '', 0);
INSERT INTO ezsearch_object_word_link VALUES (8088, 261, 2963, 0, 1, 2962, 2962, 24, 1069771089, 12, 204, '', 0);
INSERT INTO ezsearch_object_word_link VALUES (8089, 261, 2962, 0, 2, 2963, 2963, 24, 1069771089, 12, 204, '', 0);
INSERT INTO ezsearch_object_word_link VALUES (8090, 261, 2963, 0, 3, 2962, 2925, 24, 1069771089, 12, 204, '', 0);
INSERT INTO ezsearch_object_word_link VALUES (8091, 261, 2925, 0, 4, 2963, 2943, 24, 1069771089, 12, 205, '', 0);
INSERT INTO ezsearch_object_word_link VALUES (8092, 261, 2943, 0, 5, 2925, 2964, 24, 1069771089, 12, 205, '', 0);
INSERT INTO ezsearch_object_word_link VALUES (8093, 261, 2964, 0, 6, 2943, 2944, 24, 1069771089, 12, 205, '', 0);
INSERT INTO ezsearch_object_word_link VALUES (8094, 261, 2944, 0, 7, 2964, 2925, 24, 1069771089, 12, 205, '', 0);
INSERT INTO ezsearch_object_word_link VALUES (8095, 261, 2925, 0, 8, 2944, 2943, 24, 1069771089, 12, 205, '', 0);
INSERT INTO ezsearch_object_word_link VALUES (8096, 261, 2943, 0, 9, 2925, 2964, 24, 1069771089, 12, 205, '', 0);
INSERT INTO ezsearch_object_word_link VALUES (8097, 261, 2964, 0, 10, 2943, 2944, 24, 1069771089, 12, 205, '', 0);
INSERT INTO ezsearch_object_word_link VALUES (8098, 261, 2944, 0, 11, 2964, 0, 24, 1069771089, 12, 205, '', 0);
INSERT INTO ezsearch_object_word_link VALUES (8099, 264, 2965, 0, 0, 0, 2965, 1, 1069773539, 12, 4, '', 0);
INSERT INTO ezsearch_object_word_link VALUES (8100, 264, 2965, 0, 1, 2965, 0, 1, 1069773539, 12, 4, '', 0);
INSERT INTO ezsearch_object_word_link VALUES (8101, 265, 2966, 0, 0, 0, 2966, 24, 1069773629, 12, 204, '', 0);
INSERT INTO ezsearch_object_word_link VALUES (8102, 265, 2966, 0, 1, 2966, 2967, 24, 1069773629, 12, 204, '', 0);
INSERT INTO ezsearch_object_word_link VALUES (8103, 265, 2967, 0, 2, 2966, 2968, 24, 1069773629, 12, 205, '', 0);
INSERT INTO ezsearch_object_word_link VALUES (8104, 265, 2968, 0, 3, 2967, 2944, 24, 1069773629, 12, 205, '', 0);
INSERT INTO ezsearch_object_word_link VALUES (8105, 265, 2944, 0, 4, 2968, 2969, 24, 1069773629, 12, 205, '', 0);
INSERT INTO ezsearch_object_word_link VALUES (8106, 265, 2969, 0, 5, 2944, 2925, 24, 1069773629, 12, 205, '', 0);
INSERT INTO ezsearch_object_word_link VALUES (8107, 265, 2925, 0, 6, 2969, 2970, 24, 1069773629, 12, 205, '', 0);
INSERT INTO ezsearch_object_word_link VALUES (8108, 265, 2970, 0, 7, 2925, 2971, 24, 1069773629, 12, 205, '', 0);
INSERT INTO ezsearch_object_word_link VALUES (8109, 265, 2971, 0, 8, 2970, 2972, 24, 1069773629, 12, 205, '', 0);
INSERT INTO ezsearch_object_word_link VALUES (8110, 265, 2972, 0, 9, 2971, 2905, 24, 1069773629, 12, 205, '', 0);
INSERT INTO ezsearch_object_word_link VALUES (8111, 265, 2905, 0, 10, 2972, 2973, 24, 1069773629, 12, 205, '', 0);
INSERT INTO ezsearch_object_word_link VALUES (8112, 265, 2973, 0, 11, 2905, 2974, 24, 1069773629, 12, 205, '', 0);
INSERT INTO ezsearch_object_word_link VALUES (8113, 265, 2974, 0, 12, 2973, 2975, 24, 1069773629, 12, 205, '', 0);
INSERT INTO ezsearch_object_word_link VALUES (8114, 265, 2975, 0, 13, 2974, 2976, 24, 1069773629, 12, 205, '', 0);
INSERT INTO ezsearch_object_word_link VALUES (8115, 265, 2976, 0, 14, 2975, 2977, 24, 1069773629, 12, 205, '', 0);
INSERT INTO ezsearch_object_word_link VALUES (8116, 265, 2977, 0, 15, 2976, 2904, 24, 1069773629, 12, 205, '', 0);
INSERT INTO ezsearch_object_word_link VALUES (8117, 265, 2904, 0, 16, 2977, 2929, 24, 1069773629, 12, 205, '', 0);
INSERT INTO ezsearch_object_word_link VALUES (8118, 265, 2929, 0, 17, 2904, 2905, 24, 1069773629, 12, 205, '', 0);
INSERT INTO ezsearch_object_word_link VALUES (8119, 265, 2905, 0, 18, 2929, 2974, 24, 1069773629, 12, 205, '', 0);
INSERT INTO ezsearch_object_word_link VALUES (8120, 265, 2974, 0, 19, 2905, 2978, 24, 1069773629, 12, 205, '', 0);
INSERT INTO ezsearch_object_word_link VALUES (8121, 265, 2978, 0, 20, 2974, 2979, 24, 1069773629, 12, 205, '', 0);
INSERT INTO ezsearch_object_word_link VALUES (8122, 265, 2979, 0, 21, 2978, 2967, 24, 1069773629, 12, 205, '', 0);
INSERT INTO ezsearch_object_word_link VALUES (8123, 265, 2967, 0, 22, 2979, 2968, 24, 1069773629, 12, 205, '', 0);
INSERT INTO ezsearch_object_word_link VALUES (8124, 265, 2968, 0, 23, 2967, 2944, 24, 1069773629, 12, 205, '', 0);
INSERT INTO ezsearch_object_word_link VALUES (8125, 265, 2944, 0, 24, 2968, 2969, 24, 1069773629, 12, 205, '', 0);
INSERT INTO ezsearch_object_word_link VALUES (8126, 265, 2969, 0, 25, 2944, 2925, 24, 1069773629, 12, 205, '', 0);
INSERT INTO ezsearch_object_word_link VALUES (8127, 265, 2925, 0, 26, 2969, 2970, 24, 1069773629, 12, 205, '', 0);
INSERT INTO ezsearch_object_word_link VALUES (8128, 265, 2970, 0, 27, 2925, 2971, 24, 1069773629, 12, 205, '', 0);
INSERT INTO ezsearch_object_word_link VALUES (8129, 265, 2971, 0, 28, 2970, 2972, 24, 1069773629, 12, 205, '', 0);
INSERT INTO ezsearch_object_word_link VALUES (8130, 265, 2972, 0, 29, 2971, 2905, 24, 1069773629, 12, 205, '', 0);
INSERT INTO ezsearch_object_word_link VALUES (8131, 265, 2905, 0, 30, 2972, 2973, 24, 1069773629, 12, 205, '', 0);
INSERT INTO ezsearch_object_word_link VALUES (8132, 265, 2973, 0, 31, 2905, 2974, 24, 1069773629, 12, 205, '', 0);
INSERT INTO ezsearch_object_word_link VALUES (8133, 265, 2974, 0, 32, 2973, 2975, 24, 1069773629, 12, 205, '', 0);
INSERT INTO ezsearch_object_word_link VALUES (8134, 265, 2975, 0, 33, 2974, 2976, 24, 1069773629, 12, 205, '', 0);
INSERT INTO ezsearch_object_word_link VALUES (8135, 265, 2976, 0, 34, 2975, 2977, 24, 1069773629, 12, 205, '', 0);
INSERT INTO ezsearch_object_word_link VALUES (8136, 265, 2977, 0, 35, 2976, 2904, 24, 1069773629, 12, 205, '', 0);
INSERT INTO ezsearch_object_word_link VALUES (8137, 265, 2904, 0, 36, 2977, 2929, 24, 1069773629, 12, 205, '', 0);
INSERT INTO ezsearch_object_word_link VALUES (8138, 265, 2929, 0, 37, 2904, 2905, 24, 1069773629, 12, 205, '', 0);
INSERT INTO ezsearch_object_word_link VALUES (8139, 265, 2905, 0, 38, 2929, 2974, 24, 1069773629, 12, 205, '', 0);
INSERT INTO ezsearch_object_word_link VALUES (8140, 265, 2974, 0, 39, 2905, 2978, 24, 1069773629, 12, 205, '', 0);
INSERT INTO ezsearch_object_word_link VALUES (8141, 265, 2978, 0, 40, 2974, 2979, 24, 1069773629, 12, 205, '', 0);
INSERT INTO ezsearch_object_word_link VALUES (8142, 265, 2979, 0, 41, 2978, 0, 24, 1069773629, 12, 205, '', 0);
INSERT INTO ezsearch_object_word_link VALUES (8143, 240, 2980, 0, 0, 0, 2980, 1, 1068719643, 1, 4, '', 0);
INSERT INTO ezsearch_object_word_link VALUES (8144, 240, 2980, 0, 1, 2980, 0, 1, 1068719643, 1, 4, '', 0);
INSERT INTO ezsearch_object_word_link VALUES (8145, 241, 2981, 0, 0, 0, 2982, 25, 1068720802, 1, 207, '', 0);
INSERT INTO ezsearch_object_word_link VALUES (8146, 241, 2982, 0, 1, 2981, 2905, 25, 1068720802, 1, 207, '', 0);
INSERT INTO ezsearch_object_word_link VALUES (8147, 241, 2905, 0, 2, 2982, 2925, 25, 1068720802, 1, 207, '', 0);
INSERT INTO ezsearch_object_word_link VALUES (8148, 241, 2925, 0, 3, 2905, 2943, 25, 1068720802, 1, 207, '', 0);
INSERT INTO ezsearch_object_word_link VALUES (8149, 241, 2943, 0, 4, 2925, 2933, 25, 1068720802, 1, 207, '', 0);
INSERT INTO ezsearch_object_word_link VALUES (8150, 241, 2933, 0, 5, 2943, 2942, 25, 1068720802, 1, 207, '', 0);
INSERT INTO ezsearch_object_word_link VALUES (8151, 241, 2942, 0, 6, 2933, 2941, 25, 1068720802, 1, 207, '', 0);
INSERT INTO ezsearch_object_word_link VALUES (8152, 241, 2941, 0, 7, 2942, 2981, 25, 1068720802, 1, 207, '', 0);
INSERT INTO ezsearch_object_word_link VALUES (8153, 241, 2981, 0, 8, 2941, 2982, 25, 1068720802, 1, 207, '', 0);
INSERT INTO ezsearch_object_word_link VALUES (8154, 241, 2982, 0, 9, 2981, 2905, 25, 1068720802, 1, 207, '', 0);
INSERT INTO ezsearch_object_word_link VALUES (8155, 241, 2905, 0, 10, 2982, 2925, 25, 1068720802, 1, 207, '', 0);
INSERT INTO ezsearch_object_word_link VALUES (8156, 241, 2925, 0, 11, 2905, 2943, 25, 1068720802, 1, 207, '', 0);
INSERT INTO ezsearch_object_word_link VALUES (8157, 241, 2943, 0, 12, 2925, 2933, 25, 1068720802, 1, 207, '', 0);
INSERT INTO ezsearch_object_word_link VALUES (8158, 241, 2933, 0, 13, 2943, 2942, 25, 1068720802, 1, 207, '', 0);
INSERT INTO ezsearch_object_word_link VALUES (8159, 241, 2942, 0, 14, 2933, 2941, 25, 1068720802, 1, 207, '', 0);
INSERT INTO ezsearch_object_word_link VALUES (8160, 241, 2941, 0, 15, 2942, 0, 25, 1068720802, 1, 207, '', 0);
INSERT INTO ezsearch_object_word_link VALUES (8161, 262, 2981, 0, 0, 0, 2983, 25, 1069771243, 1, 207, '', 0);
INSERT INTO ezsearch_object_word_link VALUES (8162, 262, 2983, 0, 1, 2981, 2968, 25, 1069771243, 1, 207, '', 0);
INSERT INTO ezsearch_object_word_link VALUES (8163, 262, 2968, 0, 2, 2983, 2926, 25, 1069771243, 1, 207, '', 0);
INSERT INTO ezsearch_object_word_link VALUES (8164, 262, 2926, 0, 3, 2968, 2925, 25, 1069771243, 1, 207, '', 0);
INSERT INTO ezsearch_object_word_link VALUES (8165, 262, 2925, 0, 4, 2926, 2943, 25, 1069771243, 1, 207, '', 0);
INSERT INTO ezsearch_object_word_link VALUES (8166, 262, 2943, 0, 5, 2925, 2942, 25, 1069771243, 1, 207, '', 0);
INSERT INTO ezsearch_object_word_link VALUES (8167, 262, 2942, 0, 6, 2943, 2984, 25, 1069771243, 1, 207, '', 0);
INSERT INTO ezsearch_object_word_link VALUES (8168, 262, 2984, 0, 7, 2942, 2947, 25, 1069771243, 1, 207, '', 0);
INSERT INTO ezsearch_object_word_link VALUES (8169, 262, 2947, 0, 8, 2984, 2933, 25, 1069771243, 1, 207, '', 0);
INSERT INTO ezsearch_object_word_link VALUES (8170, 262, 2933, 0, 9, 2947, 2925, 25, 1069771243, 1, 207, '', 0);
INSERT INTO ezsearch_object_word_link VALUES (8171, 262, 2925, 0, 10, 2933, 2948, 25, 1069771243, 1, 207, '', 0);
INSERT INTO ezsearch_object_word_link VALUES (8172, 262, 2948, 0, 11, 2925, 2981, 25, 1069771243, 1, 207, '', 0);
INSERT INTO ezsearch_object_word_link VALUES (8173, 262, 2981, 0, 12, 2948, 2983, 25, 1069771243, 1, 207, '', 0);
INSERT INTO ezsearch_object_word_link VALUES (8174, 262, 2983, 0, 13, 2981, 2968, 25, 1069771243, 1, 207, '', 0);
INSERT INTO ezsearch_object_word_link VALUES (8175, 262, 2968, 0, 14, 2983, 2926, 25, 1069771243, 1, 207, '', 0);
INSERT INTO ezsearch_object_word_link VALUES (8176, 262, 2926, 0, 15, 2968, 2925, 25, 1069771243, 1, 207, '', 0);
INSERT INTO ezsearch_object_word_link VALUES (8177, 262, 2925, 0, 16, 2926, 2943, 25, 1069771243, 1, 207, '', 0);
INSERT INTO ezsearch_object_word_link VALUES (8178, 262, 2943, 0, 17, 2925, 2942, 25, 1069771243, 1, 207, '', 0);
INSERT INTO ezsearch_object_word_link VALUES (8179, 262, 2942, 0, 18, 2943, 2984, 25, 1069771243, 1, 207, '', 0);
INSERT INTO ezsearch_object_word_link VALUES (8180, 262, 2984, 0, 19, 2942, 2947, 25, 1069771243, 1, 207, '', 0);
INSERT INTO ezsearch_object_word_link VALUES (8181, 262, 2947, 0, 20, 2984, 2933, 25, 1069771243, 1, 207, '', 0);
INSERT INTO ezsearch_object_word_link VALUES (8182, 262, 2933, 0, 21, 2947, 2925, 25, 1069771243, 1, 207, '', 0);
INSERT INTO ezsearch_object_word_link VALUES (8183, 262, 2925, 0, 22, 2933, 2948, 25, 1069771243, 1, 207, '', 0);
INSERT INTO ezsearch_object_word_link VALUES (8184, 262, 2948, 0, 23, 2925, 0, 25, 1069771243, 1, 207, '', 0);
INSERT INTO ezsearch_object_word_link VALUES (8185, 49, 2985, 0, 0, 0, 2985, 1, 1066398020, 13, 4, '', 0);
INSERT INTO ezsearch_object_word_link VALUES (8186, 49, 2985, 0, 1, 2985, 2986, 1, 1066398020, 13, 4, '', 0);
INSERT INTO ezsearch_object_word_link VALUES (8187, 49, 2986, 0, 2, 2985, 2987, 1, 1066398020, 13, 119, '', 0);
INSERT INTO ezsearch_object_word_link VALUES (8188, 49, 2987, 0, 3, 2986, 2988, 1, 1066398020, 13, 119, '', 0);
INSERT INTO ezsearch_object_word_link VALUES (8189, 49, 2988, 0, 4, 2987, 2924, 1, 1066398020, 13, 119, '', 0);
INSERT INTO ezsearch_object_word_link VALUES (8190, 49, 2924, 0, 5, 2988, 2989, 1, 1066398020, 13, 119, '', 0);
INSERT INTO ezsearch_object_word_link VALUES (8191, 49, 2989, 0, 6, 2924, 2986, 1, 1066398020, 13, 119, '', 0);
INSERT INTO ezsearch_object_word_link VALUES (8192, 49, 2986, 0, 7, 2989, 2987, 1, 1066398020, 13, 119, '', 0);
INSERT INTO ezsearch_object_word_link VALUES (8193, 49, 2987, 0, 8, 2986, 2988, 1, 1066398020, 13, 119, '', 0);
INSERT INTO ezsearch_object_word_link VALUES (8194, 49, 2988, 0, 9, 2987, 2924, 1, 1066398020, 13, 119, '', 0);
INSERT INTO ezsearch_object_word_link VALUES (8195, 49, 2924, 0, 10, 2988, 2989, 1, 1066398020, 13, 119, '', 0);
INSERT INTO ezsearch_object_word_link VALUES (8196, 49, 2989, 0, 11, 2924, 0, 1, 1066398020, 13, 119, '', 0);
INSERT INTO ezsearch_object_word_link VALUES (8197, 212, 2990, 0, 0, 0, 2990, 1, 1068711069, 13, 4, '', 0);
INSERT INTO ezsearch_object_word_link VALUES (8198, 212, 2990, 0, 1, 2990, 2991, 1, 1068711069, 13, 4, '', 0);
INSERT INTO ezsearch_object_word_link VALUES (8199, 212, 2991, 0, 2, 2990, 2992, 1, 1068711069, 13, 119, '', 0);
INSERT INTO ezsearch_object_word_link VALUES (8200, 212, 2992, 0, 3, 2991, 2993, 1, 1068711069, 13, 119, '', 0);
INSERT INTO ezsearch_object_word_link VALUES (8201, 212, 2993, 0, 4, 2992, 2925, 1, 1068711069, 13, 119, '', 0);
INSERT INTO ezsearch_object_word_link VALUES (8202, 212, 2925, 0, 5, 2993, 2994, 1, 1068711069, 13, 119, '', 0);
INSERT INTO ezsearch_object_word_link VALUES (8203, 212, 2994, 0, 6, 2925, 2933, 1, 1068711069, 13, 119, '', 0);
INSERT INTO ezsearch_object_word_link VALUES (8204, 212, 2933, 0, 7, 2994, 2902, 1, 1068711069, 13, 119, '', 0);
INSERT INTO ezsearch_object_word_link VALUES (8205, 212, 2902, 0, 8, 2933, 2991, 1, 1068711069, 13, 119, '', 0);
INSERT INTO ezsearch_object_word_link VALUES (8206, 212, 2991, 0, 9, 2902, 2992, 1, 1068711069, 13, 119, '', 0);
INSERT INTO ezsearch_object_word_link VALUES (8207, 212, 2992, 0, 10, 2991, 2993, 1, 1068711069, 13, 119, '', 0);
INSERT INTO ezsearch_object_word_link VALUES (8208, 212, 2993, 0, 11, 2992, 2925, 1, 1068711069, 13, 119, '', 0);
INSERT INTO ezsearch_object_word_link VALUES (8209, 212, 2925, 0, 12, 2993, 2994, 1, 1068711069, 13, 119, '', 0);
INSERT INTO ezsearch_object_word_link VALUES (8210, 212, 2994, 0, 13, 2925, 2933, 1, 1068711069, 13, 119, '', 0);
INSERT INTO ezsearch_object_word_link VALUES (8211, 212, 2933, 0, 14, 2994, 2902, 1, 1068711069, 13, 119, '', 0);
INSERT INTO ezsearch_object_word_link VALUES (8212, 212, 2902, 0, 15, 2933, 0, 1, 1068711069, 13, 119, '', 0);
INSERT INTO ezsearch_object_word_link VALUES (8213, 214, 2995, 0, 0, 0, 2956, 23, 1068711140, 13, 202, '', 0);
INSERT INTO ezsearch_object_word_link VALUES (8214, 214, 2956, 0, 1, 2995, 2996, 23, 1068711140, 13, 202, '', 0);
INSERT INTO ezsearch_object_word_link VALUES (8215, 214, 2996, 0, 2, 2956, 2997, 23, 1068711140, 13, 202, '', 0);
INSERT INTO ezsearch_object_word_link VALUES (8216, 214, 2997, 0, 3, 2996, 2998, 23, 1068711140, 13, 202, '', 0);
INSERT INTO ezsearch_object_word_link VALUES (8217, 214, 2998, 0, 4, 2997, 2999, 23, 1068711140, 13, 202, '', 0);
INSERT INTO ezsearch_object_word_link VALUES (8218, 214, 2999, 0, 5, 2998, 2995, 23, 1068711140, 13, 202, '', 0);
INSERT INTO ezsearch_object_word_link VALUES (8219, 214, 2995, 0, 6, 2999, 2956, 23, 1068711140, 13, 202, '', 0);
INSERT INTO ezsearch_object_word_link VALUES (8220, 214, 2956, 0, 7, 2995, 2996, 23, 1068711140, 13, 202, '', 0);
INSERT INTO ezsearch_object_word_link VALUES (8221, 214, 2996, 0, 8, 2956, 2997, 23, 1068711140, 13, 202, '', 0);
INSERT INTO ezsearch_object_word_link VALUES (8222, 214, 2997, 0, 9, 2996, 2998, 23, 1068711140, 13, 202, '', 0);
INSERT INTO ezsearch_object_word_link VALUES (8223, 214, 2998, 0, 10, 2997, 2999, 23, 1068711140, 13, 202, '', 0);
INSERT INTO ezsearch_object_word_link VALUES (8224, 214, 2999, 0, 11, 2998, 3000, 23, 1068711140, 13, 202, '', 0);
INSERT INTO ezsearch_object_word_link VALUES (8225, 214, 3000, 0, 12, 2999, 2905, 23, 1068711140, 13, 203, '', 0);
INSERT INTO ezsearch_object_word_link VALUES (8226, 214, 2905, 0, 13, 3000, 3001, 23, 1068711140, 13, 203, '', 0);
INSERT INTO ezsearch_object_word_link VALUES (8227, 214, 3001, 0, 14, 2905, 3002, 23, 1068711140, 13, 203, '', 0);
INSERT INTO ezsearch_object_word_link VALUES (8228, 214, 3002, 0, 15, 3001, 3003, 23, 1068711140, 13, 203, '', 0);
INSERT INTO ezsearch_object_word_link VALUES (8229, 214, 3003, 0, 16, 3002, 3004, 23, 1068711140, 13, 203, '', 0);
INSERT INTO ezsearch_object_word_link VALUES (8230, 214, 3004, 0, 17, 3003, 3005, 23, 1068711140, 13, 203, '', 0);
INSERT INTO ezsearch_object_word_link VALUES (8231, 214, 3005, 0, 18, 3004, 3006, 23, 1068711140, 13, 203, '', 0);
INSERT INTO ezsearch_object_word_link VALUES (8232, 214, 3006, 0, 19, 3005, 3000, 23, 1068711140, 13, 203, '', 0);
INSERT INTO ezsearch_object_word_link VALUES (8233, 214, 3000, 0, 20, 3006, 3007, 23, 1068711140, 13, 203, '', 0);
INSERT INTO ezsearch_object_word_link VALUES (8234, 214, 3007, 0, 21, 3000, 2991, 23, 1068711140, 13, 203, '', 0);
INSERT INTO ezsearch_object_word_link VALUES (8235, 214, 2991, 0, 22, 3007, 3008, 23, 1068711140, 13, 203, '', 0);
INSERT INTO ezsearch_object_word_link VALUES (8236, 214, 3008, 0, 23, 2991, 3009, 23, 1068711140, 13, 203, '', 0);
INSERT INTO ezsearch_object_word_link VALUES (8237, 214, 3009, 0, 24, 3008, 3010, 23, 1068711140, 13, 203, '', 0);
INSERT INTO ezsearch_object_word_link VALUES (8238, 214, 3010, 0, 25, 3009, 3011, 23, 1068711140, 13, 203, '', 0);
INSERT INTO ezsearch_object_word_link VALUES (8239, 214, 3011, 0, 26, 3010, 3000, 23, 1068711140, 13, 203, '', 0);
INSERT INTO ezsearch_object_word_link VALUES (8240, 214, 3000, 0, 27, 3011, 3012, 23, 1068711140, 13, 203, '', 0);
INSERT INTO ezsearch_object_word_link VALUES (8241, 214, 3012, 0, 28, 3000, 2902, 23, 1068711140, 13, 203, '', 0);
INSERT INTO ezsearch_object_word_link VALUES (8242, 214, 2902, 0, 29, 3012, 3013, 23, 1068711140, 13, 203, '', 0);
INSERT INTO ezsearch_object_word_link VALUES (8243, 214, 3013, 0, 30, 2902, 2956, 23, 1068711140, 13, 203, '', 0);
INSERT INTO ezsearch_object_word_link VALUES (8244, 214, 2956, 0, 31, 3013, 3014, 23, 1068711140, 13, 203, '', 0);
INSERT INTO ezsearch_object_word_link VALUES (8245, 214, 3014, 0, 32, 2956, 3000, 23, 1068711140, 13, 203, '', 0);
INSERT INTO ezsearch_object_word_link VALUES (8246, 214, 3000, 0, 33, 3014, 3005, 23, 1068711140, 13, 203, '', 0);
INSERT INTO ezsearch_object_word_link VALUES (8247, 214, 3005, 0, 34, 3000, 2991, 23, 1068711140, 13, 203, '', 0);
INSERT INTO ezsearch_object_word_link VALUES (8248, 214, 2991, 0, 35, 3005, 3015, 23, 1068711140, 13, 203, '', 0);
INSERT INTO ezsearch_object_word_link VALUES (8249, 214, 3015, 0, 36, 2991, 2928, 23, 1068711140, 13, 203, '', 0);
INSERT INTO ezsearch_object_word_link VALUES (8250, 214, 2928, 0, 37, 3015, 3016, 23, 1068711140, 13, 203, '', 0);
INSERT INTO ezsearch_object_word_link VALUES (8251, 214, 3016, 0, 38, 2928, 2924, 23, 1068711140, 13, 203, '', 0);
INSERT INTO ezsearch_object_word_link VALUES (8252, 214, 2924, 0, 39, 3016, 2954, 23, 1068711140, 13, 203, '', 0);
INSERT INTO ezsearch_object_word_link VALUES (8253, 214, 2954, 0, 40, 2924, 2996, 23, 1068711140, 13, 203, '', 0);
INSERT INTO ezsearch_object_word_link VALUES (8254, 214, 2996, 0, 41, 2954, 2925, 23, 1068711140, 13, 203, '', 0);
INSERT INTO ezsearch_object_word_link VALUES (8255, 214, 2925, 0, 42, 2996, 3002, 23, 1068711140, 13, 203, '', 0);
INSERT INTO ezsearch_object_word_link VALUES (8256, 214, 3002, 0, 43, 2925, 3017, 23, 1068711140, 13, 203, '', 0);
INSERT INTO ezsearch_object_word_link VALUES (8257, 214, 3017, 0, 44, 3002, 3018, 23, 1068711140, 13, 203, '', 0);
INSERT INTO ezsearch_object_word_link VALUES (8258, 214, 3018, 0, 45, 3017, 3000, 23, 1068711140, 13, 203, '', 0);
INSERT INTO ezsearch_object_word_link VALUES (8259, 214, 3000, 0, 46, 3018, 2905, 23, 1068711140, 13, 203, '', 0);
INSERT INTO ezsearch_object_word_link VALUES (8260, 214, 2905, 0, 47, 3000, 3001, 23, 1068711140, 13, 203, '', 0);
INSERT INTO ezsearch_object_word_link VALUES (8261, 214, 3001, 0, 48, 2905, 3002, 23, 1068711140, 13, 203, '', 0);
INSERT INTO ezsearch_object_word_link VALUES (8262, 214, 3002, 0, 49, 3001, 3003, 23, 1068711140, 13, 203, '', 0);
INSERT INTO ezsearch_object_word_link VALUES (8263, 214, 3003, 0, 50, 3002, 3004, 23, 1068711140, 13, 203, '', 0);
INSERT INTO ezsearch_object_word_link VALUES (8264, 214, 3004, 0, 51, 3003, 3005, 23, 1068711140, 13, 203, '', 0);
INSERT INTO ezsearch_object_word_link VALUES (8265, 214, 3005, 0, 52, 3004, 3006, 23, 1068711140, 13, 203, '', 0);
INSERT INTO ezsearch_object_word_link VALUES (8266, 214, 3006, 0, 53, 3005, 3000, 23, 1068711140, 13, 203, '', 0);
INSERT INTO ezsearch_object_word_link VALUES (8267, 214, 3000, 0, 54, 3006, 3007, 23, 1068711140, 13, 203, '', 0);
INSERT INTO ezsearch_object_word_link VALUES (8268, 214, 3007, 0, 55, 3000, 2991, 23, 1068711140, 13, 203, '', 0);
INSERT INTO ezsearch_object_word_link VALUES (8269, 214, 2991, 0, 56, 3007, 3008, 23, 1068711140, 13, 203, '', 0);
INSERT INTO ezsearch_object_word_link VALUES (8270, 214, 3008, 0, 57, 2991, 3009, 23, 1068711140, 13, 203, '', 0);
INSERT INTO ezsearch_object_word_link VALUES (8271, 214, 3009, 0, 58, 3008, 3010, 23, 1068711140, 13, 203, '', 0);
INSERT INTO ezsearch_object_word_link VALUES (8272, 214, 3010, 0, 59, 3009, 3011, 23, 1068711140, 13, 203, '', 0);
INSERT INTO ezsearch_object_word_link VALUES (8273, 214, 3011, 0, 60, 3010, 3000, 23, 1068711140, 13, 203, '', 0);
INSERT INTO ezsearch_object_word_link VALUES (8274, 214, 3000, 0, 61, 3011, 3012, 23, 1068711140, 13, 203, '', 0);
INSERT INTO ezsearch_object_word_link VALUES (8275, 214, 3012, 0, 62, 3000, 2902, 23, 1068711140, 13, 203, '', 0);
INSERT INTO ezsearch_object_word_link VALUES (8276, 214, 2902, 0, 63, 3012, 3013, 23, 1068711140, 13, 203, '', 0);
INSERT INTO ezsearch_object_word_link VALUES (8277, 214, 3013, 0, 64, 2902, 2956, 23, 1068711140, 13, 203, '', 0);
INSERT INTO ezsearch_object_word_link VALUES (8278, 214, 2956, 0, 65, 3013, 3014, 23, 1068711140, 13, 203, '', 0);
INSERT INTO ezsearch_object_word_link VALUES (8279, 214, 3014, 0, 66, 2956, 3000, 23, 1068711140, 13, 203, '', 0);
INSERT INTO ezsearch_object_word_link VALUES (8280, 214, 3000, 0, 67, 3014, 3005, 23, 1068711140, 13, 203, '', 0);
INSERT INTO ezsearch_object_word_link VALUES (8281, 214, 3005, 0, 68, 3000, 2991, 23, 1068711140, 13, 203, '', 0);
INSERT INTO ezsearch_object_word_link VALUES (8282, 214, 2991, 0, 69, 3005, 3015, 23, 1068711140, 13, 203, '', 0);
INSERT INTO ezsearch_object_word_link VALUES (8283, 214, 3015, 0, 70, 2991, 2928, 23, 1068711140, 13, 203, '', 0);
INSERT INTO ezsearch_object_word_link VALUES (8284, 214, 2928, 0, 71, 3015, 3016, 23, 1068711140, 13, 203, '', 0);
INSERT INTO ezsearch_object_word_link VALUES (8285, 214, 3016, 0, 72, 2928, 2924, 23, 1068711140, 13, 203, '', 0);
INSERT INTO ezsearch_object_word_link VALUES (8286, 214, 2924, 0, 73, 3016, 2954, 23, 1068711140, 13, 203, '', 0);
INSERT INTO ezsearch_object_word_link VALUES (8287, 214, 2954, 0, 74, 2924, 2996, 23, 1068711140, 13, 203, '', 0);
INSERT INTO ezsearch_object_word_link VALUES (8288, 214, 2996, 0, 75, 2954, 2925, 23, 1068711140, 13, 203, '', 0);
INSERT INTO ezsearch_object_word_link VALUES (8289, 214, 2925, 0, 76, 2996, 3002, 23, 1068711140, 13, 203, '', 0);
INSERT INTO ezsearch_object_word_link VALUES (8290, 214, 3002, 0, 77, 2925, 3017, 23, 1068711140, 13, 203, '', 0);
INSERT INTO ezsearch_object_word_link VALUES (8291, 214, 3017, 0, 78, 3002, 3018, 23, 1068711140, 13, 203, '', 0);
INSERT INTO ezsearch_object_word_link VALUES (8292, 214, 3018, 0, 79, 3017, 3019, 23, 1068711140, 13, 203, '', 0);
INSERT INTO ezsearch_object_word_link VALUES (8293, 214, 3019, 0, 80, 3018, 3019, 23, 1068711140, 13, 213, '', 1);
INSERT INTO ezsearch_object_word_link VALUES (8294, 214, 3019, 0, 81, 3019, 0, 23, 1068711140, 13, 213, '', 1);
INSERT INTO ezsearch_object_word_link VALUES (8295, 252, 2956, 0, 0, 0, 3020, 23, 1069770140, 13, 202, '', 0);
INSERT INTO ezsearch_object_word_link VALUES (8296, 252, 3020, 0, 1, 2956, 3021, 23, 1069770140, 13, 202, '', 0);
INSERT INTO ezsearch_object_word_link VALUES (8297, 252, 3021, 0, 2, 3020, 2956, 23, 1069770140, 13, 202, '', 0);
INSERT INTO ezsearch_object_word_link VALUES (8298, 252, 2956, 0, 3, 3021, 3020, 23, 1069770140, 13, 202, '', 0);
INSERT INTO ezsearch_object_word_link VALUES (8299, 252, 3020, 0, 4, 2956, 3021, 23, 1069770140, 13, 202, '', 0);
INSERT INTO ezsearch_object_word_link VALUES (8300, 252, 3021, 0, 5, 3020, 3022, 23, 1069770140, 13, 202, '', 0);
INSERT INTO ezsearch_object_word_link VALUES (8301, 252, 3022, 0, 6, 3021, 2956, 23, 1069770140, 13, 203, '', 0);
INSERT INTO ezsearch_object_word_link VALUES (8302, 252, 2956, 0, 7, 3022, 3023, 23, 1069770140, 13, 203, '', 0);
INSERT INTO ezsearch_object_word_link VALUES (8303, 252, 3023, 0, 8, 2956, 2967, 23, 1069770140, 13, 203, '', 0);
INSERT INTO ezsearch_object_word_link VALUES (8304, 252, 2967, 0, 9, 3023, 3024, 23, 1069770140, 13, 203, '', 0);
INSERT INTO ezsearch_object_word_link VALUES (8305, 252, 3024, 0, 10, 2967, 2933, 23, 1069770140, 13, 203, '', 0);
INSERT INTO ezsearch_object_word_link VALUES (8306, 252, 2933, 0, 11, 3024, 2925, 23, 1069770140, 13, 203, '', 0);
INSERT INTO ezsearch_object_word_link VALUES (8307, 252, 2925, 0, 12, 2933, 3025, 23, 1069770140, 13, 203, '', 0);
INSERT INTO ezsearch_object_word_link VALUES (8308, 252, 3025, 0, 13, 2925, 2974, 23, 1069770140, 13, 203, '', 0);
INSERT INTO ezsearch_object_word_link VALUES (8309, 252, 2974, 0, 14, 3025, 2997, 23, 1069770140, 13, 203, '', 0);
INSERT INTO ezsearch_object_word_link VALUES (8310, 252, 2997, 0, 15, 2974, 3026, 23, 1069770140, 13, 203, '', 0);
INSERT INTO ezsearch_object_word_link VALUES (8311, 252, 3026, 0, 16, 2997, 2956, 23, 1069770140, 13, 203, '', 0);
INSERT INTO ezsearch_object_word_link VALUES (8312, 252, 2956, 0, 17, 3026, 3027, 23, 1069770140, 13, 203, '', 0);
INSERT INTO ezsearch_object_word_link VALUES (8313, 252, 3027, 0, 18, 2956, 3028, 23, 1069770140, 13, 203, '', 0);
INSERT INTO ezsearch_object_word_link VALUES (8314, 252, 3028, 0, 19, 3027, 2953, 23, 1069770140, 13, 203, '', 0);
INSERT INTO ezsearch_object_word_link VALUES (8315, 252, 2953, 0, 20, 3028, 3029, 23, 1069770140, 13, 203, '', 0);
INSERT INTO ezsearch_object_word_link VALUES (8316, 252, 3029, 0, 21, 2953, 2906, 23, 1069770140, 13, 203, '', 0);
INSERT INTO ezsearch_object_word_link VALUES (8317, 252, 2906, 0, 22, 3029, 3030, 23, 1069770140, 13, 203, '', 0);
INSERT INTO ezsearch_object_word_link VALUES (8318, 252, 3030, 0, 23, 2906, 2924, 23, 1069770140, 13, 203, '', 0);
INSERT INTO ezsearch_object_word_link VALUES (8319, 252, 2924, 0, 24, 3030, 3031, 23, 1069770140, 13, 203, '', 0);
INSERT INTO ezsearch_object_word_link VALUES (8320, 252, 3031, 0, 25, 2924, 2991, 23, 1069770140, 13, 203, '', 0);
INSERT INTO ezsearch_object_word_link VALUES (8321, 252, 2991, 0, 26, 3031, 3032, 23, 1069770140, 13, 203, '', 0);
INSERT INTO ezsearch_object_word_link VALUES (8322, 252, 3032, 0, 27, 2991, 3033, 23, 1069770140, 13, 203, '', 0);
INSERT INTO ezsearch_object_word_link VALUES (8323, 252, 3033, 0, 28, 3032, 2958, 23, 1069770140, 13, 203, '', 0);
INSERT INTO ezsearch_object_word_link VALUES (8324, 252, 2958, 0, 29, 3033, 2959, 23, 1069770140, 13, 203, '', 0);
INSERT INTO ezsearch_object_word_link VALUES (8325, 252, 2959, 0, 30, 2958, 3034, 23, 1069770140, 13, 203, '', 0);
INSERT INTO ezsearch_object_word_link VALUES (8326, 252, 3034, 0, 31, 2959, 3035, 23, 1069770140, 13, 203, '', 0);
INSERT INTO ezsearch_object_word_link VALUES (8327, 252, 3035, 0, 32, 3034, 2997, 23, 1069770140, 13, 203, '', 0);
INSERT INTO ezsearch_object_word_link VALUES (8328, 252, 2997, 0, 33, 3035, 3036, 23, 1069770140, 13, 203, '', 0);
INSERT INTO ezsearch_object_word_link VALUES (8329, 252, 3036, 0, 34, 2997, 3037, 23, 1069770140, 13, 203, '', 0);
INSERT INTO ezsearch_object_word_link VALUES (8330, 252, 3037, 0, 35, 3036, 3038, 23, 1069770140, 13, 203, '', 0);
INSERT INTO ezsearch_object_word_link VALUES (8331, 252, 3038, 0, 36, 3037, 2910, 23, 1069770140, 13, 203, '', 0);
INSERT INTO ezsearch_object_word_link VALUES (8332, 252, 2910, 0, 37, 3038, 3039, 23, 1069770140, 13, 203, '', 0);
INSERT INTO ezsearch_object_word_link VALUES (8333, 252, 3039, 0, 38, 2910, 3040, 23, 1069770140, 13, 203, '', 0);
INSERT INTO ezsearch_object_word_link VALUES (8334, 252, 3040, 0, 39, 3039, 2901, 23, 1069770140, 13, 203, '', 0);
INSERT INTO ezsearch_object_word_link VALUES (8335, 252, 2901, 0, 40, 3040, 2904, 23, 1069770140, 13, 203, '', 0);
INSERT INTO ezsearch_object_word_link VALUES (8336, 252, 2904, 0, 41, 2901, 3022, 23, 1069770140, 13, 203, '', 0);
INSERT INTO ezsearch_object_word_link VALUES (8337, 252, 3022, 0, 42, 2904, 2956, 23, 1069770140, 13, 203, '', 0);
INSERT INTO ezsearch_object_word_link VALUES (8338, 252, 2956, 0, 43, 3022, 3023, 23, 1069770140, 13, 203, '', 0);
INSERT INTO ezsearch_object_word_link VALUES (8339, 252, 3023, 0, 44, 2956, 2967, 23, 1069770140, 13, 203, '', 0);
INSERT INTO ezsearch_object_word_link VALUES (8340, 252, 2967, 0, 45, 3023, 3024, 23, 1069770140, 13, 203, '', 0);
INSERT INTO ezsearch_object_word_link VALUES (8341, 252, 3024, 0, 46, 2967, 2933, 23, 1069770140, 13, 203, '', 0);
INSERT INTO ezsearch_object_word_link VALUES (8342, 252, 2933, 0, 47, 3024, 2925, 23, 1069770140, 13, 203, '', 0);
INSERT INTO ezsearch_object_word_link VALUES (8343, 252, 2925, 0, 48, 2933, 3025, 23, 1069770140, 13, 203, '', 0);
INSERT INTO ezsearch_object_word_link VALUES (8344, 252, 3025, 0, 49, 2925, 2974, 23, 1069770140, 13, 203, '', 0);
INSERT INTO ezsearch_object_word_link VALUES (8345, 252, 2974, 0, 50, 3025, 2997, 23, 1069770140, 13, 203, '', 0);
INSERT INTO ezsearch_object_word_link VALUES (8346, 252, 2997, 0, 51, 2974, 3026, 23, 1069770140, 13, 203, '', 0);
INSERT INTO ezsearch_object_word_link VALUES (8347, 252, 3026, 0, 52, 2997, 2956, 23, 1069770140, 13, 203, '', 0);
INSERT INTO ezsearch_object_word_link VALUES (8348, 252, 2956, 0, 53, 3026, 3027, 23, 1069770140, 13, 203, '', 0);
INSERT INTO ezsearch_object_word_link VALUES (8349, 252, 3027, 0, 54, 2956, 3028, 23, 1069770140, 13, 203, '', 0);
INSERT INTO ezsearch_object_word_link VALUES (8350, 252, 3028, 0, 55, 3027, 2953, 23, 1069770140, 13, 203, '', 0);
INSERT INTO ezsearch_object_word_link VALUES (8351, 252, 2953, 0, 56, 3028, 3029, 23, 1069770140, 13, 203, '', 0);
INSERT INTO ezsearch_object_word_link VALUES (8352, 252, 3029, 0, 57, 2953, 2906, 23, 1069770140, 13, 203, '', 0);
INSERT INTO ezsearch_object_word_link VALUES (8353, 252, 2906, 0, 58, 3029, 3030, 23, 1069770140, 13, 203, '', 0);
INSERT INTO ezsearch_object_word_link VALUES (8354, 252, 3030, 0, 59, 2906, 2924, 23, 1069770140, 13, 203, '', 0);
INSERT INTO ezsearch_object_word_link VALUES (8355, 252, 2924, 0, 60, 3030, 3031, 23, 1069770140, 13, 203, '', 0);
INSERT INTO ezsearch_object_word_link VALUES (8356, 252, 3031, 0, 61, 2924, 2991, 23, 1069770140, 13, 203, '', 0);
INSERT INTO ezsearch_object_word_link VALUES (8357, 252, 2991, 0, 62, 3031, 3032, 23, 1069770140, 13, 203, '', 0);
INSERT INTO ezsearch_object_word_link VALUES (8358, 252, 3032, 0, 63, 2991, 3033, 23, 1069770140, 13, 203, '', 0);
INSERT INTO ezsearch_object_word_link VALUES (8359, 252, 3033, 0, 64, 3032, 2958, 23, 1069770140, 13, 203, '', 0);
INSERT INTO ezsearch_object_word_link VALUES (8360, 252, 2958, 0, 65, 3033, 2959, 23, 1069770140, 13, 203, '', 0);
INSERT INTO ezsearch_object_word_link VALUES (8361, 252, 2959, 0, 66, 2958, 3034, 23, 1069770140, 13, 203, '', 0);
INSERT INTO ezsearch_object_word_link VALUES (8362, 252, 3034, 0, 67, 2959, 3035, 23, 1069770140, 13, 203, '', 0);
INSERT INTO ezsearch_object_word_link VALUES (8363, 252, 3035, 0, 68, 3034, 2997, 23, 1069770140, 13, 203, '', 0);
INSERT INTO ezsearch_object_word_link VALUES (8364, 252, 2997, 0, 69, 3035, 3036, 23, 1069770140, 13, 203, '', 0);
INSERT INTO ezsearch_object_word_link VALUES (8365, 252, 3036, 0, 70, 2997, 3037, 23, 1069770140, 13, 203, '', 0);
INSERT INTO ezsearch_object_word_link VALUES (8366, 252, 3037, 0, 71, 3036, 3038, 23, 1069770140, 13, 203, '', 0);
INSERT INTO ezsearch_object_word_link VALUES (8367, 252, 3038, 0, 72, 3037, 2910, 23, 1069770140, 13, 203, '', 0);
INSERT INTO ezsearch_object_word_link VALUES (8368, 252, 2910, 0, 73, 3038, 3039, 23, 1069770140, 13, 203, '', 0);
INSERT INTO ezsearch_object_word_link VALUES (8369, 252, 3039, 0, 74, 2910, 3040, 23, 1069770140, 13, 203, '', 0);
INSERT INTO ezsearch_object_word_link VALUES (8370, 252, 3040, 0, 75, 3039, 2901, 23, 1069770140, 13, 203, '', 0);
INSERT INTO ezsearch_object_word_link VALUES (8371, 252, 2901, 0, 76, 3040, 2904, 23, 1069770140, 13, 203, '', 0);
INSERT INTO ezsearch_object_word_link VALUES (8372, 252, 2904, 0, 77, 2901, 3041, 23, 1069770140, 13, 203, '', 0);
INSERT INTO ezsearch_object_word_link VALUES (8373, 252, 3041, 0, 78, 2904, 3041, 23, 1069770140, 13, 213, '', 0);
INSERT INTO ezsearch_object_word_link VALUES (8374, 252, 3041, 0, 79, 3041, 0, 23, 1069770140, 13, 213, '', 0);
INSERT INTO ezsearch_object_word_link VALUES (8375, 263, 3042, 0, 0, 0, 3042, 23, 1069771496, 13, 202, '', 0);
INSERT INTO ezsearch_object_word_link VALUES (8376, 263, 3042, 0, 1, 3042, 2956, 23, 1069771496, 13, 202, '', 0);
INSERT INTO ezsearch_object_word_link VALUES (8377, 263, 2956, 0, 2, 3042, 3038, 23, 1069771496, 13, 203, '', 0);
INSERT INTO ezsearch_object_word_link VALUES (8378, 263, 3038, 0, 3, 2956, 3043, 23, 1069771496, 13, 203, '', 0);
INSERT INTO ezsearch_object_word_link VALUES (8379, 263, 3043, 0, 4, 3038, 2906, 23, 1069771496, 13, 203, '', 0);
INSERT INTO ezsearch_object_word_link VALUES (8380, 263, 2906, 0, 5, 3043, 2991, 23, 1069771496, 13, 203, '', 0);
INSERT INTO ezsearch_object_word_link VALUES (8381, 263, 2991, 0, 6, 2906, 3042, 23, 1069771496, 13, 203, '', 0);
INSERT INTO ezsearch_object_word_link VALUES (8382, 263, 3042, 0, 7, 2991, 2938, 23, 1069771496, 13, 203, '', 0);
INSERT INTO ezsearch_object_word_link VALUES (8383, 263, 2938, 0, 8, 3042, 2991, 23, 1069771496, 13, 203, '', 0);
INSERT INTO ezsearch_object_word_link VALUES (8384, 263, 2991, 0, 9, 2938, 3044, 23, 1069771496, 13, 203, '', 0);
INSERT INTO ezsearch_object_word_link VALUES (8385, 263, 3044, 0, 10, 2991, 3045, 23, 1069771496, 13, 203, '', 0);
INSERT INTO ezsearch_object_word_link VALUES (8386, 263, 3045, 0, 11, 3044, 2904, 23, 1069771496, 13, 203, '', 0);
INSERT INTO ezsearch_object_word_link VALUES (8387, 263, 2904, 0, 12, 3045, 3046, 23, 1069771496, 13, 203, '', 0);
INSERT INTO ezsearch_object_word_link VALUES (8388, 263, 3046, 0, 13, 2904, 2924, 23, 1069771496, 13, 203, '', 0);
INSERT INTO ezsearch_object_word_link VALUES (8389, 263, 2924, 0, 14, 3046, 2956, 23, 1069771496, 13, 203, '', 0);
INSERT INTO ezsearch_object_word_link VALUES (8390, 263, 2956, 0, 15, 2924, 3038, 23, 1069771496, 13, 203, '', 0);
INSERT INTO ezsearch_object_word_link VALUES (8391, 263, 3038, 0, 16, 2956, 3047, 23, 1069771496, 13, 203, '', 0);
INSERT INTO ezsearch_object_word_link VALUES (8392, 263, 3047, 0, 17, 3038, 3011, 23, 1069771496, 13, 203, '', 0);
INSERT INTO ezsearch_object_word_link VALUES (8393, 263, 3011, 0, 18, 3047, 2925, 23, 1069771496, 13, 203, '', 0);
INSERT INTO ezsearch_object_word_link VALUES (8394, 263, 2925, 0, 19, 3011, 2915, 23, 1069771496, 13, 203, '', 0);
INSERT INTO ezsearch_object_word_link VALUES (8395, 263, 2915, 0, 20, 2925, 2933, 23, 1069771496, 13, 203, '', 0);
INSERT INTO ezsearch_object_word_link VALUES (8396, 263, 2933, 0, 21, 2915, 2997, 23, 1069771496, 13, 203, '', 0);
INSERT INTO ezsearch_object_word_link VALUES (8397, 263, 2997, 0, 22, 2933, 3048, 23, 1069771496, 13, 203, '', 0);
INSERT INTO ezsearch_object_word_link VALUES (8398, 263, 3048, 0, 23, 2997, 2959, 23, 1069771496, 13, 203, '', 0);
INSERT INTO ezsearch_object_word_link VALUES (8399, 263, 2959, 0, 24, 3048, 3049, 23, 1069771496, 13, 203, '', 0);
INSERT INTO ezsearch_object_word_link VALUES (8400, 263, 3049, 0, 25, 2959, 3035, 23, 1069771496, 13, 203, '', 0);
INSERT INTO ezsearch_object_word_link VALUES (8401, 263, 3035, 0, 26, 3049, 3050, 23, 1069771496, 13, 203, '', 0);
INSERT INTO ezsearch_object_word_link VALUES (8402, 263, 3050, 0, 27, 3035, 2956, 23, 1069771496, 13, 203, '', 0);
INSERT INTO ezsearch_object_word_link VALUES (8403, 263, 2956, 0, 28, 3050, 3038, 23, 1069771496, 13, 203, '', 0);
INSERT INTO ezsearch_object_word_link VALUES (8404, 263, 3038, 0, 29, 2956, 3043, 23, 1069771496, 13, 203, '', 0);
INSERT INTO ezsearch_object_word_link VALUES (8405, 263, 3043, 0, 30, 3038, 2906, 23, 1069771496, 13, 203, '', 0);
INSERT INTO ezsearch_object_word_link VALUES (8406, 263, 2906, 0, 31, 3043, 2991, 23, 1069771496, 13, 203, '', 0);
INSERT INTO ezsearch_object_word_link VALUES (8407, 263, 2991, 0, 32, 2906, 3042, 23, 1069771496, 13, 203, '', 0);
INSERT INTO ezsearch_object_word_link VALUES (8408, 263, 3042, 0, 33, 2991, 2938, 23, 1069771496, 13, 203, '', 0);
INSERT INTO ezsearch_object_word_link VALUES (8409, 263, 2938, 0, 34, 3042, 2991, 23, 1069771496, 13, 203, '', 0);
INSERT INTO ezsearch_object_word_link VALUES (8410, 263, 2991, 0, 35, 2938, 3044, 23, 1069771496, 13, 203, '', 0);
INSERT INTO ezsearch_object_word_link VALUES (8411, 263, 3044, 0, 36, 2991, 3045, 23, 1069771496, 13, 203, '', 0);
INSERT INTO ezsearch_object_word_link VALUES (8412, 263, 3045, 0, 37, 3044, 2904, 23, 1069771496, 13, 203, '', 0);
INSERT INTO ezsearch_object_word_link VALUES (8413, 263, 2904, 0, 38, 3045, 3046, 23, 1069771496, 13, 203, '', 0);
INSERT INTO ezsearch_object_word_link VALUES (8414, 263, 3046, 0, 39, 2904, 2924, 23, 1069771496, 13, 203, '', 0);
INSERT INTO ezsearch_object_word_link VALUES (8415, 263, 2924, 0, 40, 3046, 2956, 23, 1069771496, 13, 203, '', 0);
INSERT INTO ezsearch_object_word_link VALUES (8416, 263, 2956, 0, 41, 2924, 3038, 23, 1069771496, 13, 203, '', 0);
INSERT INTO ezsearch_object_word_link VALUES (8417, 263, 3038, 0, 42, 2956, 3047, 23, 1069771496, 13, 203, '', 0);
INSERT INTO ezsearch_object_word_link VALUES (8418, 263, 3047, 0, 43, 3038, 3011, 23, 1069771496, 13, 203, '', 0);
INSERT INTO ezsearch_object_word_link VALUES (8419, 263, 3011, 0, 44, 3047, 2925, 23, 1069771496, 13, 203, '', 0);
INSERT INTO ezsearch_object_word_link VALUES (8420, 263, 2925, 0, 45, 3011, 2915, 23, 1069771496, 13, 203, '', 0);
INSERT INTO ezsearch_object_word_link VALUES (8421, 263, 2915, 0, 46, 2925, 2933, 23, 1069771496, 13, 203, '', 0);
INSERT INTO ezsearch_object_word_link VALUES (8422, 263, 2933, 0, 47, 2915, 2997, 23, 1069771496, 13, 203, '', 0);
INSERT INTO ezsearch_object_word_link VALUES (8423, 263, 2997, 0, 48, 2933, 3048, 23, 1069771496, 13, 203, '', 0);
INSERT INTO ezsearch_object_word_link VALUES (8424, 263, 3048, 0, 49, 2997, 2959, 23, 1069771496, 13, 203, '', 0);
INSERT INTO ezsearch_object_word_link VALUES (8425, 263, 2959, 0, 50, 3048, 3049, 23, 1069771496, 13, 203, '', 0);
INSERT INTO ezsearch_object_word_link VALUES (8426, 263, 3049, 0, 51, 2959, 3035, 23, 1069771496, 13, 203, '', 0);
INSERT INTO ezsearch_object_word_link VALUES (8427, 263, 3035, 0, 52, 3049, 3050, 23, 1069771496, 13, 203, '', 0);
INSERT INTO ezsearch_object_word_link VALUES (8428, 263, 3050, 0, 53, 3035, 3019, 23, 1069771496, 13, 203, '', 0);
INSERT INTO ezsearch_object_word_link VALUES (8429, 263, 3019, 0, 54, 3050, 3019, 23, 1069771496, 13, 213, '', 1);
INSERT INTO ezsearch_object_word_link VALUES (8430, 263, 3019, 0, 55, 3019, 0, 23, 1069771496, 13, 213, '', 1);
INSERT INTO ezsearch_object_word_link VALUES (8431, 267, 3051, 0, 0, 0, 3051, 26, 1069773826, 13, 209, '', 0);
INSERT INTO ezsearch_object_word_link VALUES (8432, 267, 3051, 0, 1, 3051, 2949, 26, 1069773826, 13, 209, '', 0);
INSERT INTO ezsearch_object_word_link VALUES (8433, 267, 2949, 0, 2, 3051, 2956, 26, 1069773826, 13, 212, '', 0);
INSERT INTO ezsearch_object_word_link VALUES (8434, 267, 2956, 0, 3, 2949, 3052, 26, 1069773826, 13, 212, '', 0);
INSERT INTO ezsearch_object_word_link VALUES (8435, 267, 3052, 0, 4, 2956, 2958, 26, 1069773826, 13, 212, '', 0);
INSERT INTO ezsearch_object_word_link VALUES (8436, 267, 2958, 0, 5, 3052, 3053, 26, 1069773826, 13, 212, '', 0);
INSERT INTO ezsearch_object_word_link VALUES (8437, 267, 3053, 0, 6, 2958, 2925, 26, 1069773826, 13, 212, '', 0);
INSERT INTO ezsearch_object_word_link VALUES (8438, 267, 2925, 0, 7, 3053, 3054, 26, 1069773826, 13, 212, '', 0);
INSERT INTO ezsearch_object_word_link VALUES (8439, 267, 3054, 0, 8, 2925, 2949, 26, 1069773826, 13, 212, '', 0);
INSERT INTO ezsearch_object_word_link VALUES (8440, 267, 2949, 0, 9, 3054, 2956, 26, 1069773826, 13, 212, '', 0);
INSERT INTO ezsearch_object_word_link VALUES (8441, 267, 2956, 0, 10, 2949, 3052, 26, 1069773826, 13, 212, '', 0);
INSERT INTO ezsearch_object_word_link VALUES (8442, 267, 3052, 0, 11, 2956, 2958, 26, 1069773826, 13, 212, '', 0);
INSERT INTO ezsearch_object_word_link VALUES (8443, 267, 2958, 0, 12, 3052, 3053, 26, 1069773826, 13, 212, '', 0);
INSERT INTO ezsearch_object_word_link VALUES (8444, 267, 3053, 0, 13, 2958, 2925, 26, 1069773826, 13, 212, '', 0);
INSERT INTO ezsearch_object_word_link VALUES (8445, 267, 2925, 0, 14, 3053, 3054, 26, 1069773826, 13, 212, '', 0);
INSERT INTO ezsearch_object_word_link VALUES (8446, 267, 3054, 0, 15, 2925, 0, 26, 1069773826, 13, 212, '', 0);
INSERT INTO ezsearch_object_word_link VALUES (8447, 213, 3055, 0, 0, 0, 3055, 1, 1068711091, 13, 4, '', 0);
INSERT INTO ezsearch_object_word_link VALUES (8448, 213, 3055, 0, 1, 3055, 3055, 1, 1068711091, 13, 4, '', 0);
INSERT INTO ezsearch_object_word_link VALUES (8449, 213, 3055, 0, 2, 3055, 3056, 1, 1068711091, 13, 119, '', 0);
INSERT INTO ezsearch_object_word_link VALUES (8450, 213, 3056, 0, 3, 3055, 3057, 1, 1068711091, 13, 119, '', 0);
INSERT INTO ezsearch_object_word_link VALUES (8451, 213, 3057, 0, 4, 3056, 3058, 1, 1068711091, 13, 119, '', 0);
INSERT INTO ezsearch_object_word_link VALUES (8452, 213, 3058, 0, 5, 3057, 2924, 1, 1068711091, 13, 119, '', 0);
INSERT INTO ezsearch_object_word_link VALUES (8453, 213, 2924, 0, 6, 3058, 2925, 1, 1068711091, 13, 119, '', 0);
INSERT INTO ezsearch_object_word_link VALUES (8454, 213, 2925, 0, 7, 2924, 3059, 1, 1068711091, 13, 119, '', 0);
INSERT INTO ezsearch_object_word_link VALUES (8455, 213, 3059, 0, 8, 2925, 2981, 1, 1068711091, 13, 119, '', 0);
INSERT INTO ezsearch_object_word_link VALUES (8456, 213, 2981, 0, 9, 3059, 3060, 1, 1068711091, 13, 119, '', 0);
INSERT INTO ezsearch_object_word_link VALUES (8457, 213, 3060, 0, 10, 2981, 3061, 1, 1068711091, 13, 119, '', 0);
INSERT INTO ezsearch_object_word_link VALUES (8458, 213, 3061, 0, 11, 3060, 3062, 1, 1068711091, 13, 119, '', 0);
INSERT INTO ezsearch_object_word_link VALUES (8459, 213, 3062, 0, 12, 3061, 2956, 1, 1068711091, 13, 119, '', 0);
INSERT INTO ezsearch_object_word_link VALUES (8460, 213, 2956, 0, 13, 3062, 3063, 1, 1068711091, 13, 119, '', 0);
INSERT INTO ezsearch_object_word_link VALUES (8461, 213, 3063, 0, 14, 2956, 3001, 1, 1068711091, 13, 119, '', 0);
INSERT INTO ezsearch_object_word_link VALUES (8462, 213, 3001, 0, 15, 3063, 3064, 1, 1068711091, 13, 119, '', 0);
INSERT INTO ezsearch_object_word_link VALUES (8463, 213, 3064, 0, 16, 3001, 3065, 1, 1068711091, 13, 119, '', 0);
INSERT INTO ezsearch_object_word_link VALUES (8464, 213, 3065, 0, 17, 3064, 2981, 1, 1068711091, 13, 119, '', 0);
INSERT INTO ezsearch_object_word_link VALUES (8465, 213, 2981, 0, 18, 3065, 3066, 1, 1068711091, 13, 119, '', 0);
INSERT INTO ezsearch_object_word_link VALUES (8466, 213, 3066, 0, 19, 2981, 2956, 1, 1068711091, 13, 119, '', 0);
INSERT INTO ezsearch_object_word_link VALUES (8467, 213, 2956, 0, 20, 3066, 3067, 1, 1068711091, 13, 119, '', 0);
INSERT INTO ezsearch_object_word_link VALUES (8468, 213, 3067, 0, 21, 2956, 3068, 1, 1068711091, 13, 119, '', 0);
INSERT INTO ezsearch_object_word_link VALUES (8469, 213, 3068, 0, 22, 3067, 3028, 1, 1068711091, 13, 119, '', 0);
INSERT INTO ezsearch_object_word_link VALUES (8470, 213, 3028, 0, 23, 3068, 3069, 1, 1068711091, 13, 119, '', 0);
INSERT INTO ezsearch_object_word_link VALUES (8471, 213, 3069, 0, 24, 3028, 2925, 1, 1068711091, 13, 119, '', 0);
INSERT INTO ezsearch_object_word_link VALUES (8472, 213, 2925, 0, 25, 3069, 3070, 1, 1068711091, 13, 119, '', 0);
INSERT INTO ezsearch_object_word_link VALUES (8473, 213, 3070, 0, 26, 2925, 2974, 1, 1068711091, 13, 119, '', 0);
INSERT INTO ezsearch_object_word_link VALUES (8474, 213, 2974, 0, 27, 3070, 3009, 1, 1068711091, 13, 119, '', 0);
INSERT INTO ezsearch_object_word_link VALUES (8475, 213, 3009, 0, 28, 2974, 3071, 1, 1068711091, 13, 119, '', 0);
INSERT INTO ezsearch_object_word_link VALUES (8476, 213, 3071, 0, 29, 3009, 2982, 1, 1068711091, 13, 119, '', 0);
INSERT INTO ezsearch_object_word_link VALUES (8477, 213, 2982, 0, 30, 3071, 3072, 1, 1068711091, 13, 119, '', 0);
INSERT INTO ezsearch_object_word_link VALUES (8478, 213, 3072, 0, 31, 2982, 3055, 1, 1068711091, 13, 119, '', 0);
INSERT INTO ezsearch_object_word_link VALUES (8479, 213, 3055, 0, 32, 3072, 3056, 1, 1068711091, 13, 119, '', 0);
INSERT INTO ezsearch_object_word_link VALUES (8480, 213, 3056, 0, 33, 3055, 3057, 1, 1068711091, 13, 119, '', 0);
INSERT INTO ezsearch_object_word_link VALUES (8481, 213, 3057, 0, 34, 3056, 3058, 1, 1068711091, 13, 119, '', 0);
INSERT INTO ezsearch_object_word_link VALUES (8482, 213, 3058, 0, 35, 3057, 2924, 1, 1068711091, 13, 119, '', 0);
INSERT INTO ezsearch_object_word_link VALUES (8483, 213, 2924, 0, 36, 3058, 2925, 1, 1068711091, 13, 119, '', 0);
INSERT INTO ezsearch_object_word_link VALUES (8484, 213, 2925, 0, 37, 2924, 3059, 1, 1068711091, 13, 119, '', 0);
INSERT INTO ezsearch_object_word_link VALUES (8485, 213, 3059, 0, 38, 2925, 2981, 1, 1068711091, 13, 119, '', 0);
INSERT INTO ezsearch_object_word_link VALUES (8486, 213, 2981, 0, 39, 3059, 3060, 1, 1068711091, 13, 119, '', 0);
INSERT INTO ezsearch_object_word_link VALUES (8487, 213, 3060, 0, 40, 2981, 3061, 1, 1068711091, 13, 119, '', 0);
INSERT INTO ezsearch_object_word_link VALUES (8488, 213, 3061, 0, 41, 3060, 3062, 1, 1068711091, 13, 119, '', 0);
INSERT INTO ezsearch_object_word_link VALUES (8489, 213, 3062, 0, 42, 3061, 2956, 1, 1068711091, 13, 119, '', 0);
INSERT INTO ezsearch_object_word_link VALUES (8490, 213, 2956, 0, 43, 3062, 3063, 1, 1068711091, 13, 119, '', 0);
INSERT INTO ezsearch_object_word_link VALUES (8491, 213, 3063, 0, 44, 2956, 3001, 1, 1068711091, 13, 119, '', 0);
INSERT INTO ezsearch_object_word_link VALUES (8492, 213, 3001, 0, 45, 3063, 3064, 1, 1068711091, 13, 119, '', 0);
INSERT INTO ezsearch_object_word_link VALUES (8493, 213, 3064, 0, 46, 3001, 3065, 1, 1068711091, 13, 119, '', 0);
INSERT INTO ezsearch_object_word_link VALUES (8494, 213, 3065, 0, 47, 3064, 2981, 1, 1068711091, 13, 119, '', 0);
INSERT INTO ezsearch_object_word_link VALUES (8495, 213, 2981, 0, 48, 3065, 3066, 1, 1068711091, 13, 119, '', 0);
INSERT INTO ezsearch_object_word_link VALUES (8496, 213, 3066, 0, 49, 2981, 2956, 1, 1068711091, 13, 119, '', 0);
INSERT INTO ezsearch_object_word_link VALUES (8497, 213, 2956, 0, 50, 3066, 3067, 1, 1068711091, 13, 119, '', 0);
INSERT INTO ezsearch_object_word_link VALUES (8498, 213, 3067, 0, 51, 2956, 3068, 1, 1068711091, 13, 119, '', 0);
INSERT INTO ezsearch_object_word_link VALUES (8499, 213, 3068, 0, 52, 3067, 3028, 1, 1068711091, 13, 119, '', 0);
INSERT INTO ezsearch_object_word_link VALUES (8500, 213, 3028, 0, 53, 3068, 3069, 1, 1068711091, 13, 119, '', 0);
INSERT INTO ezsearch_object_word_link VALUES (8501, 213, 3069, 0, 54, 3028, 2925, 1, 1068711091, 13, 119, '', 0);
INSERT INTO ezsearch_object_word_link VALUES (8502, 213, 2925, 0, 55, 3069, 3070, 1, 1068711091, 13, 119, '', 0);
INSERT INTO ezsearch_object_word_link VALUES (8503, 213, 3070, 0, 56, 2925, 2974, 1, 1068711091, 13, 119, '', 0);
INSERT INTO ezsearch_object_word_link VALUES (8504, 213, 2974, 0, 57, 3070, 3009, 1, 1068711091, 13, 119, '', 0);
INSERT INTO ezsearch_object_word_link VALUES (8505, 213, 3009, 0, 58, 2974, 3071, 1, 1068711091, 13, 119, '', 0);
INSERT INTO ezsearch_object_word_link VALUES (8506, 213, 3071, 0, 59, 3009, 2982, 1, 1068711091, 13, 119, '', 0);
INSERT INTO ezsearch_object_word_link VALUES (8507, 213, 2982, 0, 60, 3071, 3072, 1, 1068711091, 13, 119, '', 0);
INSERT INTO ezsearch_object_word_link VALUES (8508, 213, 3072, 0, 61, 2982, 0, 1, 1068711091, 13, 119, '', 0);
INSERT INTO ezsearch_object_word_link VALUES (8509, 254, 3073, 0, 0, 0, 2956, 23, 1069770356, 13, 202, '', 0);
INSERT INTO ezsearch_object_word_link VALUES (8510, 254, 2956, 0, 1, 3073, 2996, 23, 1069770356, 13, 202, '', 0);
INSERT INTO ezsearch_object_word_link VALUES (8511, 254, 2996, 0, 2, 2956, 3000, 23, 1069770356, 13, 202, '', 0);
INSERT INTO ezsearch_object_word_link VALUES (8512, 254, 3000, 0, 3, 2996, 3073, 23, 1069770356, 13, 202, '', 0);
INSERT INTO ezsearch_object_word_link VALUES (8513, 254, 3073, 0, 4, 3000, 2956, 23, 1069770356, 13, 202, '', 0);
INSERT INTO ezsearch_object_word_link VALUES (8514, 254, 2956, 0, 5, 3073, 2996, 23, 1069770356, 13, 202, '', 0);
INSERT INTO ezsearch_object_word_link VALUES (8515, 254, 2996, 0, 6, 2956, 3000, 23, 1069770356, 13, 202, '', 0);
INSERT INTO ezsearch_object_word_link VALUES (8516, 254, 3000, 0, 7, 2996, 3074, 23, 1069770356, 13, 202, '', 0);
INSERT INTO ezsearch_object_word_link VALUES (8517, 254, 3074, 0, 8, 3000, 3075, 23, 1069770356, 13, 203, '', 0);
INSERT INTO ezsearch_object_word_link VALUES (8518, 254, 3075, 0, 9, 3074, 2991, 23, 1069770356, 13, 203, '', 0);
INSERT INTO ezsearch_object_word_link VALUES (8519, 254, 2991, 0, 10, 3075, 3076, 23, 1069770356, 13, 203, '', 0);
INSERT INTO ezsearch_object_word_link VALUES (8520, 254, 3076, 0, 11, 2991, 3077, 23, 1069770356, 13, 203, '', 0);
INSERT INTO ezsearch_object_word_link VALUES (8521, 254, 3077, 0, 12, 3076, 3033, 23, 1069770356, 13, 203, '', 0);
INSERT INTO ezsearch_object_word_link VALUES (8522, 254, 3033, 0, 13, 3077, 3078, 23, 1069770356, 13, 203, '', 0);
INSERT INTO ezsearch_object_word_link VALUES (8523, 254, 3078, 0, 14, 3033, 2997, 23, 1069770356, 13, 203, '', 0);
INSERT INTO ezsearch_object_word_link VALUES (8524, 254, 2997, 0, 15, 3078, 3079, 23, 1069770356, 13, 203, '', 0);
INSERT INTO ezsearch_object_word_link VALUES (8525, 254, 3079, 0, 16, 2997, 2956, 23, 1069770356, 13, 203, '', 0);
INSERT INTO ezsearch_object_word_link VALUES (8526, 254, 2956, 0, 17, 3079, 3073, 23, 1069770356, 13, 203, '', 0);
INSERT INTO ezsearch_object_word_link VALUES (8527, 254, 3073, 0, 18, 2956, 2996, 23, 1069770356, 13, 203, '', 0);
INSERT INTO ezsearch_object_word_link VALUES (8528, 254, 2996, 0, 19, 3073, 2925, 23, 1069770356, 13, 203, '', 0);
INSERT INTO ezsearch_object_word_link VALUES (8529, 254, 2925, 0, 20, 2996, 3080, 23, 1069770356, 13, 203, '', 0);
INSERT INTO ezsearch_object_word_link VALUES (8530, 254, 3080, 0, 21, 2925, 3081, 23, 1069770356, 13, 203, '', 0);
INSERT INTO ezsearch_object_word_link VALUES (8531, 254, 3081, 0, 22, 3080, 2933, 23, 1069770356, 13, 203, '', 0);
INSERT INTO ezsearch_object_word_link VALUES (8532, 254, 2933, 0, 23, 3081, 2997, 23, 1069770356, 13, 203, '', 0);
INSERT INTO ezsearch_object_word_link VALUES (8533, 254, 2997, 0, 24, 2933, 3059, 23, 1069770356, 13, 203, '', 0);
INSERT INTO ezsearch_object_word_link VALUES (8534, 254, 3059, 0, 25, 2997, 3082, 23, 1069770356, 13, 203, '', 0);
INSERT INTO ezsearch_object_word_link VALUES (8535, 254, 3082, 0, 26, 3059, 3083, 23, 1069770356, 13, 203, '', 0);
INSERT INTO ezsearch_object_word_link VALUES (8536, 254, 3083, 0, 27, 3082, 2925, 23, 1069770356, 13, 203, '', 0);
INSERT INTO ezsearch_object_word_link VALUES (8537, 254, 2925, 0, 28, 3083, 3072, 23, 1069770356, 13, 203, '', 0);
INSERT INTO ezsearch_object_word_link VALUES (8538, 254, 3072, 0, 29, 2925, 2906, 23, 1069770356, 13, 203, '', 0);
INSERT INTO ezsearch_object_word_link VALUES (8539, 254, 2906, 0, 30, 3072, 3084, 23, 1069770356, 13, 203, '', 0);
INSERT INTO ezsearch_object_word_link VALUES (8540, 254, 3084, 0, 31, 2906, 2974, 23, 1069770356, 13, 203, '', 0);
INSERT INTO ezsearch_object_word_link VALUES (8541, 254, 2974, 0, 32, 3084, 2910, 23, 1069770356, 13, 203, '', 0);
INSERT INTO ezsearch_object_word_link VALUES (8542, 254, 2910, 0, 33, 2974, 3011, 23, 1069770356, 13, 203, '', 0);
INSERT INTO ezsearch_object_word_link VALUES (8543, 254, 3011, 0, 34, 2910, 3076, 23, 1069770356, 13, 203, '', 0);
INSERT INTO ezsearch_object_word_link VALUES (8544, 254, 3076, 0, 35, 3011, 3085, 23, 1069770356, 13, 203, '', 0);
INSERT INTO ezsearch_object_word_link VALUES (8545, 254, 3085, 0, 36, 3076, 3074, 23, 1069770356, 13, 203, '', 0);
INSERT INTO ezsearch_object_word_link VALUES (8546, 254, 3074, 0, 37, 3085, 3075, 23, 1069770356, 13, 203, '', 0);
INSERT INTO ezsearch_object_word_link VALUES (8547, 254, 3075, 0, 38, 3074, 2991, 23, 1069770356, 13, 203, '', 0);
INSERT INTO ezsearch_object_word_link VALUES (8548, 254, 2991, 0, 39, 3075, 3076, 23, 1069770356, 13, 203, '', 0);
INSERT INTO ezsearch_object_word_link VALUES (8549, 254, 3076, 0, 40, 2991, 3077, 23, 1069770356, 13, 203, '', 0);
INSERT INTO ezsearch_object_word_link VALUES (8550, 254, 3077, 0, 41, 3076, 3033, 23, 1069770356, 13, 203, '', 0);
INSERT INTO ezsearch_object_word_link VALUES (8551, 254, 3033, 0, 42, 3077, 3078, 23, 1069770356, 13, 203, '', 0);
INSERT INTO ezsearch_object_word_link VALUES (8552, 254, 3078, 0, 43, 3033, 2997, 23, 1069770356, 13, 203, '', 0);
INSERT INTO ezsearch_object_word_link VALUES (8553, 254, 2997, 0, 44, 3078, 3079, 23, 1069770356, 13, 203, '', 0);
INSERT INTO ezsearch_object_word_link VALUES (8554, 254, 3079, 0, 45, 2997, 2956, 23, 1069770356, 13, 203, '', 0);
INSERT INTO ezsearch_object_word_link VALUES (8555, 254, 2956, 0, 46, 3079, 3073, 23, 1069770356, 13, 203, '', 0);
INSERT INTO ezsearch_object_word_link VALUES (8556, 254, 3073, 0, 47, 2956, 2996, 23, 1069770356, 13, 203, '', 0);
INSERT INTO ezsearch_object_word_link VALUES (8557, 254, 2996, 0, 48, 3073, 2925, 23, 1069770356, 13, 203, '', 0);
INSERT INTO ezsearch_object_word_link VALUES (8558, 254, 2925, 0, 49, 2996, 3080, 23, 1069770356, 13, 203, '', 0);
INSERT INTO ezsearch_object_word_link VALUES (8559, 254, 3080, 0, 50, 2925, 3081, 23, 1069770356, 13, 203, '', 0);
INSERT INTO ezsearch_object_word_link VALUES (8560, 254, 3081, 0, 51, 3080, 2933, 23, 1069770356, 13, 203, '', 0);
INSERT INTO ezsearch_object_word_link VALUES (8561, 254, 2933, 0, 52, 3081, 2997, 23, 1069770356, 13, 203, '', 0);
INSERT INTO ezsearch_object_word_link VALUES (8562, 254, 2997, 0, 53, 2933, 3059, 23, 1069770356, 13, 203, '', 0);
INSERT INTO ezsearch_object_word_link VALUES (8563, 254, 3059, 0, 54, 2997, 3082, 23, 1069770356, 13, 203, '', 0);
INSERT INTO ezsearch_object_word_link VALUES (8564, 254, 3082, 0, 55, 3059, 3083, 23, 1069770356, 13, 203, '', 0);
INSERT INTO ezsearch_object_word_link VALUES (8565, 254, 3083, 0, 56, 3082, 2925, 23, 1069770356, 13, 203, '', 0);
INSERT INTO ezsearch_object_word_link VALUES (8566, 254, 2925, 0, 57, 3083, 3072, 23, 1069770356, 13, 203, '', 0);
INSERT INTO ezsearch_object_word_link VALUES (8567, 254, 3072, 0, 58, 2925, 2906, 23, 1069770356, 13, 203, '', 0);
INSERT INTO ezsearch_object_word_link VALUES (8568, 254, 2906, 0, 59, 3072, 3084, 23, 1069770356, 13, 203, '', 0);
INSERT INTO ezsearch_object_word_link VALUES (8569, 254, 3084, 0, 60, 2906, 2974, 23, 1069770356, 13, 203, '', 0);
INSERT INTO ezsearch_object_word_link VALUES (8570, 254, 2974, 0, 61, 3084, 2910, 23, 1069770356, 13, 203, '', 0);
INSERT INTO ezsearch_object_word_link VALUES (8571, 254, 2910, 0, 62, 2974, 3011, 23, 1069770356, 13, 203, '', 0);
INSERT INTO ezsearch_object_word_link VALUES (8572, 254, 3011, 0, 63, 2910, 3076, 23, 1069770356, 13, 203, '', 0);
INSERT INTO ezsearch_object_word_link VALUES (8573, 254, 3076, 0, 64, 3011, 3085, 23, 1069770356, 13, 203, '', 0);
INSERT INTO ezsearch_object_word_link VALUES (8574, 254, 3085, 0, 65, 3076, 3019, 23, 1069770356, 13, 203, '', 0);
INSERT INTO ezsearch_object_word_link VALUES (8575, 254, 3019, 0, 66, 3085, 3019, 23, 1069770356, 13, 213, '', 1);
INSERT INTO ezsearch_object_word_link VALUES (8576, 254, 3019, 0, 67, 3019, 0, 23, 1069770356, 13, 213, '', 1);
INSERT INTO ezsearch_object_word_link VALUES (8577, 266, 3086, 0, 0, 0, 3086, 26, 1069773783, 13, 209, '', 0);
INSERT INTO ezsearch_object_word_link VALUES (8578, 266, 3086, 0, 1, 3086, 3087, 26, 1069773783, 13, 209, '', 0);
INSERT INTO ezsearch_object_word_link VALUES (8579, 266, 3087, 0, 2, 3086, 2959, 26, 1069773783, 13, 212, '', 0);
INSERT INTO ezsearch_object_word_link VALUES (8580, 266, 2959, 0, 3, 3087, 2968, 26, 1069773783, 13, 212, '', 0);
INSERT INTO ezsearch_object_word_link VALUES (8581, 266, 2968, 0, 4, 2959, 3088, 26, 1069773783, 13, 212, '', 0);
INSERT INTO ezsearch_object_word_link VALUES (8582, 266, 3088, 0, 5, 2968, 3000, 26, 1069773783, 13, 212, '', 0);
INSERT INTO ezsearch_object_word_link VALUES (8583, 266, 3000, 0, 6, 3088, 3033, 26, 1069773783, 13, 212, '', 0);
INSERT INTO ezsearch_object_word_link VALUES (8584, 266, 3033, 0, 7, 3000, 2925, 26, 1069773783, 13, 212, '', 0);
INSERT INTO ezsearch_object_word_link VALUES (8585, 266, 2925, 0, 8, 3033, 3089, 26, 1069773783, 13, 212, '', 0);
INSERT INTO ezsearch_object_word_link VALUES (8586, 266, 3089, 0, 9, 2925, 2933, 26, 1069773783, 13, 212, '', 0);
INSERT INTO ezsearch_object_word_link VALUES (8587, 266, 2933, 0, 10, 3089, 3090, 26, 1069773783, 13, 212, '', 0);
INSERT INTO ezsearch_object_word_link VALUES (8588, 266, 3090, 0, 11, 2933, 3087, 26, 1069773783, 13, 212, '', 0);
INSERT INTO ezsearch_object_word_link VALUES (8589, 266, 3087, 0, 12, 3090, 2959, 26, 1069773783, 13, 212, '', 0);
INSERT INTO ezsearch_object_word_link VALUES (8590, 266, 2959, 0, 13, 3087, 2968, 26, 1069773783, 13, 212, '', 0);
INSERT INTO ezsearch_object_word_link VALUES (8591, 266, 2968, 0, 14, 2959, 3088, 26, 1069773783, 13, 212, '', 0);
INSERT INTO ezsearch_object_word_link VALUES (8592, 266, 3088, 0, 15, 2968, 3000, 26, 1069773783, 13, 212, '', 0);
INSERT INTO ezsearch_object_word_link VALUES (8593, 266, 3000, 0, 16, 3088, 3033, 26, 1069773783, 13, 212, '', 0);
INSERT INTO ezsearch_object_word_link VALUES (8594, 266, 3033, 0, 17, 3000, 2925, 26, 1069773783, 13, 212, '', 0);
INSERT INTO ezsearch_object_word_link VALUES (8595, 266, 2925, 0, 18, 3033, 3089, 26, 1069773783, 13, 212, '', 0);
INSERT INTO ezsearch_object_word_link VALUES (8596, 266, 3089, 0, 19, 2925, 2933, 26, 1069773783, 13, 212, '', 0);
INSERT INTO ezsearch_object_word_link VALUES (8597, 266, 2933, 0, 20, 3089, 3090, 26, 1069773783, 13, 212, '', 0);
INSERT INTO ezsearch_object_word_link VALUES (8598, 266, 3090, 0, 21, 2933, 0, 26, 1069773783, 13, 212, '', 0);
INSERT INTO ezsearch_object_word_link VALUES (8599, 243, 3091, 0, 0, 0, 3091, 1, 1068727871, 13, 4, '', 0);
INSERT INTO ezsearch_object_word_link VALUES (8600, 243, 3091, 0, 1, 3091, 3092, 1, 1068727871, 13, 4, '', 0);
INSERT INTO ezsearch_object_word_link VALUES (8601, 243, 3092, 0, 2, 3091, 3093, 1, 1068727871, 13, 119, '', 0);
INSERT INTO ezsearch_object_word_link VALUES (8602, 243, 3093, 0, 3, 3092, 3094, 1, 1068727871, 13, 119, '', 0);
INSERT INTO ezsearch_object_word_link VALUES (8603, 243, 3094, 0, 4, 3093, 3095, 1, 1068727871, 13, 119, '', 0);
INSERT INTO ezsearch_object_word_link VALUES (8604, 243, 3095, 0, 5, 3094, 3096, 1, 1068727871, 13, 119, '', 0);
INSERT INTO ezsearch_object_word_link VALUES (8605, 243, 3096, 0, 6, 3095, 3097, 1, 1068727871, 13, 119, '', 0);
INSERT INTO ezsearch_object_word_link VALUES (8606, 243, 3097, 0, 7, 3096, 2924, 1, 1068727871, 13, 119, '', 0);
INSERT INTO ezsearch_object_word_link VALUES (8607, 243, 2924, 0, 8, 3097, 3098, 1, 1068727871, 13, 119, '', 0);
INSERT INTO ezsearch_object_word_link VALUES (8608, 243, 3098, 0, 9, 2924, 3099, 1, 1068727871, 13, 119, '', 0);
INSERT INTO ezsearch_object_word_link VALUES (8609, 243, 3099, 0, 10, 3098, 3100, 1, 1068727871, 13, 119, '', 0);
INSERT INTO ezsearch_object_word_link VALUES (8610, 243, 3100, 0, 11, 3099, 3101, 1, 1068727871, 13, 119, '', 0);
INSERT INTO ezsearch_object_word_link VALUES (8611, 243, 3101, 0, 12, 3100, 2924, 1, 1068727871, 13, 119, '', 0);
INSERT INTO ezsearch_object_word_link VALUES (8612, 243, 2924, 0, 13, 3101, 3102, 1, 1068727871, 13, 119, '', 0);
INSERT INTO ezsearch_object_word_link VALUES (8613, 243, 3102, 0, 14, 2924, 2955, 1, 1068727871, 13, 119, '', 0);
INSERT INTO ezsearch_object_word_link VALUES (8614, 243, 2955, 0, 15, 3102, 3000, 1, 1068727871, 13, 119, '', 0);
INSERT INTO ezsearch_object_word_link VALUES (8615, 243, 3000, 0, 16, 2955, 3053, 1, 1068727871, 13, 119, '', 0);
INSERT INTO ezsearch_object_word_link VALUES (8616, 243, 3053, 0, 17, 3000, 3103, 1, 1068727871, 13, 119, '', 0);
INSERT INTO ezsearch_object_word_link VALUES (8617, 243, 3103, 0, 18, 3053, 2965, 1, 1068727871, 13, 119, '', 0);
INSERT INTO ezsearch_object_word_link VALUES (8618, 243, 2965, 0, 19, 3103, 3000, 1, 1068727871, 13, 119, '', 0);
INSERT INTO ezsearch_object_word_link VALUES (8619, 243, 3000, 0, 20, 2965, 3104, 1, 1068727871, 13, 119, '', 0);
INSERT INTO ezsearch_object_word_link VALUES (8620, 243, 3104, 0, 21, 3000, 3105, 1, 1068727871, 13, 119, '', 0);
INSERT INTO ezsearch_object_word_link VALUES (8621, 243, 3105, 0, 22, 3104, 3106, 1, 1068727871, 13, 119, '', 0);
INSERT INTO ezsearch_object_word_link VALUES (8622, 243, 3106, 0, 23, 3105, 3092, 1, 1068727871, 13, 119, '', 0);
INSERT INTO ezsearch_object_word_link VALUES (8623, 243, 3092, 0, 24, 3106, 3093, 1, 1068727871, 13, 119, '', 0);
INSERT INTO ezsearch_object_word_link VALUES (8624, 243, 3093, 0, 25, 3092, 3094, 1, 1068727871, 13, 119, '', 0);
INSERT INTO ezsearch_object_word_link VALUES (8625, 243, 3094, 0, 26, 3093, 3095, 1, 1068727871, 13, 119, '', 0);
INSERT INTO ezsearch_object_word_link VALUES (8626, 243, 3095, 0, 27, 3094, 3096, 1, 1068727871, 13, 119, '', 0);
INSERT INTO ezsearch_object_word_link VALUES (8627, 243, 3096, 0, 28, 3095, 3097, 1, 1068727871, 13, 119, '', 0);
INSERT INTO ezsearch_object_word_link VALUES (8628, 243, 3097, 0, 29, 3096, 2924, 1, 1068727871, 13, 119, '', 0);
INSERT INTO ezsearch_object_word_link VALUES (8629, 243, 2924, 0, 30, 3097, 3098, 1, 1068727871, 13, 119, '', 0);
INSERT INTO ezsearch_object_word_link VALUES (8630, 243, 3098, 0, 31, 2924, 3099, 1, 1068727871, 13, 119, '', 0);
INSERT INTO ezsearch_object_word_link VALUES (8631, 243, 3099, 0, 32, 3098, 3100, 1, 1068727871, 13, 119, '', 0);
INSERT INTO ezsearch_object_word_link VALUES (8632, 243, 3100, 0, 33, 3099, 3101, 1, 1068727871, 13, 119, '', 0);
INSERT INTO ezsearch_object_word_link VALUES (8633, 243, 3101, 0, 34, 3100, 2924, 1, 1068727871, 13, 119, '', 0);
INSERT INTO ezsearch_object_word_link VALUES (8634, 243, 2924, 0, 35, 3101, 3102, 1, 1068727871, 13, 119, '', 0);
INSERT INTO ezsearch_object_word_link VALUES (8635, 243, 3102, 0, 36, 2924, 2955, 1, 1068727871, 13, 119, '', 0);
INSERT INTO ezsearch_object_word_link VALUES (8636, 243, 2955, 0, 37, 3102, 3000, 1, 1068727871, 13, 119, '', 0);
INSERT INTO ezsearch_object_word_link VALUES (8637, 243, 3000, 0, 38, 2955, 3053, 1, 1068727871, 13, 119, '', 0);
INSERT INTO ezsearch_object_word_link VALUES (8638, 243, 3053, 0, 39, 3000, 3103, 1, 1068727871, 13, 119, '', 0);
INSERT INTO ezsearch_object_word_link VALUES (8639, 243, 3103, 0, 40, 3053, 2965, 1, 1068727871, 13, 119, '', 0);
INSERT INTO ezsearch_object_word_link VALUES (8640, 243, 2965, 0, 41, 3103, 3000, 1, 1068727871, 13, 119, '', 0);
INSERT INTO ezsearch_object_word_link VALUES (8641, 243, 3000, 0, 42, 2965, 3104, 1, 1068727871, 13, 119, '', 0);
INSERT INTO ezsearch_object_word_link VALUES (8642, 243, 3104, 0, 43, 3000, 3105, 1, 1068727871, 13, 119, '', 0);
INSERT INTO ezsearch_object_word_link VALUES (8643, 243, 3105, 0, 44, 3104, 3106, 1, 1068727871, 13, 119, '', 0);
INSERT INTO ezsearch_object_word_link VALUES (8644, 243, 3106, 0, 45, 3105, 0, 1, 1068727871, 13, 119, '', 0);
INSERT INTO ezsearch_object_word_link VALUES (8645, 253, 3107, 0, 0, 0, 2956, 23, 1069770254, 13, 202, '', 0);
INSERT INTO ezsearch_object_word_link VALUES (8646, 253, 2956, 0, 1, 3107, 3038, 23, 1069770254, 13, 202, '', 0);
INSERT INTO ezsearch_object_word_link VALUES (8647, 253, 3038, 0, 2, 2956, 2938, 23, 1069770254, 13, 202, '', 0);
INSERT INTO ezsearch_object_word_link VALUES (8648, 253, 2938, 0, 3, 3038, 2925, 23, 1069770254, 13, 202, '', 0);
INSERT INTO ezsearch_object_word_link VALUES (8649, 253, 2925, 0, 4, 2938, 2941, 23, 1069770254, 13, 202, '', 0);
INSERT INTO ezsearch_object_word_link VALUES (8650, 253, 2941, 0, 5, 2925, 3107, 23, 1069770254, 13, 202, '', 0);
INSERT INTO ezsearch_object_word_link VALUES (8651, 253, 3107, 0, 6, 2941, 2956, 23, 1069770254, 13, 202, '', 0);
INSERT INTO ezsearch_object_word_link VALUES (8652, 253, 2956, 0, 7, 3107, 3038, 23, 1069770254, 13, 202, '', 0);
INSERT INTO ezsearch_object_word_link VALUES (8653, 253, 3038, 0, 8, 2956, 2938, 23, 1069770254, 13, 202, '', 0);
INSERT INTO ezsearch_object_word_link VALUES (8654, 253, 2938, 0, 9, 3038, 2925, 23, 1069770254, 13, 202, '', 0);
INSERT INTO ezsearch_object_word_link VALUES (8655, 253, 2925, 0, 10, 2938, 2941, 23, 1069770254, 13, 202, '', 0);
INSERT INTO ezsearch_object_word_link VALUES (8656, 253, 2941, 0, 11, 2925, 2997, 23, 1069770254, 13, 202, '', 0);
INSERT INTO ezsearch_object_word_link VALUES (8657, 253, 2997, 0, 12, 2941, 3108, 23, 1069770254, 13, 203, '', 0);
INSERT INTO ezsearch_object_word_link VALUES (8658, 253, 3108, 0, 13, 2997, 3109, 23, 1069770254, 13, 203, '', 0);
INSERT INTO ezsearch_object_word_link VALUES (8659, 253, 3109, 0, 14, 3108, 3033, 23, 1069770254, 13, 203, '', 0);
INSERT INTO ezsearch_object_word_link VALUES (8660, 253, 3033, 0, 15, 3109, 3110, 23, 1069770254, 13, 203, '', 0);
INSERT INTO ezsearch_object_word_link VALUES (8661, 253, 3110, 0, 16, 3033, 3111, 23, 1069770254, 13, 203, '', 0);
INSERT INTO ezsearch_object_word_link VALUES (8662, 253, 3111, 0, 17, 3110, 3112, 23, 1069770254, 13, 203, '', 0);
INSERT INTO ezsearch_object_word_link VALUES (8663, 253, 3112, 0, 18, 3111, 2906, 23, 1069770254, 13, 203, '', 0);
INSERT INTO ezsearch_object_word_link VALUES (8664, 253, 2906, 0, 19, 3112, 3113, 23, 1069770254, 13, 203, '', 0);
INSERT INTO ezsearch_object_word_link VALUES (8665, 253, 3113, 0, 20, 2906, 2925, 23, 1069770254, 13, 203, '', 0);
INSERT INTO ezsearch_object_word_link VALUES (8666, 253, 2925, 0, 21, 3113, 3114, 23, 1069770254, 13, 203, '', 0);
INSERT INTO ezsearch_object_word_link VALUES (8667, 253, 3114, 0, 22, 2925, 2942, 23, 1069770254, 13, 203, '', 0);
INSERT INTO ezsearch_object_word_link VALUES (8668, 253, 2942, 0, 23, 3114, 3000, 23, 1069770254, 13, 203, '', 0);
INSERT INTO ezsearch_object_word_link VALUES (8669, 253, 3000, 0, 24, 2942, 3023, 23, 1069770254, 13, 203, '', 0);
INSERT INTO ezsearch_object_word_link VALUES (8670, 253, 3023, 0, 25, 3000, 2967, 23, 1069770254, 13, 203, '', 0);
INSERT INTO ezsearch_object_word_link VALUES (8671, 253, 2967, 0, 26, 3023, 3115, 23, 1069770254, 13, 203, '', 0);
INSERT INTO ezsearch_object_word_link VALUES (8672, 253, 3115, 0, 27, 2967, 2991, 23, 1069770254, 13, 203, '', 0);
INSERT INTO ezsearch_object_word_link VALUES (8673, 253, 2991, 0, 28, 3115, 3116, 23, 1069770254, 13, 203, '', 0);
INSERT INTO ezsearch_object_word_link VALUES (8674, 253, 3116, 0, 29, 2991, 3117, 23, 1069770254, 13, 203, '', 0);
INSERT INTO ezsearch_object_word_link VALUES (8675, 253, 3117, 0, 30, 3116, 3037, 23, 1069770254, 13, 203, '', 0);
INSERT INTO ezsearch_object_word_link VALUES (8676, 253, 3037, 0, 31, 3117, 3118, 23, 1069770254, 13, 203, '', 0);
INSERT INTO ezsearch_object_word_link VALUES (8677, 253, 3118, 0, 32, 3037, 2902, 23, 1069770254, 13, 203, '', 0);
INSERT INTO ezsearch_object_word_link VALUES (8678, 253, 2902, 0, 33, 3118, 3119, 23, 1069770254, 13, 203, '', 0);
INSERT INTO ezsearch_object_word_link VALUES (8679, 253, 3119, 0, 34, 2902, 3106, 23, 1069770254, 13, 203, '', 0);
INSERT INTO ezsearch_object_word_link VALUES (8680, 253, 3106, 0, 35, 3119, 3120, 23, 1069770254, 13, 203, '', 0);
INSERT INTO ezsearch_object_word_link VALUES (8681, 253, 3120, 0, 36, 3106, 2997, 23, 1069770254, 13, 203, '', 0);
INSERT INTO ezsearch_object_word_link VALUES (8682, 253, 2997, 0, 37, 3120, 3108, 23, 1069770254, 13, 203, '', 0);
INSERT INTO ezsearch_object_word_link VALUES (8683, 253, 3108, 0, 38, 2997, 3109, 23, 1069770254, 13, 203, '', 0);
INSERT INTO ezsearch_object_word_link VALUES (8684, 253, 3109, 0, 39, 3108, 3033, 23, 1069770254, 13, 203, '', 0);
INSERT INTO ezsearch_object_word_link VALUES (8685, 253, 3033, 0, 40, 3109, 3110, 23, 1069770254, 13, 203, '', 0);
INSERT INTO ezsearch_object_word_link VALUES (8686, 253, 3110, 0, 41, 3033, 3111, 23, 1069770254, 13, 203, '', 0);
INSERT INTO ezsearch_object_word_link VALUES (8687, 253, 3111, 0, 42, 3110, 3112, 23, 1069770254, 13, 203, '', 0);
INSERT INTO ezsearch_object_word_link VALUES (8688, 253, 3112, 0, 43, 3111, 2906, 23, 1069770254, 13, 203, '', 0);
INSERT INTO ezsearch_object_word_link VALUES (8689, 253, 2906, 0, 44, 3112, 3113, 23, 1069770254, 13, 203, '', 0);
INSERT INTO ezsearch_object_word_link VALUES (8690, 253, 3113, 0, 45, 2906, 2925, 23, 1069770254, 13, 203, '', 0);
INSERT INTO ezsearch_object_word_link VALUES (8691, 253, 2925, 0, 46, 3113, 3114, 23, 1069770254, 13, 203, '', 0);
INSERT INTO ezsearch_object_word_link VALUES (8692, 253, 3114, 0, 47, 2925, 2942, 23, 1069770254, 13, 203, '', 0);
INSERT INTO ezsearch_object_word_link VALUES (8693, 253, 2942, 0, 48, 3114, 3000, 23, 1069770254, 13, 203, '', 0);
INSERT INTO ezsearch_object_word_link VALUES (8694, 253, 3000, 0, 49, 2942, 3023, 23, 1069770254, 13, 203, '', 0);
INSERT INTO ezsearch_object_word_link VALUES (8695, 253, 3023, 0, 50, 3000, 2967, 23, 1069770254, 13, 203, '', 0);
INSERT INTO ezsearch_object_word_link VALUES (8696, 253, 2967, 0, 51, 3023, 3115, 23, 1069770254, 13, 203, '', 0);
INSERT INTO ezsearch_object_word_link VALUES (8697, 253, 3115, 0, 52, 2967, 2991, 23, 1069770254, 13, 203, '', 0);
INSERT INTO ezsearch_object_word_link VALUES (8698, 253, 2991, 0, 53, 3115, 3116, 23, 1069770254, 13, 203, '', 0);
INSERT INTO ezsearch_object_word_link VALUES (8699, 253, 3116, 0, 54, 2991, 3117, 23, 1069770254, 13, 203, '', 0);
INSERT INTO ezsearch_object_word_link VALUES (8700, 253, 3117, 0, 55, 3116, 3037, 23, 1069770254, 13, 203, '', 0);
INSERT INTO ezsearch_object_word_link VALUES (8701, 253, 3037, 0, 56, 3117, 3118, 23, 1069770254, 13, 203, '', 0);
INSERT INTO ezsearch_object_word_link VALUES (8702, 253, 3118, 0, 57, 3037, 2902, 23, 1069770254, 13, 203, '', 0);
INSERT INTO ezsearch_object_word_link VALUES (8703, 253, 2902, 0, 58, 3118, 3119, 23, 1069770254, 13, 203, '', 0);
INSERT INTO ezsearch_object_word_link VALUES (8704, 253, 3119, 0, 59, 2902, 3106, 23, 1069770254, 13, 203, '', 0);
INSERT INTO ezsearch_object_word_link VALUES (8705, 253, 3106, 0, 60, 3119, 3120, 23, 1069770254, 13, 203, '', 0);
INSERT INTO ezsearch_object_word_link VALUES (8706, 253, 3120, 0, 61, 3106, 3041, 23, 1069770254, 13, 203, '', 0);
INSERT INTO ezsearch_object_word_link VALUES (8707, 253, 3041, 0, 62, 3120, 3041, 23, 1069770254, 13, 213, '', 0);
INSERT INTO ezsearch_object_word_link VALUES (8708, 253, 3041, 0, 63, 3041, 0, 23, 1069770254, 13, 213, '', 0);
INSERT INTO ezsearch_object_word_link VALUES (8709, 11, 3121, 0, 0, 0, 3122, 3, 1033920746, 2, 6, '', 0);
INSERT INTO ezsearch_object_word_link VALUES (8710, 11, 3122, 0, 1, 3121, 3121, 3, 1033920746, 2, 6, '', 0);
INSERT INTO ezsearch_object_word_link VALUES (8711, 11, 3121, 0, 2, 3122, 3122, 3, 1033920746, 2, 6, '', 0);
INSERT INTO ezsearch_object_word_link VALUES (8712, 11, 3122, 0, 3, 3121, 0, 3, 1033920746, 2, 6, '', 0);
INSERT INTO ezsearch_object_word_link VALUES (8713, 12, 3123, 0, 0, 0, 3124, 3, 1033920775, 2, 6, '', 0);
INSERT INTO ezsearch_object_word_link VALUES (8714, 12, 3124, 0, 1, 3123, 3123, 3, 1033920775, 2, 6, '', 0);
INSERT INTO ezsearch_object_word_link VALUES (8715, 12, 3123, 0, 2, 3124, 3124, 3, 1033920775, 2, 6, '', 0);
INSERT INTO ezsearch_object_word_link VALUES (8716, 12, 3124, 0, 3, 3123, 0, 3, 1033920775, 2, 6, '', 0);
INSERT INTO ezsearch_object_word_link VALUES (8717, 14, 3123, 0, 0, 0, 3123, 4, 1033920830, 2, 8, '', 0);
INSERT INTO ezsearch_object_word_link VALUES (8718, 14, 3123, 0, 1, 3123, 3125, 4, 1033920830, 2, 8, '', 0);
INSERT INTO ezsearch_object_word_link VALUES (8719, 14, 3125, 0, 2, 3123, 3125, 4, 1033920830, 2, 9, '', 0);
INSERT INTO ezsearch_object_word_link VALUES (8720, 14, 3125, 0, 3, 3125, 3126, 4, 1033920830, 2, 9, '', 0);
INSERT INTO ezsearch_object_word_link VALUES (8721, 14, 3126, 0, 4, 3125, 3126, 4, 1033920830, 2, 197, '', 0);
INSERT INTO ezsearch_object_word_link VALUES (8722, 14, 3126, 0, 5, 3126, 3127, 4, 1033920830, 2, 197, '', 0);
INSERT INTO ezsearch_object_word_link VALUES (8723, 14, 3127, 0, 6, 3126, 3128, 4, 1033920830, 2, 198, '', 0);
INSERT INTO ezsearch_object_word_link VALUES (8724, 14, 3128, 0, 7, 3127, 3127, 4, 1033920830, 2, 198, '', 0);
INSERT INTO ezsearch_object_word_link VALUES (8725, 14, 3127, 0, 8, 3128, 3128, 4, 1033920830, 2, 198, '', 0);
INSERT INTO ezsearch_object_word_link VALUES (8726, 14, 3128, 0, 9, 3127, 3129, 4, 1033920830, 2, 198, '', 0);
INSERT INTO ezsearch_object_word_link VALUES (8727, 14, 3129, 0, 10, 3128, 3129, 4, 1033920830, 2, 199, '', 0);
INSERT INTO ezsearch_object_word_link VALUES (8728, 14, 3129, 0, 11, 3129, 0, 4, 1033920830, 2, 199, '', 0);
INSERT INTO ezsearch_object_word_link VALUES (8729, 13, 3130, 0, 0, 0, 3130, 3, 1033920794, 2, 6, '', 0);
INSERT INTO ezsearch_object_word_link VALUES (8730, 13, 3130, 0, 1, 3130, 0, 3, 1033920794, 2, 6, '', 0);
INSERT INTO ezsearch_object_word_link VALUES (8731, 268, 3131, 0, 0, 0, 3124, 3, 1072186482, 2, 6, '', 0);
INSERT INTO ezsearch_object_word_link VALUES (8732, 268, 3124, 0, 1, 3131, 3131, 3, 1072186482, 2, 6, '', 0);
INSERT INTO ezsearch_object_word_link VALUES (8733, 268, 3131, 0, 2, 3124, 3124, 3, 1072186482, 2, 6, '', 0);
INSERT INTO ezsearch_object_word_link VALUES (8734, 268, 3124, 0, 3, 3131, 3125, 3, 1072186482, 2, 6, '', 0);
INSERT INTO ezsearch_object_word_link VALUES (8735, 268, 3125, 0, 4, 3124, 3132, 3, 1072186482, 2, 7, '', 0);
INSERT INTO ezsearch_object_word_link VALUES (8736, 268, 3132, 0, 5, 3125, 2928, 3, 1072186482, 2, 7, '', 0);
INSERT INTO ezsearch_object_word_link VALUES (8737, 268, 2928, 0, 6, 3132, 2925, 3, 1072186482, 2, 7, '', 0);
INSERT INTO ezsearch_object_word_link VALUES (8738, 268, 2925, 0, 7, 2928, 3131, 3, 1072186482, 2, 7, '', 0);
INSERT INTO ezsearch_object_word_link VALUES (8739, 268, 3131, 0, 8, 2925, 3125, 3, 1072186482, 2, 7, '', 0);
INSERT INTO ezsearch_object_word_link VALUES (8740, 268, 3125, 0, 9, 3131, 3125, 3, 1072186482, 2, 7, '', 0);
INSERT INTO ezsearch_object_word_link VALUES (8741, 268, 3125, 0, 10, 3125, 3132, 3, 1072186482, 2, 7, '', 0);
INSERT INTO ezsearch_object_word_link VALUES (8742, 268, 3132, 0, 11, 3125, 2928, 3, 1072186482, 2, 7, '', 0);
INSERT INTO ezsearch_object_word_link VALUES (8743, 268, 2928, 0, 12, 3132, 2925, 3, 1072186482, 2, 7, '', 0);
INSERT INTO ezsearch_object_word_link VALUES (8744, 268, 2925, 0, 13, 2928, 3131, 3, 1072186482, 2, 7, '', 0);
INSERT INTO ezsearch_object_word_link VALUES (8745, 268, 3131, 0, 14, 2925, 3125, 3, 1072186482, 2, 7, '', 0);
INSERT INTO ezsearch_object_word_link VALUES (8746, 268, 3125, 0, 15, 3131, 0, 3, 1072186482, 2, 7, '', 0);
INSERT INTO ezsearch_object_word_link VALUES (8747, 10, 3131, 0, 0, 0, 3131, 4, 1033920665, 2, 8, '', 0);
INSERT INTO ezsearch_object_word_link VALUES (8748, 10, 3131, 0, 1, 3131, 3125, 4, 1033920665, 2, 8, '', 0);
INSERT INTO ezsearch_object_word_link VALUES (8749, 10, 3125, 0, 2, 3131, 3125, 4, 1033920665, 2, 9, '', 0);
INSERT INTO ezsearch_object_word_link VALUES (8750, 10, 3125, 0, 3, 3125, 0, 4, 1033920665, 2, 9, '', 0);
INSERT INTO ezsearch_object_word_link VALUES (8751, 44, 3133, 0, 0, 0, 2917, 1, 1066384457, 11, 4, '', 0);
INSERT INTO ezsearch_object_word_link VALUES (8752, 44, 2917, 0, 1, 3133, 3133, 1, 1066384457, 11, 4, '', 0);
INSERT INTO ezsearch_object_word_link VALUES (8753, 44, 3133, 0, 2, 2917, 2917, 1, 1066384457, 11, 4, '', 0);
INSERT INTO ezsearch_object_word_link VALUES (8754, 44, 2917, 0, 3, 3133, 0, 1, 1066384457, 11, 4, '', 0);
INSERT INTO ezsearch_object_word_link VALUES (8755, 43, 3134, 0, 0, 0, 3134, 14, 1066384365, 11, 152, '', 0);
INSERT INTO ezsearch_object_word_link VALUES (8756, 43, 3134, 0, 1, 3134, 3135, 14, 1066384365, 11, 152, '', 0);
INSERT INTO ezsearch_object_word_link VALUES (8757, 43, 3135, 0, 2, 3134, 3136, 14, 1066384365, 11, 155, '', 0);
INSERT INTO ezsearch_object_word_link VALUES (8758, 43, 3136, 0, 3, 3135, 3135, 14, 1066384365, 11, 155, '', 0);
INSERT INTO ezsearch_object_word_link VALUES (8759, 43, 3135, 0, 4, 3136, 3136, 14, 1066384365, 11, 155, '', 0);
INSERT INTO ezsearch_object_word_link VALUES (8760, 43, 3136, 0, 5, 3135, 0, 14, 1066384365, 11, 155, '', 0);
INSERT INTO ezsearch_object_word_link VALUES (8761, 45, 3137, 0, 0, 0, 2924, 14, 1066388816, 11, 152, '', 0);
INSERT INTO ezsearch_object_word_link VALUES (8762, 45, 2924, 0, 1, 3137, 3138, 14, 1066388816, 11, 152, '', 0);
INSERT INTO ezsearch_object_word_link VALUES (8763, 45, 3138, 0, 2, 2924, 3137, 14, 1066388816, 11, 152, '', 0);
INSERT INTO ezsearch_object_word_link VALUES (8764, 45, 3137, 0, 3, 3138, 2924, 14, 1066388816, 11, 152, '', 0);
INSERT INTO ezsearch_object_word_link VALUES (8765, 45, 2924, 0, 4, 3137, 3138, 14, 1066388816, 11, 152, '', 0);
INSERT INTO ezsearch_object_word_link VALUES (8766, 45, 3138, 0, 5, 2924, 2935, 14, 1066388816, 11, 152, '', 0);
INSERT INTO ezsearch_object_word_link VALUES (8767, 45, 2935, 0, 6, 3138, 3139, 14, 1066388816, 11, 155, '', 0);
INSERT INTO ezsearch_object_word_link VALUES (8768, 45, 3139, 0, 7, 2935, 3140, 14, 1066388816, 11, 155, '', 0);
INSERT INTO ezsearch_object_word_link VALUES (8769, 45, 3140, 0, 8, 3139, 2935, 14, 1066388816, 11, 155, '', 0);
INSERT INTO ezsearch_object_word_link VALUES (8770, 45, 2935, 0, 9, 3140, 3139, 14, 1066388816, 11, 155, '', 0);
INSERT INTO ezsearch_object_word_link VALUES (8771, 45, 3139, 0, 10, 2935, 3140, 14, 1066388816, 11, 155, '', 0);
INSERT INTO ezsearch_object_word_link VALUES (8772, 45, 3140, 0, 11, 3139, 0, 14, 1066388816, 11, 155, '', 0);
INSERT INTO ezsearch_object_word_link VALUES (8773, 115, 3141, 0, 0, 0, 3141, 14, 1066991725, 11, 152, '', 0);
INSERT INTO ezsearch_object_word_link VALUES (8774, 115, 3141, 0, 1, 3141, 3133, 14, 1066991725, 11, 152, '', 0);
INSERT INTO ezsearch_object_word_link VALUES (8775, 115, 3133, 0, 2, 3141, 3141, 14, 1066991725, 11, 155, '', 0);
INSERT INTO ezsearch_object_word_link VALUES (8776, 115, 3141, 0, 3, 3133, 3133, 14, 1066991725, 11, 155, '', 0);
INSERT INTO ezsearch_object_word_link VALUES (8777, 115, 3133, 0, 4, 3141, 3141, 14, 1066991725, 11, 155, '', 0);
INSERT INTO ezsearch_object_word_link VALUES (8778, 115, 3141, 0, 5, 3133, 0, 14, 1066991725, 11, 155, '', 0);
INSERT INTO ezsearch_object_word_link VALUES (8779, 116, 3142, 0, 0, 0, 3143, 14, 1066992054, 11, 152, '', 0);
INSERT INTO ezsearch_object_word_link VALUES (8780, 116, 3143, 0, 1, 3142, 3142, 14, 1066992054, 11, 152, '', 0);
INSERT INTO ezsearch_object_word_link VALUES (8781, 116, 3142, 0, 2, 3143, 3143, 14, 1066992054, 11, 152, '', 0);
INSERT INTO ezsearch_object_word_link VALUES (8782, 116, 3143, 0, 3, 3142, 2935, 14, 1066992054, 11, 152, '', 0);
INSERT INTO ezsearch_object_word_link VALUES (8783, 116, 2935, 0, 4, 3143, 3144, 14, 1066992054, 11, 155, '', 0);
INSERT INTO ezsearch_object_word_link VALUES (8784, 116, 3144, 0, 5, 2935, 2935, 14, 1066992054, 11, 155, '', 0);
INSERT INTO ezsearch_object_word_link VALUES (8785, 116, 2935, 0, 6, 3144, 3144, 14, 1066992054, 11, 155, '', 0);
INSERT INTO ezsearch_object_word_link VALUES (8786, 116, 3144, 0, 7, 2935, 0, 14, 1066992054, 11, 155, '', 0);
INSERT INTO ezsearch_object_word_link VALUES (8787, 46, 3137, 0, 0, 0, 2924, 1, 1066389805, 11, 4, '', 0);
INSERT INTO ezsearch_object_word_link VALUES (8788, 46, 2924, 0, 1, 3137, 3138, 1, 1066389805, 11, 4, '', 0);
INSERT INTO ezsearch_object_word_link VALUES (8789, 46, 3138, 0, 2, 2924, 3137, 1, 1066389805, 11, 4, '', 0);
INSERT INTO ezsearch_object_word_link VALUES (8790, 46, 3137, 0, 3, 3138, 2924, 1, 1066389805, 11, 4, '', 0);
INSERT INTO ezsearch_object_word_link VALUES (8791, 46, 2924, 0, 4, 3137, 3138, 1, 1066389805, 11, 4, '', 0);
INSERT INTO ezsearch_object_word_link VALUES (8792, 46, 3138, 0, 5, 2924, 0, 1, 1066389805, 11, 4, '', 0);
INSERT INTO ezsearch_object_word_link VALUES (8793, 56, 3145, 0, 0, 0, 3145, 15, 1066643397, 11, 161, '', 0);
INSERT INTO ezsearch_object_word_link VALUES (8794, 56, 3145, 0, 1, 3145, 0, 15, 1066643397, 11, 161, '', 0);





















INSERT INTO ezsearch_word VALUES (2903, 'anyway', 1);
INSERT INTO ezsearch_word VALUES (2907, 'short', 1);
INSERT INTO ezsearch_word VALUES (2908, 'young', 1);
INSERT INTO ezsearch_word VALUES (2909, 'smart', 1);
INSERT INTO ezsearch_word VALUES (2911, 'enough', 1);
INSERT INTO ezsearch_word VALUES (2912, 'pimples', 1);
INSERT INTO ezsearch_word VALUES (2913, 'boy', 1);
INSERT INTO ezsearch_word VALUES (2914, 'totally', 1);
INSERT INTO ezsearch_word VALUES (2916, 'addicted', 1);
INSERT INTO ezsearch_word VALUES (2918, 'worthwhile', 1);
INSERT INTO ezsearch_word VALUES (2919, 'websites', 1);
INSERT INTO ezsearch_word VALUES (2920, 'weblogs', 1);
INSERT INTO ezsearch_word VALUES (2921, 'journals', 1);
INSERT INTO ezsearch_word VALUES (2923, 'pubs', 1);
INSERT INTO ezsearch_word VALUES (2927, 'downloads', 1);
INSERT INTO ezsearch_word VALUES (2922, 'news', 2);
INSERT INTO ezsearch_word VALUES (2931, 'systems', 1);
INSERT INTO ezsearch_word VALUES (2932, 'creators', 1);
INSERT INTO ezsearch_word VALUES (2936, 'management', 1);
INSERT INTO ezsearch_word VALUES (2937, 'system', 1);
INSERT INTO ezsearch_word VALUES (2930, 'ez', 2);
INSERT INTO ezsearch_word VALUES (2934, 'publish', 2);
INSERT INTO ezsearch_word VALUES (2939, 'freshmeat', 1);
INSERT INTO ezsearch_word VALUES (2940, 'visit', 1);
INSERT INTO ezsearch_word VALUES (2945, 'homepage', 1);
INSERT INTO ezsearch_word VALUES (2946, 'movie', 1);
INSERT INTO ezsearch_word VALUES (2950, 't', 1);
INSERT INTO ezsearch_word VALUES (2951, 'wait', 1);
INSERT INTO ezsearch_word VALUES (2952, 'number', 1);
INSERT INTO ezsearch_word VALUES (2957, 'know', 1);
INSERT INTO ezsearch_word VALUES (2960, 'happen', 1);
INSERT INTO ezsearch_word VALUES (2961, 'sports', 1);
INSERT INTO ezsearch_word VALUES (2962, 'liverpool', 1);
INSERT INTO ezsearch_word VALUES (2963, 'fc', 1);
INSERT INTO ezsearch_word VALUES (2964, 'team', 1);
INSERT INTO ezsearch_word VALUES (2966, 'pondus', 1);
INSERT INTO ezsearch_word VALUES (2944, 'ever', 3);
INSERT INTO ezsearch_word VALUES (2969, 'discovered', 1);
INSERT INTO ezsearch_word VALUES (2970, 'football', 1);
INSERT INTO ezsearch_word VALUES (2971, 'fanatic', 1);
INSERT INTO ezsearch_word VALUES (2972, 'he', 1);
INSERT INTO ezsearch_word VALUES (2973, 'available', 1);
INSERT INTO ezsearch_word VALUES (2975, 'several', 1);
INSERT INTO ezsearch_word VALUES (2976, 'languages', 1);
INSERT INTO ezsearch_word VALUES (2977, 'but', 1);
INSERT INTO ezsearch_word VALUES (2929, 'site', 2);
INSERT INTO ezsearch_word VALUES (2978, 'norwegian', 1);
INSERT INTO ezsearch_word VALUES (2979, 'only', 1);
INSERT INTO ezsearch_word VALUES (2980, 'polls', 1);
INSERT INTO ezsearch_word VALUES (2983, 'do', 1);
INSERT INTO ezsearch_word VALUES (2926, 'like', 2);
INSERT INTO ezsearch_word VALUES (2943, 'best', 4);
INSERT INTO ezsearch_word VALUES (2984, 'or', 1);
INSERT INTO ezsearch_word VALUES (2947, 'lord', 2);
INSERT INTO ezsearch_word VALUES (2948, 'rings', 2);
INSERT INTO ezsearch_word VALUES (2985, 'blogs', 1);
INSERT INTO ezsearch_word VALUES (2986, 'parenthetical', 1);
INSERT INTO ezsearch_word VALUES (2987, 'thoughts', 1);
INSERT INTO ezsearch_word VALUES (2988, 'concepts', 1);
INSERT INTO ezsearch_word VALUES (2989, 'brainstorms', 1);
INSERT INTO ezsearch_word VALUES (2990, 'personal', 1);
INSERT INTO ezsearch_word VALUES (2992, 'glimpse', 1);
INSERT INTO ezsearch_word VALUES (2993, 'into', 1);
INSERT INTO ezsearch_word VALUES (2994, 'life', 1);
INSERT INTO ezsearch_word VALUES (2995, 'today', 1);
INSERT INTO ezsearch_word VALUES (2998, 'new', 1);
INSERT INTO ezsearch_word VALUES (2999, 'car', 1);
INSERT INTO ezsearch_word VALUES (2905, 'is', 5);
INSERT INTO ezsearch_word VALUES (3002, 'old', 1);
INSERT INTO ezsearch_word VALUES (3003, 'volkswagen', 1);
INSERT INTO ezsearch_word VALUES (3004, 'beetle', 1);
INSERT INTO ezsearch_word VALUES (3005, 'from', 1);
INSERT INTO ezsearch_word VALUES (3006, '1982', 1);
INSERT INTO ezsearch_word VALUES (3007, 'has', 1);
INSERT INTO ezsearch_word VALUES (3008, 'lot', 1);
INSERT INTO ezsearch_word VALUES (3010, 'charm', 1);
INSERT INTO ezsearch_word VALUES (3012, 'cost', 1);
INSERT INTO ezsearch_word VALUES (3013, 'money', 1);
INSERT INTO ezsearch_word VALUES (3014, 'bought', 1);
INSERT INTO ezsearch_word VALUES (3015, 'friend', 1);
INSERT INTO ezsearch_word VALUES (3016, '30', 1);
INSERT INTO ezsearch_word VALUES (2954, 'even', 2);
INSERT INTO ezsearch_word VALUES (3017, 'original', 1);
INSERT INTO ezsearch_word VALUES (3018, 'wheels', 1);
INSERT INTO ezsearch_word VALUES (3020, 'overslept', 1);
INSERT INTO ezsearch_word VALUES (3021, 'again', 1);
INSERT INTO ezsearch_word VALUES (3022, 'somehow', 1);
INSERT INTO ezsearch_word VALUES (3024, 'turned', 1);
INSERT INTO ezsearch_word VALUES (3025, 'alarm', 1);
INSERT INTO ezsearch_word VALUES (3026, 'sleep', 1);
INSERT INTO ezsearch_word VALUES (3027, 'woke', 1);
INSERT INTO ezsearch_word VALUES (2953, 'three', 2);
INSERT INTO ezsearch_word VALUES (3029, 'hours', 1);
INSERT INTO ezsearch_word VALUES (3030, 'late', 1);
INSERT INTO ezsearch_word VALUES (3031, 'missed', 1);
INSERT INTO ezsearch_word VALUES (3032, 'meeting', 1);
INSERT INTO ezsearch_word VALUES (3034, 'hopefully', 1);
INSERT INTO ezsearch_word VALUES (3036, 'girlfriend', 1);
INSERT INTO ezsearch_word VALUES (3039, 'very', 1);
INSERT INTO ezsearch_word VALUES (3040, 'happy', 1);
INSERT INTO ezsearch_word VALUES (2901, 'about', 2);
INSERT INTO ezsearch_word VALUES (3042, 'party', 1);
INSERT INTO ezsearch_word VALUES (3043, 'invited', 1);
INSERT INTO ezsearch_word VALUES (3044, 'friends', 1);
INSERT INTO ezsearch_word VALUES (3045, 'house', 1);
INSERT INTO ezsearch_word VALUES (2904, 'this', 5);
INSERT INTO ezsearch_word VALUES (3046, 'weekend', 1);
INSERT INTO ezsearch_word VALUES (3047, 'told', 1);
INSERT INTO ezsearch_word VALUES (2915, 'girl', 2);
INSERT INTO ezsearch_word VALUES (3048, 'dreams', 1);
INSERT INTO ezsearch_word VALUES (3049, 'also', 1);
INSERT INTO ezsearch_word VALUES (3035, 'be', 2);
INSERT INTO ezsearch_word VALUES (3050, 'there', 1);
INSERT INTO ezsearch_word VALUES (3051, 'helene', 1);
INSERT INTO ezsearch_word VALUES (2949, 'can', 2);
INSERT INTO ezsearch_word VALUES (3052, 'come', 1);
INSERT INTO ezsearch_word VALUES (2958, 'what', 3);
INSERT INTO ezsearch_word VALUES (3054, 'address', 1);
INSERT INTO ezsearch_word VALUES (3055, 'computers', 1);
INSERT INTO ezsearch_word VALUES (3056, 'handhelds', 1);
INSERT INTO ezsearch_word VALUES (3057, 'electronic', 1);
INSERT INTO ezsearch_word VALUES (3058, 'gadgets', 1);
INSERT INTO ezsearch_word VALUES (2981, 'which', 3);
INSERT INTO ezsearch_word VALUES (3060, 'connects', 1);
INSERT INTO ezsearch_word VALUES (3061, 'them', 1);
INSERT INTO ezsearch_word VALUES (3062, 'all', 1);
INSERT INTO ezsearch_word VALUES (3063, 'm', 1);
INSERT INTO ezsearch_word VALUES (3001, 'an', 2);
INSERT INTO ezsearch_word VALUES (3064, 'early', 1);
INSERT INTO ezsearch_word VALUES (3065, 'adopter', 1);
INSERT INTO ezsearch_word VALUES (3066, 'means', 1);
INSERT INTO ezsearch_word VALUES (3067, 'often', 1);
INSERT INTO ezsearch_word VALUES (3068, 'end', 1);
INSERT INTO ezsearch_word VALUES (3028, 'up', 2);
INSERT INTO ezsearch_word VALUES (3069, 'paying', 1);
INSERT INTO ezsearch_word VALUES (3070, 'price', 1);
INSERT INTO ezsearch_word VALUES (3009, 'more', 2);
INSERT INTO ezsearch_word VALUES (3071, 'than', 1);
INSERT INTO ezsearch_word VALUES (2982, 'one', 2);
INSERT INTO ezsearch_word VALUES (3073, 'finally', 1);
INSERT INTO ezsearch_word VALUES (2996, 'got', 2);
INSERT INTO ezsearch_word VALUES (3074, 'after', 1);
INSERT INTO ezsearch_word VALUES (3075, 'such', 1);
INSERT INTO ezsearch_word VALUES (3076, 'long', 1);
INSERT INTO ezsearch_word VALUES (3077, 'time', 1);
INSERT INTO ezsearch_word VALUES (3078, 'pulling', 1);
INSERT INTO ezsearch_word VALUES (3079, 'hair', 1);
INSERT INTO ezsearch_word VALUES (3080, 'latest', 1);
INSERT INTO ezsearch_word VALUES (3081, 'edition', 1);
INSERT INTO ezsearch_word VALUES (3059, 'software', 2);
INSERT INTO ezsearch_word VALUES (3082, 'working', 1);
INSERT INTO ezsearch_word VALUES (3083, 'perhaps', 1);
INSERT INTO ezsearch_word VALUES (3072, 'way', 2);
INSERT INTO ezsearch_word VALUES (3084, 'fortune', 1);
INSERT INTO ezsearch_word VALUES (2974, 'in', 4);
INSERT INTO ezsearch_word VALUES (2910, 'not', 3);
INSERT INTO ezsearch_word VALUES (3011, 'that', 3);
INSERT INTO ezsearch_word VALUES (3085, 'anymore', 1);
INSERT INTO ezsearch_word VALUES (3019, '1', 3);
INSERT INTO ezsearch_word VALUES (3086, 'tim', 1);
INSERT INTO ezsearch_word VALUES (3087, 'when', 1);
INSERT INTO ezsearch_word VALUES (2959, 'will', 4);
INSERT INTO ezsearch_word VALUES (2968, 'you', 3);
INSERT INTO ezsearch_word VALUES (3088, 'share', 1);
INSERT INTO ezsearch_word VALUES (3089, 'rest', 1);
INSERT INTO ezsearch_word VALUES (2933, 'of', 9);
INSERT INTO ezsearch_word VALUES (3090, 'us', 1);
INSERT INTO ezsearch_word VALUES (3091, 'entertainment', 1);
INSERT INTO ezsearch_word VALUES (3092, 'music', 1);
INSERT INTO ezsearch_word VALUES (3093, 'books', 1);
INSERT INTO ezsearch_word VALUES (3094, 'film', 1);
INSERT INTO ezsearch_word VALUES (3095, 'television', 1);
INSERT INTO ezsearch_word VALUES (3096, 'shopping', 1);
INSERT INTO ezsearch_word VALUES (3097, 'travel', 1);
INSERT INTO ezsearch_word VALUES (3098, 'many', 1);
INSERT INTO ezsearch_word VALUES (3099, 'other', 1);
INSERT INTO ezsearch_word VALUES (3100, 'fine', 1);
INSERT INTO ezsearch_word VALUES (3101, 'escapes', 1);
INSERT INTO ezsearch_word VALUES (3102, 'vices', 1);
INSERT INTO ezsearch_word VALUES (2955, 'if', 2);
INSERT INTO ezsearch_word VALUES (3053, 's', 2);
INSERT INTO ezsearch_word VALUES (3103, 'downright', 1);
INSERT INTO ezsearch_word VALUES (2965, 'fun', 2);
INSERT INTO ezsearch_word VALUES (3104, 'probably', 1);
INSERT INTO ezsearch_word VALUES (3105, 'belongs', 1);
INSERT INTO ezsearch_word VALUES (3107, 'tonight', 1);
INSERT INTO ezsearch_word VALUES (2956, 'i', 8);
INSERT INTO ezsearch_word VALUES (3038, 'was', 3);
INSERT INTO ezsearch_word VALUES (2938, 'at', 3);
INSERT INTO ezsearch_word VALUES (2941, 'movies', 4);
INSERT INTO ezsearch_word VALUES (2997, 'my', 5);
INSERT INTO ezsearch_word VALUES (3108, 'first', 1);
INSERT INTO ezsearch_word VALUES (3109, 'date', 1);
INSERT INTO ezsearch_word VALUES (3033, 'with', 4);
INSERT INTO ezsearch_word VALUES (3110, 'mia', 1);
INSERT INTO ezsearch_word VALUES (3111, 'we', 1);
INSERT INTO ezsearch_word VALUES (3112, 'went', 1);
INSERT INTO ezsearch_word VALUES (2906, 'to', 5);
INSERT INTO ezsearch_word VALUES (3113, 'see', 1);
INSERT INTO ezsearch_word VALUES (3114, 'romantic', 1);
INSERT INTO ezsearch_word VALUES (2942, 'matrix', 4);
INSERT INTO ezsearch_word VALUES (3000, 'it', 5);
INSERT INTO ezsearch_word VALUES (3023, 'must', 2);
INSERT INTO ezsearch_word VALUES (2967, 'have', 3);
INSERT INTO ezsearch_word VALUES (3115, 'been', 1);
INSERT INTO ezsearch_word VALUES (2991, 'a', 6);
INSERT INTO ezsearch_word VALUES (3116, 'success', 1);
INSERT INTO ezsearch_word VALUES (3117, 'since', 1);
INSERT INTO ezsearch_word VALUES (3037, 'she', 2);
INSERT INTO ezsearch_word VALUES (3118, 'let', 1);
INSERT INTO ezsearch_word VALUES (2902, 'me', 4);
INSERT INTO ezsearch_word VALUES (3119, 'follow', 1);
INSERT INTO ezsearch_word VALUES (3106, 'here', 2);
INSERT INTO ezsearch_word VALUES (3120, 'home', 1);
INSERT INTO ezsearch_word VALUES (3041, '0', 2);
INSERT INTO ezsearch_word VALUES (3121, 'guest', 1);
INSERT INTO ezsearch_word VALUES (3122, 'accounts', 1);
INSERT INTO ezsearch_word VALUES (3123, 'administrator', 2);
INSERT INTO ezsearch_word VALUES (3126, 'uberguru', 1);
INSERT INTO ezsearch_word VALUES (3127, 'skien', 1);
INSERT INTO ezsearch_word VALUES (3128, 'norway', 1);
INSERT INTO ezsearch_word VALUES (3129, 'developer', 1);
INSERT INTO ezsearch_word VALUES (3130, 'editors', 1);
INSERT INTO ezsearch_word VALUES (3124, 'users', 2);
INSERT INTO ezsearch_word VALUES (3132, 'group', 1);
INSERT INTO ezsearch_word VALUES (2928, 'for', 5);
INSERT INTO ezsearch_word VALUES (2925, 'the', 17);
INSERT INTO ezsearch_word VALUES (3131, 'anonymous', 2);
INSERT INTO ezsearch_word VALUES (3125, 'user', 3);
INSERT INTO ezsearch_word VALUES (2917, 'links', 3);
INSERT INTO ezsearch_word VALUES (3134, 'classes', 1);
INSERT INTO ezsearch_word VALUES (3135, 'class', 1);
INSERT INTO ezsearch_word VALUES (3136, 'grouplist', 1);
INSERT INTO ezsearch_word VALUES (3139, 'edit', 1);
INSERT INTO ezsearch_word VALUES (3140, '56', 1);
INSERT INTO ezsearch_word VALUES (3141, 'cache', 1);
INSERT INTO ezsearch_word VALUES (3133, 'setup', 2);
INSERT INTO ezsearch_word VALUES (3142, 'url', 1);
INSERT INTO ezsearch_word VALUES (3143, 'translator', 1);
INSERT INTO ezsearch_word VALUES (2935, 'content', 3);
INSERT INTO ezsearch_word VALUES (3144, 'urltranslator', 1);
INSERT INTO ezsearch_word VALUES (3137, 'look', 2);
INSERT INTO ezsearch_word VALUES (2924, 'and', 9);
INSERT INTO ezsearch_word VALUES (3138, 'feel', 2);
INSERT INTO ezsearch_word VALUES (3145, 'blog_package', 1);







INSERT INTO ezsection VALUES (1, 'Standard section', 'nor-NO', 'ezcontentnavigationpart');
INSERT INTO ezsection VALUES (2, 'Users', '', 'ezusernavigationpart');
INSERT INTO ezsection VALUES (3, 'Media', '', 'ezmedianavigationpart');
INSERT INTO ezsection VALUES (4, 'News', '', 'ezcontentnavigationpart');
INSERT INTO ezsection VALUES (5, 'Contact', '', 'ezcontentnavigationpart');
INSERT INTO ezsection VALUES (6, 'Files', '', 'ezcontentnavigationpart');
INSERT INTO ezsection VALUES (11, 'Set up object', '', 'ezsetupnavigationpart');
INSERT INTO ezsection VALUES (12, 'Links', '', 'ezcontentnavigationpart');
INSERT INTO ezsection VALUES (13, 'Blogs', '', 'ezcontentnavigationpart');





















INSERT INTO ezurl VALUES (1, 'http://ez.no', 1068713677, 1068713677, 1, 0, 'dfcdb471b240d964dc3f57b998eb0533');
INSERT INTO ezurl VALUES (5, 'http://vg.no', 1069407573, 1069407573, 1, 0, '5d85f44aadfc8b160572da41691d0162');
INSERT INTO ezurl VALUES (6, 'http://freshmeat.net/projects/ezpublish/?topic_id=92%2C243%2C234%2C87%2C96', 1069770809, 1069770809, 1, 0, 'd85ef15ed11d5ac7c04896ad03afb12d');
INSERT INTO ezurl VALUES (7, 'http://whatisthematrix.warnerbros.com/', 1069770910, 1069770910, 1, 0, '12a254b2a3a7390dbc7fbc4db47b62ac');
INSERT INTO ezurl VALUES (8, 'http://www.lordoftherings.net/', 1069770983, 1069770983, 1, 0, '3132ce6558475654ae838771140f480c');
INSERT INTO ezurl VALUES (9, 'http://liverpoolfc.tv/', 1069771089, 1069771089, 1, 0, '967039f689cc4043aadbd2525f6d4e17');
INSERT INTO ezurl VALUES (10, 'http://www.start.no/pondus/', 1069773629, 1069773629, 1, 0, '1403d356d0dd0fd838927ddb32cc06e1');







INSERT INTO ezurl_object_link VALUES (1, 768, 1);
INSERT INTO ezurl_object_link VALUES (1, 991, 1);
INSERT INTO ezurl_object_link VALUES (5, 945, 57);
INSERT INTO ezurl_object_link VALUES (6, 994, 1);
INSERT INTO ezurl_object_link VALUES (7, 1002, 1);
INSERT INTO ezurl_object_link VALUES (8, 1005, 1);
INSERT INTO ezurl_object_link VALUES (9, 1013, 1);
INSERT INTO ezurl_object_link VALUES (10, 1026, 1);







INSERT INTO ezurlalias VALUES (19, 'users/guest_accounts/test_test', '27a1813763d43de613bf05c31df7a6ef', 'content/view/full/42', 1, 0, 0);
INSERT INTO ezurlalias VALUES (22, 'setup/classes', '9e8c46c1357285763cd49ea56c57312d', 'content/view/full/45', 1, 24, 0);
INSERT INTO ezurlalias VALUES (25, 'setup/setup_links/setup_objects', 'a695bd42e59634b44441ca4e4548e94a', 'content/view/full/47', 1, 80, 0);
INSERT INTO ezurlalias VALUES (26, 'setup/fonts_and_colors', 'db4641c5ea979dba4cfd99ea3267a456', 'content/view/full/48', 1, 27, 0);
INSERT INTO ezurlalias VALUES (83, 'contact/persons/yu_wenyue', 'fc401743c753cd52d41b8bbeffbda14a', 'content/view/full/85', 1, 0, 0);
INSERT INTO ezurlalias VALUES (29, 'news', '508c75c8507a2ae5223dfd2faeb98122', 'content/view/full/50', 1, 154, 0);
INSERT INTO ezurlalias VALUES (125, 'discussions/forum_main_group/music_discussion/latest_msg_not_sticky', '70cf693961dcdd67766bf941c3ed2202', 'content/view/full/130', 1, 0, 0);
INSERT INTO ezurlalias VALUES (126, 'discussions/forum_main_group/music_discussion/not_sticky_2', '969f470c93e2131a0884648b91691d0b', 'content/view/full/131', 1, 0, 0);
INSERT INTO ezurlalias VALUES (34, 'setup/look_and_feel/intranet', '6d6a9d6e8f6cadb080fffb1276dd1e5e', 'content/view/full/54', 1, 189, 0);
INSERT INTO ezurlalias VALUES (124, 'discussions/forum_main_group/music_discussion/new_topic_sticky/reply', 'f3dd8b6512a0b04b426ef7d7307b7229', 'content/view/full/129', 1, 0, 0);
INSERT INTO ezurlalias VALUES (122, 'about_this_forum', '55803ba2746d617ca86e2a61b1d32d8b', 'content/view/full/127', 1, 153, 0);
INSERT INTO ezurlalias VALUES (123, 'discussions/forum_main_group/music_discussion/new_topic_sticky', 'bf37b4a370ddb3935d0625a5b348dd20', 'content/view/full/128', 1, 0, 0);
INSERT INTO ezurlalias VALUES (99, 'setup/look_and_feel/corporate', 'ab9f681938bd76b97b3ab1256b61119e', 'content/view/full/54', 1, 189, 0);
INSERT INTO ezurlalias VALUES (90, 'contact/companies/foo_bar_corp/fido_barida', 'ce1be6fe76c4671d8616c8bf1b5365de', 'content/view/full/102', 1, 0, 0);
INSERT INTO ezurlalias VALUES (93, 'setup/look_and_feel/intranetyy', '53849c55dbaf18cf2c0b278123c9a7b2', 'content/view/full/54', 1, 189, 0);
INSERT INTO ezurlalias VALUES (87, 'contact/companies/foo_bar_corp', 'b22fd60d77fb6f2a6f9ac44b28c6ff16', 'content/view/full/99', 1, 0, 0);
INSERT INTO ezurlalias VALUES (88, 'contact/companies/ez_sys/vidar_langseid', 'df1e0c77c37e8039c443cb24d9494996', 'content/view/full/100', 1, 0, 0);
INSERT INTO ezurlalias VALUES (89, 'contact/companies/ez_sys/brd_farstad', '9c7d13ba2d21bc56807f81ee923bce94', 'content/view/full/101', 1, 0, 0);
INSERT INTO ezurlalias VALUES (59, 'contact/companies/abb', '809afee2cd77358a08683bf42e27636f', 'content/view/full/78', 1, 0, 0);
INSERT INTO ezurlalias VALUES (60, 'files/products/online_editor', '766820f3f5b43065be86e00af303dc78', 'content/view/full/79', 1, 0, 0);
INSERT INTO ezurlalias VALUES (61, 'files/products/ez_publish_32', 'bb00f9e0da1ab19bedc52774d1b75dd2', 'content/view/full/80', 1, 0, 0);
INSERT INTO ezurlalias VALUES (127, 'discussions/forum_main_group/music_discussion/important_sticky', '2f16cf3039c97025a43f23182b4b6d60', 'content/view/full/132', 1, 0, 0);
INSERT INTO ezurlalias VALUES (65, 'munich1', '3a6e2f1cb7b127c4984af22780094240', 'content/view/full/84', 1, 69, 0);
INSERT INTO ezurlalias VALUES (66, 'contact/persons/wenyue', '05cf086075eeb7923d9ef1d22c358892', 'content/view/full/85', 1, 83, 0);
INSERT INTO ezurlalias VALUES (84, 'contact/persons/reiten_bjrn', 'af38d7e864c796edd66d5a0aaea69c8c', 'content/view/full/90', 1, 0, 0);
INSERT INTO ezurlalias VALUES (69, 'media/images/news/munich1', '0492853131729dac783e4c4dc6e7a676', 'content/view/full/84', 1, 0, 0);
INSERT INTO ezurlalias VALUES (71, 'media/images/contact/mr_xxx', 'e613416ebc175f81b5660d2e1758d1d0', 'content/view/full/89', 1, 0, 0);
INSERT INTO ezurlalias VALUES (72, 'l', '2db95e8e1a9267b7a1188556b2013b33', 'user/logout', 0, 0, 0);
INSERT INTO ezurlalias VALUES (73, 'contact/persons/bjrn', '59dd7166c379c7fd437cd6afe746a285', 'content/view/full/90', 1, 84, 0);
INSERT INTO ezurlalias VALUES (102, 'discussions/this_is_a_new_topic', '61d5152ba3d9318df59ebe28bce4c690', 'content/view/full/112', 1, 105, 0);
INSERT INTO ezurlalias VALUES (155, 'news/*', '5319b79408bf223063ba67c14ad03ee0', 'blogs/{1}', 1, 0, 1);
INSERT INTO ezurlalias VALUES (82, 'images/*', '04e9ea07da46830b94f38285ba6ea065', 'media/images/{1}', 1, 0, 1);
INSERT INTO ezurlalias VALUES (86, 'contact/companies/ez_sys', '9e1c777b00ef2ded56fe0fdf13547570', 'content/view/full/98', 1, 0, 0);
INSERT INTO ezurlalias VALUES (104, 'discussions/music_discussion', '09533dfccc8477debe545d31bccf391f', 'content/view/full/114', 1, 149, 0);
INSERT INTO ezurlalias VALUES (105, 'discussions/forum_main_group/music_discussion/this_is_a_new_topic', 'cec6b1593bf03079990a89a3fdc60c56', 'content/view/full/112', 1, 0, 0);
INSERT INTO ezurlalias VALUES (106, 'discussions/this_is_a_new_topic/*', '3597b3c74225331ec401c8abc9f6d1d4', 'discussions/music_discussion/this_is_a_new_topic/{1}', 1, 0, 1);
INSERT INTO ezurlalias VALUES (107, 'discussions/sports_discussion', 'c551943f4df3c58a693f8ba55e9b6aeb', 'content/view/full/115', 1, 151, 0);
INSERT INTO ezurlalias VALUES (117, 'discussions/forum_main_group/music_discussion/this_is_a_new_topic/foo_bar', '741cdf9f1ee1fa974ea7ec755f538271', 'content/view/full/122', 1, 0, 0);
INSERT INTO ezurlalias VALUES (111, 'discussions/forum_main_group/sports_discussion/football', '6e9c09d390322aa44bb5108b93f5f17c', 'content/view/full/119', 1, 0, 0);
INSERT INTO ezurlalias VALUES (113, 'forum/*', '94b1ef84913dabe113cb907c181ee300', 'discussions/{1}', 1, 0, 1);
INSERT INTO ezurlalias VALUES (115, 'setup/look_and_feel/forum', '00d91935e17d76f152f7aaf0c0defac2', 'content/view/full/54', 1, 189, 0);
INSERT INTO ezurlalias VALUES (114, 'discussions/forum_main_group/music_discussion/this_is_a_new_topic/my_reply', '1e03a7609698aa8a98dccf1178df0e6f', 'content/view/full/120', 1, 0, 0);
INSERT INTO ezurlalias VALUES (118, 'discussions/forum_main_group/music_discussion/what_about_pop', 'c4ebc99b2ed9792d1aee0e5fe210b852', 'content/view/full/123', 1, 0, 0);
INSERT INTO ezurlalias VALUES (119, 'discussions/forum_main_group/music_discussion/reply_wanted_for_this_topic', '6c20d2df5a828dcdb6a4fcb4897bb643', 'content/view/full/124', 1, 0, 0);
INSERT INTO ezurlalias VALUES (120, 'discussions/forum_main_group/music_discussion/reply_wanted_for_this_topic/this_is_a_reply', 'de98a1bb645ea84919a5e34688ff84e2', 'content/view/full/125', 1, 0, 0);
INSERT INTO ezurlalias VALUES (128, 'discussions/forum_main_group/sports_discussion/football/reply_2', '13a443b7e046bb36831640f1d19e33d9', 'content/view/full/133', 1, 0, 0);
INSERT INTO ezurlalias VALUES (130, 'discussions/forum_main_group/music_discussion/lkj_ssssstick', '75ee87c770e4e8be9d44200cdb71d071', 'content/view/full/135', 1, 0, 0);
INSERT INTO ezurlalias VALUES (131, 'discussions/forum_main_group/music_discussion/foo', '12c58f35c1114deeb172aba728c50ca8', 'content/view/full/136', 1, 0, 0);
INSERT INTO ezurlalias VALUES (132, 'discussions/forum_main_group/music_discussion/lkj_ssssstick/reply', '6040856b4ec5bcc1c699d95020005be5', 'content/view/full/137', 1, 0, 0);
INSERT INTO ezurlalias VALUES (135, 'discussions/forum_main_group/music_discussion/lkj_ssssstick/uyuiyui', '4c48104ea6e5ec2a78067374d9561fcb', 'content/view/full/140', 1, 0, 0);
INSERT INTO ezurlalias VALUES (136, 'discussions/forum_main_group/music_discussion/test2', '53f71d4ff69ffb3bf8c8ccfb525eabd3', 'content/view/full/141', 1, 0, 0);
INSERT INTO ezurlalias VALUES (137, 'discussions/forum_main_group/music_discussion/t4', '5da27cda0fbcd5290338b7d22cfd730c', 'content/view/full/142', 1, 0, 0);
INSERT INTO ezurlalias VALUES (138, 'discussions/forum_main_group/music_discussion/lkj_ssssstick/klj_jkl_klj', '9ae60fa076882d6807506c2232143d27', 'content/view/full/143', 1, 0, 0);
INSERT INTO ezurlalias VALUES (139, 'discussions/forum_main_group/music_discussion/test2/retest2', 'a17d07fbbd2d1b6d0fbbf8ca1509cd01', 'content/view/full/144', 1, 0, 0);
INSERT INTO ezurlalias VALUES (141, 'discussions/forum_main_group/music_discussion/lkj_ssssstick/my_reply', '1f95000d1f993ffa16a0cf83b78515bf', 'content/view/full/146', 1, 0, 0);
INSERT INTO ezurlalias VALUES (142, 'discussions/forum_main_group/music_discussion/lkj_ssssstick/retest', '0686f14064a420e6ee95aabf89c4a4f2', 'content/view/full/147', 1, 0, 0);
INSERT INTO ezurlalias VALUES (144, 'discussions/forum_main_group/music_discussion/hjg_dghsdjgf', '21f0ee2122dd5264192adc15c1e69c03', 'content/view/full/149', 1, 0, 0);
INSERT INTO ezurlalias VALUES (146, 'discussions/forum_main_group/music_discussion/hjg_dghsdjgf/dfghd_fghklj', '460d30ba47855079ac8605e1c8085993', 'content/view/full/151', 1, 0, 0);
INSERT INTO ezurlalias VALUES (149, 'discussions/forum_main_group/music_discussion', 'a1a79985f113d5b05b22c9686b46b175', 'content/view/full/114', 1, 0, 0);
INSERT INTO ezurlalias VALUES (150, 'discussions/music_discussion/*', '2ec2a3bfcf01ad3f1323390ab26dfeac', 'discussions/forum_main_group/music_discussion/{1}', 1, 0, 1);
INSERT INTO ezurlalias VALUES (151, 'discussions/forum_main_group/sports_discussion', 'b68c5a82b8b2035eeee5788cb223bb7e', 'content/view/full/115', 1, 0, 0);
INSERT INTO ezurlalias VALUES (152, 'discussions/sports_discussion/*', '7acbf48218ca6e1d80c267911860d34f', 'discussions/forum_main_group/sports_discussion/{1}', 1, 0, 1);
INSERT INTO ezurlalias VALUES (167, 'links/news', '61e2cd3056056408f1b41435a3f953c3', 'content/view/full/164', 1, 193, 0);
INSERT INTO ezurlalias VALUES (188, 'setup/look_and_feel/blog_test', '6d9593beb391a932e45ca5823e3c6359', 'content/view/full/54', 1, 189, 0);
INSERT INTO ezurlalias VALUES (14, 'users/anonymous_user', 'a37b7463e2c21098fa1a729dad4b4437', 'content/view/full/11', 1, 2, 0);
INSERT INTO ezurlalias VALUES (12, '', 'd41d8cd98f00b204e9800998ecf8427e', 'content/view/full/2', 1, 0, 0);
INSERT INTO ezurlalias VALUES (153, 'about_me', '50793f253d2dc015e93a2f75163b0894', 'content/view/full/127', 1, 0, 0);
INSERT INTO ezurlalias VALUES (164, 'links', '807765384d9d5527da8848df14a4f02f', 'content/view/full/161', 1, 0, 0);
INSERT INTO ezurlalias VALUES (193, 'links/downloads', '1d3503542a171d9dfab9c7d3caec48e0', 'content/view/full/164', 1, 0, 0);
INSERT INTO ezurlalias VALUES (194, 'links/downloads/ez_systems', '8fb0de95d1934b0fa54410c6fa9bb04f', 'content/view/full/186', 1, 0, 0);
INSERT INTO ezurlalias VALUES (195, 'links/downloads/ez_publish_at_freshmeat', 'c26b6a315b8894db61eb9faff400400f', 'content/view/full/187', 1, 0, 0);
INSERT INTO ezurlalias VALUES (196, 'links/movies', 'bea720c2faeb616182aa095cb8a0e492', 'content/view/full/188', 1, 0, 0);
INSERT INTO ezurlalias VALUES (197, 'links/movies/the_matrix', '14290cfd46a612082d7c56dffa1b1fff', 'content/view/full/189', 1, 0, 0);
INSERT INTO ezurlalias VALUES (198, 'links/movies/lord_of_the_rings', '10e58e9e8a34b59f0a3feeaa77ab2fea', 'content/view/full/190', 1, 0, 0);
INSERT INTO ezurlalias VALUES (199, 'links/sports', '414e65e1c520e395d334856f3dc2ea3e', 'content/view/full/191', 1, 0, 0);
INSERT INTO ezurlalias VALUES (200, 'links/sports/liverpool_fc', 'c7c457cae15412fdcc8326da47c4bb15', 'content/view/full/192', 1, 0, 0);
INSERT INTO ezurlalias VALUES (203, 'links/fun', '05aaf2bb0d72213e94a358284f184b79', 'content/view/full/195', 1, 0, 0);
INSERT INTO ezurlalias VALUES (204, 'links/fun/pondus', '54e0c99d111d8d109261fef3d61b23eb', 'content/view/full/196', 1, 0, 0);
INSERT INTO ezurlalias VALUES (176, 'polls', '952e8cf2c863b8ddc656bac6ad0b729b', 'content/view/full/173', 1, 0, 0);
INSERT INTO ezurlalias VALUES (178, 'polls/which_one_is_the_best_of_matrix_movies', 'bb0ff8ca87eb02ff2219a32c5c73b7f4', 'content/view/full/174', 1, 0, 0);
INSERT INTO ezurlalias VALUES (201, 'polls/which_do_you_like_the_best_matrix_or_lord_of_the_rings', '25f0f61fbc5d84e469f858722040aa4c', 'content/view/full/193', 1, 0, 0);
INSERT INTO ezurlalias VALUES (154, 'blogs', '51704a6cacf71c8d5211445d9e80515f', 'content/view/full/50', 1, 0, 0);
INSERT INTO ezurlalias VALUES (156, 'blogs/personal', '10a5d8f539ef0a468722f8327f7950ab', 'content/view/full/153', 1, 0, 0);
INSERT INTO ezurlalias VALUES (158, 'blogs/personal/today_i_got_my_new_car', 'ce9118c9b6c16328082445f6d8098a0d', 'content/view/full/155', 1, 0, 0);
INSERT INTO ezurlalias VALUES (190, 'blogs/personal/i_overslept_again', '61ab4dd49514d2031be3362827465fe4', 'content/view/full/183', 1, 0, 0);
INSERT INTO ezurlalias VALUES (202, 'blogs/personal/party', '69c642bf0ff392505a114bb6288b0a04', 'content/view/full/194', 1, 0, 0);
INSERT INTO ezurlalias VALUES (206, 'blogs/personal/party/helene', '4f7f9b1b19f98bf98f649253c6bb2127', 'content/view/full/198', 1, 0, 0);
INSERT INTO ezurlalias VALUES (157, 'blogs/computers', '2f8fda683b5e2473a80187cbce012bb8', 'content/view/full/154', 1, 0, 0);
INSERT INTO ezurlalias VALUES (192, 'blogs/computers/finally_i_got_it', '5626ad47e7065dee9ad763069e24d225', 'content/view/full/185', 1, 0, 0);
INSERT INTO ezurlalias VALUES (205, 'blogs/computers/finally_i_got_it/tim', '341022e34eb81e5cd2d6ca4a626834bf', 'content/view/full/197', 1, 0, 0);
INSERT INTO ezurlalias VALUES (180, 'blogs/entertainment', '9dd2cf029c6cfcddc067d936dc750b3d', 'content/view/full/176', 1, 0, 0);
INSERT INTO ezurlalias VALUES (191, 'blogs/entertainment/tonight_i_was_at_the_movies', '12f1086f208d19b6868a93df108d8af6', 'content/view/full/184', 1, 0, 0);
INSERT INTO ezurlalias VALUES (13, 'users', '9bc65c2abec141778ffaa729489f3e87', 'content/view/full/5', 1, 0, 0);
INSERT INTO ezurlalias VALUES (15, 'users/guest_accounts', '02d4e844e3a660857a3f81585995ffe1', 'content/view/full/12', 1, 0, 0);
INSERT INTO ezurlalias VALUES (16, 'users/administrator_users', '1b1d79c16700fd6003ea7be233e754ba', 'content/view/full/13', 1, 0, 0);
INSERT INTO ezurlalias VALUES (18, 'users/administrator_users/administrator_user', 'f1305ac5f327a19b451d82719e0c3f5d', 'content/view/full/15', 1, 0, 0);
INSERT INTO ezurlalias VALUES (17, 'users/editors', '0bb9dd665c96bbc1cf36b79180786dea', 'content/view/full/14', 1, 0, 0);
INSERT INTO ezurlalias VALUES (1, 'users/anonymous_users', '3ae1aac958e1c82013689d917d34967a', 'content/view/full/199', 1, 0, 0);
INSERT INTO ezurlalias VALUES (2, 'users/anonymous_users/anonymous_user', 'aad93975f09371695ba08292fd9698db', 'content/view/full/11', 1, 0, 0);
INSERT INTO ezurlalias VALUES (20, 'media', '62933a2951ef01f4eafd9bdf4d3cd2f0', 'content/view/full/43', 1, 0, 0);
INSERT INTO ezurlalias VALUES (21, 'setup', 'a0f848942ce863cf53c0fa6cc684007d', 'content/view/full/44', 1, 0, 0);
INSERT INTO ezurlalias VALUES (23, 'setup/setup_links', '675a9c5ab6fb3f5fdfaa609b7ef9d997', 'content/view/full/46', 1, 0, 0);
INSERT INTO ezurlalias VALUES (24, 'setup/setup_links/classes', '75b3e86b0bb8a74fcb38f10fd02945e8', 'content/view/full/45', 1, 0, 0);
INSERT INTO ezurlalias VALUES (80, 'setup/setup_links/look_and_feel', '37986c863618270fa0fa6936ba217c7b', 'content/view/full/47', 1, 0, 0);
INSERT INTO ezurlalias VALUES (78, 'setup/setup_links/cache', '1f2374cab6280ecfca991a7b6e5119c6', 'content/view/full/95', 1, 0, 0);
INSERT INTO ezurlalias VALUES (79, 'setup/setup_links/url_translator', '7b226327c99e6fd78ad40eb66892d7ae', 'content/view/full/96', 1, 0, 0);
INSERT INTO ezurlalias VALUES (27, 'setup/look_and_feel', '11f42026b65f2d1801679ba58e443944', 'content/view/full/48', 1, 0, 0);
INSERT INTO ezurlalias VALUES (189, 'setup/look_and_feel/blog', 'a0aa455a1c24b5d1d0448546c83836cf', 'content/view/full/54', 1, 0, 0);







INSERT INTO ezuser VALUES (14, 'admin', 'nospam@ez.no', 2, 'c78e3b0f3d9244ed8c6d1c29464bdff9');
INSERT INTO ezuser VALUES (108, '', '', 2, 'b909d5bf76b64b7a6fac03f7eda11ee3');
INSERT INTO ezuser VALUES (109, '', '', 2, 'e4ab2f05e418842bb3abf148f9d06c1c');
INSERT INTO ezuser VALUES (130, '', '', 2, '4ccb7125baf19de015388c99893fbb4d');
INSERT INTO ezuser VALUES (187, '', '', 1, '');
INSERT INTO ezuser VALUES (189, '', '', 1, '');
INSERT INTO ezuser VALUES (10, 'anonymous', 'nospam@ez.no', 2, '4e6f6184135228ccd45f8233d72a0363');







INSERT INTO ezuser_accountkey VALUES (1, 154, '837e17025d6b3a340cfb305769caa30d', 1068042835);
INSERT INTO ezuser_accountkey VALUES (2, 188, '281ca20cd4d47e3f3be239f6e587df70', 1068110661);
INSERT INTO ezuser_accountkey VALUES (3, 197, '6a92e8886841440681b58a699e69d4dc', 1068112344);














INSERT INTO ezuser_role VALUES (29, 1, 10);
INSERT INTO ezuser_role VALUES (25, 2, 12);
INSERT INTO ezuser_role VALUES (28, 1, 11);
INSERT INTO ezuser_role VALUES (34, 1, 13);







INSERT INTO ezuser_setting VALUES (10, 1, 1000);
INSERT INTO ezuser_setting VALUES (14, 1, 10);
INSERT INTO ezuser_setting VALUES (23, 1, 0);
INSERT INTO ezuser_setting VALUES (40, 1, 0);
INSERT INTO ezuser_setting VALUES (107, 1, 0);
INSERT INTO ezuser_setting VALUES (108, 1, 0);
INSERT INTO ezuser_setting VALUES (109, 1, 0);
INSERT INTO ezuser_setting VALUES (111, 1, 0);
INSERT INTO ezuser_setting VALUES (130, 1, 0);
INSERT INTO ezuser_setting VALUES (149, 1, 0);
INSERT INTO ezuser_setting VALUES (154, 0, 0);
INSERT INTO ezuser_setting VALUES (187, 1, 0);
INSERT INTO ezuser_setting VALUES (188, 0, 0);
INSERT INTO ezuser_setting VALUES (189, 1, 0);
INSERT INTO ezuser_setting VALUES (197, 0, 0);
INSERT INTO ezuser_setting VALUES (198, 1, 0);
INSERT INTO ezuser_setting VALUES (206, 1, 0);







INSERT INTO ezvattype VALUES (1, 'Std', 0);










































INSERT INTO ezworkflow_group VALUES (1, 'Standard', 14, 14, 1024392098, 1024392098);







INSERT INTO ezworkflow_group_link VALUES (1, 1, 0, 'Standard');














INSERT INTO ezsite_data VALUES ('ezpublish-version', '3.3');
INSERT INTO ezsite_data VALUES ('ezpublish-release', '5');



































INSERT INTO ezimagefile VALUES (43, 152, 'var/blog/storage/images/setup/look_and_feel/blog/152-62-eng-GB/blog_medium.gif');
INSERT INTO ezimagefile VALUES (42, 152, 'var/blog/storage/images/setup/look_and_feel/blog/152-62-eng-GB/blog_reference.gif');
INSERT INTO ezimagefile VALUES (41, 152, 'var/blog/storage/images/setup/look_and_feel/blog/152-62-eng-GB/blog.gif');
INSERT INTO ezimagefile VALUES (5, 152, 'var/blog/storage/images/setup/look_and_feel/blog/152-52-eng-GB/blog_logo.gif');
INSERT INTO ezimagefile VALUES (6, 152, 'var/blog/storage/images/setup/look_and_feel/blog/152-55-eng-GB/blog.gif');
INSERT INTO ezimagefile VALUES (7, 152, 'var/blog/storage/images/setup/look_and_feel/blog/152-55-eng-GB/blog_reference.gif');
INSERT INTO ezimagefile VALUES (8, 152, 'var/blog/storage/images/setup/look_and_feel/blog/152-55-eng-GB/blog_medium.gif');
INSERT INTO ezimagefile VALUES (9, 152, 'var/blog/storage/images/setup/look_and_feel/blog/152-55-eng-GB/blog_logo.gif');
INSERT INTO ezimagefile VALUES (10, 152, 'var/blog/storage/images/setup/look_and_feel/blog/152-56-eng-GB/blog.gif');
INSERT INTO ezimagefile VALUES (11, 152, 'var/blog/storage/images/setup/look_and_feel/blog/152-56-eng-GB/blog_reference.gif');
INSERT INTO ezimagefile VALUES (12, 152, 'var/blog/storage/images/setup/look_and_feel/blog/152-56-eng-GB/blog_medium.gif');
INSERT INTO ezimagefile VALUES (13, 152, 'var/blog/storage/images/setup/look_and_feel/blog/152-56-eng-GB/blog_logo.gif');
INSERT INTO ezimagefile VALUES (14, 152, 'var/blog/storage/images/setup/look_and_feel/blog/152-57-eng-GB/blog.gif');
INSERT INTO ezimagefile VALUES (15, 152, 'var/blog/storage/images/setup/look_and_feel/blog/152-57-eng-GB/blog_reference.gif');
INSERT INTO ezimagefile VALUES (16, 152, 'var/blog/storage/images/setup/look_and_feel/blog/152-57-eng-GB/blog_medium.gif');
INSERT INTO ezimagefile VALUES (17, 152, 'var/blog/storage/images/setup/look_and_feel/blog/152-57-eng-GB/blog_logo.gif');
INSERT INTO ezimagefile VALUES (18, 152, 'var/blog/storage/images/setup/look_and_feel/blog/152-58-eng-GB/blog.gif');
INSERT INTO ezimagefile VALUES (19, 152, 'var/blog/storage/images/setup/look_and_feel/blog/152-58-eng-GB/blog_reference.gif');
INSERT INTO ezimagefile VALUES (20, 152, 'var/blog/storage/images/setup/look_and_feel/blog/152-58-eng-GB/blog_medium.gif');
INSERT INTO ezimagefile VALUES (21, 152, 'var/blog/storage/images/setup/look_and_feel/blog/152-58-eng-GB/blog_logo.gif');
INSERT INTO ezimagefile VALUES (22, 152, 'var/blog/storage/images/setup/look_and_feel/blog/152-59-eng-GB/blog.gif');
INSERT INTO ezimagefile VALUES (23, 152, 'var/blog/storage/images/setup/look_and_feel/blog/152-59-eng-GB/blog_reference.gif');
INSERT INTO ezimagefile VALUES (24, 152, 'var/blog/storage/images/setup/look_and_feel/blog/152-59-eng-GB/blog_medium.gif');
INSERT INTO ezimagefile VALUES (25, 152, 'var/blog/storage/images/setup/look_and_feel/blog/152-59-eng-GB/blog_logo.gif');
INSERT INTO ezimagefile VALUES (26, 152, 'var/blog/storage/images/setup/look_and_feel/blog/152-60-eng-GB/blog.gif');
INSERT INTO ezimagefile VALUES (27, 152, 'var/blog/storage/images/setup/look_and_feel/blog/152-60-eng-GB/blog_reference.gif');
INSERT INTO ezimagefile VALUES (28, 152, 'var/blog/storage/images/setup/look_and_feel/blog/152-60-eng-GB/blog_medium.gif');
INSERT INTO ezimagefile VALUES (29, 152, 'var/blog/storage/images/setup/look_and_feel/blog/152-60-eng-GB/blog_logo.gif');
INSERT INTO ezimagefile VALUES (30, 152, 'var/blog/storage/images/setup/look_and_feel/blog/152-61-eng-GB/blog.gif');
INSERT INTO ezimagefile VALUES (31, 152, 'var/blog/storage/images/setup/look_and_feel/blog/152-61-eng-GB/blog_reference.gif');
INSERT INTO ezimagefile VALUES (32, 152, 'var/blog/storage/images/setup/look_and_feel/blog/152-61-eng-GB/blog_medium.gif');
INSERT INTO ezimagefile VALUES (33, 103, 'var/blog/storage/images/setup/setup_links/classes/103-9-eng-GB/classes_reference.png');
INSERT INTO ezimagefile VALUES (34, 103, 'var/blog/storage/images/setup/setup_links/classes/103-9-eng-GB/classes_large.png');
INSERT INTO ezimagefile VALUES (35, 109, 'var/blog/storage/images/setup/setup_links/look_and_feel/109-10-eng-GB/look_and_feel_reference.png');
INSERT INTO ezimagefile VALUES (36, 109, 'var/blog/storage/images/setup/setup_links/look_and_feel/109-10-eng-GB/look_and_feel_large.png');
INSERT INTO ezimagefile VALUES (37, 324, 'var/blog/storage/images/setup/setup_links/cache/324-4-eng-GB/cache_reference.png');
INSERT INTO ezimagefile VALUES (38, 324, 'var/blog/storage/images/setup/setup_links/cache/324-4-eng-GB/cache_large.png');
INSERT INTO ezimagefile VALUES (39, 328, 'var/blog/storage/images/setup/setup_links/url_translator/328-3-eng-GB/url_translator_reference.png');
INSERT INTO ezimagefile VALUES (40, 328, 'var/blog/storage/images/setup/setup_links/url_translator/328-3-eng-GB/url_translator_large.png');
INSERT INTO ezimagefile VALUES (44, 152, 'var/blog/storage/images/setup/look_and_feel/blog/152-62-eng-GB/blog_logo.gif');
INSERT INTO ezimagefile VALUES (45, 152, 'var/blog/storage/images/setup/look_and_feel/blog_test/152-63-eng-GB/blog_test.gif');
INSERT INTO ezimagefile VALUES (46, 152, 'var/blog/storage/images/setup/look_and_feel/blog_test/152-63-eng-GB/blog_test_reference.gif');
INSERT INTO ezimagefile VALUES (47, 152, 'var/blog/storage/images/setup/look_and_feel/blog_test/152-63-eng-GB/blog_test_medium.gif');
INSERT INTO ezimagefile VALUES (48, 152, 'var/blog/storage/images/setup/look_and_feel/blog_test/152-64-eng-GB/blog_test.gif');
INSERT INTO ezimagefile VALUES (49, 152, 'var/blog/storage/images/setup/look_and_feel/blog_test/152-64-eng-GB/blog_test_reference.gif');
INSERT INTO ezimagefile VALUES (50, 152, 'var/blog/storage/images/setup/look_and_feel/blog_test/152-64-eng-GB/blog_test_medium.gif');
INSERT INTO ezimagefile VALUES (51, 152, 'var/blog/storage/images/setup/look_and_feel/blog_test/152-65-eng-GB/blog_test.gif');
INSERT INTO ezimagefile VALUES (52, 152, 'var/blog/storage/images/setup/look_and_feel/blog_test/152-65-eng-GB/blog_test_reference.gif');
INSERT INTO ezimagefile VALUES (53, 152, 'var/blog/storage/images/setup/look_and_feel/blog_test/152-65-eng-GB/blog_test_medium.gif');
INSERT INTO ezimagefile VALUES (54, 152, 'var/blog/storage/images/setup/look_and_feel/blog_test/152-65-eng-GB/blog_test_logo.gif');
INSERT INTO ezimagefile VALUES (55, 152, 'var/blog/storage/images/setup/look_and_feel/blog/152-66-eng-GB/blog.gif');
INSERT INTO ezimagefile VALUES (56, 152, 'var/blog/storage/images/setup/look_and_feel/blog/152-66-eng-GB/blog_reference.gif');
INSERT INTO ezimagefile VALUES (57, 152, 'var/blog/storage/images/setup/look_and_feel/blog/152-66-eng-GB/blog_medium.gif');
INSERT INTO ezimagefile VALUES (58, 152, 'var/blog/storage/images/setup/look_and_feel/blog/152-66-eng-GB/blog_logo.gif');
INSERT INTO ezimagefile VALUES (59, 152, 'var/blog/storage/images/setup/look_and_feel/blog/152-67-eng-GB/blog.gif');
INSERT INTO ezimagefile VALUES (60, 152, 'var/blog/storage/images/setup/look_and_feel/blog/152-67-eng-GB/blog_reference.gif');
INSERT INTO ezimagefile VALUES (61, 152, 'var/blog/storage/images/setup/look_and_feel/blog/152-67-eng-GB/blog_medium.gif');
INSERT INTO ezimagefile VALUES (62, 152, 'var/blog/storage/images/setup/look_and_feel/blog/152-67-eng-GB/blog_logo.gif');
INSERT INTO ezimagefile VALUES (63, 152, 'var/blog/storage/images/setup/look_and_feel/blog/152-68-eng-GB/blog.gif');
INSERT INTO ezimagefile VALUES (64, 152, 'var/blog/storage/images/setup/look_and_feel/blog/152-68-eng-GB/blog_reference.gif');
INSERT INTO ezimagefile VALUES (65, 152, 'var/blog/storage/images/setup/look_and_feel/blog/152-68-eng-GB/blog_medium.gif');
INSERT INTO ezimagefile VALUES (66, 524, 'var/blog/storage/images/about_me/524-3-eng-GB/about_me.');
INSERT INTO ezimagefile VALUES (68, 152, 'var/blog/storage/images/setup/look_and_feel/blog/152-69-eng-GB/blog.gif');
INSERT INTO ezimagefile VALUES (69, 152, 'var/blog/storage/images/setup/look_and_feel/blog/152-69-eng-GB/blog_reference.gif');
INSERT INTO ezimagefile VALUES (70, 152, 'var/blog/storage/images/setup/look_and_feel/blog/152-69-eng-GB/blog_medium.gif');
INSERT INTO ezimagefile VALUES (71, 152, 'var/blog/storage/images/setup/look_and_feel/blog/152-69-eng-GB/blog_logo.gif');
INSERT INTO ezimagefile VALUES (72, 152, 'var/blog/storage/images/setup/look_and_feel/blog/152-70-eng-GB/blog.gif');
INSERT INTO ezimagefile VALUES (73, 152, 'var/blog/storage/images/setup/look_and_feel/blog/152-70-eng-GB/blog_reference.gif');
INSERT INTO ezimagefile VALUES (74, 152, 'var/blog/storage/images/setup/look_and_feel/blog/152-70-eng-GB/blog_medium.gif');
INSERT INTO ezimagefile VALUES (75, 152, 'var/blog/storage/images/setup/look_and_feel/blog/152-70-eng-GB/blog_logo.gif');
INSERT INTO ezimagefile VALUES (76, 728, 'var/storage/images/users/anonymous_users/anonymous_user/728-2-eng-GB/anonymous_user.');
INSERT INTO ezimagefile VALUES (77, 109, 'var/storage/original/image/phpvzmRGW.png');
INSERT INTO ezimagefile VALUES (78, 109, 'var/storage/original/image/phppIJtoa.jpg');
INSERT INTO ezimagefile VALUES (79, 109, 'var/storage/original/image/phpAhcEu9.png');
INSERT INTO ezimagefile VALUES (80, 103, 'var/storage/original/image/phpWJgae7.png');
INSERT INTO ezimagefile VALUES (81, 109, 'var/storage/original/image/phpbVfzkm.png');
INSERT INTO ezimagefile VALUES (82, 103, 'var/storage/original/image/php7ZhvcB.png');
INSERT INTO ezimagefile VALUES (83, 103, 'var/storage/original/image/phpXz5esv.jpg');




























CREATE INDEX ezcollab_group_path62 ON ezcollab_group USING btree (path_string);







CREATE INDEX ezcollab_group_depth63 ON ezcollab_group USING btree (depth);







CREATE INDEX ezcontentbrowsebookmark_user228 ON ezcontentbrowsebookmark USING btree (user_id);







CREATE INDEX ezcontentbrowserecent_user243 ON ezcontentbrowserecent USING btree (user_id);







CREATE INDEX ezcontentclass_version262 ON ezcontentclass USING btree ("version");







CREATE INDEX ezcontentobject_attribute_contentobject_id364 ON ezcontentobject_attribute USING btree (contentobject_id);







CREATE INDEX ezcontentobject_attribute_language_code365 ON ezcontentobject_attribute USING btree (language_code);







CREATE INDEX sort_key_int366 ON ezcontentobject_attribute USING btree (sort_key_int);







CREATE INDEX sort_key_string367 ON ezcontentobject_attribute USING btree (sort_key_string);







CREATE INDEX ezcontentobject_tree_path416 ON ezcontentobject_tree USING btree (path_string);







CREATE INDEX ezcontentobject_tree_p_node_id417 ON ezcontentobject_tree USING btree (parent_node_id);







CREATE INDEX ezcontentobject_tree_co_id418 ON ezcontentobject_tree USING btree (contentobject_id);







CREATE INDEX ezcontentobject_tree_depth419 ON ezcontentobject_tree USING btree (depth);







CREATE INDEX ezenumobjectvalue_co_attr_id_co_attr_ver489 ON ezenumobjectvalue USING btree (contentobject_attribute_id, contentobject_attribute_version);







CREATE INDEX ezenumvalue_co_cl_attr_id_co_class_att_ver505 ON ezenumvalue USING btree (contentclass_attribute_id, contentclass_attribute_version);







CREATE UNIQUE INDEX ezmodule_run_workflow_process_id_s670 ON ezmodule_run USING btree (workflow_process_id);







CREATE INDEX ezpreferences_name839 ON ezpreferences USING btree (name);







CREATE INDEX ezsearch_object_word_link_object919 ON ezsearch_object_word_link USING btree (contentobject_id);







CREATE INDEX ezsearch_object_word_link_word920 ON ezsearch_object_word_link USING btree (word_id);







CREATE INDEX ezsearch_object_word_link_frequency921 ON ezsearch_object_word_link USING btree (frequency);







CREATE INDEX ezsearch_object_word_link_identifier922 ON ezsearch_object_word_link USING btree (identifier);







CREATE INDEX ezsearch_object_word_link_integer_value923 ON ezsearch_object_word_link USING btree (integer_value);







CREATE INDEX ezsearch_word960 ON ezsearch_word USING btree (word);







CREATE INDEX expiration_time986 ON ezsession USING btree (expiration_time);







CREATE UNIQUE INDEX eztrigger_def_id1015 ON eztrigger USING btree (module_name, function_name, connect_type);







CREATE INDEX ezurlalias_source_md51059 ON ezurlalias USING btree (source_md5);







CREATE INDEX ezuser_role_contentobject_id1112 ON ezuser_role USING btree (contentobject_id);







CREATE INDEX ezwaituntildateevalue_wf_ev_id_wf_ver1151 ON ezwaituntildatevalue USING btree (workflow_event_id, workflow_event_version);







CREATE INDEX ezorder_item_order_id ON ezorder_item USING btree (order_id);







CREATE INDEX ezproductcollection_item_productcollection_id ON ezproductcollection_item USING btree (productcollection_id);







CREATE INDEX ezurlalias_source_url ON ezurlalias USING btree (source_url);







CREATE INDEX ezcontentobject_attribute_co_id_ver_lang_code ON ezcontentobject_attribute USING btree (contentobject_id, "version", language_code);







CREATE INDEX ezproductcollection_item_opt_item_id ON ezproductcollection_item_opt USING btree (item_id);







CREATE INDEX ezproductcollection_item_contentobject_id ON ezproductcollection_item USING btree (productcollection_id);







CREATE INDEX ezbasket_session_id ON ezbasket USING btree (session_id);







CREATE INDEX ezoperation_memento_memento_key_main ON ezoperation_memento USING btree (memento_key, main);







CREATE INDEX eztrigger_fetch ON eztrigger USING btree (name, module_name, function_name);







CREATE INDEX ezworkflow_process_process_key ON ezworkflow_process USING btree (process_key);







CREATE INDEX ezurlalias_desturl ON ezurlalias USING btree (destination_url);







CREATE INDEX ezrss_export_rsseid ON ezrss_export_item USING btree (rssexport_id);







CREATE INDEX ezimagefile_coid ON ezimagefile USING btree (contentobject_attribute_id);







CREATE INDEX ezimagefile_file ON ezimagefile USING btree (filepath);







CREATE INDEX ezsubtree_notification_rule_id ON ezsubtree_notification_rule USING btree (id);







CREATE INDEX ezsubtree_notification_rule_user_id ON ezsubtree_notification_rule USING btree (user_id);







ALTER TABLE ONLY ezapprove_items
    ADD CONSTRAINT ezapprove_items12_key PRIMARY KEY (id);







ALTER TABLE ONLY ezbasket
    ADD CONSTRAINT ezbasket24_key PRIMARY KEY (id);







ALTER TABLE ONLY ezbinaryfile
    ADD CONSTRAINT ezbinaryfile36_key PRIMARY KEY (contentobject_attribute_id, "version");







ALTER TABLE ONLY ezcollab_group
    ADD CONSTRAINT ezcollab_group50_key PRIMARY KEY (id);







ALTER TABLE ONLY ezcollab_item
    ADD CONSTRAINT ezcollab_item71_key PRIMARY KEY (id);







ALTER TABLE ONLY ezcollab_item_group_link
    ADD CONSTRAINT ezcollab_item_group_link95_key PRIMARY KEY (collaboration_id, group_id, user_id);







ALTER TABLE ONLY ezcollab_item_message_link
    ADD CONSTRAINT ezcollab_item_message_link112_key PRIMARY KEY (id);







ALTER TABLE ONLY ezcollab_item_participant_link
    ADD CONSTRAINT ezcollab_item_participant_link128_key PRIMARY KEY (collaboration_id, participant_id);







ALTER TABLE ONLY ezcollab_item_status
    ADD CONSTRAINT ezcollab_item_status146_key PRIMARY KEY (collaboration_id, user_id);







ALTER TABLE ONLY ezcollab_notification_rule
    ADD CONSTRAINT ezcollab_notification_rule160_key PRIMARY KEY (id);







ALTER TABLE ONLY ezcollab_profile
    ADD CONSTRAINT ezcollab_profile172_key PRIMARY KEY (id);







ALTER TABLE ONLY ezcollab_simple_message
    ADD CONSTRAINT ezcollab_simple_message187_key PRIMARY KEY (id);







ALTER TABLE ONLY ezcontent_translation
    ADD CONSTRAINT ezcontent_translation210_key PRIMARY KEY (id);







ALTER TABLE ONLY ezcontentbrowsebookmark
    ADD CONSTRAINT ezcontentbrowsebookmark222_key PRIMARY KEY (id);







ALTER TABLE ONLY ezcontentbrowserecent
    ADD CONSTRAINT ezcontentbrowserecent236_key PRIMARY KEY (id);







ALTER TABLE ONLY ezcontentclass
    ADD CONSTRAINT ezcontentclass251_key PRIMARY KEY (id, "version");







ALTER TABLE ONLY ezcontentclass_attribute
    ADD CONSTRAINT ezcontentclass_attribute270_key PRIMARY KEY (id, "version");







ALTER TABLE ONLY ezcontentclass_classgroup
    ADD CONSTRAINT ezcontentclass_classgroup303_key PRIMARY KEY (contentclass_id, contentclass_version, group_id);







ALTER TABLE ONLY ezcontentclassgroup
    ADD CONSTRAINT ezcontentclassgroup316_key PRIMARY KEY (id);







ALTER TABLE ONLY ezcontentobject
    ADD CONSTRAINT ezcontentobject331_key PRIMARY KEY (id);







ALTER TABLE ONLY ezcontentobject_attribute
    ADD CONSTRAINT ezcontentobject_attribute351_key PRIMARY KEY (id, "version");







ALTER TABLE ONLY ezcontentobject_link
    ADD CONSTRAINT ezcontentobject_link375_key PRIMARY KEY (id);







ALTER TABLE ONLY ezcontentobject_name
    ADD CONSTRAINT ezcontentobject_name388_key PRIMARY KEY (contentobject_id, content_version, content_translation);







ALTER TABLE ONLY ezcontentobject_tree
    ADD CONSTRAINT ezcontentobject_tree402_key PRIMARY KEY (node_id);







ALTER TABLE ONLY ezcontentobject_version
    ADD CONSTRAINT ezcontentobject_version427_key PRIMARY KEY (id);







ALTER TABLE ONLY ezdiscountrule
    ADD CONSTRAINT ezdiscountrule445_key PRIMARY KEY (id);







ALTER TABLE ONLY ezdiscountsubrule
    ADD CONSTRAINT ezdiscountsubrule456_key PRIMARY KEY (id);







ALTER TABLE ONLY ezdiscountsubrule_value
    ADD CONSTRAINT ezdiscountsubrule_value470_key PRIMARY KEY (discountsubrule_id, value, issection);







ALTER TABLE ONLY ezenumobjectvalue
    ADD CONSTRAINT ezenumobjectvalue482_key PRIMARY KEY (contentobject_attribute_id, contentobject_attribute_version, enumid);







ALTER TABLE ONLY ezenumvalue
    ADD CONSTRAINT ezenumvalue497_key PRIMARY KEY (id, contentclass_attribute_id, contentclass_attribute_version);







ALTER TABLE ONLY ezforgot_password
    ADD CONSTRAINT ezforgot_password513_key PRIMARY KEY (id);







ALTER TABLE ONLY ezgeneral_digest_user_settings
    ADD CONSTRAINT ezgeneral_digest_user_settings526_key PRIMARY KEY (id);







ALTER TABLE ONLY ezimage
    ADD CONSTRAINT ezimage541_key PRIMARY KEY (contentobject_attribute_id, "version");







ALTER TABLE ONLY ezimagevariation
    ADD CONSTRAINT ezimagevariation556_key PRIMARY KEY (contentobject_attribute_id, "version", requested_width, requested_height);







ALTER TABLE ONLY ezinfocollection
    ADD CONSTRAINT ezinfocollection573_key PRIMARY KEY (id);







ALTER TABLE ONLY ezinfocollection_attribute
    ADD CONSTRAINT ezinfocollection_attribute585_key PRIMARY KEY (id);







ALTER TABLE ONLY ezkeyword
    ADD CONSTRAINT ezkeyword600_key PRIMARY KEY (id);







ALTER TABLE ONLY ezkeyword_attribute_link
    ADD CONSTRAINT ezkeyword_attribute_link612_key PRIMARY KEY (id);







ALTER TABLE ONLY ezmedia
    ADD CONSTRAINT ezmedia624_key PRIMARY KEY (contentobject_attribute_id, "version");







ALTER TABLE ONLY ezmessage
    ADD CONSTRAINT ezmessage646_key PRIMARY KEY (id);







ALTER TABLE ONLY ezmodule_run
    ADD CONSTRAINT ezmodule_run663_key PRIMARY KEY (id);







ALTER TABLE ONLY eznode_assignment
    ADD CONSTRAINT eznode_assignment678_key PRIMARY KEY (id);







ALTER TABLE ONLY eznotificationcollection
    ADD CONSTRAINT eznotificationcollection696_key PRIMARY KEY (id);







ALTER TABLE ONLY eznotificationcollection_item
    ADD CONSTRAINT eznotificationcollection_item711_key PRIMARY KEY (id);







ALTER TABLE ONLY eznotificationevent
    ADD CONSTRAINT eznotificationevent725_key PRIMARY KEY (id);







ALTER TABLE ONLY ezoperation_memento
    ADD CONSTRAINT ezoperation_memento745_key PRIMARY KEY (id, memento_key);







ALTER TABLE ONLY ezorder
    ADD CONSTRAINT ezorder759_key PRIMARY KEY (id);







ALTER TABLE ONLY ezorder_item
    ADD CONSTRAINT ezorder_item778_key PRIMARY KEY (id);







ALTER TABLE ONLY ezpolicy
    ADD CONSTRAINT ezpolicy792_key PRIMARY KEY (id);







ALTER TABLE ONLY ezpolicy_limitation
    ADD CONSTRAINT ezpolicy_limitation806_key PRIMARY KEY (id);







ALTER TABLE ONLY ezpolicy_limitation_value
    ADD CONSTRAINT ezpolicy_limitation_value821_key PRIMARY KEY (id);







ALTER TABLE ONLY ezpreferences
    ADD CONSTRAINT ezpreferences833_key PRIMARY KEY (id);







ALTER TABLE ONLY ezproductcollection
    ADD CONSTRAINT ezproductcollection847_key PRIMARY KEY (id);







ALTER TABLE ONLY ezproductcollection_item
    ADD CONSTRAINT ezproductcollection_item858_key PRIMARY KEY (id);







ALTER TABLE ONLY ezproductcollection_item_opt
    ADD CONSTRAINT ezproductcollection_item_opt875_key PRIMARY KEY (id);







ALTER TABLE ONLY ezrole
    ADD CONSTRAINT ezrole891_key PRIMARY KEY (id);







ALTER TABLE ONLY ezsearch_object_word_link
    ADD CONSTRAINT ezsearch_object_word_link904_key PRIMARY KEY (id);







ALTER TABLE ONLY ezsearch_return_count
    ADD CONSTRAINT ezsearch_return_count931_key PRIMARY KEY (id);







ALTER TABLE ONLY ezsearch_search_phrase
    ADD CONSTRAINT ezsearch_search_phrase944_key PRIMARY KEY (id);







ALTER TABLE ONLY ezsearch_word
    ADD CONSTRAINT ezsearch_word955_key PRIMARY KEY (id);







ALTER TABLE ONLY ezsection
    ADD CONSTRAINT ezsection968_key PRIMARY KEY (id);







ALTER TABLE ONLY ezsession
    ADD CONSTRAINT ezsession981_key PRIMARY KEY (session_key);







ALTER TABLE ONLY eztrigger
    ADD CONSTRAINT eztrigger1007_key PRIMARY KEY (id);







ALTER TABLE ONLY ezurl
    ADD CONSTRAINT ezurl1023_key PRIMARY KEY (id);







ALTER TABLE ONLY ezurl_object_link
    ADD CONSTRAINT ezurl_object_link1039_key PRIMARY KEY (url_id, contentobject_attribute_id, contentobject_attribute_version);







ALTER TABLE ONLY ezurlalias
    ADD CONSTRAINT ezurlalias1051_key PRIMARY KEY (id);







ALTER TABLE ONLY ezuser
    ADD CONSTRAINT ezuser1067_key PRIMARY KEY (contentobject_id);







ALTER TABLE ONLY ezuser_accountkey
    ADD CONSTRAINT ezuser_accountkey1081_key PRIMARY KEY (id);







ALTER TABLE ONLY ezuser_discountrule
    ADD CONSTRAINT ezuser_discountrule1094_key PRIMARY KEY (id);







ALTER TABLE ONLY ezuser_role
    ADD CONSTRAINT ezuser_role1107_key PRIMARY KEY (id);







ALTER TABLE ONLY ezuser_setting
    ADD CONSTRAINT ezuser_setting1120_key PRIMARY KEY (user_id);







ALTER TABLE ONLY ezvattype
    ADD CONSTRAINT ezvattype1132_key PRIMARY KEY (id);







ALTER TABLE ONLY ezwaituntildatevalue
    ADD CONSTRAINT ezwaituntildatevalue1144_key PRIMARY KEY (id, workflow_event_id, workflow_event_version);







ALTER TABLE ONLY ezwishlist
    ADD CONSTRAINT ezwishlist1159_key PRIMARY KEY (id);







ALTER TABLE ONLY ezworkflow
    ADD CONSTRAINT ezworkflow1171_key PRIMARY KEY (id, "version");







ALTER TABLE ONLY ezworkflow_assign
    ADD CONSTRAINT ezworkflow_assign1189_key PRIMARY KEY (id);







ALTER TABLE ONLY ezworkflow_event
    ADD CONSTRAINT ezworkflow_event1203_key PRIMARY KEY (id, "version");







ALTER TABLE ONLY ezworkflow_group
    ADD CONSTRAINT ezworkflow_group1226_key PRIMARY KEY (id);







ALTER TABLE ONLY ezworkflow_group_link
    ADD CONSTRAINT ezworkflow_group_link1241_key PRIMARY KEY (workflow_id, group_id, workflow_version);







ALTER TABLE ONLY ezworkflow_process
    ADD CONSTRAINT ezworkflow_process1254_key PRIMARY KEY (id);







ALTER TABLE ONLY ezsite_data
    ADD CONSTRAINT ezsite_data_pkey PRIMARY KEY (name);







ALTER TABLE ONLY ezpdf_export
    ADD CONSTRAINT ezpdf_export_pkey PRIMARY KEY (id);







ALTER TABLE ONLY ezrss_export
    ADD CONSTRAINT ezrss_export_pkey PRIMARY KEY (id);







ALTER TABLE ONLY ezrss_export_item
    ADD CONSTRAINT ezrss_export_item_pkey PRIMARY KEY (id);







ALTER TABLE ONLY ezrss_import
    ADD CONSTRAINT ezrss_import_pkey PRIMARY KEY (id);







ALTER TABLE ONLY ezimagefile
    ADD CONSTRAINT ezimagefile_pkey PRIMARY KEY (id);







ALTER TABLE ONLY eztipafriend_counter
    ADD CONSTRAINT eztipafriend_counter_pkey PRIMARY KEY (node_id);







ALTER TABLE ONLY ezview_counter
    ADD CONSTRAINT ezview_counter_pkey PRIMARY KEY (node_id);







ALTER TABLE ONLY ezsubtree_notification_rule
    ADD CONSTRAINT tmp_notification_rule_pkey PRIMARY KEY (id);







SELECT pg_catalog.setval ('ezapprove_items_s', 1, false);







SELECT pg_catalog.setval ('ezbasket_s', 1, false);







SELECT pg_catalog.setval ('ezcollab_group_s', 1, false);







SELECT pg_catalog.setval ('ezcollab_item_s', 1, false);







SELECT pg_catalog.setval ('ezcollab_item_message_link_s', 1, false);







SELECT pg_catalog.setval ('ezcollab_notification_rule_s', 1, false);







SELECT pg_catalog.setval ('ezcollab_profile_s', 1, false);







SELECT pg_catalog.setval ('ezcollab_simple_message_s', 1, false);







SELECT pg_catalog.setval ('ezcontent_translation_s', 1, true);







SELECT pg_catalog.setval ('ezcontentbrowsebookmark_s', 1, false);







SELECT pg_catalog.setval ('ezcontentbrowserecent_s', 109, true);







SELECT pg_catalog.setval ('ezcontentclass_s', 27, false);







SELECT pg_catalog.setval ('ezcontentclass_attribute_s', 216, true);







SELECT pg_catalog.setval ('ezcontentclassgroup_s', 4, true);







SELECT pg_catalog.setval ('ezcontentobject_s', 268, true);







SELECT pg_catalog.setval ('ezcontentobject_attribute_s', 1036, true);







SELECT pg_catalog.setval ('ezcontentobject_link_s', 4, true);







SELECT pg_catalog.setval ('ezcontentobject_tree_s', 199, true);







SELECT pg_catalog.setval ('ezcontentobject_version_s', 908, true);







SELECT pg_catalog.setval ('ezdiscountrule_s', 1, false);







SELECT pg_catalog.setval ('ezdiscountsubrule_s', 1, false);







SELECT pg_catalog.setval ('ezenumvalue_s', 1, false);







SELECT pg_catalog.setval ('ezforgot_password_s', 1, false);







SELECT pg_catalog.setval ('ezgeneral_digest_user_settings_s', 1, false);







SELECT pg_catalog.setval ('ezinfocollection_s', 31, true);







SELECT pg_catalog.setval ('ezinfocollection_attribute_s', 35, true);







SELECT pg_catalog.setval ('ezkeyword_s', 1, false);







SELECT pg_catalog.setval ('ezkeyword_attribute_link_s', 1, false);







SELECT pg_catalog.setval ('ezmessage_s', 1, false);







SELECT pg_catalog.setval ('ezmodule_run_s', 1, false);







SELECT pg_catalog.setval ('eznode_assignment_s', 609, true);







SELECT pg_catalog.setval ('eznotificationcollection_s', 1, false);







SELECT pg_catalog.setval ('eznotificationcollection_item_s', 1, false);







SELECT pg_catalog.setval ('eznotificationevent_s', 318, true);







SELECT pg_catalog.setval ('ezoperation_memento_s', 1, false);







SELECT pg_catalog.setval ('ezorder_s', 1, false);







SELECT pg_catalog.setval ('ezorder_item_s', 1, false);







SELECT pg_catalog.setval ('ezpolicy_s', 391, true);







SELECT pg_catalog.setval ('ezpolicy_limitation_s', 310, true);







SELECT pg_catalog.setval ('ezpolicy_limitation_value_s', 637, true);







SELECT pg_catalog.setval ('ezpreferences_s', 1, false);







SELECT pg_catalog.setval ('ezproductcollection_s', 1, false);







SELECT pg_catalog.setval ('ezproductcollection_item_s', 1, false);







SELECT pg_catalog.setval ('ezproductcollection_item_opt_s', 1, false);







SELECT pg_catalog.setval ('ezrole_s', 8, true);







SELECT pg_catalog.setval ('ezsearch_object_word_link_s', 8794, true);







SELECT pg_catalog.setval ('ezsearch_return_count_s', 1, false);







SELECT pg_catalog.setval ('ezsearch_search_phrase_s', 1, false);







SELECT pg_catalog.setval ('ezsearch_word_s', 3145, true);







SELECT pg_catalog.setval ('ezsection_s', 13, true);







SELECT pg_catalog.setval ('ezsubtree_notification_rule_s', 6, true);







SELECT pg_catalog.setval ('eztrigger_s', 1, false);







SELECT pg_catalog.setval ('ezurl_s', 10, true);







SELECT pg_catalog.setval ('ezurlalias_s', 2, true);







SELECT pg_catalog.setval ('ezuser_accountkey_s', 3, true);







SELECT pg_catalog.setval ('ezuser_discountrule_s', 1, false);







SELECT pg_catalog.setval ('ezuser_role_s', 34, true);







SELECT pg_catalog.setval ('ezvattype_s', 1, true);







SELECT pg_catalog.setval ('ezwaituntildatevalue_s', 1, false);







SELECT pg_catalog.setval ('ezwishlist_s', 1, false);







SELECT pg_catalog.setval ('ezworkflow_s', 1, false);







SELECT pg_catalog.setval ('ezworkflow_assign_s', 1, false);







SELECT pg_catalog.setval ('ezworkflow_event_s', 1, false);







SELECT pg_catalog.setval ('ezworkflow_group_s', 1, true);







SELECT pg_catalog.setval ('ezworkflow_process_s', 1, false);







SELECT pg_catalog.setval ('ezpdf_export_s', 1, false);







SELECT pg_catalog.setval ('ezrss_export_s', 1, false);







SELECT pg_catalog.setval ('ezrss_export_item_s', 1, false);







SELECT pg_catalog.setval ('ezrss_import_s', 1, false);







SELECT pg_catalog.setval ('ezimagefile_s', 83, true);


