



SET search_path = public, pg_catalog;






CREATE SEQUENCE ezapprove_items_s
    START 1
    INCREMENT 1
    MAXVALUE 9223372036854775807
    MINVALUE 1
    CACHE 1;







CREATE SEQUENCE ezbasket_s
    START 1
    INCREMENT 1
    MAXVALUE 9223372036854775807
    MINVALUE 1
    CACHE 1;







CREATE SEQUENCE ezcollab_group_s
    START 1
    INCREMENT 1
    MAXVALUE 9223372036854775807
    MINVALUE 1
    CACHE 1;







CREATE SEQUENCE ezcollab_item_s
    START 1
    INCREMENT 1
    MAXVALUE 9223372036854775807
    MINVALUE 1
    CACHE 1;







CREATE SEQUENCE ezcollab_item_message_link_s
    START 1
    INCREMENT 1
    MAXVALUE 9223372036854775807
    MINVALUE 1
    CACHE 1;







CREATE SEQUENCE ezcollab_notification_rule_s
    START 1
    INCREMENT 1
    MAXVALUE 9223372036854775807
    MINVALUE 1
    CACHE 1;







CREATE SEQUENCE ezcollab_profile_s
    START 1
    INCREMENT 1
    MAXVALUE 9223372036854775807
    MINVALUE 1
    CACHE 1;







CREATE SEQUENCE ezcollab_simple_message_s
    START 1
    INCREMENT 1
    MAXVALUE 9223372036854775807
    MINVALUE 1
    CACHE 1;







CREATE SEQUENCE ezcontent_translation_s
    START 1
    INCREMENT 1
    MAXVALUE 9223372036854775807
    MINVALUE 1
    CACHE 1;







CREATE SEQUENCE ezcontentbrowsebookmark_s
    START 1
    INCREMENT 1
    MAXVALUE 9223372036854775807
    MINVALUE 1
    CACHE 1;







CREATE SEQUENCE ezcontentbrowserecent_s
    START 1
    INCREMENT 1
    MAXVALUE 9223372036854775807
    MINVALUE 1
    CACHE 1;







CREATE SEQUENCE ezcontentclass_s
    START 1
    INCREMENT 1
    MAXVALUE 9223372036854775807
    MINVALUE 1
    CACHE 1;







CREATE SEQUENCE ezcontentclass_attribute_s
    START 1
    INCREMENT 1
    MAXVALUE 9223372036854775807
    MINVALUE 1
    CACHE 1;







CREATE SEQUENCE ezcontentclassgroup_s
    START 1
    INCREMENT 1
    MAXVALUE 9223372036854775807
    MINVALUE 1
    CACHE 1;







CREATE SEQUENCE ezcontentobject_s
    START 1
    INCREMENT 1
    MAXVALUE 9223372036854775807
    MINVALUE 1
    CACHE 1;







CREATE SEQUENCE ezcontentobject_attribute_s
    START 1
    INCREMENT 1
    MAXVALUE 9223372036854775807
    MINVALUE 1
    CACHE 1;







CREATE SEQUENCE ezcontentobject_link_s
    START 1
    INCREMENT 1
    MAXVALUE 9223372036854775807
    MINVALUE 1
    CACHE 1;







CREATE SEQUENCE ezcontentobject_tree_s
    START 1
    INCREMENT 1
    MAXVALUE 9223372036854775807
    MINVALUE 1
    CACHE 1;







CREATE SEQUENCE ezcontentobject_version_s
    START 1
    INCREMENT 1
    MAXVALUE 9223372036854775807
    MINVALUE 1
    CACHE 1;







CREATE SEQUENCE ezdiscountrule_s
    START 1
    INCREMENT 1
    MAXVALUE 9223372036854775807
    MINVALUE 1
    CACHE 1;







CREATE SEQUENCE ezdiscountsubrule_s
    START 1
    INCREMENT 1
    MAXVALUE 9223372036854775807
    MINVALUE 1
    CACHE 1;







CREATE SEQUENCE ezenumvalue_s
    START 1
    INCREMENT 1
    MAXVALUE 9223372036854775807
    MINVALUE 1
    CACHE 1;







CREATE SEQUENCE ezforgot_password_s
    START 1
    INCREMENT 1
    MAXVALUE 9223372036854775807
    MINVALUE 1
    CACHE 1;







CREATE SEQUENCE ezgeneral_digest_user_settings_s
    START 1
    INCREMENT 1
    MAXVALUE 9223372036854775807
    MINVALUE 1
    CACHE 1;







CREATE SEQUENCE ezinfocollection_s
    START 1
    INCREMENT 1
    MAXVALUE 9223372036854775807
    MINVALUE 1
    CACHE 1;







CREATE SEQUENCE ezinfocollection_attribute_s
    START 1
    INCREMENT 1
    MAXVALUE 9223372036854775807
    MINVALUE 1
    CACHE 1;







CREATE SEQUENCE ezkeyword_s
    START 1
    INCREMENT 1
    MAXVALUE 9223372036854775807
    MINVALUE 1
    CACHE 1;







CREATE SEQUENCE ezkeyword_attribute_link_s
    START 1
    INCREMENT 1
    MAXVALUE 9223372036854775807
    MINVALUE 1
    CACHE 1;







CREATE SEQUENCE ezmessage_s
    START 1
    INCREMENT 1
    MAXVALUE 9223372036854775807
    MINVALUE 1
    CACHE 1;







CREATE SEQUENCE ezmodule_run_s
    START 1
    INCREMENT 1
    MAXVALUE 9223372036854775807
    MINVALUE 1
    CACHE 1;







CREATE SEQUENCE eznode_assignment_s
    START 1
    INCREMENT 1
    MAXVALUE 9223372036854775807
    MINVALUE 1
    CACHE 1;







CREATE SEQUENCE eznotificationcollection_s
    START 1
    INCREMENT 1
    MAXVALUE 9223372036854775807
    MINVALUE 1
    CACHE 1;







CREATE SEQUENCE eznotificationcollection_item_s
    START 1
    INCREMENT 1
    MAXVALUE 9223372036854775807
    MINVALUE 1
    CACHE 1;







CREATE SEQUENCE eznotificationevent_s
    START 1
    INCREMENT 1
    MAXVALUE 9223372036854775807
    MINVALUE 1
    CACHE 1;







CREATE SEQUENCE ezoperation_memento_s
    START 1
    INCREMENT 1
    MAXVALUE 9223372036854775807
    MINVALUE 1
    CACHE 1;







CREATE SEQUENCE ezorder_s
    START 1
    INCREMENT 1
    MAXVALUE 9223372036854775807
    MINVALUE 1
    CACHE 1;







CREATE SEQUENCE ezorder_item_s
    START 1
    INCREMENT 1
    MAXVALUE 9223372036854775807
    MINVALUE 1
    CACHE 1;







CREATE SEQUENCE ezpolicy_s
    START 1
    INCREMENT 1
    MAXVALUE 9223372036854775807
    MINVALUE 1
    CACHE 1;







CREATE SEQUENCE ezpolicy_limitation_s
    START 1
    INCREMENT 1
    MAXVALUE 9223372036854775807
    MINVALUE 1
    CACHE 1;







CREATE SEQUENCE ezpolicy_limitation_value_s
    START 1
    INCREMENT 1
    MAXVALUE 9223372036854775807
    MINVALUE 1
    CACHE 1;







CREATE SEQUENCE ezpreferences_s
    START 1
    INCREMENT 1
    MAXVALUE 9223372036854775807
    MINVALUE 1
    CACHE 1;







CREATE SEQUENCE ezproductcollection_s
    START 1
    INCREMENT 1
    MAXVALUE 9223372036854775807
    MINVALUE 1
    CACHE 1;







CREATE SEQUENCE ezproductcollection_item_s
    START 1
    INCREMENT 1
    MAXVALUE 9223372036854775807
    MINVALUE 1
    CACHE 1;







CREATE SEQUENCE ezproductcollection_item_opt_s
    START 1
    INCREMENT 1
    MAXVALUE 9223372036854775807
    MINVALUE 1
    CACHE 1;







CREATE SEQUENCE ezrole_s
    START 1
    INCREMENT 1
    MAXVALUE 9223372036854775807
    MINVALUE 1
    CACHE 1;







CREATE SEQUENCE ezsearch_object_word_link_s
    START 1
    INCREMENT 1
    MAXVALUE 9223372036854775807
    MINVALUE 1
    CACHE 1;







CREATE SEQUENCE ezsearch_return_count_s
    START 1
    INCREMENT 1
    MAXVALUE 9223372036854775807
    MINVALUE 1
    CACHE 1;







CREATE SEQUENCE ezsearch_search_phrase_s
    START 1
    INCREMENT 1
    MAXVALUE 9223372036854775807
    MINVALUE 1
    CACHE 1;







CREATE SEQUENCE ezsearch_word_s
    START 1
    INCREMENT 1
    MAXVALUE 9223372036854775807
    MINVALUE 1
    CACHE 1;







CREATE SEQUENCE ezsection_s
    START 1
    INCREMENT 1
    MAXVALUE 9223372036854775807
    MINVALUE 1
    CACHE 1;







CREATE SEQUENCE ezsubtree_notification_rule_s
    START 1
    INCREMENT 1
    MAXVALUE 9223372036854775807
    MINVALUE 1
    CACHE 1;







CREATE SEQUENCE eztrigger_s
    START 1
    INCREMENT 1
    MAXVALUE 9223372036854775807
    MINVALUE 1
    CACHE 1;







CREATE SEQUENCE ezurl_s
    START 1
    INCREMENT 1
    MAXVALUE 9223372036854775807
    MINVALUE 1
    CACHE 1;







CREATE SEQUENCE ezurlalias_s
    START 1
    INCREMENT 1
    MAXVALUE 9223372036854775807
    MINVALUE 1
    CACHE 1;







CREATE SEQUENCE ezuser_accountkey_s
    START 1
    INCREMENT 1
    MAXVALUE 9223372036854775807
    MINVALUE 1
    CACHE 1;







CREATE SEQUENCE ezuser_discountrule_s
    START 1
    INCREMENT 1
    MAXVALUE 9223372036854775807
    MINVALUE 1
    CACHE 1;







CREATE SEQUENCE ezuser_role_s
    START 1
    INCREMENT 1
    MAXVALUE 9223372036854775807
    MINVALUE 1
    CACHE 1;







CREATE SEQUENCE ezvattype_s
    START 1
    INCREMENT 1
    MAXVALUE 9223372036854775807
    MINVALUE 1
    CACHE 1;







CREATE SEQUENCE ezwaituntildatevalue_s
    START 1
    INCREMENT 1
    MAXVALUE 9223372036854775807
    MINVALUE 1
    CACHE 1;







CREATE SEQUENCE ezwishlist_s
    START 1
    INCREMENT 1
    MAXVALUE 9223372036854775807
    MINVALUE 1
    CACHE 1;







CREATE SEQUENCE ezworkflow_s
    START 1
    INCREMENT 1
    MAXVALUE 9223372036854775807
    MINVALUE 1
    CACHE 1;







CREATE SEQUENCE ezworkflow_assign_s
    START 1
    INCREMENT 1
    MAXVALUE 9223372036854775807
    MINVALUE 1
    CACHE 1;







CREATE SEQUENCE ezworkflow_event_s
    START 1
    INCREMENT 1
    MAXVALUE 9223372036854775807
    MINVALUE 1
    CACHE 1;







CREATE SEQUENCE ezworkflow_group_s
    START 1
    INCREMENT 1
    MAXVALUE 9223372036854775807
    MINVALUE 1
    CACHE 1;







CREATE SEQUENCE ezworkflow_process_s
    START 1
    INCREMENT 1
    MAXVALUE 9223372036854775807
    MINVALUE 1
    CACHE 1;







CREATE TABLE ezapprove_items (
    id integer DEFAULT nextval('ezapprove_items_s'::text) NOT NULL,
    workflow_process_id integer DEFAULT '0' NOT NULL,
    collaboration_id integer DEFAULT '0' NOT NULL
);







CREATE TABLE ezbasket (
    id integer DEFAULT nextval('ezbasket_s'::text) NOT NULL,
    session_id character varying(255) DEFAULT '' NOT NULL,
    productcollection_id integer DEFAULT '0' NOT NULL
);







CREATE TABLE ezbinaryfile (
    contentobject_attribute_id integer DEFAULT '0' NOT NULL,
    "version" integer DEFAULT '0' NOT NULL,
    filename character varying(255) DEFAULT '' NOT NULL,
    original_filename character varying(255) DEFAULT '' NOT NULL,
    mime_type character varying(50) DEFAULT '' NOT NULL
);







CREATE TABLE ezcollab_group (
    id integer DEFAULT nextval('ezcollab_group_s'::text) NOT NULL,
    parent_group_id integer DEFAULT '0' NOT NULL,
    depth integer DEFAULT '0' NOT NULL,
    path_string character varying(255) DEFAULT '' NOT NULL,
    is_open integer DEFAULT '1' NOT NULL,
    user_id integer DEFAULT '0' NOT NULL,
    title character varying(255) DEFAULT '' NOT NULL,
    priority integer DEFAULT '0' NOT NULL,
    created integer DEFAULT '0' NOT NULL,
    modified integer DEFAULT '0' NOT NULL
);







CREATE TABLE ezcollab_item (
    id integer DEFAULT nextval('ezcollab_item_s'::text) NOT NULL,
    type_identifier character varying(40) DEFAULT '' NOT NULL,
    creator_id integer DEFAULT '0' NOT NULL,
    status integer DEFAULT '1' NOT NULL,
    data_text1 text NOT NULL,
    data_text2 text NOT NULL,
    data_text3 text NOT NULL,
    data_int1 integer DEFAULT '0' NOT NULL,
    data_int2 integer DEFAULT '0' NOT NULL,
    data_int3 integer DEFAULT '0' NOT NULL,
    data_float1 double precision DEFAULT '0' NOT NULL,
    data_float2 double precision DEFAULT '0' NOT NULL,
    data_float3 double precision DEFAULT '0' NOT NULL,
    created integer DEFAULT '0' NOT NULL,
    modified integer DEFAULT '0' NOT NULL
);







CREATE TABLE ezcollab_item_group_link (
    collaboration_id integer DEFAULT '0' NOT NULL,
    group_id integer DEFAULT '0' NOT NULL,
    user_id integer DEFAULT '0' NOT NULL,
    is_read integer DEFAULT '0' NOT NULL,
    is_active integer DEFAULT '1' NOT NULL,
    last_read integer DEFAULT '0' NOT NULL,
    created integer DEFAULT '0' NOT NULL,
    modified integer DEFAULT '0' NOT NULL
);







CREATE TABLE ezcollab_item_message_link (
    id integer DEFAULT nextval('ezcollab_item_message_link_s'::text) NOT NULL,
    collaboration_id integer DEFAULT '0' NOT NULL,
    participant_id integer DEFAULT '0' NOT NULL,
    message_id integer DEFAULT '0' NOT NULL,
    message_type integer DEFAULT '0' NOT NULL,
    created integer DEFAULT '0' NOT NULL,
    modified integer DEFAULT '0' NOT NULL
);







CREATE TABLE ezcollab_item_participant_link (
    collaboration_id integer DEFAULT '0' NOT NULL,
    participant_id integer DEFAULT '0' NOT NULL,
    participant_type integer DEFAULT '1' NOT NULL,
    participant_role integer DEFAULT '1' NOT NULL,
    is_read integer DEFAULT '0' NOT NULL,
    is_active integer DEFAULT '1' NOT NULL,
    last_read integer DEFAULT '0' NOT NULL,
    created integer DEFAULT '0' NOT NULL,
    modified integer DEFAULT '0' NOT NULL
);







CREATE TABLE ezcollab_item_status (
    collaboration_id integer DEFAULT '0' NOT NULL,
    user_id integer DEFAULT '0' NOT NULL,
    is_read integer DEFAULT '0' NOT NULL,
    is_active integer DEFAULT '1' NOT NULL,
    last_read integer DEFAULT '0' NOT NULL
);







CREATE TABLE ezcollab_notification_rule (
    id integer DEFAULT nextval('ezcollab_notification_rule_s'::text) NOT NULL,
    user_id character varying(255) DEFAULT '' NOT NULL,
    collab_identifier character varying(255) DEFAULT '' NOT NULL
);







CREATE TABLE ezcollab_profile (
    id integer DEFAULT nextval('ezcollab_profile_s'::text) NOT NULL,
    user_id integer DEFAULT '0' NOT NULL,
    main_group integer DEFAULT '0' NOT NULL,
    data_text1 text NOT NULL,
    created integer DEFAULT '0' NOT NULL,
    modified integer DEFAULT '0' NOT NULL
);







CREATE TABLE ezcollab_simple_message (
    id integer DEFAULT nextval('ezcollab_simple_message_s'::text) NOT NULL,
    message_type character varying(40) DEFAULT '' NOT NULL,
    creator_id integer DEFAULT '0' NOT NULL,
    data_text1 text NOT NULL,
    data_text2 text NOT NULL,
    data_text3 text NOT NULL,
    data_int1 integer DEFAULT '0' NOT NULL,
    data_int2 integer DEFAULT '0' NOT NULL,
    data_int3 integer DEFAULT '0' NOT NULL,
    data_float1 double precision DEFAULT '0' NOT NULL,
    data_float2 double precision DEFAULT '0' NOT NULL,
    data_float3 double precision DEFAULT '0' NOT NULL,
    created integer DEFAULT '0' NOT NULL,
    modified integer DEFAULT '0' NOT NULL
);







CREATE TABLE ezcontent_translation (
    id integer DEFAULT nextval('ezcontent_translation_s'::text) NOT NULL,
    name character varying(255) DEFAULT '' NOT NULL,
    locale character varying(255) DEFAULT '' NOT NULL
);







CREATE TABLE ezcontentbrowsebookmark (
    id integer DEFAULT nextval('ezcontentbrowsebookmark_s'::text) NOT NULL,
    user_id integer DEFAULT '0' NOT NULL,
    node_id integer DEFAULT '0' NOT NULL,
    name character varying(255) DEFAULT '' NOT NULL
);







CREATE TABLE ezcontentbrowserecent (
    id integer DEFAULT nextval('ezcontentbrowserecent_s'::text) NOT NULL,
    user_id integer DEFAULT '0' NOT NULL,
    node_id integer DEFAULT '0' NOT NULL,
    created integer DEFAULT '0' NOT NULL,
    name character varying(255) DEFAULT '' NOT NULL
);







CREATE TABLE ezcontentclass (
    id integer DEFAULT nextval('ezcontentclass_s'::text) NOT NULL,
    "version" integer DEFAULT '0' NOT NULL,
    name character varying(255),
    identifier character varying(50) DEFAULT '' NOT NULL,
    contentobject_name character varying(255),
    creator_id integer DEFAULT '0' NOT NULL,
    modifier_id integer DEFAULT '0' NOT NULL,
    created integer DEFAULT '0' NOT NULL,
    modified integer DEFAULT '0' NOT NULL
);







CREATE TABLE ezcontentclass_attribute (
    id integer DEFAULT nextval('ezcontentclass_attribute_s'::text) NOT NULL,
    "version" integer DEFAULT '0' NOT NULL,
    contentclass_id integer DEFAULT '0' NOT NULL,
    identifier character varying(50) DEFAULT '' NOT NULL,
    name character varying(255) DEFAULT '' NOT NULL,
    data_type_string character varying(50) DEFAULT '' NOT NULL,
    is_searchable integer DEFAULT '0' NOT NULL,
    is_required integer DEFAULT '0' NOT NULL,
    placement integer DEFAULT '0' NOT NULL,
    data_int1 integer,
    data_int2 integer,
    data_int3 integer,
    data_int4 integer,
    data_float1 double precision,
    data_float2 double precision,
    data_float3 double precision,
    data_float4 double precision,
    data_text1 character varying(50),
    data_text2 character varying(50),
    data_text3 character varying(50),
    data_text4 character varying(255),
    data_text5 text,
    is_information_collector integer DEFAULT '0' NOT NULL,
    can_translate integer DEFAULT '1'
);







CREATE TABLE ezcontentclass_classgroup (
    contentclass_id integer DEFAULT '0' NOT NULL,
    contentclass_version integer DEFAULT '0' NOT NULL,
    group_id integer DEFAULT '0' NOT NULL,
    group_name character varying(255)
);







CREATE TABLE ezcontentclassgroup (
    id integer DEFAULT nextval('ezcontentclassgroup_s'::text) NOT NULL,
    name character varying(255),
    creator_id integer DEFAULT '0' NOT NULL,
    modifier_id integer DEFAULT '0' NOT NULL,
    created integer DEFAULT '0' NOT NULL,
    modified integer DEFAULT '0' NOT NULL
);







CREATE TABLE ezcontentobject (
    id integer DEFAULT nextval('ezcontentobject_s'::text) NOT NULL,
    owner_id integer DEFAULT '0' NOT NULL,
    section_id integer DEFAULT '0' NOT NULL,
    contentclass_id integer DEFAULT '0' NOT NULL,
    name character varying(255),
    current_version integer,
    is_published integer,
    published integer DEFAULT '0' NOT NULL,
    modified integer DEFAULT '0' NOT NULL,
    status integer DEFAULT '0',
    remote_id character varying(100)
);







CREATE TABLE ezcontentobject_attribute (
    id integer DEFAULT nextval('ezcontentobject_attribute_s'::text) NOT NULL,
    language_code character varying(20) DEFAULT '' NOT NULL,
    "version" integer DEFAULT '0' NOT NULL,
    contentobject_id integer DEFAULT '0' NOT NULL,
    contentclassattribute_id integer DEFAULT '0' NOT NULL,
    data_text text,
    data_int integer,
    data_float double precision,
    attribute_original_id integer DEFAULT '0',
    sort_key_int integer DEFAULT '0' NOT NULL,
    sort_key_string character varying(50) DEFAULT '',
    data_type_string character varying(50)
);







CREATE TABLE ezcontentobject_link (
    id integer DEFAULT nextval('ezcontentobject_link_s'::text) NOT NULL,
    from_contentobject_id integer DEFAULT '0' NOT NULL,
    from_contentobject_version integer DEFAULT '0' NOT NULL,
    to_contentobject_id integer DEFAULT '0' NOT NULL
);







CREATE TABLE ezcontentobject_name (
    contentobject_id integer DEFAULT '0' NOT NULL,
    name character varying(255),
    content_version integer DEFAULT '0' NOT NULL,
    content_translation character varying(20) DEFAULT '' NOT NULL,
    real_translation character varying(20)
);







CREATE TABLE ezcontentobject_tree (
    node_id integer DEFAULT nextval('ezcontentobject_tree_s'::text) NOT NULL,
    parent_node_id integer DEFAULT '0' NOT NULL,
    contentobject_id integer,
    contentobject_version integer,
    contentobject_is_published integer,
    depth integer DEFAULT '0' NOT NULL,
    path_string character varying(255) DEFAULT '' NOT NULL,
    sort_field integer DEFAULT '1',
    sort_order integer DEFAULT '1',
    priority integer DEFAULT '0' NOT NULL,
    path_identification_string text,
    main_node_id integer
);







CREATE TABLE ezcontentobject_version (
    id integer DEFAULT nextval('ezcontentobject_version_s'::text) NOT NULL,
    contentobject_id integer,
    creator_id integer DEFAULT '0' NOT NULL,
    "version" integer DEFAULT '0' NOT NULL,
    created integer DEFAULT '0' NOT NULL,
    modified integer DEFAULT '0' NOT NULL,
    status integer DEFAULT '0' NOT NULL,
    user_id integer DEFAULT '0' NOT NULL,
    workflow_event_pos integer DEFAULT 0
);







CREATE TABLE ezdiscountrule (
    id integer DEFAULT nextval('ezdiscountrule_s'::text) NOT NULL,
    name character varying(255) DEFAULT '' NOT NULL
);







CREATE TABLE ezdiscountsubrule (
    id integer DEFAULT nextval('ezdiscountsubrule_s'::text) NOT NULL,
    name character varying(255) DEFAULT '' NOT NULL,
    discountrule_id integer DEFAULT '0' NOT NULL,
    discount_percent double precision,
    limitation character(1)
);







CREATE TABLE ezdiscountsubrule_value (
    discountsubrule_id integer DEFAULT '0' NOT NULL,
    value integer DEFAULT '0' NOT NULL,
    issection integer DEFAULT '0' NOT NULL
);







CREATE TABLE ezenumobjectvalue (
    contentobject_attribute_id integer DEFAULT '0' NOT NULL,
    contentobject_attribute_version integer DEFAULT '0' NOT NULL,
    enumid integer DEFAULT '0' NOT NULL,
    enumelement character varying(255) DEFAULT '' NOT NULL,
    enumvalue character varying(255) DEFAULT '' NOT NULL
);







CREATE TABLE ezenumvalue (
    id integer DEFAULT nextval('ezenumvalue_s'::text) NOT NULL,
    contentclass_attribute_id integer DEFAULT '0' NOT NULL,
    contentclass_attribute_version integer DEFAULT '0' NOT NULL,
    enumelement character varying(255) DEFAULT '' NOT NULL,
    enumvalue character varying(255) DEFAULT '' NOT NULL,
    placement integer DEFAULT '0' NOT NULL
);







CREATE TABLE ezforgot_password (
    id integer DEFAULT nextval('ezforgot_password_s'::text) NOT NULL,
    user_id integer DEFAULT '0' NOT NULL,
    hash_key character varying(32) DEFAULT '' NOT NULL,
    "time" integer DEFAULT '0' NOT NULL
);







CREATE TABLE ezgeneral_digest_user_settings (
    id integer DEFAULT nextval('ezgeneral_digest_user_settings_s'::text) NOT NULL,
    address character varying(255) DEFAULT '' NOT NULL,
    receive_digest integer DEFAULT '0' NOT NULL,
    digest_type integer DEFAULT '0' NOT NULL,
    "day" character varying(255) DEFAULT '' NOT NULL,
    "time" character varying(255) DEFAULT '' NOT NULL
);







CREATE TABLE ezimage (
    contentobject_attribute_id integer DEFAULT '0' NOT NULL,
    "version" integer DEFAULT '0' NOT NULL,
    filename character varying(255) DEFAULT '' NOT NULL,
    original_filename character varying(255) DEFAULT '' NOT NULL,
    mime_type character varying(50) DEFAULT '' NOT NULL,
    alternative_text character varying(255) DEFAULT '' NOT NULL
);







CREATE TABLE ezimagevariation (
    contentobject_attribute_id integer DEFAULT '0' NOT NULL,
    "version" integer DEFAULT '0' NOT NULL,
    filename character varying(255) DEFAULT '' NOT NULL,
    additional_path character varying(255),
    requested_width integer DEFAULT '0' NOT NULL,
    requested_height integer DEFAULT '0' NOT NULL,
    width integer DEFAULT '0' NOT NULL,
    height integer DEFAULT '0' NOT NULL
);







CREATE TABLE ezinfocollection (
    id integer DEFAULT nextval('ezinfocollection_s'::text) NOT NULL,
    contentobject_id integer DEFAULT '0' NOT NULL,
    created integer DEFAULT '0' NOT NULL,
    user_identifier character varying(34),
    modified integer DEFAULT 0
);







CREATE TABLE ezinfocollection_attribute (
    id integer DEFAULT nextval('ezinfocollection_attribute_s'::text) NOT NULL,
    informationcollection_id integer DEFAULT '0' NOT NULL,
    data_text text,
    data_int integer,
    data_float double precision,
    contentclass_attribute_id integer DEFAULT '0' NOT NULL,
    contentobject_attribute_id integer,
    contentobject_id integer
);







CREATE TABLE ezkeyword (
    id integer DEFAULT nextval('ezkeyword_s'::text) NOT NULL,
    keyword character varying(255),
    class_id integer DEFAULT '0' NOT NULL
);







CREATE TABLE ezkeyword_attribute_link (
    id integer DEFAULT nextval('ezkeyword_attribute_link_s'::text) NOT NULL,
    keyword_id integer DEFAULT '0' NOT NULL,
    objectattribute_id integer DEFAULT '0' NOT NULL
);







CREATE TABLE ezmedia (
    contentobject_attribute_id integer DEFAULT '0' NOT NULL,
    "version" integer DEFAULT '0' NOT NULL,
    filename character varying(255) DEFAULT '' NOT NULL,
    original_filename character varying(255) DEFAULT '' NOT NULL,
    mime_type character varying(50) DEFAULT '' NOT NULL,
    width integer,
    height integer,
    has_controller integer,
    is_autoplay integer,
    pluginspage character varying(255),
    quality character varying(50),
    controls character varying(50),
    is_loop integer
);







CREATE TABLE ezmessage (
    id integer DEFAULT nextval('ezmessage_s'::text) NOT NULL,
    send_method character varying(50) DEFAULT '' NOT NULL,
    send_weekday character varying(50) DEFAULT '' NOT NULL,
    send_time character varying(50) DEFAULT '' NOT NULL,
    destination_address character varying(50) DEFAULT '' NOT NULL,
    title character varying(255) DEFAULT '' NOT NULL,
    body text,
    is_sent integer DEFAULT '0' NOT NULL
);







CREATE TABLE ezmodule_run (
    id integer DEFAULT nextval('ezmodule_run_s'::text) NOT NULL,
    workflow_process_id integer,
    module_name character varying(255),
    function_name character varying(255),
    module_data text
);







CREATE TABLE eznode_assignment (
    id integer DEFAULT nextval('eznode_assignment_s'::text) NOT NULL,
    contentobject_id integer,
    contentobject_version integer,
    parent_node integer,
    sort_field integer DEFAULT '1',
    sort_order integer DEFAULT '1',
    is_main integer DEFAULT '0' NOT NULL,
    from_node_id integer DEFAULT '0',
    remote_id integer DEFAULT '0' NOT NULL
);







CREATE TABLE eznotificationcollection (
    id integer DEFAULT nextval('eznotificationcollection_s'::text) NOT NULL,
    event_id integer DEFAULT '0' NOT NULL,
    "handler" character varying(255) DEFAULT '' NOT NULL,
    transport character varying(255) DEFAULT '' NOT NULL,
    data_subject text NOT NULL,
    data_text text NOT NULL
);







CREATE TABLE eznotificationcollection_item (
    id integer DEFAULT nextval('eznotificationcollection_item_s'::text) NOT NULL,
    collection_id integer DEFAULT '0' NOT NULL,
    event_id integer DEFAULT '0' NOT NULL,
    address character varying(255) DEFAULT '' NOT NULL,
    send_date integer DEFAULT '0' NOT NULL
);







CREATE TABLE eznotificationevent (
    id integer DEFAULT nextval('eznotificationevent_s'::text) NOT NULL,
    status integer DEFAULT '0' NOT NULL,
    event_type_string character varying(255) DEFAULT '' NOT NULL,
    data_int1 integer DEFAULT '0' NOT NULL,
    data_int2 integer DEFAULT '0' NOT NULL,
    data_int3 integer DEFAULT '0' NOT NULL,
    data_int4 integer DEFAULT '0' NOT NULL,
    data_text1 text NOT NULL,
    data_text2 text NOT NULL,
    data_text3 text NOT NULL,
    data_text4 text NOT NULL
);







CREATE TABLE ezoperation_memento (
    id integer DEFAULT nextval('ezoperation_memento_s'::text) NOT NULL,
    memento_key character varying(32) DEFAULT '' NOT NULL,
    memento_data text NOT NULL,
    main integer DEFAULT '0' NOT NULL,
    main_key character varying(32) DEFAULT '' NOT NULL
);







CREATE TABLE ezorder (
    id integer DEFAULT nextval('ezorder_s'::text) NOT NULL,
    user_id integer DEFAULT '0' NOT NULL,
    productcollection_id integer DEFAULT '0' NOT NULL,
    created integer DEFAULT '0' NOT NULL,
    is_temporary integer DEFAULT '1' NOT NULL,
    order_nr integer DEFAULT '0' NOT NULL,
    data_text_2 text,
    data_text_1 text,
    account_identifier character varying(100) DEFAULT 'default' NOT NULL,
    ignore_vat integer DEFAULT '0' NOT NULL
);







CREATE TABLE ezorder_item (
    id integer DEFAULT nextval('ezorder_item_s'::text) NOT NULL,
    order_id integer DEFAULT '0' NOT NULL,
    description character varying(255),
    price double precision,
    vat_value integer DEFAULT '0' NOT NULL
);







CREATE TABLE ezpolicy (
    id integer DEFAULT nextval('ezpolicy_s'::text) NOT NULL,
    role_id integer,
    function_name character varying(255),
    module_name character varying(255),
    limitation character(1)
);







CREATE TABLE ezpolicy_limitation (
    id integer DEFAULT nextval('ezpolicy_limitation_s'::text) NOT NULL,
    policy_id integer,
    identifier character varying(255) DEFAULT '' NOT NULL,
    role_id integer,
    function_name character varying(255),
    module_name character varying(255)
);







CREATE TABLE ezpolicy_limitation_value (
    id integer DEFAULT nextval('ezpolicy_limitation_value_s'::text) NOT NULL,
    limitation_id integer,
    value character varying(255)
);







CREATE TABLE ezpreferences (
    id integer DEFAULT nextval('ezpreferences_s'::text) NOT NULL,
    user_id integer DEFAULT '0' NOT NULL,
    name character varying(100),
    value character varying(100)
);







CREATE TABLE ezproductcollection (
    id integer DEFAULT nextval('ezproductcollection_s'::text) NOT NULL,
    created integer
);







CREATE TABLE ezproductcollection_item (
    id integer DEFAULT nextval('ezproductcollection_item_s'::text) NOT NULL,
    productcollection_id integer DEFAULT '0' NOT NULL,
    contentobject_id integer DEFAULT '0' NOT NULL,
    item_count integer DEFAULT '0' NOT NULL,
    price double precision,
    is_vat_inc integer,
    vat_value double precision,
    discount double precision
);







CREATE TABLE ezproductcollection_item_opt (
    id integer DEFAULT nextval('ezproductcollection_item_opt_s'::text) NOT NULL,
    item_id integer DEFAULT '0' NOT NULL,
    option_item_id integer DEFAULT '0' NOT NULL,
    name character varying(255) DEFAULT '' NOT NULL,
    value character varying(255) DEFAULT '' NOT NULL,
    price double precision DEFAULT '0' NOT NULL,
    object_attribute_id integer
);







CREATE TABLE ezrole (
    id integer DEFAULT nextval('ezrole_s'::text) NOT NULL,
    "version" integer DEFAULT '0',
    name character varying(255) DEFAULT '' NOT NULL,
    value character(1)
);







CREATE TABLE ezsearch_object_word_link (
    id integer DEFAULT nextval('ezsearch_object_word_link_s'::text) NOT NULL,
    contentobject_id integer DEFAULT '0' NOT NULL,
    word_id integer DEFAULT '0' NOT NULL,
    frequency double precision DEFAULT '0' NOT NULL,
    placement integer DEFAULT '0' NOT NULL,
    prev_word_id integer DEFAULT '0' NOT NULL,
    next_word_id integer DEFAULT '0' NOT NULL,
    contentclass_id integer DEFAULT '0' NOT NULL,
    published integer DEFAULT '0' NOT NULL,
    section_id integer DEFAULT '0' NOT NULL,
    contentclass_attribute_id integer DEFAULT '0' NOT NULL,
    identifier character varying(255) DEFAULT '' NOT NULL,
    integer_value integer DEFAULT '0' NOT NULL
);







CREATE TABLE ezsearch_return_count (
    id integer DEFAULT nextval('ezsearch_return_count_s'::text) NOT NULL,
    phrase_id integer DEFAULT '0' NOT NULL,
    "time" integer DEFAULT '0' NOT NULL,
    count integer DEFAULT '0' NOT NULL
);







CREATE TABLE ezsearch_search_phrase (
    id integer DEFAULT nextval('ezsearch_search_phrase_s'::text) NOT NULL,
    phrase character varying(250)
);







CREATE TABLE ezsearch_word (
    id integer DEFAULT nextval('ezsearch_word_s'::text) NOT NULL,
    word character varying(150),
    object_count integer DEFAULT '0' NOT NULL
);







CREATE TABLE ezsection (
    id integer DEFAULT nextval('ezsection_s'::text) NOT NULL,
    name character varying(255),
    locale character varying(255),
    navigation_part_identifier character varying(100) DEFAULT 'ezcontentnavigationpart'
);







CREATE TABLE ezsession (
    session_key character varying(32) DEFAULT '' NOT NULL,
    expiration_time bigint DEFAULT '0' NOT NULL,
    data text NOT NULL,
    CONSTRAINT ezsession_expiration_time CHECK ((expiration_time >= 0))
);







CREATE TABLE ezsubtree_notification_rule (
    id integer DEFAULT nextval('ezsubtree_notification_rule_s'::text) NOT NULL,
    address character varying(255) DEFAULT '' NOT NULL,
    use_digest integer DEFAULT '0' NOT NULL,
    node_id integer DEFAULT '0' NOT NULL
);







CREATE TABLE eztrigger (
    id integer DEFAULT nextval('eztrigger_s'::text) NOT NULL,
    name character varying(255),
    module_name character varying(200) DEFAULT '' NOT NULL,
    function_name character varying(200) DEFAULT '' NOT NULL,
    connect_type character(1) DEFAULT '' NOT NULL,
    workflow_id integer
);







CREATE TABLE ezurl (
    id integer DEFAULT nextval('ezurl_s'::text) NOT NULL,
    url character varying(255),
    created integer DEFAULT '0' NOT NULL,
    modified integer DEFAULT '0' NOT NULL,
    is_valid integer DEFAULT '1' NOT NULL,
    last_checked integer DEFAULT '0' NOT NULL,
    original_url_md5 character varying(32) DEFAULT '' NOT NULL
);







CREATE TABLE ezurl_object_link (
    url_id integer DEFAULT '0' NOT NULL,
    contentobject_attribute_id integer DEFAULT '0' NOT NULL,
    contentobject_attribute_version integer DEFAULT '0' NOT NULL
);







CREATE TABLE ezurlalias (
    id integer DEFAULT nextval('ezurlalias_s'::text) NOT NULL,
    source_url text NOT NULL,
    source_md5 character varying(32),
    destination_url text NOT NULL,
    is_internal integer DEFAULT '1' NOT NULL,
    forward_to_id integer DEFAULT '0' NOT NULL,
    is_wildcard integer DEFAULT 0 NOT NULL
);







CREATE TABLE ezuser (
    contentobject_id integer DEFAULT '0' NOT NULL,
    login character varying(150) DEFAULT '' NOT NULL,
    email character varying(150) DEFAULT '' NOT NULL,
    password_hash_type integer DEFAULT '1' NOT NULL,
    password_hash character varying(50)
);







CREATE TABLE ezuser_accountkey (
    id integer DEFAULT nextval('ezuser_accountkey_s'::text) NOT NULL,
    user_id integer DEFAULT '0' NOT NULL,
    hash_key character varying(32) DEFAULT '' NOT NULL,
    "time" integer DEFAULT '0' NOT NULL
);







CREATE TABLE ezuser_discountrule (
    id integer DEFAULT nextval('ezuser_discountrule_s'::text) NOT NULL,
    discountrule_id integer,
    contentobject_id integer,
    name character varying(255) DEFAULT '' NOT NULL
);







CREATE TABLE ezuser_role (
    id integer DEFAULT nextval('ezuser_role_s'::text) NOT NULL,
    role_id integer,
    contentobject_id integer
);







CREATE TABLE ezuser_setting (
    user_id integer DEFAULT '0' NOT NULL,
    is_enabled integer DEFAULT '0' NOT NULL,
    max_login integer
);







CREATE TABLE ezvattype (
    id integer DEFAULT nextval('ezvattype_s'::text) NOT NULL,
    name character varying(255) DEFAULT '' NOT NULL,
    percentage double precision
);







CREATE TABLE ezwaituntildatevalue (
    id integer DEFAULT nextval('ezwaituntildatevalue_s'::text) NOT NULL,
    workflow_event_id integer DEFAULT '0' NOT NULL,
    workflow_event_version integer DEFAULT '0' NOT NULL,
    contentclass_id integer DEFAULT '0' NOT NULL,
    contentclass_attribute_id integer DEFAULT '0' NOT NULL
);







CREATE TABLE ezwishlist (
    id integer DEFAULT nextval('ezwishlist_s'::text) NOT NULL,
    user_id integer DEFAULT '0' NOT NULL,
    productcollection_id integer DEFAULT '0' NOT NULL
);







CREATE TABLE ezworkflow (
    id integer DEFAULT nextval('ezworkflow_s'::text) NOT NULL,
    "version" integer DEFAULT '0' NOT NULL,
    is_enabled integer DEFAULT '0' NOT NULL,
    workflow_type_string character varying(50) DEFAULT '' NOT NULL,
    name character varying(255) DEFAULT '' NOT NULL,
    creator_id integer DEFAULT '0' NOT NULL,
    modifier_id integer DEFAULT '0' NOT NULL,
    created integer DEFAULT '0' NOT NULL,
    modified integer DEFAULT '0' NOT NULL
);







CREATE TABLE ezworkflow_assign (
    id integer DEFAULT nextval('ezworkflow_assign_s'::text) NOT NULL,
    workflow_id integer DEFAULT '0' NOT NULL,
    node_id integer DEFAULT '0' NOT NULL,
    access_type integer DEFAULT '0' NOT NULL,
    as_tree integer DEFAULT '0' NOT NULL
);







CREATE TABLE ezworkflow_event (
    id integer DEFAULT nextval('ezworkflow_event_s'::text) NOT NULL,
    "version" integer DEFAULT '0' NOT NULL,
    workflow_id integer DEFAULT '0' NOT NULL,
    workflow_type_string character varying(50) DEFAULT '' NOT NULL,
    description character varying(50) DEFAULT '' NOT NULL,
    data_int1 integer,
    data_int2 integer,
    data_int3 integer,
    data_int4 integer,
    data_text1 character varying(50),
    data_text2 character varying(50),
    data_text3 character varying(50),
    data_text4 character varying(50),
    placement integer DEFAULT '0' NOT NULL
);







CREATE TABLE ezworkflow_group (
    id integer DEFAULT nextval('ezworkflow_group_s'::text) NOT NULL,
    name character varying(255) DEFAULT '' NOT NULL,
    creator_id integer DEFAULT '0' NOT NULL,
    modifier_id integer DEFAULT '0' NOT NULL,
    created integer DEFAULT '0' NOT NULL,
    modified integer DEFAULT '0' NOT NULL
);







CREATE TABLE ezworkflow_group_link (
    workflow_id integer DEFAULT '0' NOT NULL,
    group_id integer DEFAULT '0' NOT NULL,
    workflow_version integer DEFAULT '0' NOT NULL,
    group_name character varying(255)
);







CREATE TABLE ezworkflow_process (
    id integer DEFAULT nextval('ezworkflow_process_s'::text) NOT NULL,
    process_key character varying(32) DEFAULT '' NOT NULL,
    workflow_id integer DEFAULT '0' NOT NULL,
    user_id integer DEFAULT '0' NOT NULL,
    content_id integer DEFAULT '0' NOT NULL,
    content_version integer DEFAULT '0' NOT NULL,
    node_id integer DEFAULT '0' NOT NULL,
    session_key character varying(32) DEFAULT '0' NOT NULL,
    event_id integer DEFAULT '0' NOT NULL,
    event_position integer DEFAULT '0' NOT NULL,
    last_event_id integer DEFAULT '0' NOT NULL,
    last_event_position integer DEFAULT '0' NOT NULL,
    last_event_status integer DEFAULT '0' NOT NULL,
    event_status integer DEFAULT '0' NOT NULL,
    created integer DEFAULT '0' NOT NULL,
    modified integer DEFAULT '0' NOT NULL,
    activation_date integer,
    event_state integer,
    status integer,
    parameters text,
    memento_key character varying(32)
);







CREATE TABLE ezsite_data (
    name character varying(60) DEFAULT '' NOT NULL,
    value text DEFAULT '' NOT NULL
);







CREATE SEQUENCE ezpdf_export_s
    START 1
    INCREMENT 1
    MAXVALUE 9223372036854775807
    MINVALUE 1
    CACHE 1;







CREATE TABLE ezpdf_export (
    id integer DEFAULT nextval('ezpdf_export_s'::text) NOT NULL,
    title character varying(255),
    show_frontpage integer,
    intro_text text,
    sub_text text,
    source_node_id integer,
    export_structure character varying(255),
    export_classes character varying(255),
    site_access character varying(255),
    pdf_filename character varying(255),
    modifier_id integer,
    modified integer,
    created integer,
    creator_id integer,
    status integer
);







CREATE SEQUENCE ezrss_export_s
    START 1
    INCREMENT 1
    MAXVALUE 9223372036854775807
    MINVALUE 1
    CACHE 1;







CREATE TABLE ezrss_export (
    id integer DEFAULT nextval('ezrss_export_s'::text) NOT NULL,
    title character varying(255),
    modifier_id integer,
    modified integer,
    url character varying(255),
    description text,
    image_id integer,
    active integer,
    access_url character varying(255),
    created integer,
    creator_id integer,
    status integer,
    rss_version character varying(255),
    site_access character varying(255)
);







CREATE SEQUENCE ezrss_export_item_s
    START 1
    INCREMENT 1
    MAXVALUE 9223372036854775807
    MINVALUE 1
    CACHE 1;







CREATE TABLE ezrss_export_item (
    id integer DEFAULT nextval('ezrss_export_item_s'::text) NOT NULL,
    rssexport_id integer,
    source_node_id integer,
    class_id integer,
    title character varying(255),
    description character varying(255) DEFAULT 0
);







CREATE SEQUENCE ezrss_import_s
    START 1
    INCREMENT 1
    MAXVALUE 9223372036854775807
    MINVALUE 1
    CACHE 1;







CREATE TABLE ezrss_import (
    id integer DEFAULT nextval('ezrss_import_s'::text) NOT NULL,
    name character varying(255),
    url text,
    destination_node_id integer,
    class_id integer,
    class_title character varying(255),
    class_url character varying(255),
    class_description character varying(255),
    active integer,
    creator_id integer,
    created integer,
    modifier_id integer,
    modified integer,
    status integer,
    object_owner_id integer
);







CREATE SEQUENCE ezimagefile_s
    START 1
    INCREMENT 1
    MAXVALUE 9223372036854775807
    MINVALUE 1
    CACHE 1;







CREATE TABLE ezimagefile (
    id integer DEFAULT nextval('ezimagefile_s'::text) NOT NULL,
    contentobject_attribute_id integer NOT NULL,
    filepath text NOT NULL
);







CREATE TABLE eztipafriend_counter (
    node_id integer DEFAULT '0' NOT NULL,
    count integer DEFAULT '0' NOT NULL
);







CREATE TABLE ezview_counter (
    node_id integer DEFAULT '0' NOT NULL,
    count integer DEFAULT '0' NOT NULL
);



























































































INSERT INTO ezcontent_translation VALUES (1, 'English (United Kingdom)', 'eng-GB');





















INSERT INTO ezcontentclass VALUES (1, 0, 'Folder', 'folder', '<name>', 14, 14, 1024392098, 1068804191);
INSERT INTO ezcontentclass VALUES (2, 0, 'Article', 'article', '<title>', 14, 14, 1024392098, 1066907423);
INSERT INTO ezcontentclass VALUES (3, 0, 'User group', 'user_group', '<name>', 14, 14, 1024392098, 1048494743);
INSERT INTO ezcontentclass VALUES (4, 0, 'User', 'user', '<first_name> <last_name>', 14, 14, 1024392098, 1068123024);
INSERT INTO ezcontentclass VALUES (5, 0, 'Image', 'image', '<name>', 8, 14, 1031484992, 1048494784);
INSERT INTO ezcontentclass VALUES (10, 0, 'Info page', 'info_page', '<name>', 14, 14, 1052385274, 1052385353);
INSERT INTO ezcontentclass VALUES (12, 0, 'File', 'file', '<name>', 14, 14, 1052385472, 1052385669);
INSERT INTO ezcontentclass VALUES (14, 0, 'Setup link', 'setup_link', '<title>', 14, 14, 1066383719, 1066383885);
INSERT INTO ezcontentclass VALUES (15, 0, 'Template look', 'template_look', '<title>', 14, 14, 1066390045, 1069677671);
INSERT INTO ezcontentclass VALUES (25, 0, 'Poll', 'poll', '<name>', 14, 14, 1068716373, 1068717758);
INSERT INTO ezcontentclass VALUES (24, 0, 'Link', 'link', '<name>', 14, 14, 1068716182, 1068716360);
INSERT INTO ezcontentclass VALUES (23, 0, 'Log', 'log', '<title>', 14, 14, 1068710873, 1068718967);
INSERT INTO ezcontentclass VALUES (26, 0, 'Comment', 'comment', '<name>', 14, 14, 1068716787, 1068716858);







INSERT INTO ezcontentclass_attribute VALUES (116, 0, 5, 'name', 'Name', 'ezstring', 1, 1, 1, 150, 0, 0, 0, 0, 0, 0, 0, '', '', '', '', NULL, 0, 1);
INSERT INTO ezcontentclass_attribute VALUES (6, 0, 3, 'name', 'Name', 'ezstring', 1, 1, 1, 255, 0, 0, 0, 0, 0, 0, 0, '', '', '', '', NULL, 0, 1);
INSERT INTO ezcontentclass_attribute VALUES (7, 0, 3, 'description', 'Description', 'ezstring', 1, 0, 2, 255, 0, 0, 0, 0, 0, 0, 0, '', '', '', '', NULL, 0, 1);
INSERT INTO ezcontentclass_attribute VALUES (118, 0, 5, 'image', 'Image', 'ezimage', 0, 0, 3, 2, 0, 0, 0, 0, 0, 0, 0, '', '', '', '', NULL, 0, 1);
INSERT INTO ezcontentclass_attribute VALUES (117, 0, 5, 'caption', 'Caption', 'ezxmltext', 1, 0, 2, 10, 0, 0, 0, 0, 0, 0, 0, '', '', '', '', NULL, 0, 1);
INSERT INTO ezcontentclass_attribute VALUES (142, 0, 10, 'image', 'Image', 'ezimage', 0, 0, 3, 1, 0, 0, 0, 0, 0, 0, 0, '', '', '', '', NULL, 0, 1);
INSERT INTO ezcontentclass_attribute VALUES (141, 0, 10, 'body', 'Body', 'ezxmltext', 1, 0, 2, 20, 0, 0, 0, 0, 0, 0, 0, '', '', '', '', NULL, 0, 1);
INSERT INTO ezcontentclass_attribute VALUES (140, 0, 10, 'name', 'Name', 'ezstring', 1, 1, 1, 100, 0, 0, 0, 0, 0, 0, 0, '', '', '', '', NULL, 0, 1);
INSERT INTO ezcontentclass_attribute VALUES (146, 0, 12, 'name', 'Name', 'ezstring', 1, 1, 1, 0, 0, 0, 0, 0, 0, 0, 0, 'New file', '', '', '', NULL, 0, 1);
INSERT INTO ezcontentclass_attribute VALUES (148, 0, 12, 'file', 'File', 'ezbinaryfile', 0, 1, 3, 0, 0, 0, 0, 0, 0, 0, 0, '', '', '', '', NULL, 0, 1);
INSERT INTO ezcontentclass_attribute VALUES (147, 0, 12, 'description', 'Description', 'ezxmltext', 1, 0, 2, 10, 0, 0, 0, 0, 0, 0, 0, '', '', '', '', NULL, 0, 1);
INSERT INTO ezcontentclass_attribute VALUES (154, 0, 14, 'description', 'Description', 'eztext', 1, 0, 3, 2, 0, 0, 0, 0, 0, 0, 0, '', '', '', '', '', 0, 1);
INSERT INTO ezcontentclass_attribute VALUES (153, 0, 14, 'icon', 'Icon', 'ezimage', 0, 0, 2, 0, 0, 0, 0, 0, 0, 0, 0, '', '', '', '', '', 0, 1);
INSERT INTO ezcontentclass_attribute VALUES (152, 0, 14, 'title', 'Title', 'ezstring', 1, 1, 1, 0, 0, 0, 0, 0, 0, 0, 0, '', '', '', '', '', 0, 1);
INSERT INTO ezcontentclass_attribute VALUES (155, 0, 14, 'link', 'Link', 'ezstring', 1, 1, 4, 0, 0, 0, 0, 0, 0, 0, 0, '', '', '', '', '', 0, 1);
INSERT INTO ezcontentclass_attribute VALUES (214, 0, 1, 'list_title', 'List title', 'ezstring', 0, 1, 4, 0, 0, 0, 0, 0, 0, 0, 0, 'Recent items', '', '', '', '', 0, 1);
INSERT INTO ezcontentclass_attribute VALUES (1, 0, 2, 'title', 'Title', 'ezstring', 1, 1, 1, 255, 0, 0, 0, 0, 0, 0, 0, 'New article', '', '', '', '', 0, 1);
INSERT INTO ezcontentclass_attribute VALUES (177, 0, 2, 'frontpage_image', 'Frontpage image', 'ezinteger', 0, 0, 6, 0, 0, 0, 0, 0, 0, 0, 0, '', '', '', '', '', 0, 1);
INSERT INTO ezcontentclass_attribute VALUES (123, 0, 2, 'enable_comments', 'Enable comments', 'ezboolean', 0, 0, 5, 0, 0, 0, 0, 0, 0, 0, 0, '', '', '', '', '', 0, 1);
INSERT INTO ezcontentclass_attribute VALUES (122, 0, 2, 'thumbnail', 'Thumbnail', 'ezimage', 0, 0, 4, 2, 0, 0, 0, 0, 0, 0, 0, '', '', '', '', '', 0, 1);
INSERT INTO ezcontentclass_attribute VALUES (121, 0, 2, 'body', 'Body', 'ezxmltext', 1, 0, 3, 20, 0, 0, 0, 0, 0, 0, 0, '', '', '', '', '', 0, 1);
INSERT INTO ezcontentclass_attribute VALUES (120, 0, 2, 'intro', 'Intro', 'ezxmltext', 1, 1, 2, 10, 0, 0, 0, 0, 0, 0, 0, '', '', '', '', '', 0, 1);
INSERT INTO ezcontentclass_attribute VALUES (198, 0, 4, 'location', 'Location', 'ezstring', 1, 0, 5, 0, 0, 0, 0, 0, 0, 0, 0, '', '', '', '', '', 0, 1);
INSERT INTO ezcontentclass_attribute VALUES (199, 0, 4, 'signature', 'Signature', 'eztext', 1, 0, 6, 2, 0, 0, 0, 0, 0, 0, 0, '', '', '', '', '', 0, 1);
INSERT INTO ezcontentclass_attribute VALUES (203, 0, 23, 'log', 'Log', 'ezxmltext', 1, 0, 2, 15, 0, 0, 0, 0, 0, 0, 0, '', '', '', '', '', 0, 1);
INSERT INTO ezcontentclass_attribute VALUES (207, 0, 25, 'name', 'Name', 'ezstring', 1, 1, 1, 0, 0, 0, 0, 0, 0, 0, 0, '', '', '', '', '', 0, 1);
INSERT INTO ezcontentclass_attribute VALUES (208, 0, 25, 'option', 'Option', 'ezoption', 0, 1, 2, 0, 0, 0, 0, 0, 0, 0, 0, '', '', '', '', '', 1, 1);
INSERT INTO ezcontentclass_attribute VALUES (205, 0, 24, 'description', 'Description', 'ezxmltext', 1, 0, 2, 5, 0, 0, 0, 0, 0, 0, 0, '', '', '', '', '', 0, 1);
INSERT INTO ezcontentclass_attribute VALUES (206, 0, 24, 'url', 'URL', 'ezurl', 0, 1, 3, 0, 0, 0, 0, 0, 0, 0, 0, '', '', '', '', '', 0, 1);
INSERT INTO ezcontentclass_attribute VALUES (204, 0, 24, 'name', 'Name', 'ezstring', 1, 1, 1, 0, 0, 0, 0, 0, 0, 0, 0, '', '', '', '', '', 0, 1);
INSERT INTO ezcontentclass_attribute VALUES (202, 0, 23, 'title', 'Title', 'ezstring', 1, 1, 1, 0, 0, 0, 0, 0, 0, 0, 0, '', '', '', '', '', 0, 1);
INSERT INTO ezcontentclass_attribute VALUES (212, 0, 26, 'comment', 'Comment', 'eztext', 1, 0, 4, 10, 0, 0, 0, 0, 0, 0, 0, '', '', '', '', '', 0, 1);
INSERT INTO ezcontentclass_attribute VALUES (200, 0, 4, 'user_image', 'User image', 'ezimage', 0, 0, 7, 1, 0, 0, 0, 0, 0, 0, 0, '', '', '', '', '', 0, 1);
INSERT INTO ezcontentclass_attribute VALUES (197, 0, 4, 'title', 'Title', 'ezstring', 1, 0, 4, 25, 0, 0, 0, 0, 0, 0, 0, '', '', '', '', '', 0, 1);
INSERT INTO ezcontentclass_attribute VALUES (12, 0, 4, 'user_account', 'User account', 'ezuser', 0, 1, 3, 0, 0, 0, 0, 0, 0, 0, 0, '', '', '', '', '', 0, 1);
INSERT INTO ezcontentclass_attribute VALUES (9, 0, 4, 'last_name', 'Last name', 'ezstring', 1, 1, 2, 255, 0, 0, 0, 0, 0, 0, 0, '', '', '', '', '', 0, 1);
INSERT INTO ezcontentclass_attribute VALUES (8, 0, 4, 'first_name', 'First name', 'ezstring', 1, 1, 1, 255, 0, 0, 0, 0, 0, 0, 0, '', '', '', '', '', 0, 1);
INSERT INTO ezcontentclass_attribute VALUES (213, 0, 23, 'enable_comments', 'Enable comments', 'ezboolean', 1, 0, 3, 0, 0, 1, 0, 0, 0, 0, 0, '', '', '', '', '', 0, 1);
INSERT INTO ezcontentclass_attribute VALUES (211, 0, 26, 'url', 'URL', 'ezstring', 1, 0, 3, 0, 0, 0, 0, 0, 0, 0, 0, '', '', '', '', '', 0, 1);
INSERT INTO ezcontentclass_attribute VALUES (210, 0, 26, 'email', 'E-mail', 'ezstring', 1, 0, 2, 0, 0, 0, 0, 0, 0, 0, 0, '', '', '', '', '', 0, 1);
INSERT INTO ezcontentclass_attribute VALUES (209, 0, 26, 'name', 'Name', 'ezstring', 1, 1, 1, 0, 0, 0, 0, 0, 0, 0, 0, '', '', '', '', '', 0, 1);
INSERT INTO ezcontentclass_attribute VALUES (215, 0, 1, 'category_list_title', 'Category list title', 'ezstring', 0, 1, 5, 0, 0, 0, 0, 0, 0, 0, 0, 'All Categories', '', '', '', '', 0, 1);
INSERT INTO ezcontentclass_attribute VALUES (196, 0, 15, 'siteurl', 'Site URL', 'ezinisetting', 0, 0, 7, 1, 0, 0, 0, 0, 0, 0, 0, 'site.ini', 'SiteSettings', 'SiteURL', '0;1;2;3;4;5', 'override;user;admin;demo;blog_admin;blog_user', 0, 1);
INSERT INTO ezcontentclass_attribute VALUES (216, 0, 1, 'archive_title', 'Archive Title', 'ezstring', 0, 1, 3, 0, 0, 0, 0, 0, 0, 0, 0, 'Item Archive', '', '', '', '', 0, 1);
INSERT INTO ezcontentclass_attribute VALUES (119, 0, 1, 'description', 'Description', 'ezxmltext', 1, 0, 2, 5, 0, 0, 0, 0, 0, 0, 0, '', '', '', '', '', 0, 1);
INSERT INTO ezcontentclass_attribute VALUES (4, 0, 1, 'name', 'Name', 'ezstring', 1, 1, 1, 255, 0, 0, 0, 0, 0, 0, 0, 'Folder', '', '', '', '', 0, 1);
INSERT INTO ezcontentclass_attribute VALUES (159, 0, 15, 'image', 'Image', 'ezimage', 0, 0, 3, 0, 0, 0, 0, 0, 0, 0, 0, '', '', '', '', '', 0, 1);
INSERT INTO ezcontentclass_attribute VALUES (160, 0, 15, 'sitestyle', 'Sitestyle', 'ezpackage', 0, 0, 4, 1, 0, 0, 0, 0, 0, 0, 0, 'sitestyle', '', '', '', '', 0, 1);
INSERT INTO ezcontentclass_attribute VALUES (161, 0, 15, 'id', 'id', 'ezstring', 1, 0, 5, 0, 0, 0, 0, 0, 0, 0, 0, '', '', '', '', '', 0, 1);
INSERT INTO ezcontentclass_attribute VALUES (157, 0, 15, 'title', 'Title', 'ezinisetting', 0, 0, 1, 1, 0, 0, 0, 0, 0, 0, 0, 'site.ini', 'SiteSettings', 'SiteName', '0;1;2;3;4;5', 'override;user;admin;demo;blog_admin;blog_user', 0, 1);
INSERT INTO ezcontentclass_attribute VALUES (180, 0, 15, 'email', 'Email', 'ezinisetting', 0, 0, 6, 1, 0, 0, 0, 0, 0, 0, 0, 'site.ini', 'MailSettings', 'AdminEmail', '0;1;2;3;4;5', 'override;user;admin;demo;blog_admin;blog_user', 0, 1);
INSERT INTO ezcontentclass_attribute VALUES (158, 0, 15, 'meta_data', 'Meta data', 'ezinisetting', 0, 0, 2, 6, 0, 0, 0, 0, 0, 0, 0, 'site.ini', 'SiteSettings', 'MetaDataArray', '0;1;2;3;4;5', 'override;user;admin;demo;blog_admin;blog_user', 0, 1);







INSERT INTO ezcontentclass_classgroup VALUES (1, 0, 1, 'Content');
INSERT INTO ezcontentclass_classgroup VALUES (2, 0, 1, 'Content');
INSERT INTO ezcontentclass_classgroup VALUES (4, 0, 2, 'Content');
INSERT INTO ezcontentclass_classgroup VALUES (5, 0, 3, 'Media');
INSERT INTO ezcontentclass_classgroup VALUES (3, 0, 2, '');
INSERT INTO ezcontentclass_classgroup VALUES (6, 0, 1, 'Content');
INSERT INTO ezcontentclass_classgroup VALUES (7, 0, 1, 'Content');
INSERT INTO ezcontentclass_classgroup VALUES (8, 0, 1, 'Content');
INSERT INTO ezcontentclass_classgroup VALUES (9, 0, 1, 'Content');
INSERT INTO ezcontentclass_classgroup VALUES (10, 0, 1, 'Content');
INSERT INTO ezcontentclass_classgroup VALUES (11, 0, 1, 'Content');
INSERT INTO ezcontentclass_classgroup VALUES (12, 0, 3, 'Media');
INSERT INTO ezcontentclass_classgroup VALUES (13, 0, 1, 'Content');
INSERT INTO ezcontentclass_classgroup VALUES (14, 0, 4, 'Setup');
INSERT INTO ezcontentclass_classgroup VALUES (15, 0, 4, 'Setup');
INSERT INTO ezcontentclass_classgroup VALUES (12, 1, 3, 'Media');
INSERT INTO ezcontentclass_classgroup VALUES (16, 0, 1, 'Content');
INSERT INTO ezcontentclass_classgroup VALUES (17, 0, 1, 'Content');
INSERT INTO ezcontentclass_classgroup VALUES (21, 1, 1, 'Content');
INSERT INTO ezcontentclass_classgroup VALUES (20, 0, 1, 'Content');
INSERT INTO ezcontentclass_classgroup VALUES (21, 0, 1, 'Content');
INSERT INTO ezcontentclass_classgroup VALUES (25, 1, 1, 'Content');
INSERT INTO ezcontentclass_classgroup VALUES (23, 0, 1, 'Content');
INSERT INTO ezcontentclass_classgroup VALUES (26, 0, 1, 'Content');
INSERT INTO ezcontentclass_classgroup VALUES (24, 0, 1, 'Content');
INSERT INTO ezcontentclass_classgroup VALUES (25, 0, 1, 'Content');
INSERT INTO ezcontentclass_classgroup VALUES (14, 1, 4, 'Setup');
INSERT INTO ezcontentclass_classgroup VALUES (26, 1, 1, 'Content');







INSERT INTO ezcontentclassgroup VALUES (1, 'Content', 1, 14, 1031216928, 1033922106);
INSERT INTO ezcontentclassgroup VALUES (2, 'Users', 1, 14, 1031216941, 1033922113);
INSERT INTO ezcontentclassgroup VALUES (3, 'Media', 8, 14, 1032009743, 1033922120);
INSERT INTO ezcontentclassgroup VALUES (4, 'Setup', 14, 14, 1066383702, 1066383712);







INSERT INTO ezcontentobject VALUES (1, 14, 1, 1, 'Blog', 6, 0, 1033917596, 1068710485, 1, '');
INSERT INTO ezcontentobject VALUES (4, 14, 2, 3, 'Users', 1, 0, 1033917596, 1033917596, 1, NULL);
INSERT INTO ezcontentobject VALUES (11, 14, 2, 3, 'Guest accounts', 1, 0, 1033920746, 1033920746, 1, NULL);
INSERT INTO ezcontentobject VALUES (12, 14, 2, 3, 'Administrator users', 1, 0, 1033920775, 1033920775, 1, NULL);
INSERT INTO ezcontentobject VALUES (13, 14, 2, 3, 'Editors', 1, 0, 1033920794, 1033920794, 1, NULL);
INSERT INTO ezcontentobject VALUES (14, 14, 2, 4, 'Administrator User', 5, 0, 1033920830, 1068468219, 1, '');
INSERT INTO ezcontentobject VALUES (41, 14, 3, 1, 'Media', 1, 0, 1060695457, 1060695457, 1, '');
INSERT INTO ezcontentobject VALUES (42, 14, 11, 1, 'Setup', 1, 0, 1066383068, 1066383068, 1, '');
INSERT INTO ezcontentobject VALUES (43, 14, 11, 14, 'Classes', 9, 0, 1066384365, 1068729357, 1, '');
INSERT INTO ezcontentobject VALUES (44, 14, 11, 1, 'Setup links', 1, 0, 1066384457, 1066384457, 1, '');
INSERT INTO ezcontentobject VALUES (45, 14, 11, 14, 'Look and feel', 10, 0, 1066388816, 1068729376, 1, '');
INSERT INTO ezcontentobject VALUES (46, 14, 11, 1, 'Look and feel', 2, 0, 1066389805, 1066389902, 1, '');
INSERT INTO ezcontentobject VALUES (47, 14, 1, 15, 'New Template look', 1, 0, 0, 0, 0, '');
INSERT INTO ezcontentobject VALUES (122, 14, 1, 5, 'New Image', 1, 0, 0, 0, 0, '');
INSERT INTO ezcontentobject VALUES (49, 14, 13, 1, 'Blogs', 5, 0, 1066398020, 1068804689, 1, '');
INSERT INTO ezcontentobject VALUES (51, 14, 1, 14, 'New Setup link', 1, 0, 0, 0, 0, '');
INSERT INTO ezcontentobject VALUES (53, 14, 1, 15, 'New Template look', 1, 0, 0, 0, 0, '');
INSERT INTO ezcontentobject VALUES (56, 14, 11, 15, 'Blog', 70, 0, 1066643397, 1069839484, 1, '');
INSERT INTO ezcontentobject VALUES (214, 14, 13, 23, 'Today I got my new car!', 2, 0, 1068711140, 1069770036, 1, '');
INSERT INTO ezcontentobject VALUES (215, 14, 13, 23, 'Special things happened today', 1, 0, 1068713677, 1068713677, 2, '');
INSERT INTO ezcontentobject VALUES (212, 14, 13, 1, 'Personal', 2, 0, 1068711069, 1068717667, 1, '');
INSERT INTO ezcontentobject VALUES (161, 14, 1, 10, 'About me', 3, 0, 1068047603, 1069770484, 1, '');
INSERT INTO ezcontentobject VALUES (129, 14, 1, 2, 'New Article', 1, 0, 0, 0, 0, '');
INSERT INTO ezcontentobject VALUES (127, 14, 4, 2, 'New Article', 1, 0, 0, 0, 0, '');
INSERT INTO ezcontentobject VALUES (83, 14, 2, 4, 'New User', 1, 0, 0, 0, 0, '');
INSERT INTO ezcontentobject VALUES (84, 14, 2, 4, 'New User', 1, 0, 0, 0, 0, '');
INSERT INTO ezcontentobject VALUES (85, 14, 5, 1, 'New Folder', 1, 0, 0, 0, 0, '');
INSERT INTO ezcontentobject VALUES (87, 14, 5, 16, 'New Company', 1, 0, 0, 0, 2, '');
INSERT INTO ezcontentobject VALUES (88, 14, 2, 4, 'New User', 1, 0, 0, 0, 0, '');
INSERT INTO ezcontentobject VALUES (91, 14, 1, 15, 'New Template look', 1, 0, 0, 0, 0, '');
INSERT INTO ezcontentobject VALUES (213, 14, 13, 1, 'Computers', 2, 0, 1068711091, 1068717696, 1, '');
INSERT INTO ezcontentobject VALUES (96, 14, 2, 4, 'New User', 1, 0, 0, 0, 0, '');
INSERT INTO ezcontentobject VALUES (126, 14, 4, 2, 'New Article', 1, 0, 0, 0, 0, '');
INSERT INTO ezcontentobject VALUES (103, 14, 2, 4, 'New User', 1, 0, 0, 0, 0, '');
INSERT INTO ezcontentobject VALUES (104, 14, 2, 4, 'New User', 1, 0, 0, 0, 0, '');
INSERT INTO ezcontentobject VALUES (105, 14, 2, 4, 'New User', 1, 0, 0, 0, 0, '');
INSERT INTO ezcontentobject VALUES (106, 14, 2, 4, 'New User', 1, 0, 0, 0, 0, '');
INSERT INTO ezcontentobject VALUES (220, 14, 13, 26, 'bbb', 1, 0, 1068716967, 1068716967, 2, '');
INSERT INTO ezcontentobject VALUES (115, 14, 11, 14, 'Cache', 4, 0, 1066991725, 1068729308, 1, '');
INSERT INTO ezcontentobject VALUES (116, 14, 11, 14, 'URL translator', 3, 0, 1066992054, 1068729395, 1, '');
INSERT INTO ezcontentobject VALUES (117, 14, 4, 2, 'New Article', 1, 0, 0, 0, 0, '');
INSERT INTO ezcontentobject VALUES (218, 14, 1, 25, 'New Poll', 1, 0, 0, 0, 0, '');
INSERT INTO ezcontentobject VALUES (219, 14, 13, 26, 'Brd Farstad', 1, 0, 1068716920, 1068716920, 2, '');
INSERT INTO ezcontentobject VALUES (143, 14, 1, 14, 'New Setup link', 1, 0, 0, 0, 0, '');
INSERT INTO ezcontentobject VALUES (144, 14, 1, 14, 'New Setup link', 1, 0, 0, 0, 0, '');
INSERT INTO ezcontentobject VALUES (145, 14, 1, 14, 'New Setup link', 1, 0, 0, 0, 0, '');
INSERT INTO ezcontentobject VALUES (216, 14, 1, 25, 'New Poll', 1, 0, 0, 0, 0, '');
INSERT INTO ezcontentobject VALUES (217, 14, 1, 25, 'New Poll', 1, 0, 0, 0, 0, '');
INSERT INTO ezcontentobject VALUES (176, 149, 0, 21, 'New Forum topic', 1, 0, 0, 0, 2, '');
INSERT INTO ezcontentobject VALUES (177, 149, 0, 21, 'New Forum topic', 1, 0, 0, 0, 2, '');
INSERT INTO ezcontentobject VALUES (178, 149, 0, 21, 'New Forum topic', 1, 0, 0, 0, 2, '');
INSERT INTO ezcontentobject VALUES (179, 149, 0, 21, 'New Forum topic', 1, 0, 0, 0, 2, '');
INSERT INTO ezcontentobject VALUES (180, 149, 0, 21, 'New Forum topic', 1, 0, 0, 0, 2, '');
INSERT INTO ezcontentobject VALUES (181, 149, 0, 21, 'New Forum topic', 1, 0, 0, 0, 2, '');
INSERT INTO ezcontentobject VALUES (182, 149, 0, 21, 'New Forum topic', 1, 0, 0, 0, 2, '');
INSERT INTO ezcontentobject VALUES (183, 149, 0, 21, 'New Forum topic', 1, 0, 0, 0, 2, '');
INSERT INTO ezcontentobject VALUES (184, 149, 0, 21, 'New Forum topic', 1, 0, 0, 0, 2, '');
INSERT INTO ezcontentobject VALUES (185, 149, 0, 21, 'New Forum topic', 1, 0, 0, 0, 2, '');
INSERT INTO ezcontentobject VALUES (186, 149, 0, 21, 'New Forum topic', 1, 0, 0, 0, 2, '');
INSERT INTO ezcontentobject VALUES (187, 14, 1, 4, 'New User', 1, 0, 0, 0, 0, '');
INSERT INTO ezcontentobject VALUES (191, 149, 1, 21, 'New Forum topic', 1, 0, 0, 0, 2, '');
INSERT INTO ezcontentobject VALUES (189, 14, 1, 4, 'New User', 1, 0, 0, 0, 0, '');
INSERT INTO ezcontentobject VALUES (192, 149, 0, 21, 'New Forum topic', 1, 0, 0, 0, 2, '');
INSERT INTO ezcontentobject VALUES (193, 149, 0, 21, 'New Forum topic', 1, 0, 0, 0, 2, '');
INSERT INTO ezcontentobject VALUES (194, 149, 0, 21, 'New Forum topic', 1, 0, 0, 0, 2, '');
INSERT INTO ezcontentobject VALUES (200, 149, 1, 21, 'New Forum topic', 1, 0, 0, 0, 2, '');
INSERT INTO ezcontentobject VALUES (201, 149, 1, 22, 'New Forum reply', 1, 0, 0, 0, 2, '');
INSERT INTO ezcontentobject VALUES (221, 14, 1, 25, 'New Poll', 1, 0, 0, 0, 0, '');
INSERT INTO ezcontentobject VALUES (222, 14, 1, 25, 'New Poll', 1, 0, 0, 0, 0, '');
INSERT INTO ezcontentobject VALUES (224, 14, 1, 25, 'New Poll', 1, 0, 0, 0, 0, '');
INSERT INTO ezcontentobject VALUES (225, 14, 1, 25, 'New Poll', 1, 0, 0, 0, 0, '');
INSERT INTO ezcontentobject VALUES (226, 14, 13, 23, 'For Posterity''s Sake', 1, 0, 1068717935, 1068717935, 2, '');
INSERT INTO ezcontentobject VALUES (227, 14, 1, 25, 'Which color do you like?', 2, 0, 1068718128, 1068719696, 2, '');
INSERT INTO ezcontentobject VALUES (228, 14, 12, 1, 'Links', 4, 0, 1068718629, 1068804675, 1, '');
INSERT INTO ezcontentobject VALUES (229, 14, 12, 1, 'Software', 1, 0, 1068718672, 1068718672, 2, '');
INSERT INTO ezcontentobject VALUES (230, 14, 12, 1, 'Movie', 1, 0, 1068718712, 1068718712, 2, '');
INSERT INTO ezcontentobject VALUES (231, 14, 12, 1, 'Downloads', 2, 0, 1068718746, 1069770638, 1, '');
INSERT INTO ezcontentobject VALUES (232, 14, 12, 24, 'VG', 1, 0, 1068718861, 1068718861, 2, '');
INSERT INTO ezcontentobject VALUES (233, 14, 13, 26, 'brd', 1, 0, 1068718705, 1068718705, 2, '');
INSERT INTO ezcontentobject VALUES (234, 14, 12, 24, 'Sina', 1, 0, 1068718957, 1068718957, 2, '');
INSERT INTO ezcontentobject VALUES (235, 14, 13, 26, 'kjh', 1, 0, 1068718760, 1068718760, 2, '');
INSERT INTO ezcontentobject VALUES (236, 14, 12, 24, 'Soft house', 1, 0, 1068719251, 1068719251, 2, '');
INSERT INTO ezcontentobject VALUES (237, 14, 13, 23, 'New big discovery today', 1, 0, 1068719051, 1068719051, 2, '');
INSERT INTO ezcontentobject VALUES (238, 14, 13, 23, 'No comments on this one', 1, 0, 1068719129, 1068719129, 2, '');
INSERT INTO ezcontentobject VALUES (239, 14, 13, 26, 'Brd', 1, 0, 1068719374, 1068719374, 2, '');
INSERT INTO ezcontentobject VALUES (240, 14, 1, 1, 'Polls', 3, 0, 1068719643, 1069172879, 1, '');
INSERT INTO ezcontentobject VALUES (241, 14, 1, 25, 'Which one is the best of matrix movies?', 1, 0, 1068720802, 1068720802, 1, '');
INSERT INTO ezcontentobject VALUES (242, 14, 13, 26, 'ghghj', 1, 0, 1068720915, 1068720915, 2, '');
INSERT INTO ezcontentobject VALUES (243, 14, 13, 1, 'Entertainment', 1, 0, 1068727871, 1068727871, 1, '');
INSERT INTO ezcontentobject VALUES (244, 14, 13, 23, 'A Pirate''s Life', 1, 0, 1068727918, 1068727918, 2, '');
INSERT INTO ezcontentobject VALUES (245, 14, 13, 26, 'kjlh', 1, 0, 1068730476, 1068730476, 2, '');
INSERT INTO ezcontentobject VALUES (246, 14, 13, 26, 'kjhkjh', 1, 0, 1068737197, 1068737197, 2, '');
INSERT INTO ezcontentobject VALUES (247, 14, 13, 23, 'I overslept today', 1, 0, 1068796296, 1068796296, 2, '');
INSERT INTO ezcontentobject VALUES (248, 10, 13, 26, 'ete', 1, 0, 1069409151, 1069409151, 2, '');
INSERT INTO ezcontentobject VALUES (252, 14, 13, 23, 'I overslept again', 1, 0, 1069770140, 1069770140, 1, '');
INSERT INTO ezcontentobject VALUES (253, 14, 13, 23, 'Tonight I was at the movies', 1, 0, 1069770254, 1069770254, 1, '');
INSERT INTO ezcontentobject VALUES (254, 14, 13, 23, 'Finally I got it', 1, 0, 1069770356, 1069770356, 1, '');
INSERT INTO ezcontentobject VALUES (255, 14, 12, 24, 'eZ systems', 1, 0, 1069770691, 1069770691, 1, '');
INSERT INTO ezcontentobject VALUES (256, 14, 12, 24, 'eZ publish at Freshmeat', 1, 0, 1069770809, 1069770809, 1, '');
INSERT INTO ezcontentobject VALUES (257, 14, 12, 1, 'Movies', 1, 0, 1069770849, 1069770849, 1, '');
INSERT INTO ezcontentobject VALUES (258, 14, 12, 24, 'The Matrix', 1, 0, 1069770910, 1069770910, 1, '');
INSERT INTO ezcontentobject VALUES (259, 14, 12, 24, 'Lord of the Rings', 1, 0, 1069770984, 1069770984, 1, '');
INSERT INTO ezcontentobject VALUES (260, 14, 12, 1, 'Sports', 1, 0, 1069771040, 1069771040, 1, '');
INSERT INTO ezcontentobject VALUES (261, 14, 12, 24, 'Liverpool FC', 1, 0, 1069771089, 1069771089, 1, '');
INSERT INTO ezcontentobject VALUES (262, 14, 1, 25, 'Which do you like the best: Matrix or Lord of the Rings?', 1, 0, 1069771243, 1069771243, 1, '');
INSERT INTO ezcontentobject VALUES (263, 14, 13, 23, 'Party!', 1, 0, 1069771496, 1069771496, 1, '');
INSERT INTO ezcontentobject VALUES (264, 14, 12, 1, 'Fun', 1, 0, 1069773539, 1069773539, 1, '');
INSERT INTO ezcontentobject VALUES (265, 14, 12, 24, 'Pondus', 1, 0, 1069773629, 1069773629, 1, '');
INSERT INTO ezcontentobject VALUES (266, 10, 13, 26, 'Tim', 1, 0, 1069773783, 1069773783, 1, '');
INSERT INTO ezcontentobject VALUES (267, 10, 13, 26, 'Helene', 1, 0, 1069773826, 1069773826, 1, '');
INSERT INTO ezcontentobject VALUES (268, 14, 2, 3, 'Anonymous Users', 1, 0, 1072186482, 1072186482, 1, '');
INSERT INTO ezcontentobject VALUES (10, 14, 2, 4, 'Anonymous User', 2, 0, 1033920665, 1072186517, 1, '');







INSERT INTO ezcontentobject_attribute VALUES (676, 'eng-GB', 1, 200, 190, '', 0, 0, 0, 0, '', 'ezboolean');
INSERT INTO ezcontentobject_attribute VALUES (677, 'eng-GB', 1, 200, 194, '', 0, 0, 0, 0, '', 'ezsubtreesubscription');
INSERT INTO ezcontentobject_attribute VALUES (678, 'eng-GB', 1, 201, 191, 'Re:test', 0, 0, 0, 0, 're:test', 'ezstring');
INSERT INTO ezcontentobject_attribute VALUES (679, 'eng-GB', 1, 201, 193, 'fdsf', 0, 0, 0, 0, '', 'eztext');
INSERT INTO ezcontentobject_attribute VALUES (152, 'eng-GB', 7, 56, 159, '', 0, 0, 0, 0, '', 'ezimage');
INSERT INTO ezcontentobject_attribute VALUES (639, 'eng-GB', 1, 192, 189, '', 0, 0, 0, 0, '', 'eztext');
INSERT INTO ezcontentobject_attribute VALUES (640, 'eng-GB', 1, 192, 190, '', 0, 0, 0, 0, '', 'ezboolean');
INSERT INTO ezcontentobject_attribute VALUES (634, 'eng-GB', 1, 191, 188, '', 0, 0, 0, 0, '', 'ezstring');
INSERT INTO ezcontentobject_attribute VALUES (635, 'eng-GB', 1, 191, 189, '', 0, 0, 0, 0, '', 'eztext');
INSERT INTO ezcontentobject_attribute VALUES (636, 'eng-GB', 1, 191, 190, '', 0, 0, 0, 0, '', 'ezboolean');
INSERT INTO ezcontentobject_attribute VALUES (637, 'eng-GB', 1, 191, 194, '', 0, 0, 0, 0, '', 'ezsubtreesubscription');
INSERT INTO ezcontentobject_attribute VALUES (638, 'eng-GB', 1, 192, 188, '', 0, 0, 0, 0, '', 'ezstring');
INSERT INTO ezcontentobject_attribute VALUES (609, 'eng-GB', 1, 184, 188, '', 0, 0, 0, 0, '', 'ezstring');
INSERT INTO ezcontentobject_attribute VALUES (610, 'eng-GB', 1, 184, 189, '', 0, 0, 0, 0, '', 'eztext');
INSERT INTO ezcontentobject_attribute VALUES (611, 'eng-GB', 1, 184, 190, '', 0, 0, 0, 0, '', 'ezboolean');
INSERT INTO ezcontentobject_attribute VALUES (612, 'eng-GB', 1, 184, 194, '', 0, 0, 0, 0, '', 'ezsubtreesubscription');
INSERT INTO ezcontentobject_attribute VALUES (613, 'eng-GB', 1, 185, 188, '', 0, 0, 0, 0, '', 'ezstring');
INSERT INTO ezcontentobject_attribute VALUES (614, 'eng-GB', 1, 185, 189, '', 0, 0, 0, 0, '', 'eztext');
INSERT INTO ezcontentobject_attribute VALUES (615, 'eng-GB', 1, 185, 190, '', 0, 0, 0, 0, '', 'ezboolean');
INSERT INTO ezcontentobject_attribute VALUES (616, 'eng-GB', 1, 185, 194, '', 0, 0, 0, 0, '', 'ezsubtreesubscription');
INSERT INTO ezcontentobject_attribute VALUES (617, 'eng-GB', 1, 186, 188, '', 0, 0, 0, 0, '', 'ezstring');
INSERT INTO ezcontentobject_attribute VALUES (618, 'eng-GB', 1, 186, 189, '', 0, 0, 0, 0, '', 'eztext');
INSERT INTO ezcontentobject_attribute VALUES (619, 'eng-GB', 1, 186, 190, '', 0, 0, 0, 0, '', 'ezboolean');
INSERT INTO ezcontentobject_attribute VALUES (620, 'eng-GB', 1, 186, 194, '', 0, 0, 0, 0, '', 'ezsubtreesubscription');
INSERT INTO ezcontentobject_attribute VALUES (603, 'eng-GB', 1, 182, 190, '', 0, 0, 0, 0, '', 'ezboolean');
INSERT INTO ezcontentobject_attribute VALUES (604, 'eng-GB', 1, 182, 194, '', 0, 0, 0, 0, '', 'ezsubtreesubscription');
INSERT INTO ezcontentobject_attribute VALUES (605, 'eng-GB', 1, 183, 188, '', 0, 0, 0, 0, '', 'ezstring');
INSERT INTO ezcontentobject_attribute VALUES (606, 'eng-GB', 1, 183, 189, '', 0, 0, 0, 0, '', 'eztext');
INSERT INTO ezcontentobject_attribute VALUES (607, 'eng-GB', 1, 183, 190, '', 0, 0, 0, 0, '', 'ezboolean');
INSERT INTO ezcontentobject_attribute VALUES (608, 'eng-GB', 1, 183, 194, '', 0, 0, 0, 0, '', 'ezsubtreesubscription');
INSERT INTO ezcontentobject_attribute VALUES (602, 'eng-GB', 1, 182, 189, '', 0, 0, 0, 0, '', 'eztext');
INSERT INTO ezcontentobject_attribute VALUES (675, 'eng-GB', 1, 200, 189, 'sefsefsf
sf
sf', 0, 0, 0, 0, '', 'eztext');
INSERT INTO ezcontentobject_attribute VALUES (601, 'eng-GB', 1, 182, 188, '', 0, 0, 0, 0, '', 'ezstring');
INSERT INTO ezcontentobject_attribute VALUES (323, 'eng-GB', 4, 115, 152, 'Cache', 0, 0, 0, 0, 'cache', 'ezstring');
INSERT INTO ezcontentobject_attribute VALUES (600, 'eng-GB', 1, 181, 194, '', 0, 0, 0, 0, '', 'ezsubtreesubscription');
INSERT INTO ezcontentobject_attribute VALUES (591, 'eng-GB', 1, 179, 190, '', 0, 0, 0, 0, '', 'ezboolean');
INSERT INTO ezcontentobject_attribute VALUES (592, 'eng-GB', 1, 179, 194, '', 0, 0, 0, 0, '', 'ezsubtreesubscription');
INSERT INTO ezcontentobject_attribute VALUES (593, 'eng-GB', 1, 180, 188, '', 0, 0, 0, 0, '', 'ezstring');
INSERT INTO ezcontentobject_attribute VALUES (594, 'eng-GB', 1, 180, 189, '', 0, 0, 0, 0, '', 'eztext');
INSERT INTO ezcontentobject_attribute VALUES (595, 'eng-GB', 1, 180, 190, '', 0, 0, 0, 0, '', 'ezboolean');
INSERT INTO ezcontentobject_attribute VALUES (596, 'eng-GB', 1, 180, 194, '', 0, 0, 0, 0, '', 'ezsubtreesubscription');
INSERT INTO ezcontentobject_attribute VALUES (597, 'eng-GB', 1, 181, 188, '', 0, 0, 0, 0, '', 'ezstring');
INSERT INTO ezcontentobject_attribute VALUES (598, 'eng-GB', 1, 181, 189, '', 0, 0, 0, 0, '', 'eztext');
INSERT INTO ezcontentobject_attribute VALUES (599, 'eng-GB', 1, 181, 190, '', 0, 0, 0, 0, '', 'ezboolean');
INSERT INTO ezcontentobject_attribute VALUES (577, 'eng-GB', 1, 176, 188, '', 0, 0, 0, 0, '', 'ezstring');
INSERT INTO ezcontentobject_attribute VALUES (578, 'eng-GB', 1, 176, 189, '', 0, 0, 0, 0, '', 'eztext');
INSERT INTO ezcontentobject_attribute VALUES (579, 'eng-GB', 1, 176, 190, '', 0, 0, 0, 0, '', 'ezboolean');
INSERT INTO ezcontentobject_attribute VALUES (580, 'eng-GB', 1, 176, 194, '', 0, 0, 0, 0, '', 'ezsubtreesubscription');
INSERT INTO ezcontentobject_attribute VALUES (581, 'eng-GB', 1, 177, 188, '', 0, 0, 0, 0, '', 'ezstring');
INSERT INTO ezcontentobject_attribute VALUES (582, 'eng-GB', 1, 177, 189, '', 0, 0, 0, 0, '', 'eztext');
INSERT INTO ezcontentobject_attribute VALUES (583, 'eng-GB', 1, 177, 190, '', 0, 0, 0, 0, '', 'ezboolean');
INSERT INTO ezcontentobject_attribute VALUES (584, 'eng-GB', 1, 177, 194, '', 0, 0, 0, 0, '', 'ezsubtreesubscription');
INSERT INTO ezcontentobject_attribute VALUES (585, 'eng-GB', 1, 178, 188, '', 0, 0, 0, 0, '', 'ezstring');
INSERT INTO ezcontentobject_attribute VALUES (586, 'eng-GB', 1, 178, 189, '', 0, 0, 0, 0, '', 'eztext');
INSERT INTO ezcontentobject_attribute VALUES (587, 'eng-GB', 1, 178, 190, '', 0, 0, 0, 0, '', 'ezboolean');
INSERT INTO ezcontentobject_attribute VALUES (588, 'eng-GB', 1, 178, 194, '', 0, 0, 0, 0, '', 'ezsubtreesubscription');
INSERT INTO ezcontentobject_attribute VALUES (589, 'eng-GB', 1, 179, 188, '', 0, 0, 0, 0, '', 'ezstring');
INSERT INTO ezcontentobject_attribute VALUES (590, 'eng-GB', 1, 179, 189, '', 0, 0, 0, 0, '', 'eztext');
INSERT INTO ezcontentobject_attribute VALUES (108, 'eng-GB', 7, 45, 152, 'Look and feel', 0, 0, 0, 0, 'look and feel', 'ezstring');
INSERT INTO ezcontentobject_attribute VALUES (674, 'eng-GB', 1, 200, 188, 'test', 0, 0, 0, 0, 'test', 'ezstring');
INSERT INTO ezcontentobject_attribute VALUES (641, 'eng-GB', 1, 192, 194, '', 0, 0, 0, 0, '', 'ezsubtreesubscription');
INSERT INTO ezcontentobject_attribute VALUES (642, 'eng-GB', 1, 193, 188, '', 0, 0, 0, 0, '', 'ezstring');
INSERT INTO ezcontentobject_attribute VALUES (643, 'eng-GB', 1, 193, 189, '', 0, 0, 0, 0, '', 'eztext');
INSERT INTO ezcontentobject_attribute VALUES (644, 'eng-GB', 1, 193, 190, '', 0, 0, 0, 0, '', 'ezboolean');
INSERT INTO ezcontentobject_attribute VALUES (645, 'eng-GB', 1, 193, 194, '', 0, 0, 0, 0, '', 'ezsubtreesubscription');
INSERT INTO ezcontentobject_attribute VALUES (646, 'eng-GB', 1, 194, 188, '', 0, 0, 0, 0, '', 'ezstring');
INSERT INTO ezcontentobject_attribute VALUES (647, 'eng-GB', 1, 194, 189, '', 0, 0, 0, 0, '', 'eztext');
INSERT INTO ezcontentobject_attribute VALUES (648, 'eng-GB', 1, 194, 190, '', 0, 0, 0, 0, '', 'ezboolean');
INSERT INTO ezcontentobject_attribute VALUES (649, 'eng-GB', 1, 194, 194, '', 0, 0, 0, 0, '', 'ezsubtreesubscription');
INSERT INTO ezcontentobject_attribute VALUES (797, 'eng-GB', 2, 231, 119, '<?xml version="1.0" encoding="iso-8859-1"?>
<section xmlns:image="http://ez.no/namespaces/ezpublish3/image/"
         xmlns:xhtml="http://ez.no/namespaces/ezpublish3/xhtml/"
         xmlns:custom="http://ez.no/namespaces/ezpublish3/custom/">
  <paragraph>Links for news site.</paragraph>
</section>', 1045487555, 0, 0, 0, '', 'ezxmltext');
INSERT INTO ezcontentobject_attribute VALUES (524, 'eng-GB', 3, 161, 142, '<?xml version="1.0" encoding="UTF-8"?>
<ezimage serial_number="1"
         is_valid=""
         filename="about_me."
         suffix=""
         basename="about_me"
         dirpath="var/blog/storage/images/about_me/524-3-eng-GB"
         url="var/blog/storage/images/about_me/524-3-eng-GB/about_me."
         original_filename=""
         mime_type=""
         width=""
         height=""
         alternative_text=""
         alias_key="1293033771"
         timestamp="">
  <original attribute_id="524"
            attribute_version="2"
            attribute_language="eng-GB" />
</ezimage>', 0, 0, 0, 0, '', 'ezimage');
INSERT INTO ezcontentobject_attribute VALUES (108, 'eng-GB', 9, 45, 152, 'Look and feel', 0, 0, 0, 0, 'look and feel', 'ezstring');
INSERT INTO ezcontentobject_attribute VALUES (104, 'eng-GB', 8, 43, 154, '', 0, 0, 0, 0, '', 'eztext');
INSERT INTO ezcontentobject_attribute VALUES (102, 'eng-GB', 8, 43, 152, 'Classes', 0, 0, 0, 0, 'classes', 'ezstring');
INSERT INTO ezcontentobject_attribute VALUES (151, 'eng-GB', 61, 56, 158, 'author=eZ systems package team
copyright=eZ systems
description=Content Management System
keywords=cms', 0, 0, 0, 0, '', 'ezinisetting');
INSERT INTO ezcontentobject_attribute VALUES (153, 'eng-GB', 65, 56, 160, 'blog_blue', 0, 0, 0, 0, 'blog_blue', 'ezpackage');
INSERT INTO ezcontentobject_attribute VALUES (154, 'eng-GB', 65, 56, 161, 'blog_package', 0, 0, 0, 0, 'blog_package', 'ezstring');
INSERT INTO ezcontentobject_attribute VALUES (437, 'eng-GB', 65, 56, 180, 'nospam@ez.no', 0, 0, 0, 0, '', 'ezinisetting');
INSERT INTO ezcontentobject_attribute VALUES (671, 'eng-GB', 65, 56, 196, 'myblog.dvh1.ez.no', 0, 0, 0, 0, '', 'ezinisetting');
INSERT INTO ezcontentobject_attribute VALUES (29, 'eng-GB', 4, 14, 9, 'User', 0, 0, 0, 0, 'user', 'ezstring');
INSERT INTO ezcontentobject_attribute VALUES (761, 'eng-GB', 2, 212, 4, 'Personal', 0, 0, 0, 0, 'personal', 'ezstring');
INSERT INTO ezcontentobject_attribute VALUES (763, 'eng-GB', 2, 213, 4, 'Computers', 0, 0, 0, 0, 'computers', 'ezstring');
INSERT INTO ezcontentobject_attribute VALUES (762, 'eng-GB', 2, 212, 119, '<?xml version="1.0" encoding="iso-8859-1"?>
<section xmlns:image="http://ez.no/namespaces/ezpublish3/image/"
         xmlns:xhtml="http://ez.no/namespaces/ezpublish3/xhtml/"
         xmlns:custom="http://ez.no/namespaces/ezpublish3/custom/">
  <paragraph>A glimpse into the life of me.</paragraph>
</section>', 1045487555, 0, 0, 0, '', 'ezxmltext');
INSERT INTO ezcontentobject_attribute VALUES (764, 'eng-GB', 2, 213, 119, '<?xml version="1.0" encoding="iso-8859-1"?>
<section xmlns:image="http://ez.no/namespaces/ezpublish3/image/"
         xmlns:xhtml="http://ez.no/namespaces/ezpublish3/xhtml/"
         xmlns:custom="http://ez.no/namespaces/ezpublish3/custom/">
  <paragraph>Computers, handhelds, electronic gadgets, and the software which connects them all. I&apos;m an early adopter, which means I often end up paying the price, in more than one way.</paragraph>
</section>', 1045487555, 0, 0, 0, '', 'ezxmltext');
INSERT INTO ezcontentobject_attribute VALUES (1, 'eng-GB', 6, 1, 4, 'Blog', 0, 0, 0, 0, 'blog', 'ezstring');
INSERT INTO ezcontentobject_attribute VALUES (98, 'eng-GB', 1, 41, 4, 'Media', 0, 0, 0, 0, '', 'ezstring');
INSERT INTO ezcontentobject_attribute VALUES (100, 'eng-GB', 1, 42, 4, 'Setup', 0, 0, 0, 0, 'setup', 'ezstring');
INSERT INTO ezcontentobject_attribute VALUES (106, 'eng-GB', 1, 44, 4, 'Setup links', 0, 0, 0, 0, 'setup links', 'ezstring');
INSERT INTO ezcontentobject_attribute VALUES (112, 'eng-GB', 2, 46, 4, 'Look and feel', 0, 0, 0, 0, 'look and feel', 'ezstring');
INSERT INTO ezcontentobject_attribute VALUES (995, 'eng-GB', 1, 257, 4, 'Movies', 0, 0, 0, 0, 'movies', 'ezstring');
INSERT INTO ezcontentobject_attribute VALUES (1, 'eng-GB', 4, 1, 4, 'Forum', 0, 0, 0, 0, 'forum', 'ezstring');
INSERT INTO ezcontentobject_attribute VALUES (1, 'eng-GB', 5, 1, 4, 'Forum', 0, 0, 0, 0, 'forum', 'ezstring');
INSERT INTO ezcontentobject_attribute VALUES (790, 'eng-GB', 1, 228, 4, 'Links', 0, 0, 0, 0, 'links', 'ezstring');
INSERT INTO ezcontentobject_attribute VALUES (792, 'eng-GB', 1, 229, 4, 'Software', 0, 0, 0, 0, 'software', 'ezstring');
INSERT INTO ezcontentobject_attribute VALUES (794, 'eng-GB', 1, 230, 4, 'Movie', 0, 0, 0, 0, 'movie', 'ezstring');
INSERT INTO ezcontentobject_attribute VALUES (796, 'eng-GB', 1, 231, 4, 'News', 0, 0, 0, 0, 'news', 'ezstring');
INSERT INTO ezcontentobject_attribute VALUES (836, 'eng-GB', 1, 243, 4, 'Entertainment', 0, 0, 0, 0, 'entertainment', 'ezstring');
INSERT INTO ezcontentobject_attribute VALUES (125, 'eng-GB', 4, 49, 4, 'Blogs', 0, 0, 0, 0, 'blogs', 'ezstring');
INSERT INTO ezcontentobject_attribute VALUES (790, 'eng-GB', 4, 228, 4, 'Links', 0, 0, 0, 0, 'links', 'ezstring');
INSERT INTO ezcontentobject_attribute VALUES (125, 'eng-GB', 5, 49, 4, 'Blogs', 0, 0, 0, 0, 'blogs', 'ezstring');
INSERT INTO ezcontentobject_attribute VALUES (828, 'eng-GB', 3, 240, 4, 'Polls', 0, 0, 0, 0, 'polls', 'ezstring');
INSERT INTO ezcontentobject_attribute VALUES (796, 'eng-GB', 2, 231, 4, 'Downloads', 0, 0, 0, 0, 'downloads', 'ezstring');
INSERT INTO ezcontentobject_attribute VALUES (1006, 'eng-GB', 1, 260, 4, 'Sports', 0, 0, 0, 0, 'sports', 'ezstring');
INSERT INTO ezcontentobject_attribute VALUES (1019, 'eng-GB', 1, 264, 4, 'Fun', 0, 0, 0, 0, 'fun', 'ezstring');
INSERT INTO ezcontentobject_attribute VALUES (8, 'eng-GB', 1, 4, 6, 'Users', NULL, NULL, 0, 0, '', 'ezstring');
INSERT INTO ezcontentobject_attribute VALUES (22, 'eng-GB', 1, 11, 6, 'Guest accounts', 0, 0, 0, 0, '', 'ezstring');
INSERT INTO ezcontentobject_attribute VALUES (24, 'eng-GB', 1, 12, 6, 'Administrator users', 0, 0, 0, 0, '', 'ezstring');
INSERT INTO ezcontentobject_attribute VALUES (26, 'eng-GB', 1, 13, 6, 'Editors', 0, 0, 0, 0, '', 'ezstring');
INSERT INTO ezcontentobject_attribute VALUES (7, 'eng-GB', 1, 4, 7, 'Main group', NULL, NULL, 0, 0, '', 'ezstring');
INSERT INTO ezcontentobject_attribute VALUES (23, 'eng-GB', 1, 11, 7, '', 0, 0, 0, 0, '', 'ezstring');
INSERT INTO ezcontentobject_attribute VALUES (25, 'eng-GB', 1, 12, 7, '', 0, 0, 0, 0, '', 'ezstring');
INSERT INTO ezcontentobject_attribute VALUES (27, 'eng-GB', 1, 13, 7, '', 0, 0, 0, 0, '', 'ezstring');
INSERT INTO ezcontentobject_attribute VALUES (28, 'eng-GB', 4, 14, 8, 'Administrator', 0, 0, 0, 0, 'administrator', 'ezstring');
INSERT INTO ezcontentobject_attribute VALUES (28, 'eng-GB', 5, 14, 8, 'Administrator', 0, 0, 0, 0, 'administrator', 'ezstring');
INSERT INTO ezcontentobject_attribute VALUES (29, 'eng-GB', 5, 14, 9, 'User', 0, 0, 0, 0, 'user', 'ezstring');
INSERT INTO ezcontentobject_attribute VALUES (30, 'eng-GB', 4, 14, 12, '', 0, 0, 0, 0, '', 'ezuser');
INSERT INTO ezcontentobject_attribute VALUES (30, 'eng-GB', 5, 14, 12, '', 0, 0, 0, 0, '', 'ezuser');
INSERT INTO ezcontentobject_attribute VALUES (671, 'eng-GB', 70, 56, 196, 'myblog.dvh1.ez.no', 0, 0, 0, 0, '', 'ezinisetting');
INSERT INTO ezcontentobject_attribute VALUES (2, 'eng-GB', 6, 1, 119, '<?xml version="1.0" encoding="iso-8859-1"?>
<section xmlns:image="http://ez.no/namespaces/ezpublish3/image/"
         xmlns:xhtml="http://ez.no/namespaces/ezpublish3/xhtml/"
         xmlns:custom="http://ez.no/namespaces/ezpublish3/custom/" />', 1045487555, 0, 0, 0, '', 'ezxmltext');
INSERT INTO ezcontentobject_attribute VALUES (99, 'eng-GB', 1, 41, 119, '<?xml version="1.0" encoding="iso-8859-1"?>
<section xmlns:image="http://ez.no/namespaces/ezpublish3/image/"
         xmlns:xhtml="http://ez.no/namespaces/ezpublish3/xhtml/"
         xmlns:custom="http://ez.no/namespaces/ezpublish3/custom/" />', 1045487555, 0, 0, 0, '', 'ezxmltext');
INSERT INTO ezcontentobject_attribute VALUES (101, 'eng-GB', 1, 42, 119, '<?xml version="1.0" encoding="iso-8859-1"?>
<section xmlns:image="http://ez.no/namespaces/ezpublish3/image/"
         xmlns:xhtml="http://ez.no/namespaces/ezpublish3/xhtml/"
         xmlns:custom="http://ez.no/namespaces/ezpublish3/custom/" />', 1045487555, 0, 0, 0, '', 'ezxmltext');
INSERT INTO ezcontentobject_attribute VALUES (107, 'eng-GB', 1, 44, 119, '<?xml version="1.0" encoding="iso-8859-1"?>
<section xmlns:image="http://ez.no/namespaces/ezpublish3/image/"
         xmlns:xhtml="http://ez.no/namespaces/ezpublish3/xhtml/"
         xmlns:custom="http://ez.no/namespaces/ezpublish3/custom/" />', 1045487555, 0, 0, 0, '', 'ezxmltext');
INSERT INTO ezcontentobject_attribute VALUES (113, 'eng-GB', 2, 46, 119, '<?xml version="1.0" encoding="iso-8859-1"?>
<section xmlns:image="http://ez.no/namespaces/ezpublish3/image/"
         xmlns:xhtml="http://ez.no/namespaces/ezpublish3/xhtml/"
         xmlns:custom="http://ez.no/namespaces/ezpublish3/custom/" />', 1045487555, 0, 0, 0, '', 'ezxmltext');
INSERT INTO ezcontentobject_attribute VALUES (996, 'eng-GB', 1, 257, 119, '<?xml version="1.0" encoding="iso-8859-1"?>
<section xmlns:image="http://ez.no/namespaces/ezpublish3/image/"
         xmlns:xhtml="http://ez.no/namespaces/ezpublish3/xhtml/"
         xmlns:custom="http://ez.no/namespaces/ezpublish3/custom/" />', 1045487555, 0, 0, 0, '', 'ezxmltext');
INSERT INTO ezcontentobject_attribute VALUES (2, 'eng-GB', 4, 1, 119, '<?xml version="1.0" encoding="iso-8859-1"?>
<section xmlns:image="http://ez.no/namespaces/ezpublish3/image/"
         xmlns:xhtml="http://ez.no/namespaces/ezpublish3/xhtml/"
         xmlns:custom="http://ez.no/namespaces/ezpublish3/custom/">
  <paragraph>
    <line>This folder contains some information about...</line>
    <object id="49" />
  </paragraph>
  <section>
    <header>Music discussion</header>
    <paragraph>
      <object id="141" />
    </paragraph>
  </section>
  <section>
    <header>Sports discussion</header>
    <paragraph>
      <object id="142" />
    </paragraph>
  </section>
</section>', 1045487555, 0, 0, 0, '', 'ezxmltext');
INSERT INTO ezcontentobject_attribute VALUES (2, 'eng-GB', 5, 1, 119, '<?xml version="1.0" encoding="iso-8859-1"?>
<section xmlns:image="http://ez.no/namespaces/ezpublish3/image/"
         xmlns:xhtml="http://ez.no/namespaces/ezpublish3/xhtml/"
         xmlns:custom="http://ez.no/namespaces/ezpublish3/custom/">
  <paragraph>Welcome to our community site</paragraph>
  <paragraph>
    <table>
      <tr>
        <td>
          <section>
            <header>Latest discussions in music</header>
            <paragraph>
              <object id="141" />
            </paragraph>
          </section>
        </td>
        <td>
          <section>
            <header>Latest discussions in sports</header>
            <paragraph>
              <object id="142" />
            </paragraph>
          </section>
        </td>
      </tr>
    </table>
  </paragraph>
  <section>
    <header>Latest news:</header>
    <paragraph>
      <object id="49" />
    </paragraph>
  </section>
</section>', 1045487555, 0, 0, 0, '', 'ezxmltext');
INSERT INTO ezcontentobject_attribute VALUES (791, 'eng-GB', 1, 228, 119, '<?xml version="1.0" encoding="iso-8859-1"?>
<section xmlns:image="http://ez.no/namespaces/ezpublish3/image/"
         xmlns:xhtml="http://ez.no/namespaces/ezpublish3/xhtml/"
         xmlns:custom="http://ez.no/namespaces/ezpublish3/custom/" />', 1045487555, 0, 0, 0, '', 'ezxmltext');
INSERT INTO ezcontentobject_attribute VALUES (793, 'eng-GB', 1, 229, 119, '<?xml version="1.0" encoding="iso-8859-1"?>
<section xmlns:image="http://ez.no/namespaces/ezpublish3/image/"
         xmlns:xhtml="http://ez.no/namespaces/ezpublish3/xhtml/"
         xmlns:custom="http://ez.no/namespaces/ezpublish3/custom/">
  <paragraph>Links about software..</paragraph>
</section>', 1045487555, 0, 0, 0, '', 'ezxmltext');
INSERT INTO ezcontentobject_attribute VALUES (795, 'eng-GB', 1, 230, 119, '<?xml version="1.0" encoding="iso-8859-1"?>
<section xmlns:image="http://ez.no/namespaces/ezpublish3/image/"
         xmlns:xhtml="http://ez.no/namespaces/ezpublish3/xhtml/"
         xmlns:custom="http://ez.no/namespaces/ezpublish3/custom/">
  <paragraph>Links to movie sites.</paragraph>
</section>', 1045487555, 0, 0, 0, '', 'ezxmltext');
INSERT INTO ezcontentobject_attribute VALUES (797, 'eng-GB', 1, 231, 119, '<?xml version="1.0" encoding="iso-8859-1"?>
<section xmlns:image="http://ez.no/namespaces/ezpublish3/image/"
         xmlns:xhtml="http://ez.no/namespaces/ezpublish3/xhtml/"
         xmlns:custom="http://ez.no/namespaces/ezpublish3/custom/">
  <paragraph>Links for news site.</paragraph>
</section>', 1045487555, 0, 0, 0, '', 'ezxmltext');
INSERT INTO ezcontentobject_attribute VALUES (837, 'eng-GB', 1, 243, 119, '<?xml version="1.0" encoding="iso-8859-1"?>
<section xmlns:image="http://ez.no/namespaces/ezpublish3/image/"
         xmlns:xhtml="http://ez.no/namespaces/ezpublish3/xhtml/"
         xmlns:custom="http://ez.no/namespaces/ezpublish3/custom/">
  <paragraph>Music, books, film, television, shopping, travel, and many other fine escapes and vices. If it&apos;s downright fun, it probably belongs here.</paragraph>
</section>', 1045487555, 0, 0, 0, '', 'ezxmltext');
INSERT INTO ezcontentobject_attribute VALUES (126, 'eng-GB', 4, 49, 119, '<?xml version="1.0" encoding="iso-8859-1"?>
<section xmlns:image="http://ez.no/namespaces/ezpublish3/image/"
         xmlns:xhtml="http://ez.no/namespaces/ezpublish3/xhtml/"
         xmlns:custom="http://ez.no/namespaces/ezpublish3/custom/">
  <paragraph>
    <line>Parenthetical thoughts, concepts, and brainstorms</line>
  </paragraph>
</section>', 1045487555, 0, 0, 0, '', 'ezxmltext');
INSERT INTO ezcontentobject_attribute VALUES (791, 'eng-GB', 4, 228, 119, '<?xml version="1.0" encoding="iso-8859-1"?>
<section xmlns:image="http://ez.no/namespaces/ezpublish3/image/"
         xmlns:xhtml="http://ez.no/namespaces/ezpublish3/xhtml/"
         xmlns:custom="http://ez.no/namespaces/ezpublish3/custom/">
  <paragraph>
    <line>Worthwhile websites, weblogs, journals, news pubs, and the like</line>
  </paragraph>
</section>', 1045487555, 0, 0, 0, '', 'ezxmltext');
INSERT INTO ezcontentobject_attribute VALUES (126, 'eng-GB', 5, 49, 119, '<?xml version="1.0" encoding="iso-8859-1"?>
<section xmlns:image="http://ez.no/namespaces/ezpublish3/image/"
         xmlns:xhtml="http://ez.no/namespaces/ezpublish3/xhtml/"
         xmlns:custom="http://ez.no/namespaces/ezpublish3/custom/">
  <paragraph>
    <line>Parenthetical thoughts, concepts, and brainstorms</line>
  </paragraph>
</section>', 1045487555, 0, 0, 0, '', 'ezxmltext');
INSERT INTO ezcontentobject_attribute VALUES (829, 'eng-GB', 3, 240, 119, '<?xml version="1.0" encoding="iso-8859-1"?>
<section xmlns:image="http://ez.no/namespaces/ezpublish3/image/"
         xmlns:xhtml="http://ez.no/namespaces/ezpublish3/xhtml/"
         xmlns:custom="http://ez.no/namespaces/ezpublish3/custom/" />', 1045487555, 0, 0, 0, '', 'ezxmltext');
INSERT INTO ezcontentobject_attribute VALUES (1007, 'eng-GB', 1, 260, 119, '<?xml version="1.0" encoding="iso-8859-1"?>
<section xmlns:image="http://ez.no/namespaces/ezpublish3/image/"
         xmlns:xhtml="http://ez.no/namespaces/ezpublish3/xhtml/"
         xmlns:custom="http://ez.no/namespaces/ezpublish3/custom/" />', 1045487555, 0, 0, 0, '', 'ezxmltext');
INSERT INTO ezcontentobject_attribute VALUES (1020, 'eng-GB', 1, 264, 119, '<?xml version="1.0" encoding="iso-8859-1"?>
<section xmlns:image="http://ez.no/namespaces/ezpublish3/image/"
         xmlns:xhtml="http://ez.no/namespaces/ezpublish3/xhtml/"
         xmlns:custom="http://ez.no/namespaces/ezpublish3/custom/" />', 1045487555, 0, 0, 0, '', 'ezxmltext');
INSERT INTO ezcontentobject_attribute VALUES (522, 'eng-GB', 3, 161, 140, 'About me', 0, 0, 0, 0, 'about me', 'ezstring');
INSERT INTO ezcontentobject_attribute VALUES (523, 'eng-GB', 3, 161, 141, '<?xml version="1.0" encoding="iso-8859-1"?>
<section xmlns:image="http://ez.no/namespaces/ezpublish3/image/"
         xmlns:xhtml="http://ez.no/namespaces/ezpublish3/xhtml/"
         xmlns:custom="http://ez.no/namespaces/ezpublish3/custom/">
  <paragraph>Anyway: this is me:</paragraph>
  <paragraph>
    <line>To short</line>
    <line>To young</line>
    <line>To smart</line>
    <line>Not smart enough</line>
    <line>Pimples</line>
    <line>Boy</line>
    <line>Totally girl addicted</line>
  </paragraph>
</section>', 1045487555, 0, 0, 0, '', 'ezxmltext');
INSERT INTO ezcontentobject_attribute VALUES (102, 'eng-GB', 4, 43, 152, 'Classes', 0, 0, 0, 0, 'classes', 'ezstring');
INSERT INTO ezcontentobject_attribute VALUES (102, 'eng-GB', 5, 43, 152, 'Classes', 0, 0, 0, 0, 'classes', 'ezstring');
INSERT INTO ezcontentobject_attribute VALUES (102, 'eng-GB', 6, 43, 152, 'Classes', 0, 0, 0, 0, 'classes', 'ezstring');
INSERT INTO ezcontentobject_attribute VALUES (102, 'eng-GB', 7, 43, 152, 'Classes', 0, 0, 0, 0, 'classes', 'ezstring');
INSERT INTO ezcontentobject_attribute VALUES (108, 'eng-GB', 4, 45, 152, 'Setup Objects', 0, 0, 0, 0, 'setup objects', 'ezstring');
INSERT INTO ezcontentobject_attribute VALUES (108, 'eng-GB', 5, 45, 152, 'Look and feel', 0, 0, 0, 0, 'look and feel', 'ezstring');
INSERT INTO ezcontentobject_attribute VALUES (108, 'eng-GB', 6, 45, 152, 'Look and feel', 0, 0, 0, 0, 'look and feel', 'ezstring');
INSERT INTO ezcontentobject_attribute VALUES (108, 'eng-GB', 8, 45, 152, 'Look and feel', 0, 0, 0, 0, 'look and feel', 'ezstring');
INSERT INTO ezcontentobject_attribute VALUES (102, 'eng-GB', 9, 43, 152, 'Classes', 0, 0, 0, 0, 'classes', 'ezstring');
INSERT INTO ezcontentobject_attribute VALUES (108, 'eng-GB', 10, 45, 152, 'Look and feel', 0, 0, 0, 0, 'look and feel', 'ezstring');
INSERT INTO ezcontentobject_attribute VALUES (327, 'eng-GB', 3, 116, 152, 'URL translator', 0, 0, 0, 0, 'url translator', 'ezstring');
INSERT INTO ezcontentobject_attribute VALUES (103, 'eng-GB', 4, 43, 153, '', 0, 0, 0, 0, '', 'ezimage');
INSERT INTO ezcontentobject_attribute VALUES (103, 'eng-GB', 5, 43, 153, '', 0, 0, 0, 0, '', 'ezimage');
INSERT INTO ezcontentobject_attribute VALUES (324, 'eng-GB', 4, 115, 153, '<?xml version="1.0" encoding="UTF-8"?>
<ezimage serial_number="1"
         is_valid="1"
         filename="cache.png"
         suffix="png"
         basename="cache"
         dirpath="var/blog/storage/images/setup/setup_links/cache/324-4-eng-GB"
         url="var/blog/storage/images/setup/setup_links/cache/324-4-eng-GB/cache.png"
         original_filename="gnome-ccperiph.png"
         mime_type="image/png"
         width="48"
         height="48"
         alternative_text=""
         alias_key="1293033771">
  <original attribute_id="324"
            attribute_version="3"
            attribute_language="eng-GB" />
  <alias name="reference"
         filename="cache_reference.png"
         suffix="png"
         dirpath="var/blog/storage/images/setup/setup_links/cache/324-4-eng-GB"
         url="var/blog/storage/images/setup/setup_links/cache/324-4-eng-GB/cache_reference.png"
         mime_type="image/png"
         width="48"
         height="48"
         alias_key="-1689502181"
         timestamp="1069429665"
         is_valid="1" />
  <alias name="large"
         filename="cache_large.png"
         suffix="png"
         dirpath="var/blog/storage/images/setup/setup_links/cache/324-4-eng-GB"
         url="var/blog/storage/images/setup/setup_links/cache/324-4-eng-GB/cache_large.png"
         mime_type="image/png"
         width="48"
         height="48"
         alias_key="-1095359119"
         timestamp="1069429665"
         is_valid="1" />
  <alias name="medium"
         filename="cache_medium.png"
         suffix="png"
         dirpath="var/blog/storage/images/setup/setup_links/cache/324-4-eng-GB"
         url="var/blog/storage/images/setup/setup_links/cache/324-4-eng-GB/cache_medium.png"
         mime_type="image/png"
         width="48"
         height="48"
         alias_key="1446888826"
         is_valid="1" />
</ezimage>', 0, 0, 0, 0, '', 'ezimage');
INSERT INTO ezcontentobject_attribute VALUES (103, 'eng-GB', 6, 43, 153, '', 0, 0, 0, 0, '', 'ezimage');
INSERT INTO ezcontentobject_attribute VALUES (103, 'eng-GB', 7, 43, 153, '<?xml version="1.0" encoding="UTF-8"?>
<ezimage serial_number=""
         is_valid="1"
         filename="classes1.png"
         suffix="png"
         basename="classes1"
         dirpath="var/intranet/storage/images/setup/setup_links/classes//103-7-eng-GB"
         url="var/intranet/storage/images/setup/setup_links/classes//103-7-eng-GB/classes1.png"
         original_filename="gnome-settings.png"
         mime_type="image/png"
         width="48"
         height="48"
         alternative_text=""
         alias_key="1293033771">
  <alias name="reference"
         filename="classes1_reference.png"
         suffix="png"
         dirpath="var/intranet/storage/images/setup/setup_links/classes//103-7-eng-GB"
         url="var/intranet/storage/images/setup/setup_links/classes//103-7-eng-GB/classes1_reference.png"
         mime_type="image/png"
         width="48"
         height="48"
         alias_key="-1689502181"
         is_valid="1" />
  <alias name="large"
         filename="classes1_large.png"
         suffix="png"
         dirpath="var/intranet/storage/images/setup/setup_links/classes//103-7-eng-GB"
         url="var/intranet/storage/images/setup/setup_links/classes//103-7-eng-GB/classes1_large.png"
         mime_type="image/png"
         width="48"
         height="48"
         alias_key="-1095359119"
         is_valid="1" />
</ezimage>', 0, 0, 0, 0, '', 'ezimage');
INSERT INTO ezcontentobject_attribute VALUES (109, 'eng-GB', 4, 45, 153, '', 0, 0, 0, 0, '', 'ezimage');
INSERT INTO ezcontentobject_attribute VALUES (109, 'eng-GB', 5, 45, 153, '<?xml version="1.0" encoding="UTF-8"?>
<ezimage serial_number=""
         is_valid="1"
         filename="look_and_feel1.png"
         suffix="png"
         basename="look_and_feel1"
         dirpath="var/intranet/storage/images/setup/setup_links/look_and_feel//109-5-eng-GB"
         url="var/intranet/storage/images/setup/setup_links/look_and_feel//109-5-eng-GB/look_and_feel1.png"
         original_filename="gnome-color-browser.png"
         mime_type="image/png"
         width="48"
         height="48"
         alternative_text=""
         alias_key="1293033771">
  <alias name="reference"
         filename="look_and_feel1_reference.png"
         suffix="png"
         dirpath="var/intranet/storage/images/setup/setup_links/look_and_feel//109-5-eng-GB"
         url="var/intranet/storage/images/setup/setup_links/look_and_feel//109-5-eng-GB/look_and_feel1_reference.png"
         mime_type="image/png"
         width="600"
         height="600"
         alias_key="-294625821"
         is_valid="1" />
  <alias name="large"
         filename="look_and_feel1_large.png"
         suffix="png"
         dirpath="var/intranet/storage/images/setup/setup_links/look_and_feel//109-5-eng-GB"
         url="var/intranet/storage/images/setup/setup_links/look_and_feel//109-5-eng-GB/look_and_feel1_large.png"
         mime_type="image/png"
         width="300"
         height="300"
         alias_key="924963484"
         is_valid="1" />
</ezimage>', 0, 0, 0, 0, '', 'ezimage');
INSERT INTO ezcontentobject_attribute VALUES (109, 'eng-GB', 6, 45, 153, '<?xml version="1.0" encoding="UTF-8"?>
<ezimage serial_number="1"
         is_valid="1"
         filename="look_and_feel.png"
         suffix="png"
         basename="look_and_feel"
         dirpath="var/intranet/storage/images/setup/setup_links/look_and_feel/109-6-eng-GB"
         url="var/intranet/storage/images/setup/setup_links/look_and_feel/109-6-eng-GB/look_and_feel.png"
         original_filename="gnome-color-browser.png"
         mime_type="original"
         width="48"
         height="48"
         alternative_text=""
         alias_key="1293033771">
  <original attribute_id=""
            attribute_version=""
            attribute_language="" />
  <alias name="reference"
         filename="look_and_feel_reference.png"
         suffix="png"
         dirpath="var/intranet/storage/images/setup/setup_links/look_and_feel/109-6-eng-GB"
         url="var/intranet/storage/images/setup/setup_links/look_and_feel/109-6-eng-GB/look_and_feel_reference.png"
         mime_type="image/png"
         width="48"
         height="48"
         alias_key="-1689502181"
         is_valid="1" />
  <alias name="medium"
         filename="look_and_feel_medium.png"
         suffix="png"
         dirpath="var/intranet/storage/images/setup/setup_links/look_and_feel/109-6-eng-GB"
         url="var/intranet/storage/images/setup/setup_links/look_and_feel/109-6-eng-GB/look_and_feel_medium.png"
         mime_type="image/png"
         width="48"
         height="48"
         alias_key="1446888826"
         is_valid="1" />
  <alias name="icon"
         filename="look_and_feel_icon.png"
         suffix="png"
         dirpath="var/intranet/storage/images/setup/setup_links/look_and_feel/109-6-eng-GB"
         url="var/intranet/storage/images/setup/setup_links/look_and_feel/109-6-eng-GB/look_and_feel_icon.png"
         mime_type="image/png"
         width="48"
         height="48"
         alias_key="1993047904"
         is_valid="1" />
  <alias name="large"
         filename="look_and_feel_large.png"
         suffix="png"
         dirpath="var/intranet/storage/images/setup/setup_links/look_and_feel/109-6-eng-GB"
         url="var/intranet/storage/images/setup/setup_links/look_and_feel/109-6-eng-GB/look_and_feel_large.png"
         mime_type="image/png"
         width="48"
         height="48"
         alias_key="-1095359119"
         is_valid="1" />
</ezimage>', 0, 0, 0, 0, '', 'ezimage');
INSERT INTO ezcontentobject_attribute VALUES (109, 'eng-GB', 7, 45, 153, '<?xml version="1.0" encoding="UTF-8"?>
<ezimage serial_number="1"
         is_valid="1"
         filename="look_and_feel.png"
         suffix="png"
         basename="look_and_feel"
         dirpath="var/intranet/storage/images/setup/setup_links/look_and_feel/109-7-eng-GB"
         url="var/intranet/storage/images/setup/setup_links/look_and_feel/109-7-eng-GB/look_and_feel.png"
         original_filename="gnome-color-browser.png"
         mime_type="original"
         width="48"
         height="48"
         alternative_text=""
         alias_key="1293033771">
  <original attribute_id="109"
            attribute_version="6"
            attribute_language="eng-GB" />
  <alias name="reference"
         filename="look_and_feel_reference.png"
         suffix="png"
         dirpath="var/intranet/storage/images/setup/setup_links/look_and_feel/109-7-eng-GB"
         url="var/intranet/storage/images/setup/setup_links/look_and_feel/109-7-eng-GB/look_and_feel_reference.png"
         mime_type="image/png"
         width="48"
         height="48"
         alias_key="-1689502181"
         is_valid="1" />
  <alias name="medium"
         filename="look_and_feel_medium.png"
         suffix="png"
         dirpath="var/intranet/storage/images/setup/setup_links/look_and_feel/109-7-eng-GB"
         url="var/intranet/storage/images/setup/setup_links/look_and_feel/109-7-eng-GB/look_and_feel_medium.png"
         mime_type="image/png"
         width="48"
         height="48"
         alias_key="1446888826"
         is_valid="1" />
  <alias name="icon"
         filename="look_and_feel_icon.png"
         suffix="png"
         dirpath="var/intranet/storage/images/setup/setup_links/look_and_feel/109-7-eng-GB"
         url="var/intranet/storage/images/setup/setup_links/look_and_feel/109-7-eng-GB/look_and_feel_icon.png"
         mime_type="image/png"
         width="48"
         height="48"
         alias_key="1993047904"
         is_valid="1" />
  <alias name="large"
         filename="look_and_feel_large.png"
         suffix="png"
         dirpath="var/intranet/storage/images/setup/setup_links/look_and_feel/109-7-eng-GB"
         url="var/intranet/storage/images/setup/setup_links/look_and_feel/109-7-eng-GB/look_and_feel_large.png"
         mime_type="image/png"
         width="48"
         height="48"
         alias_key="-1095359119"
         is_valid="1" />
</ezimage>', 0, 0, 0, 0, '', 'ezimage');
INSERT INTO ezcontentobject_attribute VALUES (109, 'eng-GB', 8, 45, 153, '<?xml version="1.0" encoding="UTF-8"?>
<ezimage serial_number="1"
         is_valid="1"
         filename="look_and_feel.png"
         suffix="png"
         basename="look_and_feel"
         dirpath="var/intranet/storage/images/setup/setup_links/look_and_feel/109-8-eng-GB"
         url="var/intranet/storage/images/setup/setup_links/look_and_feel/109-8-eng-GB/look_and_feel.png"
         original_filename="gnome-color-browser.png"
         mime_type="original"
         width="48"
         height="48"
         alternative_text=""
         alias_key="1293033771">
  <original attribute_id="109"
            attribute_version="7"
            attribute_language="eng-GB" />
  <alias name="reference"
         filename="look_and_feel_reference.png"
         suffix="png"
         dirpath="var/intranet/storage/images/setup/setup_links/look_and_feel/109-8-eng-GB"
         url="var/intranet/storage/images/setup/setup_links/look_and_feel/109-8-eng-GB/look_and_feel_reference.png"
         mime_type="image/png"
         width="48"
         height="48"
         alias_key="-1689502181"
         is_valid="1" />
  <alias name="medium"
         filename="look_and_feel_medium.png"
         suffix="png"
         dirpath="var/intranet/storage/images/setup/setup_links/look_and_feel/109-8-eng-GB"
         url="var/intranet/storage/images/setup/setup_links/look_and_feel/109-8-eng-GB/look_and_feel_medium.png"
         mime_type="image/png"
         width="48"
         height="48"
         alias_key="1446888826"
         is_valid="1" />
  <alias name="icon"
         filename="look_and_feel_icon.png"
         suffix="png"
         dirpath="var/intranet/storage/images/setup/setup_links/look_and_feel/109-8-eng-GB"
         url="var/intranet/storage/images/setup/setup_links/look_and_feel/109-8-eng-GB/look_and_feel_icon.png"
         mime_type="image/png"
         width="48"
         height="48"
         alias_key="1993047904"
         is_valid="1" />
  <alias name="large"
         filename="look_and_feel_large.png"
         suffix="png"
         dirpath="var/intranet/storage/images/setup/setup_links/look_and_feel/109-8-eng-GB"
         url="var/intranet/storage/images/setup/setup_links/look_and_feel/109-8-eng-GB/look_and_feel_large.png"
         mime_type="image/png"
         width="48"
         height="48"
         alias_key="-1095359119"
         is_valid="1" />
</ezimage>', 0, 0, 0, 0, '', 'ezimage');
INSERT INTO ezcontentobject_attribute VALUES (109, 'eng-GB', 9, 45, 153, '<?xml version="1.0" encoding="UTF-8"?>
<ezimage serial_number="1"
         is_valid="1"
         filename="look_and_feel.png"
         suffix="png"
         basename="look_and_feel"
         dirpath="var/corporate/storage/images/setup/setup_links/look_and_feel/109-9-eng-GB"
         url="var/corporate/storage/images/setup/setup_links/look_and_feel/109-9-eng-GB/look_and_feel.png"
         original_filename="gnome-color-browser.png"
         mime_type="original"
         width="48"
         height="48"
         alternative_text=""
         alias_key="1293033771">
  <original attribute_id="109"
            attribute_version="8"
            attribute_language="eng-GB" />
  <alias name="reference"
         filename="look_and_feel_reference.png"
         suffix="png"
         dirpath="var/corporate/storage/images/setup/setup_links/look_and_feel/109-9-eng-GB"
         url="var/corporate/storage/images/setup/setup_links/look_and_feel/109-9-eng-GB/look_and_feel_reference.png"
         mime_type="image/png"
         width="48"
         height="48"
         alias_key="-1689502181"
         is_valid="1" />
  <alias name="medium"
         filename="look_and_feel_medium.png"
         suffix="png"
         dirpath="var/corporate/storage/images/setup/setup_links/look_and_feel/109-9-eng-GB"
         url="var/corporate/storage/images/setup/setup_links/look_and_feel/109-9-eng-GB/look_and_feel_medium.png"
         mime_type="image/png"
         width="48"
         height="48"
         alias_key="1446888826"
         is_valid="1" />
  <alias name="icon"
         filename="look_and_feel_icon.png"
         suffix="png"
         dirpath="var/corporate/storage/images/setup/setup_links/look_and_feel/109-9-eng-GB"
         url="var/corporate/storage/images/setup/setup_links/look_and_feel/109-9-eng-GB/look_and_feel_icon.png"
         mime_type="image/png"
         width="48"
         height="48"
         alias_key="1993047904"
         is_valid="1" />
  <alias name="large"
         filename="look_and_feel_large.png"
         suffix="png"
         dirpath="var/corporate/storage/images/setup/setup_links/look_and_feel/109-9-eng-GB"
         url="var/corporate/storage/images/setup/setup_links/look_and_feel/109-9-eng-GB/look_and_feel_large.png"
         mime_type="image/png"
         width="48"
         height="48"
         alias_key="-1095359119"
         is_valid="1" />
</ezimage>', 0, 0, 0, 0, '', 'ezimage');
INSERT INTO ezcontentobject_attribute VALUES (103, 'eng-GB', 8, 43, 153, '<?xml version="1.0" encoding="UTF-8"?>
<ezimage serial_number="1"
         is_valid="1"
         filename="classes.png"
         suffix="png"
         basename="classes"
         dirpath="var/corporate/storage/images/setup/setup_links/classes/103-8-eng-GB"
         url="var/corporate/storage/images/setup/setup_links/classes/103-8-eng-GB/classes.png"
         original_filename="gnome-settings.png"
         mime_type="image/png"
         width="48"
         height="48"
         alternative_text=""
         alias_key="1293033771">
  <original attribute_id=""
            attribute_version=""
            attribute_language="" />
  <alias name="reference"
         filename="classes_reference.png"
         suffix="png"
         dirpath="var/corporate/storage/images/setup/setup_links/classes/103-8-eng-GB"
         url="var/corporate/storage/images/setup/setup_links/classes/103-8-eng-GB/classes_reference.png"
         mime_type="image/png"
         width="48"
         height="48"
         alias_key="-1689502181"
         is_valid="1" />
  <alias name="large"
         filename="classes_large.png"
         suffix="png"
         dirpath="var/corporate/storage/images/setup/setup_links/classes/103-8-eng-GB"
         url="var/corporate/storage/images/setup/setup_links/classes/103-8-eng-GB/classes_large.png"
         mime_type="image/png"
         width="48"
         height="48"
         alias_key="-1095359119"
         is_valid="1" />
  <alias name="medium"
         filename="classes_medium.png"
         suffix="png"
         dirpath="var/corporate/storage/images/setup/setup_links/classes/103-8-eng-GB"
         url="var/corporate/storage/images/setup/setup_links/classes/103-8-eng-GB/classes_medium.png"
         mime_type="image/png"
         width="48"
         height="48"
         alias_key="1446888826"
         is_valid="1" />
</ezimage>', 0, 0, 0, 0, '', 'ezimage');
INSERT INTO ezcontentobject_attribute VALUES (103, 'eng-GB', 9, 43, 153, '<?xml version="1.0" encoding="UTF-8"?>
<ezimage serial_number="1"
         is_valid="1"
         filename="classes.png"
         suffix="png"
         basename="classes"
         dirpath="var/blog/storage/images/setup/setup_links/classes/103-9-eng-GB"
         url="var/blog/storage/images/setup/setup_links/classes/103-9-eng-GB/classes.png"
         original_filename="gnome-settings.png"
         mime_type="image/png"
         width="48"
         height="48"
         alternative_text=""
         alias_key="1293033771">
  <original attribute_id="103"
            attribute_version="8"
            attribute_language="eng-GB" />
  <alias name="reference"
         filename="classes_reference.png"
         suffix="png"
         dirpath="var/blog/storage/images/setup/setup_links/classes/103-9-eng-GB"
         url="var/blog/storage/images/setup/setup_links/classes/103-9-eng-GB/classes_reference.png"
         mime_type="image/png"
         width="48"
         height="48"
         alias_key="-1689502181"
         timestamp="1069429664"
         is_valid="1" />
  <alias name="large"
         filename="classes_large.png"
         suffix="png"
         dirpath="var/blog/storage/images/setup/setup_links/classes/103-9-eng-GB"
         url="var/blog/storage/images/setup/setup_links/classes/103-9-eng-GB/classes_large.png"
         mime_type="image/png"
         width="48"
         height="48"
         alias_key="-1095359119"
         timestamp="1069429664"
         is_valid="1" />
  <alias name="medium"
         filename="classes_medium.png"
         suffix="png"
         dirpath="var/blog/storage/images/setup/setup_links/classes/103-9-eng-GB"
         url="var/blog/storage/images/setup/setup_links/classes/103-9-eng-GB/classes_medium.png"
         mime_type="image/png"
         width="48"
         height="48"
         alias_key="1446888826"
         is_valid="1" />
</ezimage>', 0, 0, 0, 0, '', 'ezimage');
INSERT INTO ezcontentobject_attribute VALUES (109, 'eng-GB', 10, 45, 153, '<?xml version="1.0" encoding="UTF-8"?>
<ezimage serial_number="1"
         is_valid="1"
         filename="look_and_feel.png"
         suffix="png"
         basename="look_and_feel"
         dirpath="var/blog/storage/images/setup/setup_links/look_and_feel/109-10-eng-GB"
         url="var/blog/storage/images/setup/setup_links/look_and_feel/109-10-eng-GB/look_and_feel.png"
         original_filename="gnome-color-browser.png"
         mime_type="original"
         width="48"
         height="48"
         alternative_text=""
         alias_key="1293033771">
  <original attribute_id="109"
            attribute_version="9"
            attribute_language="eng-GB" />
  <alias name="reference"
         filename="look_and_feel_reference.png"
         suffix="png"
         dirpath="var/blog/storage/images/setup/setup_links/look_and_feel/109-10-eng-GB"
         url="var/blog/storage/images/setup/setup_links/look_and_feel/109-10-eng-GB/look_and_feel_reference.png"
         mime_type="image/png"
         width="48"
         height="48"
         alias_key="-1689502181"
         timestamp="1069429665"
         is_valid="1" />
  <alias name="medium"
         filename="look_and_feel_medium.png"
         suffix="png"
         dirpath="var/blog/storage/images/setup/setup_links/look_and_feel/109-10-eng-GB"
         url="var/blog/storage/images/setup/setup_links/look_and_feel/109-10-eng-GB/look_and_feel_medium.png"
         mime_type="image/png"
         width="48"
         height="48"
         alias_key="1446888826"
         is_valid="1" />
  <alias name="icon"
         filename="look_and_feel_icon.png"
         suffix="png"
         dirpath="var/blog/storage/images/setup/setup_links/look_and_feel/109-10-eng-GB"
         url="var/blog/storage/images/setup/setup_links/look_and_feel/109-10-eng-GB/look_and_feel_icon.png"
         mime_type="image/png"
         width="48"
         height="48"
         alias_key="1993047904"
         is_valid="1" />
  <alias name="large"
         filename="look_and_feel_large.png"
         suffix="png"
         dirpath="var/blog/storage/images/setup/setup_links/look_and_feel/109-10-eng-GB"
         url="var/blog/storage/images/setup/setup_links/look_and_feel/109-10-eng-GB/look_and_feel_large.png"
         mime_type="image/png"
         width="48"
         height="48"
         alias_key="-1095359119"
         timestamp="1069429665"
         is_valid="1" />
</ezimage>', 0, 0, 0, 0, '', 'ezimage');
INSERT INTO ezcontentobject_attribute VALUES (328, 'eng-GB', 3, 116, 153, '<?xml version="1.0" encoding="UTF-8"?>
<ezimage serial_number="1"
         is_valid="1"
         filename="url_translator.png"
         suffix="png"
         basename="url_translator"
         dirpath="var/blog/storage/images/setup/setup_links/url_translator/328-3-eng-GB"
         url="var/blog/storage/images/setup/setup_links/url_translator/328-3-eng-GB/url_translator.png"
         original_filename="gnome-globe.png"
         mime_type="image/png"
         width="48"
         height="48"
         alternative_text=""
         alias_key="1293033771">
  <original attribute_id="328"
            attribute_version="2"
            attribute_language="eng-GB" />
  <alias name="reference"
         filename="url_translator_reference.png"
         suffix="png"
         dirpath="var/blog/storage/images/setup/setup_links/url_translator/328-3-eng-GB"
         url="var/blog/storage/images/setup/setup_links/url_translator/328-3-eng-GB/url_translator_reference.png"
         mime_type="image/png"
         width="48"
         height="48"
         alias_key="-1689502181"
         timestamp="1069429665"
         is_valid="1" />
  <alias name="large"
         filename="url_translator_large.png"
         suffix="png"
         dirpath="var/blog/storage/images/setup/setup_links/url_translator/328-3-eng-GB"
         url="var/blog/storage/images/setup/setup_links/url_translator/328-3-eng-GB/url_translator_large.png"
         mime_type="image/png"
         width="48"
         height="48"
         alias_key="-1095359119"
         timestamp="1069429665"
         is_valid="1" />
  <alias name="medium"
         filename="url_translator_medium.png"
         suffix="png"
         dirpath="var/blog/storage/images/setup/setup_links/url_translator/328-3-eng-GB"
         url="var/blog/storage/images/setup/setup_links/url_translator/328-3-eng-GB/url_translator_medium.png"
         mime_type="image/png"
         width="48"
         height="48"
         alias_key="1446888826"
         is_valid="1" />
</ezimage>', 0, 0, 0, 0, '', 'ezimage');
INSERT INTO ezcontentobject_attribute VALUES (104, 'eng-GB', 4, 43, 154, '', 0, 0, 0, 0, '', 'eztext');
INSERT INTO ezcontentobject_attribute VALUES (104, 'eng-GB', 5, 43, 154, '', 0, 0, 0, 0, '', 'eztext');
INSERT INTO ezcontentobject_attribute VALUES (110, 'eng-GB', 9, 45, 154, '', 0, 0, 0, 0, '', 'eztext');
INSERT INTO ezcontentobject_attribute VALUES (104, 'eng-GB', 6, 43, 154, '', 0, 0, 0, 0, '', 'eztext');
INSERT INTO ezcontentobject_attribute VALUES (104, 'eng-GB', 7, 43, 154, '', 0, 0, 0, 0, '', 'eztext');
INSERT INTO ezcontentobject_attribute VALUES (110, 'eng-GB', 4, 45, 154, '', 0, 0, 0, 0, '', 'eztext');
INSERT INTO ezcontentobject_attribute VALUES (110, 'eng-GB', 5, 45, 154, '', 0, 0, 0, 0, '', 'eztext');
INSERT INTO ezcontentobject_attribute VALUES (110, 'eng-GB', 6, 45, 154, '', 0, 0, 0, 0, '', 'eztext');
INSERT INTO ezcontentobject_attribute VALUES (110, 'eng-GB', 7, 45, 154, '', 0, 0, 0, 0, '', 'eztext');
INSERT INTO ezcontentobject_attribute VALUES (110, 'eng-GB', 8, 45, 154, '', 0, 0, 0, 0, '', 'eztext');
INSERT INTO ezcontentobject_attribute VALUES (325, 'eng-GB', 4, 115, 154, '', 0, 0, 0, 0, '', 'eztext');
INSERT INTO ezcontentobject_attribute VALUES (104, 'eng-GB', 9, 43, 154, '', 0, 0, 0, 0, '', 'eztext');
INSERT INTO ezcontentobject_attribute VALUES (110, 'eng-GB', 10, 45, 154, '', 0, 0, 0, 0, '', 'eztext');
INSERT INTO ezcontentobject_attribute VALUES (329, 'eng-GB', 3, 116, 154, '', 0, 0, 0, 0, '', 'eztext');
INSERT INTO ezcontentobject_attribute VALUES (105, 'eng-GB', 4, 43, 155, 'class/grouplist', 0, 0, 0, 0, 'class/grouplist', 'ezstring');
INSERT INTO ezcontentobject_attribute VALUES (105, 'eng-GB', 5, 43, 155, 'class/grouplist', 0, 0, 0, 0, 'class/grouplist', 'ezstring');
INSERT INTO ezcontentobject_attribute VALUES (111, 'eng-GB', 9, 45, 155, 'content/edit/56', 0, 0, 0, 0, 'content/edit/56', 'ezstring');
INSERT INTO ezcontentobject_attribute VALUES (105, 'eng-GB', 6, 43, 155, 'class/grouplist', 0, 0, 0, 0, 'class/grouplist', 'ezstring');
INSERT INTO ezcontentobject_attribute VALUES (105, 'eng-GB', 7, 43, 155, 'class/grouplist', 0, 0, 0, 0, 'class/grouplist', 'ezstring');
INSERT INTO ezcontentobject_attribute VALUES (111, 'eng-GB', 4, 45, 155, 'content/view/full/44', 0, 0, 0, 0, 'content/view/full/44', 'ezstring');
INSERT INTO ezcontentobject_attribute VALUES (111, 'eng-GB', 5, 45, 155, 'content/view/full/48', 0, 0, 0, 0, 'content/view/full/48', 'ezstring');
INSERT INTO ezcontentobject_attribute VALUES (111, 'eng-GB', 6, 45, 155, 'content/view/full/54', 0, 0, 0, 0, 'content/view/full/54', 'ezstring');
INSERT INTO ezcontentobject_attribute VALUES (111, 'eng-GB', 7, 45, 155, 'content/edit/54', 0, 0, 0, 0, 'content/edit/54', 'ezstring');
INSERT INTO ezcontentobject_attribute VALUES (111, 'eng-GB', 8, 45, 155, 'content/edit/56', 0, 0, 0, 0, 'content/edit/56', 'ezstring');
INSERT INTO ezcontentobject_attribute VALUES (105, 'eng-GB', 8, 43, 155, 'class/grouplist', 0, 0, 0, 0, 'class/grouplist', 'ezstring');
INSERT INTO ezcontentobject_attribute VALUES (326, 'eng-GB', 4, 115, 155, 'setup/cache', 0, 0, 0, 0, 'setup/cache', 'ezstring');
INSERT INTO ezcontentobject_attribute VALUES (105, 'eng-GB', 9, 43, 155, 'class/grouplist', 0, 0, 0, 0, 'class/grouplist', 'ezstring');
INSERT INTO ezcontentobject_attribute VALUES (111, 'eng-GB', 10, 45, 155, 'content/edit/56', 0, 0, 0, 0, 'content/edit/56', 'ezstring');
INSERT INTO ezcontentobject_attribute VALUES (330, 'eng-GB', 3, 116, 155, 'content/urltranslator/', 0, 0, 0, 0, 'content/urltranslator/', 'ezstring');
INSERT INTO ezcontentobject_attribute VALUES (150, 'eng-GB', 61, 56, 157, 'Blog', 0, 0, 0, 0, '', 'ezinisetting');
INSERT INTO ezcontentobject_attribute VALUES (150, 'eng-GB', 63, 56, 157, 'Blog test', 0, 0, 0, 0, '', 'ezinisetting');
INSERT INTO ezcontentobject_attribute VALUES (150, 'eng-GB', 65, 56, 157, 'Blog test', 0, 0, 0, 0, '', 'ezinisetting');
INSERT INTO ezcontentobject_attribute VALUES (150, 'eng-GB', 62, 56, 157, 'Blog', 0, 0, 0, 0, '', 'ezinisetting');
INSERT INTO ezcontentobject_attribute VALUES (150, 'eng-GB', 70, 56, 157, 'Blog', 0, 0, 0, 0, '', 'ezinisetting');
INSERT INTO ezcontentobject_attribute VALUES (150, 'eng-GB', 64, 56, 157, 'Blog test', 0, 0, 0, 0, '', 'ezinisetting');
INSERT INTO ezcontentobject_attribute VALUES (151, 'eng-GB', 62, 56, 158, 'author=eZ systems package team
copyright=eZ systems
description=Content Management System
keywords=cms', 0, 0, 0, 0, '', 'ezinisetting');
INSERT INTO ezcontentobject_attribute VALUES (151, 'eng-GB', 63, 56, 158, 'author=eZ systems package team
copyright=eZ systems
description=Content Management System
keywords=cms', 0, 0, 0, 0, '', 'ezinisetting');
INSERT INTO ezcontentobject_attribute VALUES (151, 'eng-GB', 65, 56, 158, 'author=eZ systems package team
copyright=eZ systems
description=Content Management System
keywords=cms', 0, 0, 0, 0, '', 'ezinisetting');
INSERT INTO ezcontentobject_attribute VALUES (151, 'eng-GB', 70, 56, 158, 'author=eZ systems package team
copyright=eZ systems as
description=Content Management System
keywords=cms', 0, 0, 0, 0, '', 'ezinisetting');
INSERT INTO ezcontentobject_attribute VALUES (151, 'eng-GB', 64, 56, 158, 'author=eZ systems package team
copyright=eZ systems
description=Content Management System
keywords=cms', 0, 0, 0, 0, '', 'ezinisetting');
INSERT INTO ezcontentobject_attribute VALUES (152, 'eng-GB', 61, 56, 159, '<?xml version="1.0" encoding="UTF-8"?>
<ezimage serial_number="1"
         is_valid="1"
         filename="blog.gif"
         suffix="gif"
         basename="blog"
         dirpath="var/blog/storage/images/setup/look_and_feel/blog/152-61-eng-GB"
         url="var/blog/storage/images/setup/look_and_feel/blog/152-61-eng-GB/blog.gif"
         original_filename="blog.gif"
         mime_type="original"
         width="194"
         height="61"
         alternative_text=""
         alias_key="1293033771"
         timestamp="1069334362">
  <original attribute_id="152"
            attribute_version="60"
            attribute_language="eng-GB" />
  <alias name="reference"
         filename="blog_reference.gif"
         suffix="gif"
         dirpath="var/blog/storage/images/setup/look_and_feel/blog/152-61-eng-GB"
         url="var/blog/storage/images/setup/look_and_feel/blog/152-61-eng-GB/blog_reference.gif"
         mime_type="image/gif"
         width="194"
         height="61"
         alias_key="-1689502181"
         timestamp="1069334363"
         is_valid="1" />
  <alias name="medium"
         filename="blog_medium.gif"
         suffix="gif"
         dirpath="var/blog/storage/images/setup/look_and_feel/blog/152-61-eng-GB"
         url="var/blog/storage/images/setup/look_and_feel/blog/152-61-eng-GB/blog_medium.gif"
         mime_type="image/gif"
         width="194"
         height="61"
         alias_key="1446888826"
         timestamp="1069334363"
         is_valid="1" />
</ezimage>', 0, 0, 0, 0, '', 'ezimage');
INSERT INTO ezcontentobject_attribute VALUES (152, 'eng-GB', 63, 56, 159, '<?xml version="1.0" encoding="UTF-8"?>
<ezimage serial_number="1"
         is_valid="1"
         filename="blog_test.gif"
         suffix="gif"
         basename="blog_test"
         dirpath="var/blog/storage/images/setup/look_and_feel/blog_test/152-63-eng-GB"
         url="var/blog/storage/images/setup/look_and_feel/blog_test/152-63-eng-GB/blog_test.gif"
         original_filename="blog.gif"
         mime_type="original"
         width="194"
         height="61"
         alternative_text=""
         alias_key="1293033771"
         timestamp="1069334362">
  <original attribute_id="152"
            attribute_version="62"
            attribute_language="eng-GB" />
  <alias name="reference"
         filename="blog_test_reference.gif"
         suffix="gif"
         dirpath="var/blog/storage/images/setup/look_and_feel/blog_test/152-63-eng-GB"
         url="var/blog/storage/images/setup/look_and_feel/blog_test/152-63-eng-GB/blog_test_reference.gif"
         mime_type="image/gif"
         width="194"
         height="61"
         alias_key="-1689502181"
         timestamp="1069334363"
         is_valid="1" />
  <alias name="medium"
         filename="blog_test_medium.gif"
         suffix="gif"
         dirpath="var/blog/storage/images/setup/look_and_feel/blog_test/152-63-eng-GB"
         url="var/blog/storage/images/setup/look_and_feel/blog_test/152-63-eng-GB/blog_test_medium.gif"
         mime_type="image/gif"
         width="194"
         height="61"
         alias_key="1446888826"
         timestamp="1069334363"
         is_valid="1" />
</ezimage>', 0, 0, 0, 0, '', 'ezimage');
INSERT INTO ezcontentobject_attribute VALUES (152, 'eng-GB', 70, 56, 159, '<?xml version="1.0" encoding="UTF-8"?>
<ezimage serial_number="1"
         is_valid="1"
         filename="blog.gif"
         suffix="gif"
         basename="blog"
         dirpath="var/blog/storage/images/setup/look_and_feel/blog/152-70-eng-GB"
         url="var/blog/storage/images/setup/look_and_feel/blog/152-70-eng-GB/blog.gif"
         original_filename="weblog.gif"
         mime_type="original"
         width="165"
         height="48"
         alternative_text=""
         alias_key="1293033771"
         timestamp="1069838835">
  <original attribute_id="152"
            attribute_version="69"
            attribute_language="eng-GB" />
  <alias name="reference"
         filename="blog_reference.gif"
         suffix="gif"
         dirpath="var/blog/storage/images/setup/look_and_feel/blog/152-70-eng-GB"
         url="var/blog/storage/images/setup/look_and_feel/blog/152-70-eng-GB/blog_reference.gif"
         mime_type="image/gif"
         width="165"
         height="48"
         alias_key="-1689502181"
         timestamp="1069838837"
         is_valid="1" />
  <alias name="medium"
         filename="blog_medium.gif"
         suffix="gif"
         dirpath="var/blog/storage/images/setup/look_and_feel/blog/152-70-eng-GB"
         url="var/blog/storage/images/setup/look_and_feel/blog/152-70-eng-GB/blog_medium.gif"
         mime_type="image/gif"
         width="165"
         height="48"
         alias_key="1446888826"
         timestamp="1069838837"
         is_valid="1" />
  <alias name="logo"
         filename="blog_logo.gif"
         suffix="gif"
         dirpath="var/blog/storage/images/setup/look_and_feel/blog/152-70-eng-GB"
         url="var/blog/storage/images/setup/look_and_feel/blog/152-70-eng-GB/blog_logo.gif"
         mime_type="image/gif"
         width="165"
         height="48"
         alias_key="-447475028"
         timestamp="1069843716"
         is_valid="1" />
</ezimage>', 0, 0, 0, 0, '', 'ezimage');
INSERT INTO ezcontentobject_attribute VALUES (152, 'eng-GB', 65, 56, 159, '<?xml version="1.0" encoding="UTF-8"?>
<ezimage serial_number="1"
         is_valid="1"
         filename="blog_test.gif"
         suffix="gif"
         basename="blog_test"
         dirpath="var/blog/storage/images/setup/look_and_feel/blog_test/152-65-eng-GB"
         url="var/blog/storage/images/setup/look_and_feel/blog_test/152-65-eng-GB/blog_test.gif"
         original_filename="blog.gif"
         mime_type="original"
         width="194"
         height="61"
         alternative_text=""
         alias_key="1293033771"
         timestamp="1069334362">
  <original attribute_id="152"
            attribute_version="64"
            attribute_language="eng-GB" />
  <alias name="reference"
         filename="blog_test_reference.gif"
         suffix="gif"
         dirpath="var/blog/storage/images/setup/look_and_feel/blog_test/152-65-eng-GB"
         url="var/blog/storage/images/setup/look_and_feel/blog_test/152-65-eng-GB/blog_test_reference.gif"
         mime_type="image/gif"
         width="194"
         height="61"
         alias_key="-1689502181"
         timestamp="1069334363"
         is_valid="1" />
  <alias name="medium"
         filename="blog_test_medium.gif"
         suffix="gif"
         dirpath="var/blog/storage/images/setup/look_and_feel/blog_test/152-65-eng-GB"
         url="var/blog/storage/images/setup/look_and_feel/blog_test/152-65-eng-GB/blog_test_medium.gif"
         mime_type="image/gif"
         width="194"
         height="61"
         alias_key="1446888826"
         timestamp="1069334363"
         is_valid="1" />
  <alias name="logo"
         filename="blog_test_logo.gif"
         suffix="gif"
         dirpath="var/blog/storage/images/setup/look_and_feel/blog_test/152-65-eng-GB"
         url="var/blog/storage/images/setup/look_and_feel/blog_test/152-65-eng-GB/blog_test_logo.gif"
         mime_type="image/gif"
         width="184"
         height="58"
         alias_key="-447475028"
         timestamp="1069677595"
         is_valid="1" />
</ezimage>', 0, 0, 0, 0, '', 'ezimage');
INSERT INTO ezcontentobject_attribute VALUES (152, 'eng-GB', 62, 56, 159, '<?xml version="1.0" encoding="UTF-8"?>
<ezimage serial_number="1"
         is_valid="1"
         filename="blog.gif"
         suffix="gif"
         basename="blog"
         dirpath="var/blog/storage/images/setup/look_and_feel/blog/152-62-eng-GB"
         url="var/blog/storage/images/setup/look_and_feel/blog/152-62-eng-GB/blog.gif"
         original_filename="blog.gif"
         mime_type="original"
         width="194"
         height="61"
         alternative_text=""
         alias_key="1293033771"
         timestamp="1069334362">
  <original attribute_id="152"
            attribute_version="61"
            attribute_language="eng-GB" />
  <alias name="reference"
         filename="blog_reference.gif"
         suffix="gif"
         dirpath="var/blog/storage/images/setup/look_and_feel/blog/152-62-eng-GB"
         url="var/blog/storage/images/setup/look_and_feel/blog/152-62-eng-GB/blog_reference.gif"
         mime_type="image/gif"
         width="194"
         height="61"
         alias_key="-1689502181"
         timestamp="1069334363"
         is_valid="1" />
  <alias name="medium"
         filename="blog_medium.gif"
         suffix="gif"
         dirpath="var/blog/storage/images/setup/look_and_feel/blog/152-62-eng-GB"
         url="var/blog/storage/images/setup/look_and_feel/blog/152-62-eng-GB/blog_medium.gif"
         mime_type="image/gif"
         width="194"
         height="61"
         alias_key="1446888826"
         timestamp="1069334363"
         is_valid="1" />
  <alias name="logo"
         filename="blog_logo.gif"
         suffix="gif"
         dirpath="var/blog/storage/images/setup/look_and_feel/blog/152-62-eng-GB"
         url="var/blog/storage/images/setup/look_and_feel/blog/152-62-eng-GB/blog_logo.gif"
         mime_type="image/gif"
         width="184"
         height="58"
         alias_key="-447475028"
         timestamp="1069429748"
         is_valid="1" />
</ezimage>', 0, 0, 0, 0, '', 'ezimage');
INSERT INTO ezcontentobject_attribute VALUES (152, 'eng-GB', 64, 56, 159, '<?xml version="1.0" encoding="UTF-8"?>
<ezimage serial_number="1"
         is_valid="1"
         filename="blog_test.gif"
         suffix="gif"
         basename="blog_test"
         dirpath="var/blog/storage/images/setup/look_and_feel/blog_test/152-64-eng-GB"
         url="var/blog/storage/images/setup/look_and_feel/blog_test/152-64-eng-GB/blog_test.gif"
         original_filename="blog.gif"
         mime_type="original"
         width="194"
         height="61"
         alternative_text=""
         alias_key="1293033771"
         timestamp="1069334362">
  <original attribute_id="152"
            attribute_version="63"
            attribute_language="eng-GB" />
  <alias name="reference"
         filename="blog_test_reference.gif"
         suffix="gif"
         dirpath="var/blog/storage/images/setup/look_and_feel/blog_test/152-64-eng-GB"
         url="var/blog/storage/images/setup/look_and_feel/blog_test/152-64-eng-GB/blog_test_reference.gif"
         mime_type="image/gif"
         width="194"
         height="61"
         alias_key="-1689502181"
         timestamp="1069334363"
         is_valid="1" />
  <alias name="medium"
         filename="blog_test_medium.gif"
         suffix="gif"
         dirpath="var/blog/storage/images/setup/look_and_feel/blog_test/152-64-eng-GB"
         url="var/blog/storage/images/setup/look_and_feel/blog_test/152-64-eng-GB/blog_test_medium.gif"
         mime_type="image/gif"
         width="194"
         height="61"
         alias_key="1446888826"
         timestamp="1069334363"
         is_valid="1" />
</ezimage>', 0, 0, 0, 0, '', 'ezimage');
INSERT INTO ezcontentobject_attribute VALUES (153, 'eng-GB', 4, 56, 160, 'intranet1', 0, 0, 0, 0, 'intranet1', 'ezpackage');
INSERT INTO ezcontentobject_attribute VALUES (153, 'eng-GB', 5, 56, 160, 'intranet1', 0, 0, 0, 0, 'intranet1', 'ezpackage');
INSERT INTO ezcontentobject_attribute VALUES (153, 'eng-GB', 7, 56, 160, 'left_menu', 0, 0, 0, 0, 'left_menu', 'ezpackage');
INSERT INTO ezcontentobject_attribute VALUES (153, 'eng-GB', 62, 56, 160, 'blog_blue', 0, 0, 0, 0, 'blog_blue', 'ezpackage');
INSERT INTO ezcontentobject_attribute VALUES (153, 'eng-GB', 63, 56, 160, 'blog_blue', 0, 0, 0, 0, 'blog_blue', 'ezpackage');
INSERT INTO ezcontentobject_attribute VALUES (153, 'eng-GB', 70, 56, 160, 'blog_blue', 0, 0, 0, 0, 'blog_blue', 'ezpackage');
INSERT INTO ezcontentobject_attribute VALUES (153, 'eng-GB', 61, 56, 160, 'blog_blue', 0, 0, 0, 0, 'blog_blue', 'ezpackage');
INSERT INTO ezcontentobject_attribute VALUES (153, 'eng-GB', 64, 56, 160, 'blog_blue', 0, 0, 0, 0, 'blog_blue', 'ezpackage');
INSERT INTO ezcontentobject_attribute VALUES (154, 'eng-GB', 7, 56, 161, 'intranet888', 0, 0, 0, 0, 'intranet888', 'ezstring');
INSERT INTO ezcontentobject_attribute VALUES (154, 'eng-GB', 62, 56, 161, 'blog_package', 0, 0, 0, 0, 'blog_package', 'ezstring');
INSERT INTO ezcontentobject_attribute VALUES (154, 'eng-GB', 63, 56, 161, 'blog_package', 0, 0, 0, 0, 'blog_package', 'ezstring');
INSERT INTO ezcontentobject_attribute VALUES (154, 'eng-GB', 61, 56, 161, 'blog_package', 0, 0, 0, 0, 'blog_package', 'ezstring');
INSERT INTO ezcontentobject_attribute VALUES (154, 'eng-GB', 70, 56, 161, 'blog_package', 0, 0, 0, 0, 'blog_package', 'ezstring');
INSERT INTO ezcontentobject_attribute VALUES (154, 'eng-GB', 64, 56, 161, 'blog_package', 0, 0, 0, 0, 'blog_package', 'ezstring');
INSERT INTO ezcontentobject_attribute VALUES (437, 'eng-GB', 62, 56, 180, 'nospam@ez.no', 0, 0, 0, 0, '', 'ezinisetting');
INSERT INTO ezcontentobject_attribute VALUES (437, 'eng-GB', 63, 56, 180, 'nospam@ez.no', 0, 0, 0, 0, '', 'ezinisetting');
INSERT INTO ezcontentobject_attribute VALUES (437, 'eng-GB', 61, 56, 180, 'nospam@ez.no', 0, 0, 0, 0, '', 'ezinisetting');
INSERT INTO ezcontentobject_attribute VALUES (437, 'eng-GB', 70, 56, 180, 'nospam@ez.no', 0, 0, 0, 0, '', 'ezinisetting');
INSERT INTO ezcontentobject_attribute VALUES (437, 'eng-GB', 64, 56, 180, 'nospam@ez.no', 0, 0, 0, 0, '', 'ezinisetting');
INSERT INTO ezcontentobject_attribute VALUES (671, 'eng-GB', 62, 56, 196, 'myblog.wy.dvh1.ez.no', 0, 0, 0, 0, '', 'ezinisetting');
INSERT INTO ezcontentobject_attribute VALUES (671, 'eng-GB', 63, 56, 196, 'myblog.wy.dvh1.ez.no', 0, 0, 0, 0, '', 'ezinisetting');
INSERT INTO ezcontentobject_attribute VALUES (671, 'eng-GB', 64, 56, 196, 'myblog.wy.dvh1.ez.no', 0, 0, 0, 0, '', 'ezinisetting');
INSERT INTO ezcontentobject_attribute VALUES (671, 'eng-GB', 61, 56, 196, 'myblog.wy.dvh1.ez.no', 0, 0, 0, 0, '', 'ezinisetting');
INSERT INTO ezcontentobject_attribute VALUES (695, 'eng-GB', 4, 14, 197, 'Uberguru', 0, 0, 0, 0, 'uberguru', 'ezstring');
INSERT INTO ezcontentobject_attribute VALUES (695, 'eng-GB', 5, 14, 197, 'Uberguru', 0, 0, 0, 0, 'uberguru', 'ezstring');
INSERT INTO ezcontentobject_attribute VALUES (707, 'eng-GB', 4, 14, 198, 'Skien/Norway', 0, 0, 0, 0, 'skien/norway', 'ezstring');
INSERT INTO ezcontentobject_attribute VALUES (707, 'eng-GB', 5, 14, 198, 'Skien/Norway', 0, 0, 0, 0, 'skien/norway', 'ezstring');
INSERT INTO ezcontentobject_attribute VALUES (719, 'eng-GB', 4, 14, 199, 'developer... ;)', 0, 0, 0, 0, '', 'eztext');
INSERT INTO ezcontentobject_attribute VALUES (719, 'eng-GB', 5, 14, 199, 'developer... ;)', 0, 0, 0, 0, '', 'eztext');
INSERT INTO ezcontentobject_attribute VALUES (731, 'eng-GB', 4, 14, 200, '<?xml version="1.0" encoding="UTF-8"?>
<ezimage serial_number="1"
         is_valid="1"
         filename="administrator_user.jpg"
         suffix="jpg"
         basename="administrator_user"
         dirpath="var/forum/storage/images/users/administrator_users/administrator_user/731-4-eng-GB"
         url="var/forum/storage/images/users/administrator_users/administrator_user/731-4-eng-GB/administrator_user.jpg"
         original_filename="dscn9308.jpg"
         mime_type="original"
         width="1600"
         height="1200"
         alternative_text=""
         alias_key="1293033771">
  <original attribute_id=""
            attribute_version=""
            attribute_language="" />
  <alias name="reference"
         filename="administrator_user_reference.jpg"
         suffix="jpg"
         dirpath="var/forum/storage/images/users/administrator_users/administrator_user/731-4-eng-GB"
         url="var/forum/storage/images/users/administrator_users/administrator_user/731-4-eng-GB/administrator_user_reference.jpg"
         mime_type="image/jpeg"
         width="600"
         height="450"
         alias_key="-294625821"
         is_valid="1" />
  <alias name="small"
         filename="administrator_user_small.jpg"
         suffix="jpg"
         dirpath="var/forum/storage/images/users/administrator_users/administrator_user/731-4-eng-GB"
         url="var/forum/storage/images/users/administrator_users/administrator_user/731-4-eng-GB/administrator_user_small.jpg"
         mime_type="image/jpeg"
         width="100"
         height="75"
         alias_key="-164556570"
         is_valid="1" />
</ezimage>', 0, 0, 0, 0, '', 'ezimage');
INSERT INTO ezcontentobject_attribute VALUES (731, 'eng-GB', 5, 14, 200, '<?xml version="1.0" encoding="UTF-8"?>
<ezimage serial_number="1"
         is_valid="1"
         filename="administrator_user.jpg"
         suffix="jpg"
         basename="administrator_user"
         dirpath="var/forum/storage/images/users/administrator_users/administrator_user/731-5-eng-GB"
         url="var/forum/storage/images/users/administrator_users/administrator_user/731-5-eng-GB/administrator_user.jpg"
         original_filename="dscn9308.jpg"
         mime_type="original"
         width="1600"
         height="1200"
         alternative_text=""
         alias_key="1293033771">
  <original attribute_id="731"
            attribute_version="4"
            attribute_language="eng-GB" />
  <alias name="reference"
         filename="administrator_user_reference.jpg"
         suffix="jpg"
         dirpath="var/forum/storage/images/users/administrator_users/administrator_user/731-5-eng-GB"
         url="var/forum/storage/images/users/administrator_users/administrator_user/731-5-eng-GB/administrator_user_reference.jpg"
         mime_type="image/jpeg"
         width="600"
         height="450"
         alias_key="-294625821"
         is_valid="1" />
  <alias name="small"
         filename="administrator_user_small.jpg"
         suffix="jpg"
         dirpath="var/forum/storage/images/users/administrator_users/administrator_user/731-5-eng-GB"
         url="var/forum/storage/images/users/administrator_users/administrator_user/731-5-eng-GB/administrator_user_small.jpg"
         mime_type="image/jpeg"
         width="100"
         height="75"
         alias_key="-164556570"
         is_valid="1" />
  <alias name="medium"
         filename="administrator_user_medium.jpg"
         suffix="jpg"
         dirpath="var/forum/storage/images/users/administrator_users/administrator_user/731-5-eng-GB"
         url="var/forum/storage/images/users/administrator_users/administrator_user/731-5-eng-GB/administrator_user_medium.jpg"
         mime_type="image/jpeg"
         width="200"
         height="150"
         alias_key="1874955560"
         is_valid="1" />
</ezimage>', 0, 0, 0, 0, '', 'ezimage');
INSERT INTO ezcontentobject_attribute VALUES (767, 'eng-GB', 1, 215, 202, 'Special things happened today', 0, 0, 0, 0, 'special things happened today', 'ezstring');
INSERT INTO ezcontentobject_attribute VALUES (983, 'eng-GB', 1, 253, 202, 'Tonight I was at the movies', 0, 0, 0, 0, 'tonight i was at the movies', 'ezstring');
INSERT INTO ezcontentobject_attribute VALUES (818, 'eng-GB', 1, 237, 202, 'New big discovery today', 0, 0, 0, 0, 'new big discovery today', 'ezstring');
INSERT INTO ezcontentobject_attribute VALUES (986, 'eng-GB', 1, 254, 202, 'Finally I got it', 0, 0, 0, 0, 'finally i got it', 'ezstring');
INSERT INTO ezcontentobject_attribute VALUES (980, 'eng-GB', 1, 252, 202, 'I overslept again', 0, 0, 0, 0, 'i overslept again', 'ezstring');
INSERT INTO ezcontentobject_attribute VALUES (821, 'eng-GB', 1, 238, 202, 'No comments on this one', 0, 0, 0, 0, 'no comments on this one', 'ezstring');
INSERT INTO ezcontentobject_attribute VALUES (765, 'eng-GB', 2, 214, 202, 'Today I got my new car!', 0, 0, 0, 0, 'today i got my new car!', 'ezstring');
INSERT INTO ezcontentobject_attribute VALUES (838, 'eng-GB', 1, 244, 202, 'A Pirate''s Life', 0, 0, 0, 0, 'a pirate''s life', 'ezstring');
INSERT INTO ezcontentobject_attribute VALUES (786, 'eng-GB', 1, 226, 202, 'For Posterity''s Sake', 0, 0, 0, 0, 'for posterity''s sake', 'ezstring');
INSERT INTO ezcontentobject_attribute VALUES (849, 'eng-GB', 1, 247, 202, 'I overslept today', 0, 0, 0, 0, 'i overslept today', 'ezstring');
INSERT INTO ezcontentobject_attribute VALUES (1016, 'eng-GB', 1, 263, 202, 'Party!', 0, 0, 0, 0, 'party!', 'ezstring');
INSERT INTO ezcontentobject_attribute VALUES (768, 'eng-GB', 1, 215, 203, '<?xml version="1.0" encoding="iso-8859-1"?>
<section xmlns:image="http://ez.no/namespaces/ezpublish3/image/"
         xmlns:xhtml="http://ez.no/namespaces/ezpublish3/xhtml/"
         xmlns:custom="http://ez.no/namespaces/ezpublish3/custom/">
  <paragraph>
    <link id="1">sd oifgu sdoiguosdiu gfosdfg d</link>dfg sdfg sdfg sdfg sdfg sdfg sdfhsdjkghsdigfu iosdf g.sdfg sdfg sdfhsdjkghsdigfu iosdf g.sdfg sdfg sdfhsdjkghsdigfu iosdf g.sdfg sdfg sdfhsdjkghsdigfu iosdf g.</paragraph>
  <paragraph>sdfg sdfg sdfhsdjkghsdigfu iosdf g.sdfg sdfg sdfhsdjkghsdigfu iosdf g.sdfg sdfg sdfhsdjkghsdigfu iosdf g.sdfg sdfg sdfhsdjkghsdigfu iosdf g.sdfg sdfg sdfhsdjkghsdigfu iosdf g.sdfg sdfg sdfhsdjkghsdigfu iosdf g.</paragraph>
  <paragraph>
    <link id="1">sdfg sdfg sdfhsdjkghsdigfu iosdf g.sdfg sdfg</link> sdfhsdjkghsdigfu iosdf g.sdfg sdfg sdfhsdjkghsdigfu iosdf g.sdfg sdfg sdfhsdjkghsdigfu iosdf g.sdfg sdfg sdfhsdjkghsdigfu iosdf g.sdfg sdfg sdfhsdjkghsdigfu iosdf g.sdfg sdfg sdfhsdjkghsdigfu iosdf g.</paragraph>
</section>', 1045487555, 0, 0, 0, '', 'ezxmltext');
INSERT INTO ezcontentobject_attribute VALUES (984, 'eng-GB', 1, 253, 203, '<?xml version="1.0" encoding="iso-8859-1"?>
<section xmlns:image="http://ez.no/namespaces/ezpublish3/image/"
         xmlns:xhtml="http://ez.no/namespaces/ezpublish3/xhtml/"
         xmlns:custom="http://ez.no/namespaces/ezpublish3/custom/">
  <paragraph>My first date with Mia! We went to see the romantic Matrix:-) </paragraph>
  <paragraph>It must have been a success since she let me follow here home. </paragraph>
</section>', 1045487555, 0, 0, 0, '', 'ezxmltext');
INSERT INTO ezcontentobject_attribute VALUES (819, 'eng-GB', 1, 237, 203, '<?xml version="1.0" encoding="iso-8859-1"?>
<section xmlns:image="http://ez.no/namespaces/ezpublish3/image/"
         xmlns:xhtml="http://ez.no/namespaces/ezpublish3/xhtml/"
         xmlns:custom="http://ez.no/namespaces/ezpublish3/custom/">
  <paragraph>
    <line>I discovered the Internet, it&apos;s big - about 20meters. dsfg sdfg sdfg dsfg sdfg sdfg dsfg sdfg sdfg dsfg sdfg sdfg dsfg sdfg sdfg dsfg sdfg sdfg dsfg sdfg sdfg dsfg sdfg sdfg </line>
    <line>dsfg sdfg sdfg dsfg sdfg sdfg dsfg sdfg sdfg </line>
  </paragraph>
  <paragraph>dsfg sdfg sdfg dsfg sdfg sdfg dsfg sdfg sdfg dsfg sdfg sdfg dsfg sdfg sdfg dsfg sdfg sdfg dsfg sdfg sdfg dsfg sdfg sdfg dsfg sdfg sdfg dsfg sdfg sdfg dsfg sdfg sdfg dsfg sdfg sdfg dsfg sdfg sdfg dsfg sdfg sdfg dsfg sdfg sdfg dsfg sdfg sdfg dsfg sdfg sdfg dsfg sdfg sdfg dsfg sdfg sdfg v</paragraph>
  <paragraph>dsfg sdfg sdfg dsfg sdfg sdfg dsfg sdfg sdfg dsfg sdfg sdfg dsfg sdfg sdfg dsfg sdfg sdfg dsfg sdfg sdfg dsfg sdfg sdfg dsfg sdfg sdfg dsfg sdfg sdfg dsfg sdfg sdfg dsfg sdfg sdfg dsfg sdfg sdfg dsfg sdfg sdfg dsfg sdfg sdfg dsfg sdfg sdfg dsfg sdfg sdfg dsfg sdfg sdfg dsfg sdfg sdfg dsfg sdfg sdfg </paragraph>
  <paragraph>dsfg sdfg sdfg dsfg sdfg sdfg dsfg sdfg sdfg dsfg sdfg sdfg dsfg sdfg sdfg dsfg sdfg sdfg dsfg sdfg sdfg dsfg sdfg sdfg dsfg sdfg sdfg dsfg sdfg sdfg dsfg sdfg sdfg dsfg sdfg sdfg dsfg sdfg sdfg dsfg sdfg sdfg dsfg sdfg sdfg dsfg sdfg sdfg dsfg sdfg sdfg dsfg sdfg sdfg dsfg sdfg sdfg dsfg sdfg sdfg dsfg sdfg sdfg dsfg sdfg sdfg dsfg sdfg sdfg dsfg sdfg sdfg dsfg sdfg sdfg </paragraph>
</section>', 1045487555, 0, 0, 0, '', 'ezxmltext');
INSERT INTO ezcontentobject_attribute VALUES (987, 'eng-GB', 1, 254, 203, '<?xml version="1.0" encoding="iso-8859-1"?>
<section xmlns:image="http://ez.no/namespaces/ezpublish3/image/"
         xmlns:xhtml="http://ez.no/namespaces/ezpublish3/xhtml/"
         xmlns:custom="http://ez.no/namespaces/ezpublish3/custom/">
  <paragraph>After such a long time with pulling my hair I finally got the latest edition of my software working. Perhaps the way to fortune in not that long anymore?</paragraph>
</section>', 1045487555, 0, 0, 0, '', 'ezxmltext');
INSERT INTO ezcontentobject_attribute VALUES (981, 'eng-GB', 1, 252, 203, '<?xml version="1.0" encoding="iso-8859-1"?>
<section xmlns:image="http://ez.no/namespaces/ezpublish3/image/"
         xmlns:xhtml="http://ez.no/namespaces/ezpublish3/xhtml/"
         xmlns:custom="http://ez.no/namespaces/ezpublish3/custom/">
  <paragraph>Somehow I must have turned of the alarm in my sleep. I woke up three hours to late and missed a meeting with what will hopefully be my girlfriend. She was not very happy about this.  </paragraph>
</section>', 1045487555, 0, 0, 0, '', 'ezxmltext');
INSERT INTO ezcontentobject_attribute VALUES (822, 'eng-GB', 1, 238, 203, '<?xml version="1.0" encoding="iso-8859-1"?>
<section xmlns:image="http://ez.no/namespaces/ezpublish3/image/"
         xmlns:xhtml="http://ez.no/namespaces/ezpublish3/xhtml/"
         xmlns:custom="http://ez.no/namespaces/ezpublish3/custom/">
  <paragraph>dsgf iosdufg iosdufgo idsfg sdgf sd gfdsgf iosdufg iosdufgo idsfg sdgf sd gfdsgf iosdufg iosdufgo idsfg sdgf sd gfdsgf iosdufg iosdufgo idsfg sdgf sd gfdsgf iosdufg iosdufgo idsfg sdgf sd gf</paragraph>
  <paragraph>dsgf iosdufg iosdufgo idsfg sdgf sd gfdsgf iosdufg iosdufgo idsfg sdgf sd gfdsgf iosdufg iosdufgo idsfg sdgf sd gfdsgf iosdufg iosdufgo idsfg sdgf sd gfdsgf iosdufg iosdufgo idsfg sdgf sd gf</paragraph>
  <paragraph>dsgf iosdufg iosdufgo idsfg sdgf sd gfdsgf iosdufg iosdufgo idsfg sdgf sd gfdsgf iosdufg iosdufgo idsfg sdgf sd gf</paragraph>
</section>', 1045487555, 0, 0, 0, '', 'ezxmltext');
INSERT INTO ezcontentobject_attribute VALUES (766, 'eng-GB', 2, 214, 203, '<?xml version="1.0" encoding="iso-8859-1"?>
<section xmlns:image="http://ez.no/namespaces/ezpublish3/image/"
         xmlns:xhtml="http://ez.no/namespaces/ezpublish3/xhtml/"
         xmlns:custom="http://ez.no/namespaces/ezpublish3/custom/">
  <paragraph>It is an old Volkswagen Beetle from 1982. It has a lot more charm that it cost me money. </paragraph>
  <paragraph>I bought it from a friend for 30 and even got the old original wheels. </paragraph>
</section>', 1045487555, 0, 0, 0, '', 'ezxmltext');
INSERT INTO ezcontentobject_attribute VALUES (850, 'eng-GB', 1, 247, 203, '<?xml version="1.0" encoding="iso-8859-1"?>
<section xmlns:image="http://ez.no/namespaces/ezpublish3/image/"
         xmlns:xhtml="http://ez.no/namespaces/ezpublish3/xhtml/"
         xmlns:custom="http://ez.no/namespaces/ezpublish3/custom/">
  <paragraph>
    <line>sdgj sdlgjsdkfjlgh sdfg sdfg</line>
    <line>sdfg</line>
    <line>sdg</line>
    <line>sdf</line>
    <line>gds</line>
  </paragraph>
  <paragraph>
    <line>sdfgsdfgsd</line>
    <line>fg</line>
    <line>sdfg</line>
    <line>sdf</line>
    <line>gsd</line>
    <line>fg</line>
    <line>sdg</line>
  </paragraph>
</section>', 1045487555, 0, 0, 0, '', 'ezxmltext');
INSERT INTO ezcontentobject_attribute VALUES (839, 'eng-GB', 1, 244, 203, '<?xml version="1.0" encoding="iso-8859-1"?>
<section xmlns:image="http://ez.no/namespaces/ezpublish3/image/"
         xmlns:xhtml="http://ez.no/namespaces/ezpublish3/xhtml/"
         xmlns:custom="http://ez.no/namespaces/ezpublish3/custom/">
  <paragraph>Pirates of the Caribbean wasn&apos;t on my list of movies to see until I read what a few others were saying about it. Now I can&apos;t recommend it enough. This movie is an excellent 2.5 hours of pure escapism. Great sets, intriguing cinematography, fun characters, and a downright entertaining story. A good blend of action, humor, and a small dose of Disney-esque romance. As [Capt&apos;n!] Jack Sparrow, Johnny Depp gives us another brilliant performance, holding the audience with his charm and swagger throughout the film&apos;s entirety. He continues to impress me with his wide range of ability and the consistently strong characters of his recent career. And need I say what nice visuals Keira Knightley adds to this film?</paragraph>
  <paragraph>Without giving anything away, my favorite parts of this movie were the over-obvious tie-ins with Disney&apos;s original ride. Anyone who remembers even a portion of the scenes which float by are bound to have a few chuckles over the way they&apos;re cleverly integrated into the movie. The pirates&apos; movements in and out of moonlight make for nicely added effects which I don&apos;t remember the ride revealing. (Note: The film is rated PG-13 for a reason: the pirates&apos; true identity and their violence may give small children nightmares, so think twice if ye have little ones.)</paragraph>
  <paragraph>Aside from a few lengthy sword fights, I can&apos;t think of any reason not to say: you should run, not walk, to your nearest theater and see this movie as soon as possible. If you&apos;re not rambling out loud when you walk out of the theater, you&apos;ll at least be mumbling to yourself like a pirate, and hopefully you&apos;ll have had as good a time as I did.</paragraph>
</section>', 1045487555, 0, 0, 0, '', 'ezxmltext');
INSERT INTO ezcontentobject_attribute VALUES (787, 'eng-GB', 1, 226, 203, '<?xml version="1.0" encoding="iso-8859-1"?>
<section xmlns:image="http://ez.no/namespaces/ezpublish3/image/"
         xmlns:xhtml="http://ez.no/namespaces/ezpublish3/xhtml/"
         xmlns:custom="http://ez.no/namespaces/ezpublish3/custom/">
  <paragraph>Seven years ago, yesterday, I packed up everything I owned, left many friends behind in San Diego, and moved to San Francisco, (where I knew absolutely no one) to start my job at HotWired on August 12, 1996. The Creative Director hired me as a junior designer, since I knew very little about design for the Web, despite the fact that I had more print design experience than almost every other designer there at the time.</paragraph>
  <paragraph>Three months after starting the low-paying job, I was depressed, out of money, missed my friends in San Diego, and was convinced I had made the wrong move. I gave notice, told my landlord I was moving out, and arranged to go back to my old job at a design agency in San Diego. Two days before I was to leave HotWired, Jonathan Louie (Design Director at the time) convinced me otherwise, offering me a new position and my first promotion of many more to come. I stayed, and lost a girlfriend in San Diego as a result.</paragraph>
  <paragraph>Fast-forward to the present?</paragraph>
  <paragraph>In two days, it will have been 9 months since I left Wired to go out on my own. Friends who know the journey and my initial intimidation of taking the job at HotWired say to me, &quot;?and look where you are now.&quot;</paragraph>
</section>', 1045487555, 0, 0, 0, '', 'ezxmltext');
INSERT INTO ezcontentobject_attribute VALUES (1017, 'eng-GB', 1, 263, 203, '<?xml version="1.0" encoding="iso-8859-1"?>
<section xmlns:image="http://ez.no/namespaces/ezpublish3/image/"
         xmlns:xhtml="http://ez.no/namespaces/ezpublish3/xhtml/"
         xmlns:custom="http://ez.no/namespaces/ezpublish3/custom/">
  <paragraph>I was invited to a party at a friends house this weekend. And I was told that the girl of my dreams will also be there. </paragraph>
</section>', 1045487555, 0, 0, 0, '', 'ezxmltext');
INSERT INTO ezcontentobject_attribute VALUES (812, 'eng-GB', 1, 236, 204, 'Soft house', 0, 0, 0, 0, 'soft house', 'ezstring');
INSERT INTO ezcontentobject_attribute VALUES (992, 'eng-GB', 1, 256, 204, 'eZ publish at Freshmeat', 0, 0, 0, 0, 'ez publish at freshmeat', 'ezstring');
INSERT INTO ezcontentobject_attribute VALUES (1000, 'eng-GB', 1, 258, 204, 'The Matrix', 0, 0, 0, 0, 'the matrix', 'ezstring');
INSERT INTO ezcontentobject_attribute VALUES (989, 'eng-GB', 1, 255, 204, 'eZ systems', 0, 0, 0, 0, 'ez systems', 'ezstring');
INSERT INTO ezcontentobject_attribute VALUES (805, 'eng-GB', 1, 234, 204, 'Sina ', 0, 0, 0, 0, 'sina', 'ezstring');
INSERT INTO ezcontentobject_attribute VALUES (798, 'eng-GB', 1, 232, 204, 'VG', 0, 0, 0, 0, 'vg', 'ezstring');
INSERT INTO ezcontentobject_attribute VALUES (1003, 'eng-GB', 1, 259, 204, 'Lord of the Rings', 0, 0, 0, 0, 'lord of the rings', 'ezstring');
INSERT INTO ezcontentobject_attribute VALUES (1011, 'eng-GB', 1, 261, 204, 'Liverpool FC', 0, 0, 0, 0, 'liverpool fc', 'ezstring');
INSERT INTO ezcontentobject_attribute VALUES (1024, 'eng-GB', 1, 265, 204, 'Pondus', 0, 0, 0, 0, 'pondus', 'ezstring');
INSERT INTO ezcontentobject_attribute VALUES (813, 'eng-GB', 1, 236, 205, '<?xml version="1.0" encoding="iso-8859-1"?>
<section xmlns:image="http://ez.no/namespaces/ezpublish3/image/"
         xmlns:xhtml="http://ez.no/namespaces/ezpublish3/xhtml/"
         xmlns:custom="http://ez.no/namespaces/ezpublish3/custom/">
  <paragraph>Download software here.</paragraph>
</section>', 1045487555, 0, 0, 0, '', 'ezxmltext');
INSERT INTO ezcontentobject_attribute VALUES (993, 'eng-GB', 1, 256, 205, '<?xml version="1.0" encoding="iso-8859-1"?>
<section xmlns:image="http://ez.no/namespaces/ezpublish3/image/"
         xmlns:xhtml="http://ez.no/namespaces/ezpublish3/xhtml/"
         xmlns:custom="http://ez.no/namespaces/ezpublish3/custom/">
  <paragraph>Visit eZ publish at Freshmeat</paragraph>
</section>', 1045487555, 0, 0, 0, '', 'ezxmltext');
INSERT INTO ezcontentobject_attribute VALUES (1001, 'eng-GB', 1, 258, 205, '<?xml version="1.0" encoding="iso-8859-1"?>
<section xmlns:image="http://ez.no/namespaces/ezpublish3/image/"
         xmlns:xhtml="http://ez.no/namespaces/ezpublish3/xhtml/"
         xmlns:custom="http://ez.no/namespaces/ezpublish3/custom/">
  <paragraph>Best movies ever. This is the homepage for the movie</paragraph>
</section>', 1045487555, 0, 0, 0, '', 'ezxmltext');
INSERT INTO ezcontentobject_attribute VALUES (990, 'eng-GB', 1, 255, 205, '<?xml version="1.0" encoding="iso-8859-1"?>
<section xmlns:image="http://ez.no/namespaces/ezpublish3/image/"
         xmlns:xhtml="http://ez.no/namespaces/ezpublish3/xhtml/"
         xmlns:custom="http://ez.no/namespaces/ezpublish3/custom/">
  <paragraph>Creators of eZ publish content management system</paragraph>
</section>', 1045487555, 0, 0, 0, '', 'ezxmltext');
INSERT INTO ezcontentobject_attribute VALUES (806, 'eng-GB', 1, 234, 205, '<?xml version="1.0" encoding="iso-8859-1"?>
<section xmlns:image="http://ez.no/namespaces/ezpublish3/image/"
         xmlns:xhtml="http://ez.no/namespaces/ezpublish3/xhtml/"
         xmlns:custom="http://ez.no/namespaces/ezpublish3/custom/">
  <paragraph>A famous chinese news site.</paragraph>
</section>', 1045487555, 0, 0, 0, '', 'ezxmltext');
INSERT INTO ezcontentobject_attribute VALUES (799, 'eng-GB', 1, 232, 205, '<?xml version="1.0" encoding="iso-8859-1"?>
<section xmlns:image="http://ez.no/namespaces/ezpublish3/image/"
         xmlns:xhtml="http://ez.no/namespaces/ezpublish3/xhtml/"
         xmlns:custom="http://ez.no/namespaces/ezpublish3/custom/">
  <paragraph>Know norwegian news from here.</paragraph>
</section>', 1045487555, 0, 0, 0, '', 'ezxmltext');
INSERT INTO ezcontentobject_attribute VALUES (1004, 'eng-GB', 1, 259, 205, '<?xml version="1.0" encoding="iso-8859-1"?>
<section xmlns:image="http://ez.no/namespaces/ezpublish3/image/"
         xmlns:xhtml="http://ez.no/namespaces/ezpublish3/xhtml/"
         xmlns:custom="http://ez.no/namespaces/ezpublish3/custom/">
  <paragraph>Can&apos;t wait for number three even if I know what will happen</paragraph>
</section>', 1045487555, 0, 0, 0, '', 'ezxmltext');
INSERT INTO ezcontentobject_attribute VALUES (1012, 'eng-GB', 1, 261, 205, '<?xml version="1.0" encoding="iso-8859-1"?>
<section xmlns:image="http://ez.no/namespaces/ezpublish3/image/"
         xmlns:xhtml="http://ez.no/namespaces/ezpublish3/xhtml/"
         xmlns:custom="http://ez.no/namespaces/ezpublish3/custom/">
  <paragraph>The best team ever</paragraph>
</section>', 1045487555, 0, 0, 0, '', 'ezxmltext');
INSERT INTO ezcontentobject_attribute VALUES (1025, 'eng-GB', 1, 265, 205, '<?xml version="1.0" encoding="iso-8859-1"?>
<section xmlns:image="http://ez.no/namespaces/ezpublish3/image/"
         xmlns:xhtml="http://ez.no/namespaces/ezpublish3/xhtml/"
         xmlns:custom="http://ez.no/namespaces/ezpublish3/custom/">
  <paragraph>Have you ever discovered the football fanatic? He is available in several languages but this site is in Norwegian only.</paragraph>
</section>', 1045487555, 0, 0, 0, '', 'ezxmltext');
INSERT INTO ezcontentobject_attribute VALUES (814, 'eng-GB', 1, 236, 206, 'hzinfo', 4, 0, 0, 0, '', 'ezurl');
INSERT INTO ezcontentobject_attribute VALUES (1002, 'eng-GB', 1, 258, 206, '', 7, 0, 0, 0, '', 'ezurl');
INSERT INTO ezcontentobject_attribute VALUES (991, 'eng-GB', 1, 255, 206, '', 1, 0, 0, 0, '', 'ezurl');
INSERT INTO ezcontentobject_attribute VALUES (807, 'eng-GB', 1, 234, 206, 'sina', 3, 0, 0, 0, '', 'ezurl');
INSERT INTO ezcontentobject_attribute VALUES (800, 'eng-GB', 1, 232, 206, 'VG', 2, 0, 0, 0, '', 'ezurl');
INSERT INTO ezcontentobject_attribute VALUES (994, 'eng-GB', 1, 256, 206, '', 6, 0, 0, 0, '', 'ezurl');
INSERT INTO ezcontentobject_attribute VALUES (1005, 'eng-GB', 1, 259, 206, '', 8, 0, 0, 0, '', 'ezurl');
INSERT INTO ezcontentobject_attribute VALUES (1013, 'eng-GB', 1, 261, 206, '', 9, 0, 0, 0, '', 'ezurl');
INSERT INTO ezcontentobject_attribute VALUES (1026, 'eng-GB', 1, 265, 206, '', 10, 0, 0, 0, '', 'ezurl');
INSERT INTO ezcontentobject_attribute VALUES (788, 'eng-GB', 1, 227, 207, 'Which color do you like?', 0, 0, 0, 0, 'which color do you like?', 'ezstring');
INSERT INTO ezcontentobject_attribute VALUES (788, 'eng-GB', 2, 227, 207, 'Which color do you like?', 0, 0, 0, 0, 'which color do you like?', 'ezstring');
INSERT INTO ezcontentobject_attribute VALUES (830, 'eng-GB', 1, 241, 207, 'Which one is the best of matrix movies?', 0, 0, 0, 0, 'which one is the best of matrix movies?', 'ezstring');
INSERT INTO ezcontentobject_attribute VALUES (1014, 'eng-GB', 1, 262, 207, 'Which do you like the best: Matrix or Lord of the Rings?', 0, 0, 0, 0, 'which do you like the best: matrix or lord of the', 'ezstring');
INSERT INTO ezcontentobject_attribute VALUES (789, 'eng-GB', 1, 227, 208, '<?xml version="1.0" encoding="UTF-8"?>
<ezoption>
  <name>Colors</name>
  <options>
    <option id="0"
            additional_price="">Blue</option>
    <option id="1"
            additional_price="">Yellow</option>
    <option id="2"
            additional_price="">Red</option>
    <option id="3"
            additional_price="">Orange</option>
    <option id="4"
            additional_price="">Green</option>
  </options>
</ezoption>', 0, 0, 0, 0, '', 'ezoption');
INSERT INTO ezcontentobject_attribute VALUES (789, 'eng-GB', 2, 227, 208, '<?xml version="1.0" encoding="UTF-8"?>
<ezoption>
  <name></name>
  <options>
    <option id="0"
            additional_price="">Blue</option>
    <option id="1"
            additional_price="">Yellow</option>
    <option id="2"
            additional_price="">Red</option>
    <option id="3"
            additional_price="">Orange</option>
    <option id="4"
            additional_price="">Green</option>
  </options>
</ezoption>', 0, 0, 0, 0, '', 'ezoption');
INSERT INTO ezcontentobject_attribute VALUES (831, 'eng-GB', 1, 241, 208, '<?xml version="1.0" encoding="UTF-8"?>
<ezoption>
  <name></name>
  <options>
    <option id="0"
            additional_price="">Matrix</option>
    <option id="1"
            additional_price="">Matrix reloaded</option>
    <option id="2"
            additional_price="">Matrix revoluaton</option>
  </options>
</ezoption>', 0, 0, 0, 0, '', 'ezoption');
INSERT INTO ezcontentobject_attribute VALUES (1015, 'eng-GB', 1, 262, 208, '<?xml version="1.0" encoding="UTF-8"?>
<ezoption>
  <name></name>
  <options>
    <option id="0"
            additional_price="">Matrix</option>
    <option id="1"
            additional_price="">Lord of the Rings </option>
    <option id="2"
            additional_price="">None</option>
  </options>
</ezoption>', 0, 0, 0, 0, '', 'ezoption');
INSERT INTO ezcontentobject_attribute VALUES (808, 'eng-GB', 1, 235, 209, 'kjh', 0, 0, 0, 0, 'kjh', 'ezstring');
INSERT INTO ezcontentobject_attribute VALUES (772, 'eng-GB', 1, 219, 209, 'Brd Farstad', 0, 0, 0, 0, 'brd farstad', 'ezstring');
INSERT INTO ezcontentobject_attribute VALUES (824, 'eng-GB', 1, 239, 209, 'Brd', 0, 0, 0, 0, 'brd', 'ezstring');
INSERT INTO ezcontentobject_attribute VALUES (801, 'eng-GB', 1, 233, 209, 'brd', 0, 0, 0, 0, 'brd', 'ezstring');
INSERT INTO ezcontentobject_attribute VALUES (832, 'eng-GB', 1, 242, 209, 'ghghj', 0, 0, 0, 0, 'ghghj', 'ezstring');
INSERT INTO ezcontentobject_attribute VALUES (776, 'eng-GB', 1, 220, 209, 'bbb', 0, 0, 0, 0, 'bbb', 'ezstring');
INSERT INTO ezcontentobject_attribute VALUES (841, 'eng-GB', 1, 245, 209, 'kjlh', 0, 0, 0, 0, 'kjlh', 'ezstring');
INSERT INTO ezcontentobject_attribute VALUES (845, 'eng-GB', 1, 246, 209, 'kjhkjh', 0, 0, 0, 0, 'kjhkjh', 'ezstring');
INSERT INTO ezcontentobject_attribute VALUES (956, 'eng-GB', 1, 248, 209, 'ete', 0, 0, 0, 0, 'ete', 'ezstring');
INSERT INTO ezcontentobject_attribute VALUES (1027, 'eng-GB', 1, 266, 209, 'Tim', 0, 0, 0, 0, 'tim', 'ezstring');
INSERT INTO ezcontentobject_attribute VALUES (1031, 'eng-GB', 1, 267, 209, 'Helene', 0, 0, 0, 0, 'helene', 'ezstring');
INSERT INTO ezcontentobject_attribute VALUES (809, 'eng-GB', 1, 235, 210, 'kjlh', 0, 0, 0, 0, 'kjlh', 'ezstring');
INSERT INTO ezcontentobject_attribute VALUES (773, 'eng-GB', 1, 219, 210, 'nospam@ez.no', 0, 0, 0, 0, 'nospam@ez.no', 'ezstring');
INSERT INTO ezcontentobject_attribute VALUES (825, 'eng-GB', 1, 239, 210, 'nospam@ez.no', 0, 0, 0, 0, 'nospam@ez.no', 'ezstring');
INSERT INTO ezcontentobject_attribute VALUES (802, 'eng-GB', 1, 233, 210, 'nospam@ez.no', 0, 0, 0, 0, 'nospam@ez.no', 'ezstring');
INSERT INTO ezcontentobject_attribute VALUES (833, 'eng-GB', 1, 242, 210, 'nospam@ez.no', 0, 0, 0, 0, 'nospam@ez.no', 'ezstring');
INSERT INTO ezcontentobject_attribute VALUES (777, 'eng-GB', 1, 220, 210, 'nospam@ez.no', 0, 0, 0, 0, 'nospam@ez.no', 'ezstring');
INSERT INTO ezcontentobject_attribute VALUES (842, 'eng-GB', 1, 245, 210, 'kjh', 0, 0, 0, 0, 'kjh', 'ezstring');
INSERT INTO ezcontentobject_attribute VALUES (846, 'eng-GB', 1, 246, 210, 'nospam@ez.no', 0, 0, 0, 0, 'nospam@ez.no', 'ezstring');
INSERT INTO ezcontentobject_attribute VALUES (957, 'eng-GB', 1, 248, 210, 'ete', 0, 0, 0, 0, 'ete', 'ezstring');
INSERT INTO ezcontentobject_attribute VALUES (1028, 'eng-GB', 1, 266, 210, '', 0, 0, 0, 0, '', 'ezstring');
INSERT INTO ezcontentobject_attribute VALUES (1032, 'eng-GB', 1, 267, 210, '', 0, 0, 0, 0, '', 'ezstring');
INSERT INTO ezcontentobject_attribute VALUES (810, 'eng-GB', 1, 235, 211, 'kljh', 0, 0, 0, 0, 'kljh', 'ezstring');
INSERT INTO ezcontentobject_attribute VALUES (774, 'eng-GB', 1, 219, 211, 'http://ez.no', 0, 0, 0, 0, 'http://ez.no', 'ezstring');
INSERT INTO ezcontentobject_attribute VALUES (803, 'eng-GB', 1, 233, 211, 'http://ez.no', 0, 0, 0, 0, 'http://ez.no', 'ezstring');
INSERT INTO ezcontentobject_attribute VALUES (834, 'eng-GB', 1, 242, 211, 'fghvmbnmbvnm', 0, 0, 0, 0, 'fghvmbnmbvnm', 'ezstring');
INSERT INTO ezcontentobject_attribute VALUES (826, 'eng-GB', 1, 239, 211, 'sdfgsd', 0, 0, 0, 0, 'sdfgsd', 'ezstring');
INSERT INTO ezcontentobject_attribute VALUES (778, 'eng-GB', 1, 220, 211, 'http://piranha.no', 0, 0, 0, 0, 'http://piranha.no', 'ezstring');
INSERT INTO ezcontentobject_attribute VALUES (843, 'eng-GB', 1, 245, 211, 'kjh', 0, 0, 0, 0, 'kjh', 'ezstring');
INSERT INTO ezcontentobject_attribute VALUES (847, 'eng-GB', 1, 246, 211, 'sdfgsdfg', 0, 0, 0, 0, 'sdfgsdfg', 'ezstring');
INSERT INTO ezcontentobject_attribute VALUES (958, 'eng-GB', 1, 248, 211, 'ete', 0, 0, 0, 0, 'ete', 'ezstring');
INSERT INTO ezcontentobject_attribute VALUES (1029, 'eng-GB', 1, 266, 211, '', 0, 0, 0, 0, '', 'ezstring');
INSERT INTO ezcontentobject_attribute VALUES (1033, 'eng-GB', 1, 267, 211, '', 0, 0, 0, 0, '', 'ezstring');
INSERT INTO ezcontentobject_attribute VALUES (811, 'eng-GB', 1, 235, 212, '< >

:)

http://ez.no', 0, 0, 0, 0, '', 'eztext');
INSERT INTO ezcontentobject_attribute VALUES (775, 'eng-GB', 1, 219, 212, 'I''ve seen more speacial things.. dsfgljk sdfg jsdklgj sdlfgj skldg sd gfdsfgljk sdfg jsdklgj sdlfgj skldg sd gfdsfgljk sdfg jsdklgj sdlfgj skldg sd gfdsfgljk sdfg jsdklgj sdlfgj skldg sd gfdsfgljk sdfg jsdklgj sdlfgj skldg sd gfdsfgljk sdfg jsdklgj sdlfgj skldg sd gfdsfgljk sdfg jsdklgj sdlfgj skldg sd gfdsfgljk sdfg jsdklgj sdlfgj skldg sd gfdsfgljk sdfg jsdklgj sdlfgj skldg sd gf

dsfgljk sdfg jsdklgj sdlfgj skldg sd gfdsfgljk sdfg jsdklgj sdlfgj skldg sd gfdsfgljk sdfg jsdklgj sdlfgj skldg sd gf', 0, 0, 0, 0, '', 'eztext');
INSERT INTO ezcontentobject_attribute VALUES (804, 'eng-GB', 1, 233, 212, 'dfgl sdflg sdiofg usdoigfu osdigu iosdgf sdgfsd
fg
sdfg
sdfg
sdg', 0, 0, 0, 0, '', 'eztext');
INSERT INTO ezcontentobject_attribute VALUES (835, 'eng-GB', 1, 242, 212, 'fgn fdgh fdgh fdgh
kl
l
l
l
l
hjlh
hj', 0, 0, 0, 0, '', 'eztext');
INSERT INTO ezcontentobject_attribute VALUES (827, 'eng-GB', 1, 239, 212, 'sdfgsdgsd
sdg
sdf', 0, 0, 0, 0, '', 'eztext');
INSERT INTO ezcontentobject_attribute VALUES (779, 'eng-GB', 1, 220, 212, 'sdfgsd fgsdgsd
gf
sdfg
sdfgdsg
sdgf
', 0, 0, 0, 0, '', 'eztext');
INSERT INTO ezcontentobject_attribute VALUES (844, 'eng-GB', 1, 245, 212, 'kjlhkhkjhklhj', 0, 0, 0, 0, '', 'eztext');
INSERT INTO ezcontentobject_attribute VALUES (848, 'eng-GB', 1, 246, 212, 'sdfgsdfgsdfgds
fgsd
fg
sdfg', 0, 0, 0, 0, '', 'eztext');
INSERT INTO ezcontentobject_attribute VALUES (959, 'eng-GB', 1, 248, 212, 'te', 0, 0, 0, 0, '', 'eztext');
INSERT INTO ezcontentobject_attribute VALUES (1030, 'eng-GB', 1, 266, 212, 'When will you share it with the rest of us?', 0, 0, 0, 0, '', 'eztext');
INSERT INTO ezcontentobject_attribute VALUES (1034, 'eng-GB', 1, 267, 212, 'Can I come? What''s the address?', 0, 0, 0, 0, '', 'eztext');
INSERT INTO ezcontentobject_attribute VALUES (817, 'eng-GB', 1, 226, 213, '', 1, 0, 0, 1, '', 'ezboolean');
INSERT INTO ezcontentobject_attribute VALUES (816, 'eng-GB', 1, 215, 213, '', 1, 0, 0, 1, '', 'ezboolean');
INSERT INTO ezcontentobject_attribute VALUES (985, 'eng-GB', 1, 253, 213, '', 0, 0, 0, 0, '', 'ezboolean');
INSERT INTO ezcontentobject_attribute VALUES (820, 'eng-GB', 1, 237, 213, '', 1, 0, 0, 1, '', 'ezboolean');
INSERT INTO ezcontentobject_attribute VALUES (982, 'eng-GB', 1, 252, 213, '', 0, 0, 0, 0, '', 'ezboolean');
INSERT INTO ezcontentobject_attribute VALUES (815, 'eng-GB', 2, 214, 213, '', 1, 0, 0, 1, '', 'ezboolean');
INSERT INTO ezcontentobject_attribute VALUES (823, 'eng-GB', 1, 238, 213, '', 0, 0, 0, 0, '', 'ezboolean');
INSERT INTO ezcontentobject_attribute VALUES (851, 'eng-GB', 1, 247, 213, '', 1, 0, 0, 1, '', 'ezboolean');
INSERT INTO ezcontentobject_attribute VALUES (840, 'eng-GB', 1, 244, 213, '', 1, 0, 0, 1, '', 'ezboolean');
INSERT INTO ezcontentobject_attribute VALUES (988, 'eng-GB', 1, 254, 213, '', 1, 0, 0, 1, '', 'ezboolean');
INSERT INTO ezcontentobject_attribute VALUES (1018, 'eng-GB', 1, 263, 213, '', 1, 0, 0, 1, '', 'ezboolean');
INSERT INTO ezcontentobject_attribute VALUES (998, 'eng-GB', 1, 257, 214, 'Recent items', 0, 0, 0, 0, 'recent items', 'ezstring');
INSERT INTO ezcontentobject_attribute VALUES (871, 'eng-GB', 2, 231, 214, 'Recent items', 0, 0, 0, 0, 'recent items', 'ezstring');
INSERT INTO ezcontentobject_attribute VALUES (854, 'eng-GB', 4, 1, 214, 'Recent items', 0, 0, 0, 0, 'recent items', 'ezstring');
INSERT INTO ezcontentobject_attribute VALUES (855, 'eng-GB', 5, 1, 214, 'Recent items', 0, 0, 0, 0, 'recent items', 'ezstring');
INSERT INTO ezcontentobject_attribute VALUES (856, 'eng-GB', 6, 1, 214, 'Recent items', 0, 0, 0, 0, 'recent items', 'ezstring');
INSERT INTO ezcontentobject_attribute VALUES (857, 'eng-GB', 1, 41, 214, 'Recent items', 0, 0, 0, 0, 'recent items', 'ezstring');
INSERT INTO ezcontentobject_attribute VALUES (858, 'eng-GB', 1, 42, 214, 'Recent items', 0, 0, 0, 0, 'recent items', 'ezstring');
INSERT INTO ezcontentobject_attribute VALUES (859, 'eng-GB', 1, 44, 214, 'Recent items', 0, 0, 0, 0, 'recent items', 'ezstring');
INSERT INTO ezcontentobject_attribute VALUES (861, 'eng-GB', 2, 46, 214, 'Recent items', 0, 0, 0, 0, 'recent items', 'ezstring');
INSERT INTO ezcontentobject_attribute VALUES (865, 'eng-GB', 2, 212, 214, 'Recent items', 0, 0, 0, 0, 'recent items', 'ezstring');
INSERT INTO ezcontentobject_attribute VALUES (867, 'eng-GB', 2, 213, 214, 'Recent items', 0, 0, 0, 0, 'recent items', 'ezstring');
INSERT INTO ezcontentobject_attribute VALUES (868, 'eng-GB', 1, 228, 214, 'Recent items', 0, 0, 0, 0, 'recent items', 'ezstring');
INSERT INTO ezcontentobject_attribute VALUES (869, 'eng-GB', 1, 229, 214, 'Recent items', 0, 0, 0, 0, 'recent items', 'ezstring');
INSERT INTO ezcontentobject_attribute VALUES (870, 'eng-GB', 1, 230, 214, 'Recent items', 0, 0, 0, 0, 'recent items', 'ezstring');
INSERT INTO ezcontentobject_attribute VALUES (871, 'eng-GB', 1, 231, 214, 'Recent items', 0, 0, 0, 0, 'recent items', 'ezstring');
INSERT INTO ezcontentobject_attribute VALUES (874, 'eng-GB', 1, 243, 214, 'Recent items', 0, 0, 0, 0, 'recent items', 'ezstring');
INSERT INTO ezcontentobject_attribute VALUES (863, 'eng-GB', 4, 49, 214, 'Excerpts from Recent Entries', 0, 0, 0, 0, 'excerpts from recent entries', 'ezstring');
INSERT INTO ezcontentobject_attribute VALUES (868, 'eng-GB', 4, 228, 214, 'Recent Links', 0, 0, 0, 0, 'recent links', 'ezstring');
INSERT INTO ezcontentobject_attribute VALUES (863, 'eng-GB', 5, 49, 214, 'Excerpts from Recent Entries', 0, 0, 0, 0, 'excerpts from recent entries', 'ezstring');
INSERT INTO ezcontentobject_attribute VALUES (873, 'eng-GB', 3, 240, 214, 'Recent polls', 0, 0, 0, 0, 'recent polls', 'ezstring');
INSERT INTO ezcontentobject_attribute VALUES (1009, 'eng-GB', 1, 260, 214, 'Recent items', 0, 0, 0, 0, 'recent items', 'ezstring');
INSERT INTO ezcontentobject_attribute VALUES (1022, 'eng-GB', 1, 264, 214, 'Recent items', 0, 0, 0, 0, 'recent items', 'ezstring');
INSERT INTO ezcontentobject_attribute VALUES (999, 'eng-GB', 1, 257, 215, 'All Categories', 0, 0, 0, 0, 'all categories', 'ezstring');
INSERT INTO ezcontentobject_attribute VALUES (896, 'eng-GB', 2, 231, 215, 'All Categories', 0, 0, 0, 0, 'all categories', 'ezstring');
INSERT INTO ezcontentobject_attribute VALUES (877, 'eng-GB', 4, 1, 215, 'All Categories', 0, 0, 0, 0, 'all categories', 'ezstring');
INSERT INTO ezcontentobject_attribute VALUES (878, 'eng-GB', 5, 1, 215, 'All Categories', 0, 0, 0, 0, 'all categories', 'ezstring');
INSERT INTO ezcontentobject_attribute VALUES (879, 'eng-GB', 6, 1, 215, 'All Categories', 0, 0, 0, 0, 'all categories', 'ezstring');
INSERT INTO ezcontentobject_attribute VALUES (880, 'eng-GB', 1, 41, 215, 'All Categories', 0, 0, 0, 0, 'all categories', 'ezstring');
INSERT INTO ezcontentobject_attribute VALUES (881, 'eng-GB', 1, 42, 215, 'All Categories', 0, 0, 0, 0, 'all categories', 'ezstring');
INSERT INTO ezcontentobject_attribute VALUES (882, 'eng-GB', 1, 44, 215, 'All Categories', 0, 0, 0, 0, 'all categories', 'ezstring');
INSERT INTO ezcontentobject_attribute VALUES (884, 'eng-GB', 2, 46, 215, 'All Categories', 0, 0, 0, 0, 'all categories', 'ezstring');
INSERT INTO ezcontentobject_attribute VALUES (889, 'eng-GB', 2, 212, 215, 'All Categories', 0, 0, 0, 0, 'all categories', 'ezstring');
INSERT INTO ezcontentobject_attribute VALUES (891, 'eng-GB', 2, 213, 215, 'All Categories', 0, 0, 0, 0, 'all categories', 'ezstring');
INSERT INTO ezcontentobject_attribute VALUES (892, 'eng-GB', 1, 228, 215, 'All Categories', 0, 0, 0, 0, 'all categories', 'ezstring');
INSERT INTO ezcontentobject_attribute VALUES (894, 'eng-GB', 1, 229, 215, 'All Categories', 0, 0, 0, 0, 'all categories', 'ezstring');
INSERT INTO ezcontentobject_attribute VALUES (895, 'eng-GB', 1, 230, 215, 'All Categories', 0, 0, 0, 0, 'all categories', 'ezstring');
INSERT INTO ezcontentobject_attribute VALUES (896, 'eng-GB', 1, 231, 215, 'All Categories', 0, 0, 0, 0, 'all categories', 'ezstring');
INSERT INTO ezcontentobject_attribute VALUES (899, 'eng-GB', 1, 243, 215, 'All Categories', 0, 0, 0, 0, 'all categories', 'ezstring');
INSERT INTO ezcontentobject_attribute VALUES (887, 'eng-GB', 4, 49, 215, 'Entry Categories', 0, 0, 0, 0, 'entry categories', 'ezstring');
INSERT INTO ezcontentobject_attribute VALUES (893, 'eng-GB', 4, 228, 215, 'All Categories', 0, 0, 0, 0, 'all categories', 'ezstring');
INSERT INTO ezcontentobject_attribute VALUES (887, 'eng-GB', 5, 49, 215, 'Entry Categories', 0, 0, 0, 0, 'entry categories', 'ezstring');
INSERT INTO ezcontentobject_attribute VALUES (898, 'eng-GB', 3, 240, 215, 'All Categories', 0, 0, 0, 0, 'all categories', 'ezstring');
INSERT INTO ezcontentobject_attribute VALUES (1010, 'eng-GB', 1, 260, 215, 'All Categories', 0, 0, 0, 0, 'all categories', 'ezstring');
INSERT INTO ezcontentobject_attribute VALUES (1023, 'eng-GB', 1, 264, 215, 'All Categories', 0, 0, 0, 0, 'all categories', 'ezstring');
INSERT INTO ezcontentobject_attribute VALUES (923, 'eng-GB', 2, 231, 216, 'Item Archive', 0, 0, 0, 0, 'item archive', 'ezstring');
INSERT INTO ezcontentobject_attribute VALUES (997, 'eng-GB', 1, 257, 216, 'Item Archive', 0, 0, 0, 0, 'item archive', 'ezstring');
INSERT INTO ezcontentobject_attribute VALUES (902, 'eng-GB', 4, 1, 216, 'Item Archive', 0, 0, 0, 0, 'item archive', 'ezstring');
INSERT INTO ezcontentobject_attribute VALUES (903, 'eng-GB', 5, 1, 216, 'Item Archive', 0, 0, 0, 0, 'item archive', 'ezstring');
INSERT INTO ezcontentobject_attribute VALUES (904, 'eng-GB', 6, 1, 216, 'Item Archive', 0, 0, 0, 0, 'item archive', 'ezstring');
INSERT INTO ezcontentobject_attribute VALUES (905, 'eng-GB', 1, 41, 216, 'Item Archive', 0, 0, 0, 0, 'item archive', 'ezstring');
INSERT INTO ezcontentobject_attribute VALUES (906, 'eng-GB', 1, 42, 216, 'Item Archive', 0, 0, 0, 0, 'item archive', 'ezstring');
INSERT INTO ezcontentobject_attribute VALUES (907, 'eng-GB', 1, 44, 216, 'Item Archive', 0, 0, 0, 0, 'item archive', 'ezstring');
INSERT INTO ezcontentobject_attribute VALUES (909, 'eng-GB', 2, 46, 216, 'Item Archive', 0, 0, 0, 0, 'item archive', 'ezstring');
INSERT INTO ezcontentobject_attribute VALUES (913, 'eng-GB', 4, 49, 216, 'Item Archive', 0, 0, 0, 0, 'item archive', 'ezstring');
INSERT INTO ezcontentobject_attribute VALUES (915, 'eng-GB', 2, 212, 216, 'Item Archive', 0, 0, 0, 0, 'item archive', 'ezstring');
INSERT INTO ezcontentobject_attribute VALUES (917, 'eng-GB', 2, 213, 216, 'Item Archive', 0, 0, 0, 0, 'item archive', 'ezstring');
INSERT INTO ezcontentobject_attribute VALUES (918, 'eng-GB', 1, 228, 216, 'Item Archive', 0, 0, 0, 0, 'item archive', 'ezstring');
INSERT INTO ezcontentobject_attribute VALUES (921, 'eng-GB', 1, 229, 216, 'Item Archive', 0, 0, 0, 0, 'item archive', 'ezstring');
INSERT INTO ezcontentobject_attribute VALUES (922, 'eng-GB', 1, 230, 216, 'Item Archive', 0, 0, 0, 0, 'item archive', 'ezstring');
INSERT INTO ezcontentobject_attribute VALUES (923, 'eng-GB', 1, 231, 216, 'Item Archive', 0, 0, 0, 0, 'item archive', 'ezstring');
INSERT INTO ezcontentobject_attribute VALUES (926, 'eng-GB', 1, 243, 216, 'Item Archive', 0, 0, 0, 0, 'item archive', 'ezstring');
INSERT INTO ezcontentobject_attribute VALUES (920, 'eng-GB', 4, 228, 216, 'Link Archive', 0, 0, 0, 0, 'link archive', 'ezstring');
INSERT INTO ezcontentobject_attribute VALUES (913, 'eng-GB', 5, 49, 216, 'Log Archive', 0, 0, 0, 0, 'log archive', 'ezstring');
INSERT INTO ezcontentobject_attribute VALUES (925, 'eng-GB', 3, 240, 216, 'Poll Archive', 0, 0, 0, 0, 'poll archive', 'ezstring');
INSERT INTO ezcontentobject_attribute VALUES (1008, 'eng-GB', 1, 260, 216, 'Item Archive', 0, 0, 0, 0, 'item archive', 'ezstring');
INSERT INTO ezcontentobject_attribute VALUES (1021, 'eng-GB', 1, 264, 216, 'Item Archive', 0, 0, 0, 0, 'item archive', 'ezstring');
INSERT INTO ezcontentobject_attribute VALUES (1035, 'eng-GB', 1, 268, 6, 'Anonymous Users', 0, 0, 0, 0, 'anonymous users', 'ezstring');
INSERT INTO ezcontentobject_attribute VALUES (1036, 'eng-GB', 1, 268, 7, 'User group for the anonymous user', 0, 0, 0, 0, 'user group for the anonymous user', 'ezstring');
INSERT INTO ezcontentobject_attribute VALUES (19, 'eng-GB', 2, 10, 8, 'Anonymous', 0, 0, 0, 0, 'anonymous', 'ezstring');
INSERT INTO ezcontentobject_attribute VALUES (20, 'eng-GB', 2, 10, 9, 'User', 0, 0, 0, 0, 'user', 'ezstring');
INSERT INTO ezcontentobject_attribute VALUES (21, 'eng-GB', 2, 10, 12, '', 0, 0, 0, 0, '', 'ezuser');
INSERT INTO ezcontentobject_attribute VALUES (692, 'eng-GB', 2, 10, 197, '', 0, 0, 0, 0, '', 'ezstring');
INSERT INTO ezcontentobject_attribute VALUES (704, 'eng-GB', 2, 10, 198, '', 0, 0, 0, 0, '', 'ezstring');
INSERT INTO ezcontentobject_attribute VALUES (716, 'eng-GB', 2, 10, 199, '', 0, 0, 0, 0, '', 'eztext');
INSERT INTO ezcontentobject_attribute VALUES (728, 'eng-GB', 2, 10, 200, '<?xml version="1.0" encoding="UTF-8"?>
<ezimage serial_number="1"
         is_valid=""
         filename="anonymous_user."
         suffix=""
         basename="anonymous_user"
         dirpath="var/storage/images/users/anonymous_users/anonymous_user/728-2-eng-GB"
         url="var/storage/images/users/anonymous_users/anonymous_user/728-2-eng-GB/anonymous_user."
         original_filename=""
         mime_type=""
         width=""
         height=""
         alternative_text=""
         alias_key="1293033771"
         timestamp="1072186489">
  <original attribute_id=""
            attribute_version=""
            attribute_language="" />
</ezimage>', 0, 0, 0, 0, '', 'ezimage');







INSERT INTO ezcontentobject_link VALUES (1, 1, 4, 49);
INSERT INTO ezcontentobject_link VALUES (4, 1, 5, 49);







INSERT INTO ezcontentobject_name VALUES (1, 'Root folder', 1, 'eng-GB', 'eng-GB');
INSERT INTO ezcontentobject_name VALUES (4, 'Users', 1, 'eng-GB', 'eng-GB');
INSERT INTO ezcontentobject_name VALUES (10, 'Anonymous User', 1, 'eng-GB', 'eng-GB');
INSERT INTO ezcontentobject_name VALUES (11, 'Guest accounts', 1, 'eng-GB', 'eng-GB');
INSERT INTO ezcontentobject_name VALUES (12, 'Administrator users', 1, 'eng-GB', 'eng-GB');
INSERT INTO ezcontentobject_name VALUES (13, 'Editors', 1, 'eng-GB', 'eng-GB');
INSERT INTO ezcontentobject_name VALUES (14, 'Administrator User', 1, 'eng-GB', 'eng-GB');
INSERT INTO ezcontentobject_name VALUES (233, 'brd', 1, 'eng-GB', 'eng-GB');
INSERT INTO ezcontentobject_name VALUES (41, 'Media', 1, 'eng-GB', 'eng-GB');
INSERT INTO ezcontentobject_name VALUES (42, 'Setup', 1, 'eng-GB', 'eng-GB');
INSERT INTO ezcontentobject_name VALUES (43, 'Classes', 1, 'eng-GB', 'eng-GB');
INSERT INTO ezcontentobject_name VALUES (44, 'Setup links', 1, 'eng-GB', 'eng-GB');
INSERT INTO ezcontentobject_name VALUES (43, 'Classes', 2, 'eng-GB', 'eng-GB');
INSERT INTO ezcontentobject_name VALUES (43, 'Classes', 3, 'eng-GB', 'eng-GB');
INSERT INTO ezcontentobject_name VALUES (43, 'Classes', 4, 'eng-GB', 'eng-GB');
INSERT INTO ezcontentobject_name VALUES (43, 'Classes', 5, 'eng-GB', 'eng-GB');
INSERT INTO ezcontentobject_name VALUES (45, 'Setup Objects', 1, 'eng-GB', 'eng-GB');
INSERT INTO ezcontentobject_name VALUES (46, 'Fonts and colors', 1, 'eng-GB', 'eng-GB');
INSERT INTO ezcontentobject_name VALUES (46, 'Look and feel', 2, 'eng-GB', 'eng-GB');
INSERT INTO ezcontentobject_name VALUES (47, 'New Template look', 1, 'eng-GB', 'eng-GB');
INSERT INTO ezcontentobject_name VALUES (116, 'URL translator', 2, 'eng-GB', 'eng-GB');
INSERT INTO ezcontentobject_name VALUES (126, 'New Article', 1, 'eng-GB', 'eng-GB');
INSERT INTO ezcontentobject_name VALUES (49, 'News', 1, 'eng-GB', 'eng-GB');
INSERT INTO ezcontentobject_name VALUES (56, 'Corporate', 37, 'eng-GB', 'eng-GB');
INSERT INTO ezcontentobject_name VALUES (235, 'kjh', 1, 'eng-GB', 'eng-GB');
INSERT INTO ezcontentobject_name VALUES (45, 'Look and feel', 7, 'eng-GB', 'eng-GB');
INSERT INTO ezcontentobject_name VALUES (51, 'New Setup link', 1, 'eng-GB', 'eng-GB');
INSERT INTO ezcontentobject_name VALUES (45, 'Look and feel', 8, 'eng-GB', 'eng-GB');
INSERT INTO ezcontentobject_name VALUES (53, 'New Template look', 1, 'eng-GB', 'eng-GB');
INSERT INTO ezcontentobject_name VALUES (56, 'Intranet', 2, 'eng-GB', 'eng-GB');
INSERT INTO ezcontentobject_name VALUES (56, 'Intranet', 1, 'eng-GB', 'eng-GB');
INSERT INTO ezcontentobject_name VALUES (56, 'Intranet', 3, 'eng-GB', 'eng-GB');
INSERT INTO ezcontentobject_name VALUES (56, 'Intranet', 4, 'eng-GB', 'eng-GB');
INSERT INTO ezcontentobject_name VALUES (56, 'Intranet', 5, 'eng-GB', 'eng-GB');
INSERT INTO ezcontentobject_name VALUES (56, 'Intranet', 6, 'eng-GB', 'eng-GB');
INSERT INTO ezcontentobject_name VALUES (43, 'Classes', 8, 'eng-GB', 'eng-GB');
INSERT INTO ezcontentobject_name VALUES (236, 'Soft house', 1, 'eng-GB', 'eng-GB');
INSERT INTO ezcontentobject_name VALUES (237, 'New big discovery today', 1, 'eng-GB', 'eng-GB');
INSERT INTO ezcontentobject_name VALUES (56, 'Corporate', 36, 'eng-GB', 'eng-GB');
INSERT INTO ezcontentobject_name VALUES (161, 'About this forum', 1, 'eng-GB', 'eng-GB');
INSERT INTO ezcontentobject_name VALUES (56, 'Intranetyy', 30, 'eng-GB', 'eng-GB');
INSERT INTO ezcontentobject_name VALUES (56, 'Intranet', 25, 'eng-GB', 'eng-GB');
INSERT INTO ezcontentobject_name VALUES (56, 'Intranet', 24, 'eng-GB', 'eng-GB');
INSERT INTO ezcontentobject_name VALUES (127, 'New Article', 1, 'eng-GB', 'eng-GB');
INSERT INTO ezcontentobject_name VALUES (56, 'Intranet', 22, 'eng-GB', 'eng-GB');
INSERT INTO ezcontentobject_name VALUES (56, 'Intranet', 23, 'eng-GB', 'eng-GB');
INSERT INTO ezcontentobject_name VALUES (56, 'Corporate', 35, 'eng-GB', 'eng-GB');
INSERT INTO ezcontentobject_name VALUES (122, 'New Image', 1, 'eng-GB', 'eng-GB');
INSERT INTO ezcontentobject_name VALUES (45, 'Look and feel', 9, 'eng-GB', 'eng-GB');
INSERT INTO ezcontentobject_name VALUES (56, 'Intranet', 7, 'eng-GB', 'eng-GB');
INSERT INTO ezcontentobject_name VALUES (56, 'Intranet', 8, 'eng-GB', 'eng-GB');
INSERT INTO ezcontentobject_name VALUES (56, 'Intranet', 9, 'eng-GB', 'eng-GB');
INSERT INTO ezcontentobject_name VALUES (56, 'Corporate', 38, 'eng-GB', 'eng-GB');
INSERT INTO ezcontentobject_name VALUES (56, 'Intranet', 10, 'eng-GB', 'eng-GB');
INSERT INTO ezcontentobject_name VALUES (83, 'New User', 1, 'eng-GB', 'eng-GB');
INSERT INTO ezcontentobject_name VALUES (84, 'New User', 1, 'eng-GB', 'eng-GB');
INSERT INTO ezcontentobject_name VALUES (56, 'Intranet', 11, 'eng-GB', 'eng-GB');
INSERT INTO ezcontentobject_name VALUES (85, 'New Folder', 1, 'eng-GB', 'eng-GB');
INSERT INTO ezcontentobject_name VALUES (87, 'New Company', 1, 'eng-GB', 'eng-GB');
INSERT INTO ezcontentobject_name VALUES (88, 'New User', 1, 'eng-GB', 'eng-GB');
INSERT INTO ezcontentobject_name VALUES (56, 'Corporate', 33, 'eng-GB', 'eng-GB');
INSERT INTO ezcontentobject_name VALUES (56, 'Intranetyy', 31, 'eng-GB', 'eng-GB');
INSERT INTO ezcontentobject_name VALUES (56, 'Corporate', 32, 'eng-GB', 'eng-GB');
INSERT INTO ezcontentobject_name VALUES (56, 'Intranet', 12, 'eng-GB', 'eng-GB');
INSERT INTO ezcontentobject_name VALUES (56, 'Intranet', 13, 'eng-GB', 'eng-GB');
INSERT INTO ezcontentobject_name VALUES (91, 'New Template look', 1, 'eng-GB', 'eng-GB');
INSERT INTO ezcontentobject_name VALUES (56, 'Intranet', 18, 'eng-GB', 'eng-GB');
INSERT INTO ezcontentobject_name VALUES (214, 'Today I got my new car!', 1, 'eng-GB', 'eng-GB');
INSERT INTO ezcontentobject_name VALUES (215, 'Special things happened today', 1, 'eng-GB', 'eng-GB');
INSERT INTO ezcontentobject_name VALUES (56, 'Corporate', 39, 'eng-GB', 'eng-GB');
INSERT INTO ezcontentobject_name VALUES (96, 'New User', 1, 'eng-GB', 'eng-GB');
INSERT INTO ezcontentobject_name VALUES (213, 'Computers', 1, 'eng-GB', 'eng-GB');
INSERT INTO ezcontentobject_name VALUES (234, 'Sina', 1, 'eng-GB', 'eng-GB');
INSERT INTO ezcontentobject_name VALUES (56, 'Corporate', 34, 'eng-GB', 'eng-GB');
INSERT INTO ezcontentobject_name VALUES (56, 'Intranet', 20, 'eng-GB', 'eng-GB');
INSERT INTO ezcontentobject_name VALUES (212, 'Personal', 1, 'eng-GB', 'eng-GB');
INSERT INTO ezcontentobject_name VALUES (103, 'New User', 1, 'eng-GB', 'eng-GB');
INSERT INTO ezcontentobject_name VALUES (104, 'New User', 1, 'eng-GB', 'eng-GB');
INSERT INTO ezcontentobject_name VALUES (240, 'Polls', 1, 'eng-GB', 'eng-GB');
INSERT INTO ezcontentobject_name VALUES (105, 'New User', 1, 'eng-GB', 'eng-GB');
INSERT INTO ezcontentobject_name VALUES (106, 'New User', 1, 'eng-GB', 'eng-GB');
INSERT INTO ezcontentobject_name VALUES (1, 'Corporate', 2, 'eng-GB', 'eng-GB');
INSERT INTO ezcontentobject_name VALUES (43, 'Classes', 6, 'eng-GB', 'eng-GB');
INSERT INTO ezcontentobject_name VALUES (45, 'Setup Objects', 2, 'eng-GB', 'eng-GB');
INSERT INTO ezcontentobject_name VALUES (43, 'Classes', 7, 'eng-GB', 'eng-GB');
INSERT INTO ezcontentobject_name VALUES (45, 'Setup Objects', 3, 'eng-GB', 'eng-GB');
INSERT INTO ezcontentobject_name VALUES (115, 'Cache', 1, 'eng-GB', 'eng-GB');
INSERT INTO ezcontentobject_name VALUES (45, 'Setup Objects', 4, 'eng-GB', 'eng-GB');
INSERT INTO ezcontentobject_name VALUES (116, 'URL translator', 1, 'eng-GB', 'eng-GB');
INSERT INTO ezcontentobject_name VALUES (117, 'New Article', 1, 'eng-GB', 'eng-GB');
INSERT INTO ezcontentobject_name VALUES (45, 'Look and feel', 5, 'eng-GB', 'eng-GB');
INSERT INTO ezcontentobject_name VALUES (45, 'Look and feel', 6, 'eng-GB', 'eng-GB');
INSERT INTO ezcontentobject_name VALUES (56, 'Intranet', 19, 'eng-GB', 'eng-GB');
INSERT INTO ezcontentobject_name VALUES (115, 'Cache', 2, 'eng-GB', 'eng-GB');
INSERT INTO ezcontentobject_name VALUES (56, 'Intranet', 21, 'eng-GB', 'eng-GB');
INSERT INTO ezcontentobject_name VALUES (115, 'Cache', 3, 'eng-GB', 'eng-GB');
INSERT INTO ezcontentobject_name VALUES (56, 'Intranet', 26, 'eng-GB', 'eng-GB');
INSERT INTO ezcontentobject_name VALUES (56, 'Intranetyy', 27, 'eng-GB', 'eng-GB');
INSERT INTO ezcontentobject_name VALUES (56, 'Intranetyy', 28, 'eng-GB', 'eng-GB');
INSERT INTO ezcontentobject_name VALUES (129, 'New Article', 1, 'eng-GB', 'eng-GB');
INSERT INTO ezcontentobject_name VALUES (56, 'Intranetyy', 29, 'eng-GB', 'eng-GB');
INSERT INTO ezcontentobject_name VALUES (56, 'Corporate', 41, 'eng-GB', 'eng-GB');
INSERT INTO ezcontentobject_name VALUES (56, 'Corporate', 42, 'eng-GB', 'eng-GB');
INSERT INTO ezcontentobject_name VALUES (56, 'Corporate', 40, 'eng-GB', 'eng-GB');
INSERT INTO ezcontentobject_name VALUES (1, 'Forum', 3, 'eng-GB', 'eng-GB');
INSERT INTO ezcontentobject_name VALUES (56, 'Forum', 45, 'eng-GB', 'eng-GB');
INSERT INTO ezcontentobject_name VALUES (240, 'Polls', 2, 'eng-GB', 'eng-GB');
INSERT INTO ezcontentobject_name VALUES (227, 'Which color do you like?', 2, 'eng-GB', 'eng-GB');
INSERT INTO ezcontentobject_name VALUES (221, 'New Poll', 1, 'eng-GB', 'eng-GB');
INSERT INTO ezcontentobject_name VALUES (143, 'New Setup link', 1, 'eng-GB', 'eng-GB');
INSERT INTO ezcontentobject_name VALUES (144, 'New Setup link', 1, 'eng-GB', 'eng-GB');
INSERT INTO ezcontentobject_name VALUES (145, 'New Setup link', 1, 'eng-GB', 'eng-GB');
INSERT INTO ezcontentobject_name VALUES (239, 'Brd', 1, 'eng-GB', 'eng-GB');
INSERT INTO ezcontentobject_name VALUES (56, 'Forum', 44, 'eng-GB', 'eng-GB');
INSERT INTO ezcontentobject_name VALUES (216, 'New Poll', 1, 'eng-GB', 'eng-GB');
INSERT INTO ezcontentobject_name VALUES (49, 'Blogs', 2, 'eng-GB', 'eng-GB');
INSERT INTO ezcontentobject_name VALUES (14, 'Administrator User', 2, 'eng-GB', 'eng-GB');
INSERT INTO ezcontentobject_name VALUES (238, 'No comments on this one', 1, 'eng-GB', 'eng-GB');
INSERT INTO ezcontentobject_name VALUES (176, '', 1, 'eng-GB', 'eng-GB');
INSERT INTO ezcontentobject_name VALUES (177, '', 1, 'eng-GB', 'eng-GB');
INSERT INTO ezcontentobject_name VALUES (178, '', 1, 'eng-GB', 'eng-GB');
INSERT INTO ezcontentobject_name VALUES (179, '', 1, 'eng-GB', 'eng-GB');
INSERT INTO ezcontentobject_name VALUES (180, '', 1, 'eng-GB', 'eng-GB');
INSERT INTO ezcontentobject_name VALUES (181, '', 1, 'eng-GB', 'eng-GB');
INSERT INTO ezcontentobject_name VALUES (182, '', 1, 'eng-GB', 'eng-GB');
INSERT INTO ezcontentobject_name VALUES (183, '', 1, 'eng-GB', 'eng-GB');
INSERT INTO ezcontentobject_name VALUES (184, '', 1, 'eng-GB', 'eng-GB');
INSERT INTO ezcontentobject_name VALUES (185, '', 1, 'eng-GB', 'eng-GB');
INSERT INTO ezcontentobject_name VALUES (186, 'New Forum topic', 1, 'eng-GB', 'eng-GB');
INSERT INTO ezcontentobject_name VALUES (187, 'New User', 1, 'eng-GB', 'eng-GB');
INSERT INTO ezcontentobject_name VALUES (189, 'test2 test2', 1, 'eng-GB', 'eng-GB');
INSERT INTO ezcontentobject_name VALUES (191, '', 1, 'eng-GB', 'eng-GB');
INSERT INTO ezcontentobject_name VALUES (192, '', 1, 'eng-GB', 'eng-GB');
INSERT INTO ezcontentobject_name VALUES (193, '', 1, 'eng-GB', 'eng-GB');
INSERT INTO ezcontentobject_name VALUES (194, 'New Forum topic', 1, 'eng-GB', 'eng-GB');
INSERT INTO ezcontentobject_name VALUES (228, 'Links', 1, 'eng-GB', 'eng-GB');
INSERT INTO ezcontentobject_name VALUES (56, 'Forum', 46, 'eng-GB', 'eng-GB');
INSERT INTO ezcontentobject_name VALUES (231, 'News', 1, 'eng-GB', 'eng-GB');
INSERT INTO ezcontentobject_name VALUES (200, 'test', 1, 'eng-GB', 'eng-GB');
INSERT INTO ezcontentobject_name VALUES (201, 'Re:test', 1, 'eng-GB', 'eng-GB');
INSERT INTO ezcontentobject_name VALUES (232, 'VG', 1, 'eng-GB', 'eng-GB');
INSERT INTO ezcontentobject_name VALUES (227, 'Which color do you like?', 1, 'eng-GB', 'eng-GB');
INSERT INTO ezcontentobject_name VALUES (226, 'For Posterity''s Sake', 1, 'eng-GB', 'eng-GB');
INSERT INTO ezcontentobject_name VALUES (212, 'Personal', 2, 'eng-GB', 'eng-GB');
INSERT INTO ezcontentobject_name VALUES (213, 'Computers', 2, 'eng-GB', 'eng-GB');
INSERT INTO ezcontentobject_name VALUES (14, 'Administrator User', 3, 'eng-GB', 'eng-GB');
INSERT INTO ezcontentobject_name VALUES (14, 'Administrator User', 4, 'eng-GB', 'eng-GB');
INSERT INTO ezcontentobject_name VALUES (230, 'Movie', 1, 'eng-GB', 'eng-GB');
INSERT INTO ezcontentobject_name VALUES (229, 'Software', 1, 'eng-GB', 'eng-GB');
INSERT INTO ezcontentobject_name VALUES (1, 'Forum', 4, 'eng-GB', 'eng-GB');
INSERT INTO ezcontentobject_name VALUES (1, 'Forum', 5, 'eng-GB', 'eng-GB');
INSERT INTO ezcontentobject_name VALUES (224, 'New Poll', 1, 'eng-GB', 'eng-GB');
INSERT INTO ezcontentobject_name VALUES (14, 'Administrator User', 5, 'eng-GB', 'eng-GB');
INSERT INTO ezcontentobject_name VALUES (222, 'New Poll', 1, 'eng-GB', 'eng-GB');
INSERT INTO ezcontentobject_name VALUES (225, 'New Poll', 1, 'eng-GB', 'eng-GB');
INSERT INTO ezcontentobject_name VALUES (218, 'New Poll', 1, 'eng-GB', 'eng-GB');
INSERT INTO ezcontentobject_name VALUES (219, 'Brd Farstad', 1, 'eng-GB', 'eng-GB');
INSERT INTO ezcontentobject_name VALUES (220, 'bbb', 1, 'eng-GB', 'eng-GB');
INSERT INTO ezcontentobject_name VALUES (217, 'New Poll', 1, 'eng-GB', 'eng-GB');
INSERT INTO ezcontentobject_name VALUES (1, 'Blog', 6, 'eng-GB', 'eng-GB');
INSERT INTO ezcontentobject_name VALUES (161, 'About me', 2, 'eng-GB', 'eng-GB');
INSERT INTO ezcontentobject_name VALUES (241, 'Which one is the best of matrix movies?', 1, 'eng-GB', 'eng-GB');
INSERT INTO ezcontentobject_name VALUES (242, 'ghghj', 1, 'eng-GB', 'eng-GB');
INSERT INTO ezcontentobject_name VALUES (243, 'Entertainment', 1, 'eng-GB', 'eng-GB');
INSERT INTO ezcontentobject_name VALUES (244, 'A Pirate''s Life', 1, 'eng-GB', 'eng-GB');
INSERT INTO ezcontentobject_name VALUES (56, 'Blog', 43, 'eng-GB', 'eng-GB');
INSERT INTO ezcontentobject_name VALUES (56, 'Blog', 47, 'eng-GB', 'eng-GB');
INSERT INTO ezcontentobject_name VALUES (115, 'Cache', 4, 'eng-GB', 'eng-GB');
INSERT INTO ezcontentobject_name VALUES (43, 'Classes', 9, 'eng-GB', 'eng-GB');
INSERT INTO ezcontentobject_name VALUES (45, 'Look and feel', 10, 'eng-GB', 'eng-GB');
INSERT INTO ezcontentobject_name VALUES (116, 'URL translator', 3, 'eng-GB', 'eng-GB');
INSERT INTO ezcontentobject_name VALUES (245, 'kjlh', 1, 'eng-GB', 'eng-GB');
INSERT INTO ezcontentobject_name VALUES (56, 'Blog', 48, 'eng-GB', 'eng-GB');
INSERT INTO ezcontentobject_name VALUES (246, 'kjhkjh', 1, 'eng-GB', 'eng-GB');
INSERT INTO ezcontentobject_name VALUES (56, 'Blog', 49, 'eng-GB', 'eng-GB');
INSERT INTO ezcontentobject_name VALUES (247, 'I overslept today', 1, 'eng-GB', 'eng-GB');
INSERT INTO ezcontentobject_name VALUES (228, 'Links', 2, 'eng-GB', 'eng-GB');
INSERT INTO ezcontentobject_name VALUES (49, 'Blogs', 3, 'eng-GB', 'eng-GB');
INSERT INTO ezcontentobject_name VALUES (228, 'Links', 3, 'eng-GB', 'eng-GB');
INSERT INTO ezcontentobject_name VALUES (49, 'Blogs', 4, 'eng-GB', 'eng-GB');
INSERT INTO ezcontentobject_name VALUES (228, 'Links', 4, 'eng-GB', 'eng-GB');
INSERT INTO ezcontentobject_name VALUES (49, 'Blogs', 5, 'eng-GB', 'eng-GB');
INSERT INTO ezcontentobject_name VALUES (56, 'Blog', 50, 'eng-GB', 'eng-GB');
INSERT INTO ezcontentobject_name VALUES (56, 'Blog', 51, 'eng-GB', 'eng-GB');
INSERT INTO ezcontentobject_name VALUES (240, 'Polls', 3, 'eng-GB', 'eng-GB');
INSERT INTO ezcontentobject_name VALUES (56, 'Blog', 52, 'eng-GB', 'eng-GB');
INSERT INTO ezcontentobject_name VALUES (56, 'Blog', 55, 'eng-GB', 'eng-GB');
INSERT INTO ezcontentobject_name VALUES (56, 'Blog', 56, 'eng-GB', 'eng-GB');
INSERT INTO ezcontentobject_name VALUES (56, 'Blog', 57, 'eng-GB', 'eng-GB');
INSERT INTO ezcontentobject_name VALUES (56, 'Blog', 58, 'eng-GB', 'eng-GB');
INSERT INTO ezcontentobject_name VALUES (56, 'Blog', 59, 'eng-GB', 'eng-GB');
INSERT INTO ezcontentobject_name VALUES (56, 'Blog', 60, 'eng-GB', 'eng-GB');
INSERT INTO ezcontentobject_name VALUES (248, 'ete', 1, 'eng-GB', 'eng-GB');
INSERT INTO ezcontentobject_name VALUES (56, 'Blog test', 63, 'eng-GB', 'eng-GB');
INSERT INTO ezcontentobject_name VALUES (161, 'About me', 3, 'eng-GB', 'eng-GB');
INSERT INTO ezcontentobject_name VALUES (56, 'Blog', 61, 'eng-GB', 'eng-GB');
INSERT INTO ezcontentobject_name VALUES (56, 'Blog', 62, 'eng-GB', 'eng-GB');
INSERT INTO ezcontentobject_name VALUES (56, 'Blog test', 64, 'eng-GB', 'eng-GB');
INSERT INTO ezcontentobject_name VALUES (56, 'Blog test', 65, 'eng-GB', 'eng-GB');
INSERT INTO ezcontentobject_name VALUES (56, 'Blog', 66, 'eng-GB', 'eng-GB');
INSERT INTO ezcontentobject_name VALUES (56, 'Blog', 67, 'eng-GB', 'eng-GB');
INSERT INTO ezcontentobject_name VALUES (56, 'Blog', 68, 'eng-GB', 'eng-GB');
INSERT INTO ezcontentobject_name VALUES (214, 'Today I got my new car!', 2, 'eng-GB', 'eng-GB');
INSERT INTO ezcontentobject_name VALUES (252, 'I overslept again', 1, 'eng-GB', 'eng-GB');
INSERT INTO ezcontentobject_name VALUES (253, 'Tonight I was at the movies', 1, 'eng-GB', 'eng-GB');
INSERT INTO ezcontentobject_name VALUES (254, 'Finally I got it', 1, 'eng-GB', 'eng-GB');
INSERT INTO ezcontentobject_name VALUES (231, 'Downloads', 2, 'eng-GB', 'eng-GB');
INSERT INTO ezcontentobject_name VALUES (255, 'eZ systems', 1, 'eng-GB', 'eng-GB');
INSERT INTO ezcontentobject_name VALUES (256, 'eZ publish at Freshmeat', 1, 'eng-GB', 'eng-GB');
INSERT INTO ezcontentobject_name VALUES (257, 'Movies', 1, 'eng-GB', 'eng-GB');
INSERT INTO ezcontentobject_name VALUES (258, 'The Matrix', 1, 'eng-GB', 'eng-GB');
INSERT INTO ezcontentobject_name VALUES (259, 'Lord of the Rings', 1, 'eng-GB', 'eng-GB');
INSERT INTO ezcontentobject_name VALUES (260, 'Sports', 1, 'eng-GB', 'eng-GB');
INSERT INTO ezcontentobject_name VALUES (261, 'Liverpool FC', 1, 'eng-GB', 'eng-GB');
INSERT INTO ezcontentobject_name VALUES (241, 'Which one is the best of matrix movies?', 2, 'eng-GB', 'eng-GB');
INSERT INTO ezcontentobject_name VALUES (262, 'Which do you like the best: Matrix or Lord of the Rings?', 1, 'eng-GB', 'eng-GB');
INSERT INTO ezcontentobject_name VALUES (263, 'Party!', 1, 'eng-GB', 'eng-GB');
INSERT INTO ezcontentobject_name VALUES (264, 'Fun', 1, 'eng-GB', 'eng-GB');
INSERT INTO ezcontentobject_name VALUES (265, 'Pondus', 1, 'eng-GB', 'eng-GB');
INSERT INTO ezcontentobject_name VALUES (266, 'Tim', 1, 'eng-GB', 'eng-GB');
INSERT INTO ezcontentobject_name VALUES (267, 'Helene', 1, 'eng-GB', 'eng-GB');
INSERT INTO ezcontentobject_name VALUES (56, 'Blog', 69, 'eng-GB', 'eng-GB');
INSERT INTO ezcontentobject_name VALUES (56, 'Blog', 70, 'eng-GB', 'eng-GB');
INSERT INTO ezcontentobject_name VALUES (268, 'Anonymous Users', 1, 'eng-GB', 'eng-GB');
INSERT INTO ezcontentobject_name VALUES (10, 'Anonymous User', 2, 'eng-GB', 'eng-GB');







INSERT INTO ezcontentobject_tree VALUES (1, 1, 0, 1, 1, 0, '/1/', 1, 1, 0, NULL, 1);
INSERT INTO ezcontentobject_tree VALUES (2, 1, 1, 6, 1, 1, '/1/2/', 9, 1, 0, '', 2);
INSERT INTO ezcontentobject_tree VALUES (127, 2, 161, 3, 1, 2, '/1/2/127/', 9, 1, 0, 'about_me', 127);
INSERT INTO ezcontentobject_tree VALUES (161, 2, 228, 4, 1, 2, '/1/2/161/', 9, 1, 0, 'links', 161);
INSERT INTO ezcontentobject_tree VALUES (164, 161, 231, 2, 1, 3, '/1/2/161/164/', 9, 1, 0, 'links/downloads', 164);
INSERT INTO ezcontentobject_tree VALUES (186, 164, 255, 1, 1, 4, '/1/2/161/164/186/', 9, 1, 0, 'links/downloads/ez_systems', 186);
INSERT INTO ezcontentobject_tree VALUES (187, 164, 256, 1, 1, 4, '/1/2/161/164/187/', 9, 1, 0, 'links/downloads/ez_publish_at_freshmeat', 187);
INSERT INTO ezcontentobject_tree VALUES (188, 161, 257, 1, 1, 3, '/1/2/161/188/', 9, 1, 0, 'links/movies', 188);
INSERT INTO ezcontentobject_tree VALUES (189, 188, 258, 1, 1, 4, '/1/2/161/188/189/', 9, 1, 0, 'links/movies/the_matrix', 189);
INSERT INTO ezcontentobject_tree VALUES (190, 188, 259, 1, 1, 4, '/1/2/161/188/190/', 9, 1, 0, 'links/movies/lord_of_the_rings', 190);
INSERT INTO ezcontentobject_tree VALUES (191, 161, 260, 1, 1, 3, '/1/2/161/191/', 9, 1, 0, 'links/sports', 191);
INSERT INTO ezcontentobject_tree VALUES (192, 191, 261, 1, 1, 4, '/1/2/161/191/192/', 9, 1, 0, 'links/sports/liverpool_fc', 192);
INSERT INTO ezcontentobject_tree VALUES (195, 161, 264, 1, 1, 3, '/1/2/161/195/', 9, 1, 0, 'links/fun', 195);
INSERT INTO ezcontentobject_tree VALUES (196, 195, 265, 1, 1, 4, '/1/2/161/195/196/', 9, 1, 0, 'links/fun/pondus', 196);
INSERT INTO ezcontentobject_tree VALUES (173, 2, 240, 3, 1, 2, '/1/2/173/', 8, 1, 0, 'polls', 173);
INSERT INTO ezcontentobject_tree VALUES (174, 173, 241, 1, 1, 3, '/1/2/173/174/', 9, 1, 1, 'polls/which_one_is_the_best_of_matrix_movies', 174);
INSERT INTO ezcontentobject_tree VALUES (193, 173, 262, 1, 1, 3, '/1/2/173/193/', 9, 1, 0, 'polls/which_do_you_like_the_best_matrix_or_lord_of_the_rings', 193);
INSERT INTO ezcontentobject_tree VALUES (50, 2, 49, 5, 1, 2, '/1/2/50/', 9, 1, 0, 'blogs', 50);
INSERT INTO ezcontentobject_tree VALUES (153, 50, 212, 2, 1, 3, '/1/2/50/153/', 9, 1, 0, 'blogs/personal', 153);
INSERT INTO ezcontentobject_tree VALUES (155, 153, 214, 2, 1, 4, '/1/2/50/153/155/', 9, 1, 0, 'blogs/personal/today_i_got_my_new_car', 155);
INSERT INTO ezcontentobject_tree VALUES (183, 153, 252, 1, 1, 4, '/1/2/50/153/183/', 9, 1, 0, 'blogs/personal/i_overslept_again', 183);
INSERT INTO ezcontentobject_tree VALUES (194, 153, 263, 1, 1, 4, '/1/2/50/153/194/', 9, 1, 0, 'blogs/personal/party', 194);
INSERT INTO ezcontentobject_tree VALUES (198, 194, 267, 1, 1, 5, '/1/2/50/153/194/198/', 1, 1, 0, 'blogs/personal/party/helene', 198);
INSERT INTO ezcontentobject_tree VALUES (154, 50, 213, 2, 1, 3, '/1/2/50/154/', 9, 1, 0, 'blogs/computers', 154);
INSERT INTO ezcontentobject_tree VALUES (185, 154, 254, 1, 1, 4, '/1/2/50/154/185/', 9, 1, 0, 'blogs/computers/finally_i_got_it', 185);
INSERT INTO ezcontentobject_tree VALUES (197, 185, 266, 1, 1, 5, '/1/2/50/154/185/197/', 1, 1, 0, 'blogs/computers/finally_i_got_it/tim', 197);
INSERT INTO ezcontentobject_tree VALUES (176, 50, 243, 1, 1, 3, '/1/2/50/176/', 9, 1, 0, 'blogs/entertainment', 176);
INSERT INTO ezcontentobject_tree VALUES (184, 176, 253, 1, 1, 4, '/1/2/50/176/184/', 9, 1, 0, 'blogs/entertainment/tonight_i_was_at_the_movies', 184);
INSERT INTO ezcontentobject_tree VALUES (5, 1, 4, 1, 0, 1, '/1/5/', 1, 1, 0, 'users', 5);
INSERT INTO ezcontentobject_tree VALUES (12, 5, 11, 1, 1, 2, '/1/5/12/', 1, 1, 0, 'users/guest_accounts', 12);
INSERT INTO ezcontentobject_tree VALUES (13, 5, 12, 1, 1, 2, '/1/5/13/', 1, 1, 0, 'users/administrator_users', 13);
INSERT INTO ezcontentobject_tree VALUES (15, 13, 14, 5, 1, 3, '/1/5/13/15/', 9, 1, 0, 'users/administrator_users/administrator_user', 15);
INSERT INTO ezcontentobject_tree VALUES (14, 5, 13, 1, 1, 2, '/1/5/14/', 1, 1, 0, 'users/editors', 14);
INSERT INTO ezcontentobject_tree VALUES (199, 5, 268, 1, 1, 2, '/1/5/199/', 9, 1, 0, 'users/anonymous_users', 199);
INSERT INTO ezcontentobject_tree VALUES (11, 199, 10, 2, 1, 3, '/1/5/199/11/', 9, 1, 0, 'users/anonymous_users/anonymous_user', 11);
INSERT INTO ezcontentobject_tree VALUES (43, 1, 41, 1, 1, 1, '/1/43/', 9, 1, 0, 'media', 43);
INSERT INTO ezcontentobject_tree VALUES (44, 1, 42, 1, 1, 1, '/1/44/', 9, 1, 0, 'setup', 44);
INSERT INTO ezcontentobject_tree VALUES (46, 44, 44, 1, 1, 2, '/1/44/46/', 9, 1, 0, 'setup/setup_links', 46);
INSERT INTO ezcontentobject_tree VALUES (45, 46, 43, 9, 1, 3, '/1/44/46/45/', 9, 1, 0, 'setup/setup_links/classes', 45);
INSERT INTO ezcontentobject_tree VALUES (47, 46, 45, 10, 1, 3, '/1/44/46/47/', 9, 1, 0, 'setup/setup_links/look_and_feel', 47);
INSERT INTO ezcontentobject_tree VALUES (95, 46, 115, 4, 1, 3, '/1/44/46/95/', 9, 1, 0, 'setup/setup_links/cache', 95);
INSERT INTO ezcontentobject_tree VALUES (96, 46, 116, 3, 1, 3, '/1/44/46/96/', 9, 1, 0, 'setup/setup_links/url_translator', 96);
INSERT INTO ezcontentobject_tree VALUES (48, 44, 46, 2, 1, 2, '/1/44/48/', 9, 1, 0, 'setup/look_and_feel', 48);
INSERT INTO ezcontentobject_tree VALUES (54, 48, 56, 70, 1, 3, '/1/44/48/54/', 9, 1, 0, 'setup/look_and_feel/blog', 54);







INSERT INTO ezcontentobject_version VALUES (804, 1, 14, 6, 1068710443, 1068710484, 1, 1, 0);
INSERT INTO ezcontentobject_version VALUES (4, 4, 14, 1, 0, 0, 1, 1, 0);
INSERT INTO ezcontentobject_version VALUES (439, 11, 14, 1, 1033920737, 1033920746, 1, 0, 0);
INSERT INTO ezcontentobject_version VALUES (440, 12, 14, 1, 1033920760, 1033920775, 1, 0, 0);
INSERT INTO ezcontentobject_version VALUES (441, 13, 14, 1, 1033920786, 1033920794, 1, 0, 0);
INSERT INTO ezcontentobject_version VALUES (831, 235, 14, 1, 1068718746, 1068718760, 1, 0, 0);
INSERT INTO ezcontentobject_version VALUES (472, 41, 14, 1, 1060695450, 1060695457, 1, 0, 0);
INSERT INTO ezcontentobject_version VALUES (473, 42, 14, 1, 1066383039, 1066383068, 1, 0, 0);
INSERT INTO ezcontentobject_version VALUES (475, 44, 14, 1, 1066384403, 1066384457, 1, 0, 0);
INSERT INTO ezcontentobject_version VALUES (478, 43, 14, 4, 1066388115, 1066388183, 3, 0, 0);
INSERT INTO ezcontentobject_version VALUES (479, 43, 14, 5, 1066388613, 1066388707, 3, 0, 0);
INSERT INTO ezcontentobject_version VALUES (482, 46, 14, 2, 1066389882, 1066389902, 1, 0, 0);
INSERT INTO ezcontentobject_version VALUES (896, 260, 14, 1, 1069771033, 1069771040, 1, 0, 0);
INSERT INTO ezcontentobject_version VALUES (631, 45, 14, 7, 1067002652, 1067002675, 3, 0, 0);
INSERT INTO ezcontentobject_version VALUES (895, 259, 14, 1, 1069770938, 1069770983, 1, 0, 0);
INSERT INTO ezcontentobject_version VALUES (832, 236, 14, 1, 1068718999, 1068719250, 1, 0, 0);
INSERT INTO ezcontentobject_version VALUES (833, 237, 14, 1, 1068718996, 1068719051, 1, 0, 0);
INSERT INTO ezcontentobject_version VALUES (683, 45, 14, 9, 1067950316, 1067950326, 3, 0, 0);
INSERT INTO ezcontentobject_version VALUES (682, 43, 14, 8, 1067950294, 1067950307, 3, 0, 0);
INSERT INTO ezcontentobject_version VALUES (885, 214, 14, 2, 1069769855, 1069770036, 1, 0, 0);
INSERT INTO ezcontentobject_version VALUES (881, 56, 14, 65, 1069677489, 1069677521, 3, 0, 0);
INSERT INTO ezcontentobject_version VALUES (880, 56, 14, 64, 1069676476, 1069676517, 3, 0, 0);
INSERT INTO ezcontentobject_version VALUES (894, 258, 14, 1, 1069770876, 1069770910, 1, 0, 0);
INSERT INTO ezcontentobject_version VALUES (619, 45, 14, 6, 1066995597, 1066996371, 3, 0, 0);
INSERT INTO ezcontentobject_version VALUES (877, 56, 14, 61, 1069414825, 1069414843, 3, 0, 0);
INSERT INTO ezcontentobject_version VALUES (842, 244, 14, 1, 1068727900, 1068727917, 1, 0, 0);
INSERT INTO ezcontentobject_version VALUES (845, 43, 14, 9, 1068729346, 1068729356, 1, 0, 0);
INSERT INTO ezcontentobject_version VALUES (809, 215, 14, 1, 1068713628, 1068713677, 1, 0, 0);
INSERT INTO ezcontentobject_version VALUES (906, 56, 14, 70, 1069839457, 1069839484, 1, 0, 0);
INSERT INTO ezcontentobject_version VALUES (878, 56, 14, 62, 1069429714, 1069429727, 3, 0, 0);
INSERT INTO ezcontentobject_version VALUES (632, 45, 14, 8, 1067002781, 1067002791, 3, 0, 0);
INSERT INTO ezcontentobject_version VALUES (835, 239, 14, 1, 1068719292, 1068719374, 1, 0, 0);
INSERT INTO ezcontentobject_version VALUES (834, 238, 14, 1, 1068719106, 1068719128, 1, 0, 0);
INSERT INTO ezcontentobject_version VALUES (609, 43, 14, 6, 1066989725, 1066989762, 3, 0, 0);
INSERT INTO ezcontentobject_version VALUES (611, 43, 14, 7, 1066989980, 1066990055, 3, 0, 0);
INSERT INTO ezcontentobject_version VALUES (614, 45, 14, 4, 1066991894, 1066991945, 3, 0, 0);
INSERT INTO ezcontentobject_version VALUES (616, 45, 14, 5, 1066992186, 1066992656, 3, 0, 0);
INSERT INTO ezcontentobject_version VALUES (848, 245, 14, 1, 1068730464, 1068730475, 1, 0, 0);
INSERT INTO ezcontentobject_version VALUES (844, 115, 14, 4, 1068729296, 1068729308, 1, 0, 0);
INSERT INTO ezcontentobject_version VALUES (813, 219, 14, 1, 1068716892, 1068716920, 1, 0, 0);
INSERT INTO ezcontentobject_version VALUES (893, 257, 14, 1, 1069770837, 1069770849, 1, 0, 0);
INSERT INTO ezcontentobject_version VALUES (892, 256, 14, 1, 1069770742, 1069770809, 1, 0, 0);
INSERT INTO ezcontentobject_version VALUES (891, 255, 14, 1, 1069770648, 1069770690, 1, 0, 0);
INSERT INTO ezcontentobject_version VALUES (840, 242, 14, 1, 1068720892, 1068720915, 1, 0, 0);
INSERT INTO ezcontentobject_version VALUES (841, 243, 14, 1, 1068727844, 1068727871, 1, 0, 0);
INSERT INTO ezcontentobject_version VALUES (890, 231, 14, 2, 1069770628, 1069770638, 1, 0, 0);
INSERT INTO ezcontentobject_version VALUES (839, 241, 14, 1, 1068720708, 1068720802, 1, 0, 0);
INSERT INTO ezcontentobject_version VALUES (837, 227, 14, 2, 1068719654, 1068719695, 1, 0, 0);
INSERT INTO ezcontentobject_version VALUES (742, 176, 149, 1, 1068108624, 1068108805, 0, 0, 0);
INSERT INTO ezcontentobject_version VALUES (743, 177, 149, 1, 1068108805, 1068108834, 0, 0, 0);
INSERT INTO ezcontentobject_version VALUES (744, 178, 149, 1, 1068108834, 1068108898, 0, 0, 0);
INSERT INTO ezcontentobject_version VALUES (745, 179, 149, 1, 1068108898, 1068109016, 0, 0, 0);
INSERT INTO ezcontentobject_version VALUES (746, 180, 149, 1, 1068109016, 1068109220, 0, 0, 0);
INSERT INTO ezcontentobject_version VALUES (747, 181, 149, 1, 1068109220, 1068109255, 0, 0, 0);
INSERT INTO ezcontentobject_version VALUES (748, 182, 149, 1, 1068109255, 1068109498, 0, 0, 0);
INSERT INTO ezcontentobject_version VALUES (749, 183, 149, 1, 1068109498, 1068109663, 0, 0, 0);
INSERT INTO ezcontentobject_version VALUES (750, 184, 149, 1, 1068109663, 1068109781, 0, 0, 0);
INSERT INTO ezcontentobject_version VALUES (751, 185, 149, 1, 1068109781, 1068109829, 0, 0, 0);
INSERT INTO ezcontentobject_version VALUES (752, 186, 149, 1, 1068109829, 1068109829, 0, 0, 0);
INSERT INTO ezcontentobject_version VALUES (889, 161, 14, 3, 1069770402, 1069770484, 1, 0, 0);
INSERT INTO ezcontentobject_version VALUES (888, 254, 14, 1, 1069770267, 1069770356, 1, 0, 0);
INSERT INTO ezcontentobject_version VALUES (758, 191, 149, 1, 1068111317, 1068111376, 0, 0, 0);
INSERT INTO ezcontentobject_version VALUES (759, 192, 149, 1, 1068111376, 1068111870, 0, 0, 0);
INSERT INTO ezcontentobject_version VALUES (760, 193, 149, 1, 1068111870, 1068111917, 0, 0, 0);
INSERT INTO ezcontentobject_version VALUES (761, 194, 149, 1, 1068111917, 1068111917, 0, 0, 0);
INSERT INTO ezcontentobject_version VALUES (825, 229, 14, 1, 1068718643, 1068718672, 1, 0, 0);
INSERT INTO ezcontentobject_version VALUES (830, 234, 14, 1, 1068718886, 1068718957, 1, 0, 0);
INSERT INTO ezcontentobject_version VALUES (829, 233, 14, 1, 1068718686, 1068718705, 1, 0, 0);
INSERT INTO ezcontentobject_version VALUES (769, 200, 149, 1, 1068120480, 1068120496, 0, 0, 0);
INSERT INTO ezcontentobject_version VALUES (770, 201, 149, 1, 1068120737, 1068120756, 0, 0, 0);
INSERT INTO ezcontentobject_version VALUES (824, 228, 14, 1, 1068718602, 1068718628, 3, 0, 0);
INSERT INTO ezcontentobject_version VALUES (887, 253, 14, 1, 1069770176, 1069770254, 1, 0, 0);
INSERT INTO ezcontentobject_version VALUES (819, 213, 14, 2, 1068717682, 1068717696, 1, 0, 0);
INSERT INTO ezcontentobject_version VALUES (818, 212, 14, 2, 1068717602, 1068717667, 1, 0, 0);
INSERT INTO ezcontentobject_version VALUES (828, 232, 14, 1, 1068718770, 1068718860, 1, 0, 0);
INSERT INTO ezcontentobject_version VALUES (886, 252, 14, 1, 1069770048, 1069770140, 1, 0, 0);
INSERT INTO ezcontentobject_version VALUES (879, 56, 14, 63, 1069676374, 1069676432, 3, 0, 0);
INSERT INTO ezcontentobject_version VALUES (823, 227, 14, 1, 1068717981, 1068718128, 3, 0, 0);
INSERT INTO ezcontentobject_version VALUES (822, 226, 14, 1, 1068717922, 1068717934, 1, 0, 0);
INSERT INTO ezcontentobject_version VALUES (827, 231, 14, 1, 1068718724, 1068718745, 3, 0, 0);
INSERT INTO ezcontentobject_version VALUES (826, 230, 14, 1, 1068718683, 1068718712, 1, 0, 0);
INSERT INTO ezcontentobject_version VALUES (792, 1, 14, 4, 1068212220, 1068212328, 3, 1, 0);
INSERT INTO ezcontentobject_version VALUES (793, 1, 14, 5, 1068212545, 1068212663, 3, 1, 0);
INSERT INTO ezcontentobject_version VALUES (794, 14, 14, 4, 1068213048, 1068213064, 3, 0, 0);
INSERT INTO ezcontentobject_version VALUES (796, 14, 14, 5, 1068468183, 1068468218, 1, 0, 0);
INSERT INTO ezcontentobject_version VALUES (814, 220, 14, 1, 1068716938, 1068716967, 1, 0, 0);
INSERT INTO ezcontentobject_version VALUES (847, 116, 14, 3, 1068729385, 1068729395, 1, 0, 0);
INSERT INTO ezcontentobject_version VALUES (852, 247, 14, 1, 1068796274, 1068796296, 1, 0, 0);
INSERT INTO ezcontentobject_version VALUES (850, 246, 14, 1, 1068737185, 1068737197, 1, 0, 0);
INSERT INTO ezcontentobject_version VALUES (846, 45, 14, 10, 1068729368, 1068729376, 1, 0, 0);
INSERT INTO ezcontentobject_version VALUES (872, 248, 10, 1, 1069408745, 1069408767, 1, 0, 0);
INSERT INTO ezcontentobject_version VALUES (856, 49, 14, 4, 1068804018, 1068804028, 3, 0, 0);
INSERT INTO ezcontentobject_version VALUES (857, 228, 14, 4, 1068804664, 1068804675, 1, 0, 0);
INSERT INTO ezcontentobject_version VALUES (858, 49, 14, 5, 1068804682, 1068804689, 1, 0, 0);
INSERT INTO ezcontentobject_version VALUES (861, 240, 14, 3, 1069172829, 1069172878, 1, 0, 0);
INSERT INTO ezcontentobject_version VALUES (897, 261, 14, 1, 1069771057, 1069771089, 1, 0, 0);
INSERT INTO ezcontentobject_version VALUES (899, 262, 14, 1, 1069771197, 1069771243, 1, 0, 0);
INSERT INTO ezcontentobject_version VALUES (900, 263, 14, 1, 1069771432, 1069771496, 1, 0, 0);
INSERT INTO ezcontentobject_version VALUES (901, 264, 14, 1, 1069773530, 1069773539, 1, 0, 0);
INSERT INTO ezcontentobject_version VALUES (902, 265, 14, 1, 1069773548, 1069773629, 1, 0, 0);
INSERT INTO ezcontentobject_version VALUES (903, 266, 10, 1, 1069773747, 1069773783, 1, 0, 0);
INSERT INTO ezcontentobject_version VALUES (904, 267, 10, 1, 1069773805, 1069773826, 1, 0, 0);
INSERT INTO ezcontentobject_version VALUES (907, 268, 14, 1, 1072186467, 1072186481, 1, 0, 0);
INSERT INTO ezcontentobject_version VALUES (908, 10, 14, 2, 1072186489, 1072186517, 1, 0, 0);
























































INSERT INTO ezimage VALUES (103, 4, 'phpWJgae7.png', 'kaddressbook.png', 'image/png', '');
INSERT INTO ezimage VALUES (103, 5, 'php7ZhvcB.png', 'chardevice.png', 'image/png', '');
INSERT INTO ezimage VALUES (109, 1, 'phpvzmRGW.png', 'folder_txt.png', 'image/png', '');
INSERT INTO ezimage VALUES (120, 11, 'phpG6qloJ.gif', 'ezpublish_logo_blue.gif', 'image/gif', '');
INSERT INTO ezimage VALUES (152, 15, 'phpZWf2sh.gif', 'phpCfM6Z4_600x600_68578.gif', 'image/gif', '');
INSERT INTO ezimage VALUES (120, 13, 'phpG6qloJ.gif', 'ezpublish_logo_blue.gif', 'image/gif', '');
INSERT INTO ezimage VALUES (152, 12, 'phpZWf2sh.gif', 'phpCfM6Z4_600x600_68578.gif', 'image/gif', '');
INSERT INTO ezimage VALUES (152, 13, 'phpZWf2sh.gif', 'phpCfM6Z4_600x600_68578.gif', 'image/gif', '');
INSERT INTO ezimage VALUES (152, 11, 'phpZWf2sh.gif', 'phpCfM6Z4_600x600_68578.gif', 'image/gif', '');
INSERT INTO ezimage VALUES (152, 16, 'phpZWf2sh.gif', 'phpCfM6Z4_600x600_68578.gif', 'image/gif', '');
INSERT INTO ezimage VALUES (152, 7, 'phpZWf2sh.gif', 'phpCfM6Z4_600x600_68578.gif', 'image/gif', '');
INSERT INTO ezimage VALUES (152, 18, 'phpZWf2sh.gif', 'phpCfM6Z4_600x600_68578.gif', 'image/gif', '');
INSERT INTO ezimage VALUES (152, 9, 'phpZWf2sh.gif', 'phpCfM6Z4_600x600_68578.gif', 'image/gif', '');
INSERT INTO ezimage VALUES (152, 10, 'phpZWf2sh.gif', 'phpCfM6Z4_600x600_68578.gif', 'image/gif', '');
INSERT INTO ezimage VALUES (152, 14, 'phpZWf2sh.gif', 'phpCfM6Z4_600x600_68578.gif', 'image/gif', '');
INSERT INTO ezimage VALUES (152, 17, 'phpZWf2sh.gif', 'phpCfM6Z4_600x600_68578.gif', 'image/gif', '');
INSERT INTO ezimage VALUES (268, 1, 'php8lV61b.png', 'phphWMyJs.png', 'image/png', '');
INSERT INTO ezimage VALUES (268, 2, 'php8lV61b.png', 'phphWMyJs.png', 'image/png', '');
INSERT INTO ezimage VALUES (287, 1, 'phpjqUhJn.jpg', '017_8_1small.jpg', 'image/jpeg', '');
INSERT INTO ezimage VALUES (292, 2, 'phpCKfj8I.png', 'phpCG9Rrg_600x600_97870.png', 'image/png', '');
INSERT INTO ezimage VALUES (293, 2, 'php2e1GsG.png', 'bj.png', 'image/png', '');
INSERT INTO ezimage VALUES (293, 3, 'php2e1GsG.png', 'bj.png', 'image/png', '');
INSERT INTO ezimage VALUES (103, 6, 'phpXz5esv.jpg', 'TN_a5.JPG', 'image/jpeg', '');
INSERT INTO ezimage VALUES (109, 2, 'phppIJtoa.jpg', 'maidinmanhattantop.jpg', 'image/jpeg', '');
INSERT INTO ezimage VALUES (103, 7, 'phpG0YSsD.png', 'gnome-settings.png', 'image/png', '');
INSERT INTO ezimage VALUES (109, 3, 'phpAhcEu9.png', 'gnome-favorites.png', 'image/png', '');
INSERT INTO ezimage VALUES (324, 1, 'php4sHmOe.png', 'gnome-ccperiph.png', 'image/png', '');
INSERT INTO ezimage VALUES (109, 4, 'phpbVfzkm.png', 'gnome-devel.png', 'image/png', '');
INSERT INTO ezimage VALUES (328, 1, 'php7a7vQE.png', 'gnome-globe.png', 'image/png', '');
INSERT INTO ezimage VALUES (109, 5, 'phpvs7kFg.png', 'gnome-color-browser.png', 'image/png', '');
INSERT INTO ezimage VALUES (400, 2, 'phprwazbD.jpg', 'vbanner.jpg', 'image/jpeg', '');







INSERT INTO ezimagevariation VALUES (103, 4, 'phpWJgae7_100x100_103.png', 'p/h/p', 100, 100, 48, 48);
INSERT INTO ezimagevariation VALUES (103, 4, 'phpWJgae7_600x600_103.png', 'p/h/p', 600, 600, 48, 48);
INSERT INTO ezimagevariation VALUES (103, 5, 'php7ZhvcB_100x100_103.png', 'p/h/p', 100, 100, 48, 48);
INSERT INTO ezimagevariation VALUES (109, 1, 'phpvzmRGW_100x100_109.png', 'p/h/p', 100, 100, 48, 48);
INSERT INTO ezimagevariation VALUES (103, 5, 'php7ZhvcB_600x600_103.png', 'p/h/p', 600, 600, 48, 48);
INSERT INTO ezimagevariation VALUES (109, 1, 'phpvzmRGW_600x600_109.png', 'p/h/p', 600, 600, 48, 48);
INSERT INTO ezimagevariation VALUES (293, 2, 'php2e1GsG_600x600_293.png', 'p/h/p', 600, 600, 186, 93);
INSERT INTO ezimagevariation VALUES (120, 11, 'phpG6qloJ_100x100_120.gif.png', 'p/h/p', 100, 100, 100, 16);
INSERT INTO ezimagevariation VALUES (292, 2, 'phpCKfj8I_600x600_292.png', 'p/h/p', 600, 600, 186, 93);
INSERT INTO ezimagevariation VALUES (152, 13, 'phpZWf2sh_100x100_152.gif.png', 'p/h/p', 100, 100, 100, 35);
INSERT INTO ezimagevariation VALUES (293, 2, 'php2e1GsG_100x100_293.png', 'p/h/p', 100, 100, 100, 50);
INSERT INTO ezimagevariation VALUES (120, 11, 'phpG6qloJ_600x600_120.gif.png', 'p/h/p', 600, 600, 129, 21);
INSERT INTO ezimagevariation VALUES (152, 12, 'phpZWf2sh_100x100_152.gif.png', 'p/h/p', 100, 100, 100, 35);
INSERT INTO ezimagevariation VALUES (152, 11, 'phpZWf2sh_100x100_152.gif.png', 'p/h/p', 100, 100, 100, 35);
INSERT INTO ezimagevariation VALUES (292, 2, 'phpCKfj8I_100x100_292.png', 'p/h/p', 100, 100, 100, 50);
INSERT INTO ezimagevariation VALUES (287, 1, 'phpjqUhJn_100x100_287.jpg', 'p/h/p', 100, 100, 73, 100);
INSERT INTO ezimagevariation VALUES (268, 2, 'php8lV61b_100x100_268.png', 'p/h/p', 100, 100, 100, 93);
INSERT INTO ezimagevariation VALUES (268, 1, 'php8lV61b_150x150_268.png', 'p/h/p', 150, 150, 144, 134);
INSERT INTO ezimagevariation VALUES (152, 16, 'phpZWf2sh_100x100_152.gif.png', 'p/h/p', 100, 100, 100, 35);
INSERT INTO ezimagevariation VALUES (152, 7, 'phpZWf2sh_100x100_152.gif.png', 'p/h/p', 100, 100, 100, 35);
INSERT INTO ezimagevariation VALUES (268, 1, 'php8lV61b_100x100_268.png', 'p/h/p', 100, 100, 100, 93);
INSERT INTO ezimagevariation VALUES (152, 9, 'phpZWf2sh_100x100_152.gif.png', 'p/h/p', 100, 100, 100, 35);
INSERT INTO ezimagevariation VALUES (152, 10, 'phpZWf2sh_100x100_152.gif.png', 'p/h/p', 100, 100, 100, 35);
INSERT INTO ezimagevariation VALUES (293, 2, 'php2e1GsG_150x150_293.png', 'p/h/p', 150, 150, 150, 75);
INSERT INTO ezimagevariation VALUES (292, 2, 'phpCKfj8I_150x150_292.png', 'p/h/p', 150, 150, 150, 75);
INSERT INTO ezimagevariation VALUES (293, 3, 'php2e1GsG_100x100_293.png', 'p/h/p', 100, 100, 100, 50);
INSERT INTO ezimagevariation VALUES (103, 6, 'phpXz5esv_600x600_103.jpg', 'p/h/p', 600, 600, 377, 600);
INSERT INTO ezimagevariation VALUES (109, 2, 'phppIJtoa_600x600_109.jpg', 'p/h/p', 600, 600, 116, 61);
INSERT INTO ezimagevariation VALUES (103, 7, 'phpG0YSsD_600x600_103.png', 'p/h/p', 600, 600, 48, 48);
INSERT INTO ezimagevariation VALUES (109, 3, 'phpAhcEu9_600x600_109.png', 'p/h/p', 600, 600, 48, 52);
INSERT INTO ezimagevariation VALUES (324, 1, 'php4sHmOe_600x600_324.png', 'p/h/p', 600, 600, 48, 48);
INSERT INTO ezimagevariation VALUES (109, 4, 'phpbVfzkm_600x600_109.png', 'p/h/p', 600, 600, 48, 48);
INSERT INTO ezimagevariation VALUES (328, 1, 'php7a7vQE_600x600_328.png', 'p/h/p', 600, 600, 48, 48);
INSERT INTO ezimagevariation VALUES (109, 5, 'phpvs7kFg_600x600_109.png', 'p/h/p', 600, 600, 48, 48);
INSERT INTO ezimagevariation VALUES (268, 2, 'php8lV61b_150x150_268.png', 'p/h/p', 150, 150, 144, 134);
INSERT INTO ezimagevariation VALUES (103, 7, 'phpG0YSsD_150x150_103.png', 'p/h/p', 150, 150, 48, 48);
INSERT INTO ezimagevariation VALUES (109, 5, 'phpvs7kFg_150x150_109.png', 'p/h/p', 150, 150, 48, 48);
INSERT INTO ezimagevariation VALUES (324, 1, 'php4sHmOe_150x150_324.png', 'p/h/p', 150, 150, 48, 48);
INSERT INTO ezimagevariation VALUES (328, 1, 'php7a7vQE_150x150_328.png', 'p/h/p', 150, 150, 48, 48);
INSERT INTO ezimagevariation VALUES (400, 2, 'phprwazbD_100x100_400.jpg', 'p/h/p', 100, 100, 100, 33);
INSERT INTO ezimagevariation VALUES (400, 2, 'phprwazbD_600x600_400.jpg', 'p/h/p', 600, 600, 450, 150);
























































INSERT INTO eznode_assignment VALUES (510, 1, 6, 1, 9, 1, 1, 0, 0);
INSERT INTO eznode_assignment VALUES (4, 8, 2, 5, 1, 1, 1, 0, 0);
INSERT INTO eznode_assignment VALUES (144, 4, 1, 1, 1, 1, 1, 0, 0);
INSERT INTO eznode_assignment VALUES (522, 227, 1, 2, 9, 1, 1, 0, 0);
INSERT INTO eznode_assignment VALUES (593, 257, 1, 161, 9, 1, 1, 0, 0);
INSERT INTO eznode_assignment VALUES (148, 9, 1, 2, 1, 1, 1, 0, 0);
INSERT INTO eznode_assignment VALUES (150, 11, 1, 5, 1, 1, 1, 0, 0);
INSERT INTO eznode_assignment VALUES (151, 12, 1, 5, 1, 1, 1, 0, 0);
INSERT INTO eznode_assignment VALUES (152, 13, 1, 5, 1, 1, 1, 0, 0);
INSERT INTO eznode_assignment VALUES (603, 266, 1, 185, 1, 1, 1, 0, 0);
INSERT INTO eznode_assignment VALUES (182, 41, 1, 1, 9, 1, 1, 0, 0);
INSERT INTO eznode_assignment VALUES (183, 42, 1, 1, 9, 1, 1, 0, 0);
INSERT INTO eznode_assignment VALUES (185, 44, 1, 44, 9, 1, 1, 0, 0);
INSERT INTO eznode_assignment VALUES (189, 43, 4, 46, 9, 1, 1, 0, 0);
INSERT INTO eznode_assignment VALUES (190, 43, 5, 46, 9, 1, 1, 0, 0);
INSERT INTO eznode_assignment VALUES (193, 46, 2, 44, 9, 1, 1, 0, 0);
INSERT INTO eznode_assignment VALUES (334, 45, 7, 46, 9, 1, 1, 0, 0);
INSERT INTO eznode_assignment VALUES (581, 56, 65, 48, 9, 1, 1, 0, 0);
INSERT INTO eznode_assignment VALUES (541, 243, 1, 50, 9, 1, 1, 0, 0);
INSERT INTO eznode_assignment VALUES (586, 252, 1, 153, 9, 1, 1, 0, 0);
INSERT INTO eznode_assignment VALUES (386, 45, 9, 46, 9, 1, 1, 0, 0);
INSERT INTO eznode_assignment VALUES (385, 43, 8, 46, 9, 1, 1, 0, 0);
INSERT INTO eznode_assignment VALUES (580, 56, 64, 48, 9, 1, 1, 0, 0);
INSERT INTO eznode_assignment VALUES (321, 45, 6, 46, 9, 1, 1, 0, 0);
INSERT INTO eznode_assignment VALUES (577, 56, 61, 48, 9, 1, 1, 0, 0);
INSERT INTO eznode_assignment VALUES (556, 49, 4, 2, 9, 1, 1, 0, 0);
INSERT INTO eznode_assignment VALUES (544, 115, 4, 46, 9, 1, 1, 0, 0);
INSERT INTO eznode_assignment VALUES (589, 161, 3, 2, 9, 1, 1, 0, 0);
INSERT INTO eznode_assignment VALUES (606, 56, 70, 48, 9, 1, 1, 0, 0);
INSERT INTO eznode_assignment VALUES (545, 43, 9, 46, 9, 1, 1, 0, 0);
INSERT INTO eznode_assignment VALUES (335, 45, 8, 46, 9, 1, 1, 0, 0);
INSERT INTO eznode_assignment VALUES (578, 56, 62, 48, 9, 1, 1, 0, 0);
INSERT INTO eznode_assignment VALUES (546, 45, 10, 46, 9, 1, 1, 0, 0);
INSERT INTO eznode_assignment VALUES (588, 254, 1, 154, 9, 1, 1, 0, 0);
INSERT INTO eznode_assignment VALUES (311, 43, 6, 46, 9, 1, 1, 0, 0);
INSERT INTO eznode_assignment VALUES (313, 43, 7, 46, 9, 1, 1, 0, 0);
INSERT INTO eznode_assignment VALUES (316, 45, 4, 46, 9, 1, 1, 0, 0);
INSERT INTO eznode_assignment VALUES (318, 45, 5, 46, 9, 1, 1, 0, 0);
INSERT INTO eznode_assignment VALUES (561, 240, 3, 2, 8, 1, 1, 0, 0);
INSERT INTO eznode_assignment VALUES (519, 212, 2, 50, 9, 1, 1, 0, 0);
INSERT INTO eznode_assignment VALUES (579, 56, 63, 48, 9, 1, 1, 0, 0);
INSERT INTO eznode_assignment VALUES (600, 263, 1, 153, 9, 1, 1, 0, 0);
INSERT INTO eznode_assignment VALUES (587, 253, 1, 176, 9, 1, 1, 0, 0);
INSERT INTO eznode_assignment VALUES (547, 116, 3, 46, 9, 1, 1, 0, 0);
INSERT INTO eznode_assignment VALUES (446, 176, 1, 2, 1, 1, 0, 0, 0);
INSERT INTO eznode_assignment VALUES (447, 177, 1, 2, 1, 1, 0, 0, 0);
INSERT INTO eznode_assignment VALUES (448, 178, 1, 2, 1, 1, 0, 0, 0);
INSERT INTO eznode_assignment VALUES (449, 179, 1, 2, 1, 1, 0, 0, 0);
INSERT INTO eznode_assignment VALUES (450, 180, 1, 2, 1, 1, 0, 0, 0);
INSERT INTO eznode_assignment VALUES (451, 181, 1, 2, 1, 1, 0, 0, 0);
INSERT INTO eznode_assignment VALUES (452, 182, 1, 2, 1, 1, 0, 0, 0);
INSERT INTO eznode_assignment VALUES (453, 183, 1, 2, 1, 1, 0, 0, 0);
INSERT INTO eznode_assignment VALUES (454, 184, 1, 2, 1, 1, 0, 0, 0);
INSERT INTO eznode_assignment VALUES (455, 185, 1, 2, 1, 1, 0, 0, 0);
INSERT INTO eznode_assignment VALUES (456, 186, 1, 2, 1, 1, 1, 0, 0);
INSERT INTO eznode_assignment VALUES (462, 191, 1, 115, 1, 1, 0, 0, 0);
INSERT INTO eznode_assignment VALUES (463, 192, 1, 2, 1, 1, 0, 0, 0);
INSERT INTO eznode_assignment VALUES (464, 193, 1, 2, 1, 1, 0, 0, 0);
INSERT INTO eznode_assignment VALUES (465, 194, 1, 2, 1, 1, 1, 0, 0);
INSERT INTO eznode_assignment VALUES (601, 264, 1, 161, 9, 1, 1, 0, 0);
INSERT INTO eznode_assignment VALUES (539, 241, 1, 173, 9, 1, 1, 0, 0);
INSERT INTO eznode_assignment VALUES (595, 259, 1, 188, 9, 1, 1, 0, 0);
INSERT INTO eznode_assignment VALUES (473, 200, 1, 114, 1, 1, 1, 0, 0);
INSERT INTO eznode_assignment VALUES (474, 201, 1, 135, 1, 1, 1, 0, 0);
INSERT INTO eznode_assignment VALUES (602, 265, 1, 195, 9, 1, 1, 0, 0);
INSERT INTO eznode_assignment VALUES (591, 255, 1, 164, 9, 1, 1, 0, 0);
INSERT INTO eznode_assignment VALUES (597, 261, 1, 191, 9, 1, 1, 0, 0);
INSERT INTO eznode_assignment VALUES (590, 231, 2, 161, 9, 1, 1, 0, 0);
INSERT INTO eznode_assignment VALUES (526, 231, 1, 161, 9, 1, 1, 0, 0);
INSERT INTO eznode_assignment VALUES (592, 256, 1, 164, 9, 1, 1, 0, 0);
INSERT INTO eznode_assignment VALUES (594, 258, 1, 188, 9, 1, 1, 0, 0);
INSERT INTO eznode_assignment VALUES (596, 260, 1, 161, 9, 1, 1, 0, 0);
INSERT INTO eznode_assignment VALUES (604, 267, 1, 194, 1, 1, 1, 0, 0);
INSERT INTO eznode_assignment VALUES (496, 1, 4, 1, 9, 1, 1, 0, 0);
INSERT INTO eznode_assignment VALUES (497, 1, 5, 1, 9, 1, 1, 0, 0);
INSERT INTO eznode_assignment VALUES (498, 14, 4, 13, 9, 1, 1, 0, 0);
INSERT INTO eznode_assignment VALUES (523, 228, 1, 2, 9, 1, 1, 0, 0);
INSERT INTO eznode_assignment VALUES (500, 14, 5, 13, 9, 1, 1, 0, 0);
INSERT INTO eznode_assignment VALUES (520, 213, 2, 50, 9, 1, 1, 0, 0);
INSERT INTO eznode_assignment VALUES (558, 49, 5, 2, 9, 1, 1, 0, 0);
INSERT INTO eznode_assignment VALUES (585, 214, 2, 153, 9, 1, 1, 0, 0);
INSERT INTO eznode_assignment VALUES (557, 228, 4, 2, 9, 1, 1, 0, 0);
INSERT INTO eznode_assignment VALUES (599, 262, 1, 173, 9, 1, 1, 0, 0);
INSERT INTO eznode_assignment VALUES (607, 268, 1, 5, 9, 1, 1, 0, 0);
INSERT INTO eznode_assignment VALUES (609, 10, 2, 199, 9, 1, 1, 5, 0);

















































INSERT INTO ezpolicy VALUES (308, 2, '*', '*', '*');
INSERT INTO ezpolicy VALUES (341, 8, 'read', 'content', '*');
INSERT INTO ezpolicy VALUES (388, 1, 'read', 'content', ' ');
INSERT INTO ezpolicy VALUES (387, 1, 'login', 'user', '*');
INSERT INTO ezpolicy VALUES (389, 1, 'create', 'content', ' ');
INSERT INTO ezpolicy VALUES (390, 1, 'edit', 'content', ' ');
INSERT INTO ezpolicy VALUES (391, 1, 'versionread', 'content', ' ');







INSERT INTO ezpolicy_limitation VALUES (306, 388, 'Class', 0, 'read', 'content');
INSERT INTO ezpolicy_limitation VALUES (307, 389, 'Class', 0, 'create', 'content');
INSERT INTO ezpolicy_limitation VALUES (308, 390, 'Class', 0, 'edit', 'content');
INSERT INTO ezpolicy_limitation VALUES (309, 391, 'Class', 0, 'versionread', 'content');
INSERT INTO ezpolicy_limitation VALUES (310, 391, 'Owner', 0, 'versionread', 'content');







INSERT INTO ezpolicy_limitation_value VALUES (633, 306, '5');
INSERT INTO ezpolicy_limitation_value VALUES (632, 306, '26');
INSERT INTO ezpolicy_limitation_value VALUES (631, 306, '25');
INSERT INTO ezpolicy_limitation_value VALUES (630, 306, '24');
INSERT INTO ezpolicy_limitation_value VALUES (629, 306, '23');
INSERT INTO ezpolicy_limitation_value VALUES (628, 306, '2');
INSERT INTO ezpolicy_limitation_value VALUES (627, 306, '12');
INSERT INTO ezpolicy_limitation_value VALUES (626, 306, '10');
INSERT INTO ezpolicy_limitation_value VALUES (625, 306, '1');
INSERT INTO ezpolicy_limitation_value VALUES (634, 307, '26');
INSERT INTO ezpolicy_limitation_value VALUES (635, 308, '26');
INSERT INTO ezpolicy_limitation_value VALUES (636, 309, '26');
INSERT INTO ezpolicy_limitation_value VALUES (637, 310, '1');



































INSERT INTO ezrole VALUES (1, 0, 'Anonymous', ' ');
INSERT INTO ezrole VALUES (2, 0, 'Administrator', '*');
INSERT INTO ezrole VALUES (8, 0, 'Guest', NULL);







INSERT INTO ezsearch_object_word_link VALUES (5291, 161, 2166, 0, 0, 0, 2167, 10, 1068047603, 1, 140, '', 0);
INSERT INTO ezsearch_object_word_link VALUES (5292, 161, 2167, 0, 1, 2166, 2166, 10, 1068047603, 1, 140, '', 0);
INSERT INTO ezsearch_object_word_link VALUES (5293, 161, 2166, 0, 2, 2167, 2167, 10, 1068047603, 1, 140, '', 0);
INSERT INTO ezsearch_object_word_link VALUES (5294, 161, 2167, 0, 3, 2166, 2168, 10, 1068047603, 1, 140, '', 0);
INSERT INTO ezsearch_object_word_link VALUES (5295, 161, 2168, 0, 4, 2167, 2169, 10, 1068047603, 1, 141, '', 0);
INSERT INTO ezsearch_object_word_link VALUES (5296, 161, 2169, 0, 5, 2168, 2170, 10, 1068047603, 1, 141, '', 0);
INSERT INTO ezsearch_object_word_link VALUES (5297, 161, 2170, 0, 6, 2169, 2167, 10, 1068047603, 1, 141, '', 0);
INSERT INTO ezsearch_object_word_link VALUES (5298, 161, 2167, 0, 7, 2170, 2171, 10, 1068047603, 1, 141, '', 0);
INSERT INTO ezsearch_object_word_link VALUES (5299, 161, 2171, 0, 8, 2167, 2172, 10, 1068047603, 1, 141, '', 0);
INSERT INTO ezsearch_object_word_link VALUES (5300, 161, 2172, 0, 9, 2171, 2171, 10, 1068047603, 1, 141, '', 0);
INSERT INTO ezsearch_object_word_link VALUES (5301, 161, 2171, 0, 10, 2172, 2173, 10, 1068047603, 1, 141, '', 0);
INSERT INTO ezsearch_object_word_link VALUES (5302, 161, 2173, 0, 11, 2171, 2171, 10, 1068047603, 1, 141, '', 0);
INSERT INTO ezsearch_object_word_link VALUES (5303, 161, 2171, 0, 12, 2173, 2174, 10, 1068047603, 1, 141, '', 0);
INSERT INTO ezsearch_object_word_link VALUES (5304, 161, 2174, 0, 13, 2171, 2175, 10, 1068047603, 1, 141, '', 0);
INSERT INTO ezsearch_object_word_link VALUES (5305, 161, 2175, 0, 14, 2174, 2174, 10, 1068047603, 1, 141, '', 0);
INSERT INTO ezsearch_object_word_link VALUES (5306, 161, 2174, 0, 15, 2175, 2176, 10, 1068047603, 1, 141, '', 0);
INSERT INTO ezsearch_object_word_link VALUES (5307, 161, 2176, 0, 16, 2174, 2177, 10, 1068047603, 1, 141, '', 0);
INSERT INTO ezsearch_object_word_link VALUES (5308, 161, 2177, 0, 17, 2176, 2178, 10, 1068047603, 1, 141, '', 0);
INSERT INTO ezsearch_object_word_link VALUES (5309, 161, 2178, 0, 18, 2177, 2179, 10, 1068047603, 1, 141, '', 0);
INSERT INTO ezsearch_object_word_link VALUES (5310, 161, 2179, 0, 19, 2178, 2180, 10, 1068047603, 1, 141, '', 0);
INSERT INTO ezsearch_object_word_link VALUES (5311, 161, 2180, 0, 20, 2179, 2181, 10, 1068047603, 1, 141, '', 0);
INSERT INTO ezsearch_object_word_link VALUES (5312, 161, 2181, 0, 21, 2180, 2168, 10, 1068047603, 1, 141, '', 0);
INSERT INTO ezsearch_object_word_link VALUES (5313, 161, 2168, 0, 22, 2181, 2169, 10, 1068047603, 1, 141, '', 0);
INSERT INTO ezsearch_object_word_link VALUES (5314, 161, 2169, 0, 23, 2168, 2170, 10, 1068047603, 1, 141, '', 0);
INSERT INTO ezsearch_object_word_link VALUES (5315, 161, 2170, 0, 24, 2169, 2167, 10, 1068047603, 1, 141, '', 0);
INSERT INTO ezsearch_object_word_link VALUES (5316, 161, 2167, 0, 25, 2170, 2171, 10, 1068047603, 1, 141, '', 0);
INSERT INTO ezsearch_object_word_link VALUES (5317, 161, 2171, 0, 26, 2167, 2172, 10, 1068047603, 1, 141, '', 0);
INSERT INTO ezsearch_object_word_link VALUES (5318, 161, 2172, 0, 27, 2171, 2171, 10, 1068047603, 1, 141, '', 0);
INSERT INTO ezsearch_object_word_link VALUES (5319, 161, 2171, 0, 28, 2172, 2173, 10, 1068047603, 1, 141, '', 0);
INSERT INTO ezsearch_object_word_link VALUES (5320, 161, 2173, 0, 29, 2171, 2171, 10, 1068047603, 1, 141, '', 0);
INSERT INTO ezsearch_object_word_link VALUES (5321, 161, 2171, 0, 30, 2173, 2174, 10, 1068047603, 1, 141, '', 0);
INSERT INTO ezsearch_object_word_link VALUES (5322, 161, 2174, 0, 31, 2171, 2175, 10, 1068047603, 1, 141, '', 0);
INSERT INTO ezsearch_object_word_link VALUES (5323, 161, 2175, 0, 32, 2174, 2174, 10, 1068047603, 1, 141, '', 0);
INSERT INTO ezsearch_object_word_link VALUES (5324, 161, 2174, 0, 33, 2175, 2176, 10, 1068047603, 1, 141, '', 0);
INSERT INTO ezsearch_object_word_link VALUES (5325, 161, 2176, 0, 34, 2174, 2177, 10, 1068047603, 1, 141, '', 0);
INSERT INTO ezsearch_object_word_link VALUES (5326, 161, 2177, 0, 35, 2176, 2178, 10, 1068047603, 1, 141, '', 0);
INSERT INTO ezsearch_object_word_link VALUES (5327, 161, 2178, 0, 36, 2177, 2179, 10, 1068047603, 1, 141, '', 0);
INSERT INTO ezsearch_object_word_link VALUES (5328, 161, 2179, 0, 37, 2178, 2180, 10, 1068047603, 1, 141, '', 0);
INSERT INTO ezsearch_object_word_link VALUES (5329, 161, 2180, 0, 38, 2179, 2181, 10, 1068047603, 1, 141, '', 0);
INSERT INTO ezsearch_object_word_link VALUES (5330, 161, 2181, 0, 39, 2180, 0, 10, 1068047603, 1, 141, '', 0);
INSERT INTO ezsearch_object_word_link VALUES (5331, 228, 2182, 0, 0, 0, 2182, 1, 1068718629, 12, 4, '', 0);
INSERT INTO ezsearch_object_word_link VALUES (5332, 228, 2182, 0, 1, 2182, 2183, 1, 1068718629, 12, 4, '', 0);
INSERT INTO ezsearch_object_word_link VALUES (5333, 228, 2183, 0, 2, 2182, 2184, 1, 1068718629, 12, 119, '', 0);
INSERT INTO ezsearch_object_word_link VALUES (5334, 228, 2184, 0, 3, 2183, 2185, 1, 1068718629, 12, 119, '', 0);
INSERT INTO ezsearch_object_word_link VALUES (5335, 228, 2185, 0, 4, 2184, 2186, 1, 1068718629, 12, 119, '', 0);
INSERT INTO ezsearch_object_word_link VALUES (5336, 228, 2186, 0, 5, 2185, 2187, 1, 1068718629, 12, 119, '', 0);
INSERT INTO ezsearch_object_word_link VALUES (5337, 228, 2187, 0, 6, 2186, 2188, 1, 1068718629, 12, 119, '', 0);
INSERT INTO ezsearch_object_word_link VALUES (5338, 228, 2188, 0, 7, 2187, 2189, 1, 1068718629, 12, 119, '', 0);
INSERT INTO ezsearch_object_word_link VALUES (5339, 228, 2189, 0, 8, 2188, 2190, 1, 1068718629, 12, 119, '', 0);
INSERT INTO ezsearch_object_word_link VALUES (5340, 228, 2190, 0, 9, 2189, 2191, 1, 1068718629, 12, 119, '', 0);
INSERT INTO ezsearch_object_word_link VALUES (5341, 228, 2191, 0, 10, 2190, 2183, 1, 1068718629, 12, 119, '', 0);
INSERT INTO ezsearch_object_word_link VALUES (5342, 228, 2183, 0, 11, 2191, 2184, 1, 1068718629, 12, 119, '', 0);
INSERT INTO ezsearch_object_word_link VALUES (5343, 228, 2184, 0, 12, 2183, 2185, 1, 1068718629, 12, 119, '', 0);
INSERT INTO ezsearch_object_word_link VALUES (5344, 228, 2185, 0, 13, 2184, 2186, 1, 1068718629, 12, 119, '', 0);
INSERT INTO ezsearch_object_word_link VALUES (5345, 228, 2186, 0, 14, 2185, 2187, 1, 1068718629, 12, 119, '', 0);
INSERT INTO ezsearch_object_word_link VALUES (5346, 228, 2187, 0, 15, 2186, 2188, 1, 1068718629, 12, 119, '', 0);
INSERT INTO ezsearch_object_word_link VALUES (5347, 228, 2188, 0, 16, 2187, 2189, 1, 1068718629, 12, 119, '', 0);
INSERT INTO ezsearch_object_word_link VALUES (5348, 228, 2189, 0, 17, 2188, 2190, 1, 1068718629, 12, 119, '', 0);
INSERT INTO ezsearch_object_word_link VALUES (5349, 228, 2190, 0, 18, 2189, 2191, 1, 1068718629, 12, 119, '', 0);
INSERT INTO ezsearch_object_word_link VALUES (5350, 228, 2191, 0, 19, 2190, 0, 1, 1068718629, 12, 119, '', 0);
INSERT INTO ezsearch_object_word_link VALUES (5351, 231, 2192, 0, 0, 0, 2192, 1, 1068718746, 12, 4, '', 0);
INSERT INTO ezsearch_object_word_link VALUES (5352, 231, 2192, 0, 1, 2192, 2182, 1, 1068718746, 12, 4, '', 0);
INSERT INTO ezsearch_object_word_link VALUES (5353, 231, 2182, 0, 2, 2192, 2193, 1, 1068718746, 12, 119, '', 0);
INSERT INTO ezsearch_object_word_link VALUES (5354, 231, 2193, 0, 3, 2182, 2187, 1, 1068718746, 12, 119, '', 0);
INSERT INTO ezsearch_object_word_link VALUES (5355, 231, 2187, 0, 4, 2193, 2194, 1, 1068718746, 12, 119, '', 0);
INSERT INTO ezsearch_object_word_link VALUES (5356, 231, 2194, 0, 5, 2187, 2182, 1, 1068718746, 12, 119, '', 0);
INSERT INTO ezsearch_object_word_link VALUES (5357, 231, 2182, 0, 6, 2194, 2193, 1, 1068718746, 12, 119, '', 0);
INSERT INTO ezsearch_object_word_link VALUES (5358, 231, 2193, 0, 7, 2182, 2187, 1, 1068718746, 12, 119, '', 0);
INSERT INTO ezsearch_object_word_link VALUES (5359, 231, 2187, 0, 8, 2193, 2194, 1, 1068718746, 12, 119, '', 0);
INSERT INTO ezsearch_object_word_link VALUES (5360, 231, 2194, 0, 9, 2187, 0, 1, 1068718746, 12, 119, '', 0);
INSERT INTO ezsearch_object_word_link VALUES (5361, 255, 2195, 0, 0, 0, 2196, 24, 1069770691, 12, 204, '', 0);
INSERT INTO ezsearch_object_word_link VALUES (5362, 255, 2196, 0, 1, 2195, 2195, 24, 1069770691, 12, 204, '', 0);
INSERT INTO ezsearch_object_word_link VALUES (5363, 255, 2195, 0, 2, 2196, 2196, 24, 1069770691, 12, 204, '', 0);
INSERT INTO ezsearch_object_word_link VALUES (5364, 255, 2196, 0, 3, 2195, 2197, 24, 1069770691, 12, 204, '', 0);
INSERT INTO ezsearch_object_word_link VALUES (5365, 255, 2197, 0, 4, 2196, 2198, 24, 1069770691, 12, 205, '', 0);
INSERT INTO ezsearch_object_word_link VALUES (5366, 255, 2198, 0, 5, 2197, 2195, 24, 1069770691, 12, 205, '', 0);
INSERT INTO ezsearch_object_word_link VALUES (5367, 255, 2195, 0, 6, 2198, 2199, 24, 1069770691, 12, 205, '', 0);
INSERT INTO ezsearch_object_word_link VALUES (5368, 255, 2199, 0, 7, 2195, 2200, 24, 1069770691, 12, 205, '', 0);
INSERT INTO ezsearch_object_word_link VALUES (5369, 255, 2200, 0, 8, 2199, 2201, 24, 1069770691, 12, 205, '', 0);
INSERT INTO ezsearch_object_word_link VALUES (5370, 255, 2201, 0, 9, 2200, 2202, 24, 1069770691, 12, 205, '', 0);
INSERT INTO ezsearch_object_word_link VALUES (5371, 255, 2202, 0, 10, 2201, 2197, 24, 1069770691, 12, 205, '', 0);
INSERT INTO ezsearch_object_word_link VALUES (5372, 255, 2197, 0, 11, 2202, 2198, 24, 1069770691, 12, 205, '', 0);
INSERT INTO ezsearch_object_word_link VALUES (5373, 255, 2198, 0, 12, 2197, 2195, 24, 1069770691, 12, 205, '', 0);
INSERT INTO ezsearch_object_word_link VALUES (5374, 255, 2195, 0, 13, 2198, 2199, 24, 1069770691, 12, 205, '', 0);
INSERT INTO ezsearch_object_word_link VALUES (5375, 255, 2199, 0, 14, 2195, 2200, 24, 1069770691, 12, 205, '', 0);
INSERT INTO ezsearch_object_word_link VALUES (5376, 255, 2200, 0, 15, 2199, 2201, 24, 1069770691, 12, 205, '', 0);
INSERT INTO ezsearch_object_word_link VALUES (5377, 255, 2201, 0, 16, 2200, 2202, 24, 1069770691, 12, 205, '', 0);
INSERT INTO ezsearch_object_word_link VALUES (5378, 255, 2202, 0, 17, 2201, 0, 24, 1069770691, 12, 205, '', 0);
INSERT INTO ezsearch_object_word_link VALUES (5379, 256, 2195, 0, 0, 0, 2199, 24, 1069770809, 12, 204, '', 0);
INSERT INTO ezsearch_object_word_link VALUES (5380, 256, 2199, 0, 1, 2195, 2203, 24, 1069770809, 12, 204, '', 0);
INSERT INTO ezsearch_object_word_link VALUES (5381, 256, 2203, 0, 2, 2199, 2204, 24, 1069770809, 12, 204, '', 0);
INSERT INTO ezsearch_object_word_link VALUES (5382, 256, 2204, 0, 3, 2203, 2195, 24, 1069770809, 12, 204, '', 0);
INSERT INTO ezsearch_object_word_link VALUES (5383, 256, 2195, 0, 4, 2204, 2199, 24, 1069770809, 12, 204, '', 0);
INSERT INTO ezsearch_object_word_link VALUES (5384, 256, 2199, 0, 5, 2195, 2203, 24, 1069770809, 12, 204, '', 0);
INSERT INTO ezsearch_object_word_link VALUES (5385, 256, 2203, 0, 6, 2199, 2204, 24, 1069770809, 12, 204, '', 0);
INSERT INTO ezsearch_object_word_link VALUES (5386, 256, 2204, 0, 7, 2203, 2205, 24, 1069770809, 12, 204, '', 0);
INSERT INTO ezsearch_object_word_link VALUES (5387, 256, 2205, 0, 8, 2204, 2195, 24, 1069770809, 12, 205, '', 0);
INSERT INTO ezsearch_object_word_link VALUES (5388, 256, 2195, 0, 9, 2205, 2199, 24, 1069770809, 12, 205, '', 0);
INSERT INTO ezsearch_object_word_link VALUES (5389, 256, 2199, 0, 10, 2195, 2203, 24, 1069770809, 12, 205, '', 0);
INSERT INTO ezsearch_object_word_link VALUES (5390, 256, 2203, 0, 11, 2199, 2204, 24, 1069770809, 12, 205, '', 0);
INSERT INTO ezsearch_object_word_link VALUES (5391, 256, 2204, 0, 12, 2203, 2205, 24, 1069770809, 12, 205, '', 0);
INSERT INTO ezsearch_object_word_link VALUES (5392, 256, 2205, 0, 13, 2204, 2195, 24, 1069770809, 12, 205, '', 0);
INSERT INTO ezsearch_object_word_link VALUES (5393, 256, 2195, 0, 14, 2205, 2199, 24, 1069770809, 12, 205, '', 0);
INSERT INTO ezsearch_object_word_link VALUES (5394, 256, 2199, 0, 15, 2195, 2203, 24, 1069770809, 12, 205, '', 0);
INSERT INTO ezsearch_object_word_link VALUES (5395, 256, 2203, 0, 16, 2199, 2204, 24, 1069770809, 12, 205, '', 0);
INSERT INTO ezsearch_object_word_link VALUES (5396, 256, 2204, 0, 17, 2203, 0, 24, 1069770809, 12, 205, '', 0);
INSERT INTO ezsearch_object_word_link VALUES (5397, 257, 2206, 0, 0, 0, 2206, 1, 1069770849, 12, 4, '', 0);
INSERT INTO ezsearch_object_word_link VALUES (5398, 257, 2206, 0, 1, 2206, 0, 1, 1069770849, 12, 4, '', 0);
INSERT INTO ezsearch_object_word_link VALUES (5399, 258, 2190, 0, 0, 0, 2207, 24, 1069770910, 12, 204, '', 0);
INSERT INTO ezsearch_object_word_link VALUES (5400, 258, 2207, 0, 1, 2190, 2190, 24, 1069770910, 12, 204, '', 0);
INSERT INTO ezsearch_object_word_link VALUES (5401, 258, 2190, 0, 2, 2207, 2207, 24, 1069770910, 12, 204, '', 0);
INSERT INTO ezsearch_object_word_link VALUES (5402, 258, 2207, 0, 3, 2190, 2208, 24, 1069770910, 12, 204, '', 0);
INSERT INTO ezsearch_object_word_link VALUES (5403, 258, 2208, 0, 4, 2207, 2206, 24, 1069770910, 12, 205, '', 0);
INSERT INTO ezsearch_object_word_link VALUES (5404, 258, 2206, 0, 5, 2208, 2209, 24, 1069770910, 12, 205, '', 0);
INSERT INTO ezsearch_object_word_link VALUES (5405, 258, 2209, 0, 6, 2206, 2169, 24, 1069770910, 12, 205, '', 0);
INSERT INTO ezsearch_object_word_link VALUES (5406, 258, 2169, 0, 7, 2209, 2170, 24, 1069770910, 12, 205, '', 0);
INSERT INTO ezsearch_object_word_link VALUES (5407, 258, 2170, 0, 8, 2169, 2190, 24, 1069770910, 12, 205, '', 0);
INSERT INTO ezsearch_object_word_link VALUES (5408, 258, 2190, 0, 9, 2170, 2210, 24, 1069770910, 12, 205, '', 0);
INSERT INTO ezsearch_object_word_link VALUES (5409, 258, 2210, 0, 10, 2190, 2193, 24, 1069770910, 12, 205, '', 0);
INSERT INTO ezsearch_object_word_link VALUES (5410, 258, 2193, 0, 11, 2210, 2190, 24, 1069770910, 12, 205, '', 0);
INSERT INTO ezsearch_object_word_link VALUES (5411, 258, 2190, 0, 12, 2193, 2211, 24, 1069770910, 12, 205, '', 0);
INSERT INTO ezsearch_object_word_link VALUES (5412, 258, 2211, 0, 13, 2190, 2208, 24, 1069770910, 12, 205, '', 0);
INSERT INTO ezsearch_object_word_link VALUES (5413, 258, 2208, 0, 14, 2211, 2206, 24, 1069770910, 12, 205, '', 0);
INSERT INTO ezsearch_object_word_link VALUES (5414, 258, 2206, 0, 15, 2208, 2209, 24, 1069770910, 12, 205, '', 0);
INSERT INTO ezsearch_object_word_link VALUES (5415, 258, 2209, 0, 16, 2206, 2169, 24, 1069770910, 12, 205, '', 0);
INSERT INTO ezsearch_object_word_link VALUES (5416, 258, 2169, 0, 17, 2209, 2170, 24, 1069770910, 12, 205, '', 0);
INSERT INTO ezsearch_object_word_link VALUES (5417, 258, 2170, 0, 18, 2169, 2190, 24, 1069770910, 12, 205, '', 0);
INSERT INTO ezsearch_object_word_link VALUES (5418, 258, 2190, 0, 19, 2170, 2210, 24, 1069770910, 12, 205, '', 0);
INSERT INTO ezsearch_object_word_link VALUES (5419, 258, 2210, 0, 20, 2190, 2193, 24, 1069770910, 12, 205, '', 0);
INSERT INTO ezsearch_object_word_link VALUES (5420, 258, 2193, 0, 21, 2210, 2190, 24, 1069770910, 12, 205, '', 0);
INSERT INTO ezsearch_object_word_link VALUES (5421, 258, 2190, 0, 22, 2193, 2211, 24, 1069770910, 12, 205, '', 0);
INSERT INTO ezsearch_object_word_link VALUES (5422, 258, 2211, 0, 23, 2190, 0, 24, 1069770910, 12, 205, '', 0);
INSERT INTO ezsearch_object_word_link VALUES (5423, 259, 2212, 0, 0, 0, 2198, 24, 1069770984, 12, 204, '', 0);
INSERT INTO ezsearch_object_word_link VALUES (5424, 259, 2198, 0, 1, 2212, 2190, 24, 1069770984, 12, 204, '', 0);
INSERT INTO ezsearch_object_word_link VALUES (5425, 259, 2190, 0, 2, 2198, 2213, 24, 1069770984, 12, 204, '', 0);
INSERT INTO ezsearch_object_word_link VALUES (5426, 259, 2213, 0, 3, 2190, 2212, 24, 1069770984, 12, 204, '', 0);
INSERT INTO ezsearch_object_word_link VALUES (5427, 259, 2212, 0, 4, 2213, 2198, 24, 1069770984, 12, 204, '', 0);
INSERT INTO ezsearch_object_word_link VALUES (5428, 259, 2198, 0, 5, 2212, 2190, 24, 1069770984, 12, 204, '', 0);
INSERT INTO ezsearch_object_word_link VALUES (5429, 259, 2190, 0, 6, 2198, 2213, 24, 1069770984, 12, 204, '', 0);
INSERT INTO ezsearch_object_word_link VALUES (5430, 259, 2213, 0, 7, 2190, 2214, 24, 1069770984, 12, 204, '', 0);
INSERT INTO ezsearch_object_word_link VALUES (5431, 259, 2214, 0, 8, 2213, 2215, 24, 1069770984, 12, 205, '', 0);
INSERT INTO ezsearch_object_word_link VALUES (5432, 259, 2215, 0, 9, 2214, 2216, 24, 1069770984, 12, 205, '', 0);
INSERT INTO ezsearch_object_word_link VALUES (5433, 259, 2216, 0, 10, 2215, 2193, 24, 1069770984, 12, 205, '', 0);
INSERT INTO ezsearch_object_word_link VALUES (5434, 259, 2193, 0, 11, 2216, 2217, 24, 1069770984, 12, 205, '', 0);
INSERT INTO ezsearch_object_word_link VALUES (5435, 259, 2217, 0, 12, 2193, 2218, 24, 1069770984, 12, 205, '', 0);
INSERT INTO ezsearch_object_word_link VALUES (5436, 259, 2218, 0, 13, 2217, 2219, 24, 1069770984, 12, 205, '', 0);
INSERT INTO ezsearch_object_word_link VALUES (5437, 259, 2219, 0, 14, 2218, 2220, 24, 1069770984, 12, 205, '', 0);
INSERT INTO ezsearch_object_word_link VALUES (5438, 259, 2220, 0, 15, 2219, 2221, 24, 1069770984, 12, 205, '', 0);
INSERT INTO ezsearch_object_word_link VALUES (5439, 259, 2221, 0, 16, 2220, 2222, 24, 1069770984, 12, 205, '', 0);
INSERT INTO ezsearch_object_word_link VALUES (5440, 259, 2222, 0, 17, 2221, 2223, 24, 1069770984, 12, 205, '', 0);
INSERT INTO ezsearch_object_word_link VALUES (5441, 259, 2223, 0, 18, 2222, 2224, 24, 1069770984, 12, 205, '', 0);
INSERT INTO ezsearch_object_word_link VALUES (5442, 259, 2224, 0, 19, 2223, 2225, 24, 1069770984, 12, 205, '', 0);
INSERT INTO ezsearch_object_word_link VALUES (5443, 259, 2225, 0, 20, 2224, 2214, 24, 1069770984, 12, 205, '', 0);
INSERT INTO ezsearch_object_word_link VALUES (5444, 259, 2214, 0, 21, 2225, 2215, 24, 1069770984, 12, 205, '', 0);
INSERT INTO ezsearch_object_word_link VALUES (5445, 259, 2215, 0, 22, 2214, 2216, 24, 1069770984, 12, 205, '', 0);
INSERT INTO ezsearch_object_word_link VALUES (5446, 259, 2216, 0, 23, 2215, 2193, 24, 1069770984, 12, 205, '', 0);
INSERT INTO ezsearch_object_word_link VALUES (5447, 259, 2193, 0, 24, 2216, 2217, 24, 1069770984, 12, 205, '', 0);
INSERT INTO ezsearch_object_word_link VALUES (5448, 259, 2217, 0, 25, 2193, 2218, 24, 1069770984, 12, 205, '', 0);
INSERT INTO ezsearch_object_word_link VALUES (5449, 259, 2218, 0, 26, 2217, 2219, 24, 1069770984, 12, 205, '', 0);
INSERT INTO ezsearch_object_word_link VALUES (5450, 259, 2219, 0, 27, 2218, 2220, 24, 1069770984, 12, 205, '', 0);
INSERT INTO ezsearch_object_word_link VALUES (5451, 259, 2220, 0, 28, 2219, 2221, 24, 1069770984, 12, 205, '', 0);
INSERT INTO ezsearch_object_word_link VALUES (5452, 259, 2221, 0, 29, 2220, 2222, 24, 1069770984, 12, 205, '', 0);
INSERT INTO ezsearch_object_word_link VALUES (5453, 259, 2222, 0, 30, 2221, 2223, 24, 1069770984, 12, 205, '', 0);
INSERT INTO ezsearch_object_word_link VALUES (5454, 259, 2223, 0, 31, 2222, 2224, 24, 1069770984, 12, 205, '', 0);
INSERT INTO ezsearch_object_word_link VALUES (5455, 259, 2224, 0, 32, 2223, 2225, 24, 1069770984, 12, 205, '', 0);
INSERT INTO ezsearch_object_word_link VALUES (5456, 259, 2225, 0, 33, 2224, 0, 24, 1069770984, 12, 205, '', 0);
INSERT INTO ezsearch_object_word_link VALUES (5457, 260, 2226, 0, 0, 0, 2226, 1, 1069771040, 12, 4, '', 0);
INSERT INTO ezsearch_object_word_link VALUES (5458, 260, 2226, 0, 1, 2226, 0, 1, 1069771040, 12, 4, '', 0);
INSERT INTO ezsearch_object_word_link VALUES (5459, 261, 2227, 0, 0, 0, 2228, 24, 1069771089, 12, 204, '', 0);
INSERT INTO ezsearch_object_word_link VALUES (5460, 261, 2228, 0, 1, 2227, 2227, 24, 1069771089, 12, 204, '', 0);
INSERT INTO ezsearch_object_word_link VALUES (5461, 261, 2227, 0, 2, 2228, 2228, 24, 1069771089, 12, 204, '', 0);
INSERT INTO ezsearch_object_word_link VALUES (5462, 261, 2228, 0, 3, 2227, 2190, 24, 1069771089, 12, 204, '', 0);
INSERT INTO ezsearch_object_word_link VALUES (5463, 261, 2190, 0, 4, 2228, 2208, 24, 1069771089, 12, 205, '', 0);
INSERT INTO ezsearch_object_word_link VALUES (5464, 261, 2208, 0, 5, 2190, 2229, 24, 1069771089, 12, 205, '', 0);
INSERT INTO ezsearch_object_word_link VALUES (5465, 261, 2229, 0, 6, 2208, 2209, 24, 1069771089, 12, 205, '', 0);
INSERT INTO ezsearch_object_word_link VALUES (5466, 261, 2209, 0, 7, 2229, 2190, 24, 1069771089, 12, 205, '', 0);
INSERT INTO ezsearch_object_word_link VALUES (5467, 261, 2190, 0, 8, 2209, 2208, 24, 1069771089, 12, 205, '', 0);
INSERT INTO ezsearch_object_word_link VALUES (5468, 261, 2208, 0, 9, 2190, 2229, 24, 1069771089, 12, 205, '', 0);
INSERT INTO ezsearch_object_word_link VALUES (5469, 261, 2229, 0, 10, 2208, 2209, 24, 1069771089, 12, 205, '', 0);
INSERT INTO ezsearch_object_word_link VALUES (5470, 261, 2209, 0, 11, 2229, 0, 24, 1069771089, 12, 205, '', 0);
INSERT INTO ezsearch_object_word_link VALUES (5471, 264, 2230, 0, 0, 0, 2230, 1, 1069773539, 12, 4, '', 0);
INSERT INTO ezsearch_object_word_link VALUES (5472, 264, 2230, 0, 1, 2230, 0, 1, 1069773539, 12, 4, '', 0);
INSERT INTO ezsearch_object_word_link VALUES (5473, 265, 2231, 0, 0, 0, 2231, 24, 1069773629, 12, 204, '', 0);
INSERT INTO ezsearch_object_word_link VALUES (5474, 265, 2231, 0, 1, 2231, 2232, 24, 1069773629, 12, 204, '', 0);
INSERT INTO ezsearch_object_word_link VALUES (5475, 265, 2232, 0, 2, 2231, 2233, 24, 1069773629, 12, 205, '', 0);
INSERT INTO ezsearch_object_word_link VALUES (5476, 265, 2233, 0, 3, 2232, 2209, 24, 1069773629, 12, 205, '', 0);
INSERT INTO ezsearch_object_word_link VALUES (5477, 265, 2209, 0, 4, 2233, 2234, 24, 1069773629, 12, 205, '', 0);
INSERT INTO ezsearch_object_word_link VALUES (5478, 265, 2234, 0, 5, 2209, 2190, 24, 1069773629, 12, 205, '', 0);
INSERT INTO ezsearch_object_word_link VALUES (5479, 265, 2190, 0, 6, 2234, 2235, 24, 1069773629, 12, 205, '', 0);
INSERT INTO ezsearch_object_word_link VALUES (5480, 265, 2235, 0, 7, 2190, 2236, 24, 1069773629, 12, 205, '', 0);
INSERT INTO ezsearch_object_word_link VALUES (5481, 265, 2236, 0, 8, 2235, 2237, 24, 1069773629, 12, 205, '', 0);
INSERT INTO ezsearch_object_word_link VALUES (5482, 265, 2237, 0, 9, 2236, 2170, 24, 1069773629, 12, 205, '', 0);
INSERT INTO ezsearch_object_word_link VALUES (5483, 265, 2170, 0, 10, 2237, 2238, 24, 1069773629, 12, 205, '', 0);
INSERT INTO ezsearch_object_word_link VALUES (5484, 265, 2238, 0, 11, 2170, 2239, 24, 1069773629, 12, 205, '', 0);
INSERT INTO ezsearch_object_word_link VALUES (5485, 265, 2239, 0, 12, 2238, 2240, 24, 1069773629, 12, 205, '', 0);
INSERT INTO ezsearch_object_word_link VALUES (5486, 265, 2240, 0, 13, 2239, 2241, 24, 1069773629, 12, 205, '', 0);
INSERT INTO ezsearch_object_word_link VALUES (5487, 265, 2241, 0, 14, 2240, 2242, 24, 1069773629, 12, 205, '', 0);
INSERT INTO ezsearch_object_word_link VALUES (5488, 265, 2242, 0, 15, 2241, 2169, 24, 1069773629, 12, 205, '', 0);
INSERT INTO ezsearch_object_word_link VALUES (5489, 265, 2169, 0, 16, 2242, 2194, 24, 1069773629, 12, 205, '', 0);
INSERT INTO ezsearch_object_word_link VALUES (5490, 265, 2194, 0, 17, 2169, 2170, 24, 1069773629, 12, 205, '', 0);
INSERT INTO ezsearch_object_word_link VALUES (5491, 265, 2170, 0, 18, 2194, 2239, 24, 1069773629, 12, 205, '', 0);
INSERT INTO ezsearch_object_word_link VALUES (5492, 265, 2239, 0, 19, 2170, 2243, 24, 1069773629, 12, 205, '', 0);
INSERT INTO ezsearch_object_word_link VALUES (5493, 265, 2243, 0, 20, 2239, 2244, 24, 1069773629, 12, 205, '', 0);
INSERT INTO ezsearch_object_word_link VALUES (5494, 265, 2244, 0, 21, 2243, 2232, 24, 1069773629, 12, 205, '', 0);
INSERT INTO ezsearch_object_word_link VALUES (5495, 265, 2232, 0, 22, 2244, 2233, 24, 1069773629, 12, 205, '', 0);
INSERT INTO ezsearch_object_word_link VALUES (5496, 265, 2233, 0, 23, 2232, 2209, 24, 1069773629, 12, 205, '', 0);
INSERT INTO ezsearch_object_word_link VALUES (5497, 265, 2209, 0, 24, 2233, 2234, 24, 1069773629, 12, 205, '', 0);
INSERT INTO ezsearch_object_word_link VALUES (5498, 265, 2234, 0, 25, 2209, 2190, 24, 1069773629, 12, 205, '', 0);
INSERT INTO ezsearch_object_word_link VALUES (5499, 265, 2190, 0, 26, 2234, 2235, 24, 1069773629, 12, 205, '', 0);
INSERT INTO ezsearch_object_word_link VALUES (5500, 265, 2235, 0, 27, 2190, 2236, 24, 1069773629, 12, 205, '', 0);
INSERT INTO ezsearch_object_word_link VALUES (5501, 265, 2236, 0, 28, 2235, 2237, 24, 1069773629, 12, 205, '', 0);
INSERT INTO ezsearch_object_word_link VALUES (5502, 265, 2237, 0, 29, 2236, 2170, 24, 1069773629, 12, 205, '', 0);
INSERT INTO ezsearch_object_word_link VALUES (5503, 265, 2170, 0, 30, 2237, 2238, 24, 1069773629, 12, 205, '', 0);
INSERT INTO ezsearch_object_word_link VALUES (5504, 265, 2238, 0, 31, 2170, 2239, 24, 1069773629, 12, 205, '', 0);
INSERT INTO ezsearch_object_word_link VALUES (5505, 265, 2239, 0, 32, 2238, 2240, 24, 1069773629, 12, 205, '', 0);
INSERT INTO ezsearch_object_word_link VALUES (5506, 265, 2240, 0, 33, 2239, 2241, 24, 1069773629, 12, 205, '', 0);
INSERT INTO ezsearch_object_word_link VALUES (5507, 265, 2241, 0, 34, 2240, 2242, 24, 1069773629, 12, 205, '', 0);
INSERT INTO ezsearch_object_word_link VALUES (5508, 265, 2242, 0, 35, 2241, 2169, 24, 1069773629, 12, 205, '', 0);
INSERT INTO ezsearch_object_word_link VALUES (5509, 265, 2169, 0, 36, 2242, 2194, 24, 1069773629, 12, 205, '', 0);
INSERT INTO ezsearch_object_word_link VALUES (5510, 265, 2194, 0, 37, 2169, 2170, 24, 1069773629, 12, 205, '', 0);
INSERT INTO ezsearch_object_word_link VALUES (5511, 265, 2170, 0, 38, 2194, 2239, 24, 1069773629, 12, 205, '', 0);
INSERT INTO ezsearch_object_word_link VALUES (5512, 265, 2239, 0, 39, 2170, 2243, 24, 1069773629, 12, 205, '', 0);
INSERT INTO ezsearch_object_word_link VALUES (5513, 265, 2243, 0, 40, 2239, 2244, 24, 1069773629, 12, 205, '', 0);
INSERT INTO ezsearch_object_word_link VALUES (5514, 265, 2244, 0, 41, 2243, 0, 24, 1069773629, 12, 205, '', 0);
INSERT INTO ezsearch_object_word_link VALUES (5515, 240, 2245, 0, 0, 0, 2245, 1, 1068719643, 1, 4, '', 0);
INSERT INTO ezsearch_object_word_link VALUES (5516, 240, 2245, 0, 1, 2245, 0, 1, 1068719643, 1, 4, '', 0);
INSERT INTO ezsearch_object_word_link VALUES (5517, 241, 2246, 0, 0, 0, 2247, 25, 1068720802, 1, 207, '', 0);
INSERT INTO ezsearch_object_word_link VALUES (5518, 241, 2247, 0, 1, 2246, 2170, 25, 1068720802, 1, 207, '', 0);
INSERT INTO ezsearch_object_word_link VALUES (5519, 241, 2170, 0, 2, 2247, 2190, 25, 1068720802, 1, 207, '', 0);
INSERT INTO ezsearch_object_word_link VALUES (5520, 241, 2190, 0, 3, 2170, 2208, 25, 1068720802, 1, 207, '', 0);
INSERT INTO ezsearch_object_word_link VALUES (5521, 241, 2208, 0, 4, 2190, 2198, 25, 1068720802, 1, 207, '', 0);
INSERT INTO ezsearch_object_word_link VALUES (5522, 241, 2198, 0, 5, 2208, 2207, 25, 1068720802, 1, 207, '', 0);
INSERT INTO ezsearch_object_word_link VALUES (5523, 241, 2207, 0, 6, 2198, 2206, 25, 1068720802, 1, 207, '', 0);
INSERT INTO ezsearch_object_word_link VALUES (5524, 241, 2206, 0, 7, 2207, 2246, 25, 1068720802, 1, 207, '', 0);
INSERT INTO ezsearch_object_word_link VALUES (5525, 241, 2246, 0, 8, 2206, 2247, 25, 1068720802, 1, 207, '', 0);
INSERT INTO ezsearch_object_word_link VALUES (5526, 241, 2247, 0, 9, 2246, 2170, 25, 1068720802, 1, 207, '', 0);
INSERT INTO ezsearch_object_word_link VALUES (5527, 241, 2170, 0, 10, 2247, 2190, 25, 1068720802, 1, 207, '', 0);
INSERT INTO ezsearch_object_word_link VALUES (5528, 241, 2190, 0, 11, 2170, 2208, 25, 1068720802, 1, 207, '', 0);
INSERT INTO ezsearch_object_word_link VALUES (5529, 241, 2208, 0, 12, 2190, 2198, 25, 1068720802, 1, 207, '', 0);
INSERT INTO ezsearch_object_word_link VALUES (5530, 241, 2198, 0, 13, 2208, 2207, 25, 1068720802, 1, 207, '', 0);
INSERT INTO ezsearch_object_word_link VALUES (5531, 241, 2207, 0, 14, 2198, 2206, 25, 1068720802, 1, 207, '', 0);
INSERT INTO ezsearch_object_word_link VALUES (5532, 241, 2206, 0, 15, 2207, 0, 25, 1068720802, 1, 207, '', 0);
INSERT INTO ezsearch_object_word_link VALUES (5533, 262, 2246, 0, 0, 0, 2248, 25, 1069771243, 1, 207, '', 0);
INSERT INTO ezsearch_object_word_link VALUES (5534, 262, 2248, 0, 1, 2246, 2233, 25, 1069771243, 1, 207, '', 0);
INSERT INTO ezsearch_object_word_link VALUES (5535, 262, 2233, 0, 2, 2248, 2191, 25, 1069771243, 1, 207, '', 0);
INSERT INTO ezsearch_object_word_link VALUES (5536, 262, 2191, 0, 3, 2233, 2190, 25, 1069771243, 1, 207, '', 0);
INSERT INTO ezsearch_object_word_link VALUES (5537, 262, 2190, 0, 4, 2191, 2208, 25, 1069771243, 1, 207, '', 0);
INSERT INTO ezsearch_object_word_link VALUES (5538, 262, 2208, 0, 5, 2190, 2207, 25, 1069771243, 1, 207, '', 0);
INSERT INTO ezsearch_object_word_link VALUES (5539, 262, 2207, 0, 6, 2208, 2249, 25, 1069771243, 1, 207, '', 0);
INSERT INTO ezsearch_object_word_link VALUES (5540, 262, 2249, 0, 7, 2207, 2212, 25, 1069771243, 1, 207, '', 0);
INSERT INTO ezsearch_object_word_link VALUES (5541, 262, 2212, 0, 8, 2249, 2198, 25, 1069771243, 1, 207, '', 0);
INSERT INTO ezsearch_object_word_link VALUES (5542, 262, 2198, 0, 9, 2212, 2190, 25, 1069771243, 1, 207, '', 0);
INSERT INTO ezsearch_object_word_link VALUES (5543, 262, 2190, 0, 10, 2198, 2213, 25, 1069771243, 1, 207, '', 0);
INSERT INTO ezsearch_object_word_link VALUES (5544, 262, 2213, 0, 11, 2190, 2246, 25, 1069771243, 1, 207, '', 0);
INSERT INTO ezsearch_object_word_link VALUES (5545, 262, 2246, 0, 12, 2213, 2248, 25, 1069771243, 1, 207, '', 0);
INSERT INTO ezsearch_object_word_link VALUES (5546, 262, 2248, 0, 13, 2246, 2233, 25, 1069771243, 1, 207, '', 0);
INSERT INTO ezsearch_object_word_link VALUES (5547, 262, 2233, 0, 14, 2248, 2191, 25, 1069771243, 1, 207, '', 0);
INSERT INTO ezsearch_object_word_link VALUES (5548, 262, 2191, 0, 15, 2233, 2190, 25, 1069771243, 1, 207, '', 0);
INSERT INTO ezsearch_object_word_link VALUES (5549, 262, 2190, 0, 16, 2191, 2208, 25, 1069771243, 1, 207, '', 0);
INSERT INTO ezsearch_object_word_link VALUES (5550, 262, 2208, 0, 17, 2190, 2207, 25, 1069771243, 1, 207, '', 0);
INSERT INTO ezsearch_object_word_link VALUES (5551, 262, 2207, 0, 18, 2208, 2249, 25, 1069771243, 1, 207, '', 0);
INSERT INTO ezsearch_object_word_link VALUES (5552, 262, 2249, 0, 19, 2207, 2212, 25, 1069771243, 1, 207, '', 0);
INSERT INTO ezsearch_object_word_link VALUES (5553, 262, 2212, 0, 20, 2249, 2198, 25, 1069771243, 1, 207, '', 0);
INSERT INTO ezsearch_object_word_link VALUES (5554, 262, 2198, 0, 21, 2212, 2190, 25, 1069771243, 1, 207, '', 0);
INSERT INTO ezsearch_object_word_link VALUES (5555, 262, 2190, 0, 22, 2198, 2213, 25, 1069771243, 1, 207, '', 0);
INSERT INTO ezsearch_object_word_link VALUES (5556, 262, 2213, 0, 23, 2190, 0, 25, 1069771243, 1, 207, '', 0);
INSERT INTO ezsearch_object_word_link VALUES (5557, 49, 2250, 0, 0, 0, 2250, 1, 1066398020, 13, 4, '', 0);
INSERT INTO ezsearch_object_word_link VALUES (5558, 49, 2250, 0, 1, 2250, 2251, 1, 1066398020, 13, 4, '', 0);
INSERT INTO ezsearch_object_word_link VALUES (5559, 49, 2251, 0, 2, 2250, 2252, 1, 1066398020, 13, 119, '', 0);
INSERT INTO ezsearch_object_word_link VALUES (5560, 49, 2252, 0, 3, 2251, 2253, 1, 1066398020, 13, 119, '', 0);
INSERT INTO ezsearch_object_word_link VALUES (5561, 49, 2253, 0, 4, 2252, 2189, 1, 1066398020, 13, 119, '', 0);
INSERT INTO ezsearch_object_word_link VALUES (5562, 49, 2189, 0, 5, 2253, 2254, 1, 1066398020, 13, 119, '', 0);
INSERT INTO ezsearch_object_word_link VALUES (5563, 49, 2254, 0, 6, 2189, 2251, 1, 1066398020, 13, 119, '', 0);
INSERT INTO ezsearch_object_word_link VALUES (5564, 49, 2251, 0, 7, 2254, 2252, 1, 1066398020, 13, 119, '', 0);
INSERT INTO ezsearch_object_word_link VALUES (5565, 49, 2252, 0, 8, 2251, 2253, 1, 1066398020, 13, 119, '', 0);
INSERT INTO ezsearch_object_word_link VALUES (5566, 49, 2253, 0, 9, 2252, 2189, 1, 1066398020, 13, 119, '', 0);
INSERT INTO ezsearch_object_word_link VALUES (5567, 49, 2189, 0, 10, 2253, 2254, 1, 1066398020, 13, 119, '', 0);
INSERT INTO ezsearch_object_word_link VALUES (5568, 49, 2254, 0, 11, 2189, 0, 1, 1066398020, 13, 119, '', 0);
INSERT INTO ezsearch_object_word_link VALUES (5569, 212, 2255, 0, 0, 0, 2255, 1, 1068711069, 13, 4, '', 0);
INSERT INTO ezsearch_object_word_link VALUES (5570, 212, 2255, 0, 1, 2255, 2256, 1, 1068711069, 13, 4, '', 0);
INSERT INTO ezsearch_object_word_link VALUES (5571, 212, 2256, 0, 2, 2255, 2257, 1, 1068711069, 13, 119, '', 0);
INSERT INTO ezsearch_object_word_link VALUES (5572, 212, 2257, 0, 3, 2256, 2258, 1, 1068711069, 13, 119, '', 0);
INSERT INTO ezsearch_object_word_link VALUES (5573, 212, 2258, 0, 4, 2257, 2190, 1, 1068711069, 13, 119, '', 0);
INSERT INTO ezsearch_object_word_link VALUES (5574, 212, 2190, 0, 5, 2258, 2259, 1, 1068711069, 13, 119, '', 0);
INSERT INTO ezsearch_object_word_link VALUES (5575, 212, 2259, 0, 6, 2190, 2198, 1, 1068711069, 13, 119, '', 0);
INSERT INTO ezsearch_object_word_link VALUES (5576, 212, 2198, 0, 7, 2259, 2167, 1, 1068711069, 13, 119, '', 0);
INSERT INTO ezsearch_object_word_link VALUES (5577, 212, 2167, 0, 8, 2198, 2256, 1, 1068711069, 13, 119, '', 0);
INSERT INTO ezsearch_object_word_link VALUES (5578, 212, 2256, 0, 9, 2167, 2257, 1, 1068711069, 13, 119, '', 0);
INSERT INTO ezsearch_object_word_link VALUES (5579, 212, 2257, 0, 10, 2256, 2258, 1, 1068711069, 13, 119, '', 0);
INSERT INTO ezsearch_object_word_link VALUES (5580, 212, 2258, 0, 11, 2257, 2190, 1, 1068711069, 13, 119, '', 0);
INSERT INTO ezsearch_object_word_link VALUES (5581, 212, 2190, 0, 12, 2258, 2259, 1, 1068711069, 13, 119, '', 0);
INSERT INTO ezsearch_object_word_link VALUES (5582, 212, 2259, 0, 13, 2190, 2198, 1, 1068711069, 13, 119, '', 0);
INSERT INTO ezsearch_object_word_link VALUES (5583, 212, 2198, 0, 14, 2259, 2167, 1, 1068711069, 13, 119, '', 0);
INSERT INTO ezsearch_object_word_link VALUES (5584, 212, 2167, 0, 15, 2198, 0, 1, 1068711069, 13, 119, '', 0);
INSERT INTO ezsearch_object_word_link VALUES (5585, 214, 2260, 0, 0, 0, 2221, 23, 1068711140, 13, 202, '', 0);
INSERT INTO ezsearch_object_word_link VALUES (5586, 214, 2221, 0, 1, 2260, 2261, 23, 1068711140, 13, 202, '', 0);
INSERT INTO ezsearch_object_word_link VALUES (5587, 214, 2261, 0, 2, 2221, 2262, 23, 1068711140, 13, 202, '', 0);
INSERT INTO ezsearch_object_word_link VALUES (5588, 214, 2262, 0, 3, 2261, 2263, 23, 1068711140, 13, 202, '', 0);
INSERT INTO ezsearch_object_word_link VALUES (5589, 214, 2263, 0, 4, 2262, 2264, 23, 1068711140, 13, 202, '', 0);
INSERT INTO ezsearch_object_word_link VALUES (5590, 214, 2264, 0, 5, 2263, 2260, 23, 1068711140, 13, 202, '', 0);
INSERT INTO ezsearch_object_word_link VALUES (5591, 214, 2260, 0, 6, 2264, 2221, 23, 1068711140, 13, 202, '', 0);
INSERT INTO ezsearch_object_word_link VALUES (5592, 214, 2221, 0, 7, 2260, 2261, 23, 1068711140, 13, 202, '', 0);
INSERT INTO ezsearch_object_word_link VALUES (5593, 214, 2261, 0, 8, 2221, 2262, 23, 1068711140, 13, 202, '', 0);
INSERT INTO ezsearch_object_word_link VALUES (5594, 214, 2262, 0, 9, 2261, 2263, 23, 1068711140, 13, 202, '', 0);
INSERT INTO ezsearch_object_word_link VALUES (5595, 214, 2263, 0, 10, 2262, 2264, 23, 1068711140, 13, 202, '', 0);
INSERT INTO ezsearch_object_word_link VALUES (5596, 214, 2264, 0, 11, 2263, 2265, 23, 1068711140, 13, 202, '', 0);
INSERT INTO ezsearch_object_word_link VALUES (5597, 214, 2265, 0, 12, 2264, 2170, 23, 1068711140, 13, 203, '', 0);
INSERT INTO ezsearch_object_word_link VALUES (5598, 214, 2170, 0, 13, 2265, 2266, 23, 1068711140, 13, 203, '', 0);
INSERT INTO ezsearch_object_word_link VALUES (5599, 214, 2266, 0, 14, 2170, 2267, 23, 1068711140, 13, 203, '', 0);
INSERT INTO ezsearch_object_word_link VALUES (5600, 214, 2267, 0, 15, 2266, 2268, 23, 1068711140, 13, 203, '', 0);
INSERT INTO ezsearch_object_word_link VALUES (5601, 214, 2268, 0, 16, 2267, 2269, 23, 1068711140, 13, 203, '', 0);
INSERT INTO ezsearch_object_word_link VALUES (5602, 214, 2269, 0, 17, 2268, 2270, 23, 1068711140, 13, 203, '', 0);
INSERT INTO ezsearch_object_word_link VALUES (5603, 214, 2270, 0, 18, 2269, 2271, 23, 1068711140, 13, 203, '', 0);
INSERT INTO ezsearch_object_word_link VALUES (5604, 214, 2271, 0, 19, 2270, 2265, 23, 1068711140, 13, 203, '', 0);
INSERT INTO ezsearch_object_word_link VALUES (5605, 214, 2265, 0, 20, 2271, 2272, 23, 1068711140, 13, 203, '', 0);
INSERT INTO ezsearch_object_word_link VALUES (5606, 214, 2272, 0, 21, 2265, 2256, 23, 1068711140, 13, 203, '', 0);
INSERT INTO ezsearch_object_word_link VALUES (5607, 214, 2256, 0, 22, 2272, 2273, 23, 1068711140, 13, 203, '', 0);
INSERT INTO ezsearch_object_word_link VALUES (5608, 214, 2273, 0, 23, 2256, 2274, 23, 1068711140, 13, 203, '', 0);
INSERT INTO ezsearch_object_word_link VALUES (5609, 214, 2274, 0, 24, 2273, 2275, 23, 1068711140, 13, 203, '', 0);
INSERT INTO ezsearch_object_word_link VALUES (5610, 214, 2275, 0, 25, 2274, 2276, 23, 1068711140, 13, 203, '', 0);
INSERT INTO ezsearch_object_word_link VALUES (5611, 214, 2276, 0, 26, 2275, 2265, 23, 1068711140, 13, 203, '', 0);
INSERT INTO ezsearch_object_word_link VALUES (5612, 214, 2265, 0, 27, 2276, 2277, 23, 1068711140, 13, 203, '', 0);
INSERT INTO ezsearch_object_word_link VALUES (5613, 214, 2277, 0, 28, 2265, 2167, 23, 1068711140, 13, 203, '', 0);
INSERT INTO ezsearch_object_word_link VALUES (5614, 214, 2167, 0, 29, 2277, 2278, 23, 1068711140, 13, 203, '', 0);
INSERT INTO ezsearch_object_word_link VALUES (5615, 214, 2278, 0, 30, 2167, 2221, 23, 1068711140, 13, 203, '', 0);
INSERT INTO ezsearch_object_word_link VALUES (5616, 214, 2221, 0, 31, 2278, 2279, 23, 1068711140, 13, 203, '', 0);
INSERT INTO ezsearch_object_word_link VALUES (5617, 214, 2279, 0, 32, 2221, 2265, 23, 1068711140, 13, 203, '', 0);
INSERT INTO ezsearch_object_word_link VALUES (5618, 214, 2265, 0, 33, 2279, 2270, 23, 1068711140, 13, 203, '', 0);
INSERT INTO ezsearch_object_word_link VALUES (5619, 214, 2270, 0, 34, 2265, 2256, 23, 1068711140, 13, 203, '', 0);
INSERT INTO ezsearch_object_word_link VALUES (5620, 214, 2256, 0, 35, 2270, 2280, 23, 1068711140, 13, 203, '', 0);
INSERT INTO ezsearch_object_word_link VALUES (5621, 214, 2280, 0, 36, 2256, 2193, 23, 1068711140, 13, 203, '', 0);
INSERT INTO ezsearch_object_word_link VALUES (5622, 214, 2193, 0, 37, 2280, 2281, 23, 1068711140, 13, 203, '', 0);
INSERT INTO ezsearch_object_word_link VALUES (5623, 214, 2281, 0, 38, 2193, 2189, 23, 1068711140, 13, 203, '', 0);
INSERT INTO ezsearch_object_word_link VALUES (5624, 214, 2189, 0, 39, 2281, 2219, 23, 1068711140, 13, 203, '', 0);
INSERT INTO ezsearch_object_word_link VALUES (5625, 214, 2219, 0, 40, 2189, 2261, 23, 1068711140, 13, 203, '', 0);
INSERT INTO ezsearch_object_word_link VALUES (5626, 214, 2261, 0, 41, 2219, 2190, 23, 1068711140, 13, 203, '', 0);
INSERT INTO ezsearch_object_word_link VALUES (5627, 214, 2190, 0, 42, 2261, 2267, 23, 1068711140, 13, 203, '', 0);
INSERT INTO ezsearch_object_word_link VALUES (5628, 214, 2267, 0, 43, 2190, 2282, 23, 1068711140, 13, 203, '', 0);
INSERT INTO ezsearch_object_word_link VALUES (5629, 214, 2282, 0, 44, 2267, 2283, 23, 1068711140, 13, 203, '', 0);
INSERT INTO ezsearch_object_word_link VALUES (5630, 214, 2283, 0, 45, 2282, 2265, 23, 1068711140, 13, 203, '', 0);
INSERT INTO ezsearch_object_word_link VALUES (5631, 214, 2265, 0, 46, 2283, 2170, 23, 1068711140, 13, 203, '', 0);
INSERT INTO ezsearch_object_word_link VALUES (5632, 214, 2170, 0, 47, 2265, 2266, 23, 1068711140, 13, 203, '', 0);
INSERT INTO ezsearch_object_word_link VALUES (5633, 214, 2266, 0, 48, 2170, 2267, 23, 1068711140, 13, 203, '', 0);
INSERT INTO ezsearch_object_word_link VALUES (5634, 214, 2267, 0, 49, 2266, 2268, 23, 1068711140, 13, 203, '', 0);
INSERT INTO ezsearch_object_word_link VALUES (5635, 214, 2268, 0, 50, 2267, 2269, 23, 1068711140, 13, 203, '', 0);
INSERT INTO ezsearch_object_word_link VALUES (5636, 214, 2269, 0, 51, 2268, 2270, 23, 1068711140, 13, 203, '', 0);
INSERT INTO ezsearch_object_word_link VALUES (5637, 214, 2270, 0, 52, 2269, 2271, 23, 1068711140, 13, 203, '', 0);
INSERT INTO ezsearch_object_word_link VALUES (5638, 214, 2271, 0, 53, 2270, 2265, 23, 1068711140, 13, 203, '', 0);
INSERT INTO ezsearch_object_word_link VALUES (5639, 214, 2265, 0, 54, 2271, 2272, 23, 1068711140, 13, 203, '', 0);
INSERT INTO ezsearch_object_word_link VALUES (5640, 214, 2272, 0, 55, 2265, 2256, 23, 1068711140, 13, 203, '', 0);
INSERT INTO ezsearch_object_word_link VALUES (5641, 214, 2256, 0, 56, 2272, 2273, 23, 1068711140, 13, 203, '', 0);
INSERT INTO ezsearch_object_word_link VALUES (5642, 214, 2273, 0, 57, 2256, 2274, 23, 1068711140, 13, 203, '', 0);
INSERT INTO ezsearch_object_word_link VALUES (5643, 214, 2274, 0, 58, 2273, 2275, 23, 1068711140, 13, 203, '', 0);
INSERT INTO ezsearch_object_word_link VALUES (5644, 214, 2275, 0, 59, 2274, 2276, 23, 1068711140, 13, 203, '', 0);
INSERT INTO ezsearch_object_word_link VALUES (5645, 214, 2276, 0, 60, 2275, 2265, 23, 1068711140, 13, 203, '', 0);
INSERT INTO ezsearch_object_word_link VALUES (5646, 214, 2265, 0, 61, 2276, 2277, 23, 1068711140, 13, 203, '', 0);
INSERT INTO ezsearch_object_word_link VALUES (5647, 214, 2277, 0, 62, 2265, 2167, 23, 1068711140, 13, 203, '', 0);
INSERT INTO ezsearch_object_word_link VALUES (5648, 214, 2167, 0, 63, 2277, 2278, 23, 1068711140, 13, 203, '', 0);
INSERT INTO ezsearch_object_word_link VALUES (5649, 214, 2278, 0, 64, 2167, 2221, 23, 1068711140, 13, 203, '', 0);
INSERT INTO ezsearch_object_word_link VALUES (5650, 214, 2221, 0, 65, 2278, 2279, 23, 1068711140, 13, 203, '', 0);
INSERT INTO ezsearch_object_word_link VALUES (5651, 214, 2279, 0, 66, 2221, 2265, 23, 1068711140, 13, 203, '', 0);
INSERT INTO ezsearch_object_word_link VALUES (5652, 214, 2265, 0, 67, 2279, 2270, 23, 1068711140, 13, 203, '', 0);
INSERT INTO ezsearch_object_word_link VALUES (5653, 214, 2270, 0, 68, 2265, 2256, 23, 1068711140, 13, 203, '', 0);
INSERT INTO ezsearch_object_word_link VALUES (5654, 214, 2256, 0, 69, 2270, 2280, 23, 1068711140, 13, 203, '', 0);
INSERT INTO ezsearch_object_word_link VALUES (5655, 214, 2280, 0, 70, 2256, 2193, 23, 1068711140, 13, 203, '', 0);
INSERT INTO ezsearch_object_word_link VALUES (5656, 214, 2193, 0, 71, 2280, 2281, 23, 1068711140, 13, 203, '', 0);
INSERT INTO ezsearch_object_word_link VALUES (5657, 214, 2281, 0, 72, 2193, 2189, 23, 1068711140, 13, 203, '', 0);
INSERT INTO ezsearch_object_word_link VALUES (5658, 214, 2189, 0, 73, 2281, 2219, 23, 1068711140, 13, 203, '', 0);
INSERT INTO ezsearch_object_word_link VALUES (5659, 214, 2219, 0, 74, 2189, 2261, 23, 1068711140, 13, 203, '', 0);
INSERT INTO ezsearch_object_word_link VALUES (5660, 214, 2261, 0, 75, 2219, 2190, 23, 1068711140, 13, 203, '', 0);
INSERT INTO ezsearch_object_word_link VALUES (5661, 214, 2190, 0, 76, 2261, 2267, 23, 1068711140, 13, 203, '', 0);
INSERT INTO ezsearch_object_word_link VALUES (5662, 214, 2267, 0, 77, 2190, 2282, 23, 1068711140, 13, 203, '', 0);
INSERT INTO ezsearch_object_word_link VALUES (5663, 214, 2282, 0, 78, 2267, 2283, 23, 1068711140, 13, 203, '', 0);
INSERT INTO ezsearch_object_word_link VALUES (5664, 214, 2283, 0, 79, 2282, 2284, 23, 1068711140, 13, 203, '', 0);
INSERT INTO ezsearch_object_word_link VALUES (5665, 214, 2284, 0, 80, 2283, 2284, 23, 1068711140, 13, 213, '', 1);
INSERT INTO ezsearch_object_word_link VALUES (5666, 214, 2284, 0, 81, 2284, 0, 23, 1068711140, 13, 213, '', 1);
INSERT INTO ezsearch_object_word_link VALUES (5667, 252, 2221, 0, 0, 0, 2285, 23, 1069770140, 13, 202, '', 0);
INSERT INTO ezsearch_object_word_link VALUES (5668, 252, 2285, 0, 1, 2221, 2286, 23, 1069770140, 13, 202, '', 0);
INSERT INTO ezsearch_object_word_link VALUES (5669, 252, 2286, 0, 2, 2285, 2221, 23, 1069770140, 13, 202, '', 0);
INSERT INTO ezsearch_object_word_link VALUES (5670, 252, 2221, 0, 3, 2286, 2285, 23, 1069770140, 13, 202, '', 0);
INSERT INTO ezsearch_object_word_link VALUES (5671, 252, 2285, 0, 4, 2221, 2286, 23, 1069770140, 13, 202, '', 0);
INSERT INTO ezsearch_object_word_link VALUES (5672, 252, 2286, 0, 5, 2285, 2287, 23, 1069770140, 13, 202, '', 0);
INSERT INTO ezsearch_object_word_link VALUES (5673, 252, 2287, 0, 6, 2286, 2221, 23, 1069770140, 13, 203, '', 0);
INSERT INTO ezsearch_object_word_link VALUES (5674, 252, 2221, 0, 7, 2287, 2288, 23, 1069770140, 13, 203, '', 0);
INSERT INTO ezsearch_object_word_link VALUES (5675, 252, 2288, 0, 8, 2221, 2232, 23, 1069770140, 13, 203, '', 0);
INSERT INTO ezsearch_object_word_link VALUES (5676, 252, 2232, 0, 9, 2288, 2289, 23, 1069770140, 13, 203, '', 0);
INSERT INTO ezsearch_object_word_link VALUES (5677, 252, 2289, 0, 10, 2232, 2198, 23, 1069770140, 13, 203, '', 0);
INSERT INTO ezsearch_object_word_link VALUES (5678, 252, 2198, 0, 11, 2289, 2190, 23, 1069770140, 13, 203, '', 0);
INSERT INTO ezsearch_object_word_link VALUES (5679, 252, 2190, 0, 12, 2198, 2290, 23, 1069770140, 13, 203, '', 0);
INSERT INTO ezsearch_object_word_link VALUES (5680, 252, 2290, 0, 13, 2190, 2239, 23, 1069770140, 13, 203, '', 0);
INSERT INTO ezsearch_object_word_link VALUES (5681, 252, 2239, 0, 14, 2290, 2262, 23, 1069770140, 13, 203, '', 0);
INSERT INTO ezsearch_object_word_link VALUES (5682, 252, 2262, 0, 15, 2239, 2291, 23, 1069770140, 13, 203, '', 0);
INSERT INTO ezsearch_object_word_link VALUES (5683, 252, 2291, 0, 16, 2262, 2221, 23, 1069770140, 13, 203, '', 0);
INSERT INTO ezsearch_object_word_link VALUES (5684, 252, 2221, 0, 17, 2291, 2292, 23, 1069770140, 13, 203, '', 0);
INSERT INTO ezsearch_object_word_link VALUES (5685, 252, 2292, 0, 18, 2221, 2293, 23, 1069770140, 13, 203, '', 0);
INSERT INTO ezsearch_object_word_link VALUES (5686, 252, 2293, 0, 19, 2292, 2218, 23, 1069770140, 13, 203, '', 0);
INSERT INTO ezsearch_object_word_link VALUES (5687, 252, 2218, 0, 20, 2293, 2294, 23, 1069770140, 13, 203, '', 0);
INSERT INTO ezsearch_object_word_link VALUES (5688, 252, 2294, 0, 21, 2218, 2171, 23, 1069770140, 13, 203, '', 0);
INSERT INTO ezsearch_object_word_link VALUES (5689, 252, 2171, 0, 22, 2294, 2295, 23, 1069770140, 13, 203, '', 0);
INSERT INTO ezsearch_object_word_link VALUES (5690, 252, 2295, 0, 23, 2171, 2189, 23, 1069770140, 13, 203, '', 0);
INSERT INTO ezsearch_object_word_link VALUES (5691, 252, 2189, 0, 24, 2295, 2296, 23, 1069770140, 13, 203, '', 0);
INSERT INTO ezsearch_object_word_link VALUES (5692, 252, 2296, 0, 25, 2189, 2256, 23, 1069770140, 13, 203, '', 0);
INSERT INTO ezsearch_object_word_link VALUES (5693, 252, 2256, 0, 26, 2296, 2297, 23, 1069770140, 13, 203, '', 0);
INSERT INTO ezsearch_object_word_link VALUES (5694, 252, 2297, 0, 27, 2256, 2298, 23, 1069770140, 13, 203, '', 0);
INSERT INTO ezsearch_object_word_link VALUES (5695, 252, 2298, 0, 28, 2297, 2223, 23, 1069770140, 13, 203, '', 0);
INSERT INTO ezsearch_object_word_link VALUES (5696, 252, 2223, 0, 29, 2298, 2224, 23, 1069770140, 13, 203, '', 0);
INSERT INTO ezsearch_object_word_link VALUES (5697, 252, 2224, 0, 30, 2223, 2299, 23, 1069770140, 13, 203, '', 0);
INSERT INTO ezsearch_object_word_link VALUES (5698, 252, 2299, 0, 31, 2224, 2300, 23, 1069770140, 13, 203, '', 0);
INSERT INTO ezsearch_object_word_link VALUES (5699, 252, 2300, 0, 32, 2299, 2262, 23, 1069770140, 13, 203, '', 0);
INSERT INTO ezsearch_object_word_link VALUES (5700, 252, 2262, 0, 33, 2300, 2301, 23, 1069770140, 13, 203, '', 0);
INSERT INTO ezsearch_object_word_link VALUES (5701, 252, 2301, 0, 34, 2262, 2302, 23, 1069770140, 13, 203, '', 0);
INSERT INTO ezsearch_object_word_link VALUES (5702, 252, 2302, 0, 35, 2301, 2303, 23, 1069770140, 13, 203, '', 0);
INSERT INTO ezsearch_object_word_link VALUES (5703, 252, 2303, 0, 36, 2302, 2175, 23, 1069770140, 13, 203, '', 0);
INSERT INTO ezsearch_object_word_link VALUES (5704, 252, 2175, 0, 37, 2303, 2304, 23, 1069770140, 13, 203, '', 0);
INSERT INTO ezsearch_object_word_link VALUES (5705, 252, 2304, 0, 38, 2175, 2305, 23, 1069770140, 13, 203, '', 0);
INSERT INTO ezsearch_object_word_link VALUES (5706, 252, 2305, 0, 39, 2304, 2166, 23, 1069770140, 13, 203, '', 0);
INSERT INTO ezsearch_object_word_link VALUES (5707, 252, 2166, 0, 40, 2305, 2169, 23, 1069770140, 13, 203, '', 0);
INSERT INTO ezsearch_object_word_link VALUES (5708, 252, 2169, 0, 41, 2166, 2287, 23, 1069770140, 13, 203, '', 0);
INSERT INTO ezsearch_object_word_link VALUES (5709, 252, 2287, 0, 42, 2169, 2221, 23, 1069770140, 13, 203, '', 0);
INSERT INTO ezsearch_object_word_link VALUES (5710, 252, 2221, 0, 43, 2287, 2288, 23, 1069770140, 13, 203, '', 0);
INSERT INTO ezsearch_object_word_link VALUES (5711, 252, 2288, 0, 44, 2221, 2232, 23, 1069770140, 13, 203, '', 0);
INSERT INTO ezsearch_object_word_link VALUES (5712, 252, 2232, 0, 45, 2288, 2289, 23, 1069770140, 13, 203, '', 0);
INSERT INTO ezsearch_object_word_link VALUES (5713, 252, 2289, 0, 46, 2232, 2198, 23, 1069770140, 13, 203, '', 0);
INSERT INTO ezsearch_object_word_link VALUES (5714, 252, 2198, 0, 47, 2289, 2190, 23, 1069770140, 13, 203, '', 0);
INSERT INTO ezsearch_object_word_link VALUES (5715, 252, 2190, 0, 48, 2198, 2290, 23, 1069770140, 13, 203, '', 0);
INSERT INTO ezsearch_object_word_link VALUES (5716, 252, 2290, 0, 49, 2190, 2239, 23, 1069770140, 13, 203, '', 0);
INSERT INTO ezsearch_object_word_link VALUES (5717, 252, 2239, 0, 50, 2290, 2262, 23, 1069770140, 13, 203, '', 0);
INSERT INTO ezsearch_object_word_link VALUES (5718, 252, 2262, 0, 51, 2239, 2291, 23, 1069770140, 13, 203, '', 0);
INSERT INTO ezsearch_object_word_link VALUES (5719, 252, 2291, 0, 52, 2262, 2221, 23, 1069770140, 13, 203, '', 0);
INSERT INTO ezsearch_object_word_link VALUES (5720, 252, 2221, 0, 53, 2291, 2292, 23, 1069770140, 13, 203, '', 0);
INSERT INTO ezsearch_object_word_link VALUES (5721, 252, 2292, 0, 54, 2221, 2293, 23, 1069770140, 13, 203, '', 0);
INSERT INTO ezsearch_object_word_link VALUES (5722, 252, 2293, 0, 55, 2292, 2218, 23, 1069770140, 13, 203, '', 0);
INSERT INTO ezsearch_object_word_link VALUES (5723, 252, 2218, 0, 56, 2293, 2294, 23, 1069770140, 13, 203, '', 0);
INSERT INTO ezsearch_object_word_link VALUES (5724, 252, 2294, 0, 57, 2218, 2171, 23, 1069770140, 13, 203, '', 0);
INSERT INTO ezsearch_object_word_link VALUES (5725, 252, 2171, 0, 58, 2294, 2295, 23, 1069770140, 13, 203, '', 0);
INSERT INTO ezsearch_object_word_link VALUES (5726, 252, 2295, 0, 59, 2171, 2189, 23, 1069770140, 13, 203, '', 0);
INSERT INTO ezsearch_object_word_link VALUES (5727, 252, 2189, 0, 60, 2295, 2296, 23, 1069770140, 13, 203, '', 0);
INSERT INTO ezsearch_object_word_link VALUES (5728, 252, 2296, 0, 61, 2189, 2256, 23, 1069770140, 13, 203, '', 0);
INSERT INTO ezsearch_object_word_link VALUES (5729, 252, 2256, 0, 62, 2296, 2297, 23, 1069770140, 13, 203, '', 0);
INSERT INTO ezsearch_object_word_link VALUES (5730, 252, 2297, 0, 63, 2256, 2298, 23, 1069770140, 13, 203, '', 0);
INSERT INTO ezsearch_object_word_link VALUES (5731, 252, 2298, 0, 64, 2297, 2223, 23, 1069770140, 13, 203, '', 0);
INSERT INTO ezsearch_object_word_link VALUES (5732, 252, 2223, 0, 65, 2298, 2224, 23, 1069770140, 13, 203, '', 0);
INSERT INTO ezsearch_object_word_link VALUES (5733, 252, 2224, 0, 66, 2223, 2299, 23, 1069770140, 13, 203, '', 0);
INSERT INTO ezsearch_object_word_link VALUES (5734, 252, 2299, 0, 67, 2224, 2300, 23, 1069770140, 13, 203, '', 0);
INSERT INTO ezsearch_object_word_link VALUES (5735, 252, 2300, 0, 68, 2299, 2262, 23, 1069770140, 13, 203, '', 0);
INSERT INTO ezsearch_object_word_link VALUES (5736, 252, 2262, 0, 69, 2300, 2301, 23, 1069770140, 13, 203, '', 0);
INSERT INTO ezsearch_object_word_link VALUES (5737, 252, 2301, 0, 70, 2262, 2302, 23, 1069770140, 13, 203, '', 0);
INSERT INTO ezsearch_object_word_link VALUES (5738, 252, 2302, 0, 71, 2301, 2303, 23, 1069770140, 13, 203, '', 0);
INSERT INTO ezsearch_object_word_link VALUES (5739, 252, 2303, 0, 72, 2302, 2175, 23, 1069770140, 13, 203, '', 0);
INSERT INTO ezsearch_object_word_link VALUES (5740, 252, 2175, 0, 73, 2303, 2304, 23, 1069770140, 13, 203, '', 0);
INSERT INTO ezsearch_object_word_link VALUES (5741, 252, 2304, 0, 74, 2175, 2305, 23, 1069770140, 13, 203, '', 0);
INSERT INTO ezsearch_object_word_link VALUES (5742, 252, 2305, 0, 75, 2304, 2166, 23, 1069770140, 13, 203, '', 0);
INSERT INTO ezsearch_object_word_link VALUES (5743, 252, 2166, 0, 76, 2305, 2169, 23, 1069770140, 13, 203, '', 0);
INSERT INTO ezsearch_object_word_link VALUES (5744, 252, 2169, 0, 77, 2166, 2306, 23, 1069770140, 13, 203, '', 0);
INSERT INTO ezsearch_object_word_link VALUES (5745, 252, 2306, 0, 78, 2169, 2306, 23, 1069770140, 13, 213, '', 0);
INSERT INTO ezsearch_object_word_link VALUES (5746, 252, 2306, 0, 79, 2306, 0, 23, 1069770140, 13, 213, '', 0);
INSERT INTO ezsearch_object_word_link VALUES (5747, 263, 2307, 0, 0, 0, 2307, 23, 1069771496, 13, 202, '', 0);
INSERT INTO ezsearch_object_word_link VALUES (5748, 263, 2307, 0, 1, 2307, 2221, 23, 1069771496, 13, 202, '', 0);
INSERT INTO ezsearch_object_word_link VALUES (5749, 263, 2221, 0, 2, 2307, 2303, 23, 1069771496, 13, 203, '', 0);
INSERT INTO ezsearch_object_word_link VALUES (5750, 263, 2303, 0, 3, 2221, 2308, 23, 1069771496, 13, 203, '', 0);
INSERT INTO ezsearch_object_word_link VALUES (5751, 263, 2308, 0, 4, 2303, 2171, 23, 1069771496, 13, 203, '', 0);
INSERT INTO ezsearch_object_word_link VALUES (5752, 263, 2171, 0, 5, 2308, 2256, 23, 1069771496, 13, 203, '', 0);
INSERT INTO ezsearch_object_word_link VALUES (5753, 263, 2256, 0, 6, 2171, 2307, 23, 1069771496, 13, 203, '', 0);
INSERT INTO ezsearch_object_word_link VALUES (5754, 263, 2307, 0, 7, 2256, 2203, 23, 1069771496, 13, 203, '', 0);
INSERT INTO ezsearch_object_word_link VALUES (5755, 263, 2203, 0, 8, 2307, 2256, 23, 1069771496, 13, 203, '', 0);
INSERT INTO ezsearch_object_word_link VALUES (5756, 263, 2256, 0, 9, 2203, 2309, 23, 1069771496, 13, 203, '', 0);
INSERT INTO ezsearch_object_word_link VALUES (5757, 263, 2309, 0, 10, 2256, 2310, 23, 1069771496, 13, 203, '', 0);
INSERT INTO ezsearch_object_word_link VALUES (5758, 263, 2310, 0, 11, 2309, 2169, 23, 1069771496, 13, 203, '', 0);
INSERT INTO ezsearch_object_word_link VALUES (5759, 263, 2169, 0, 12, 2310, 2311, 23, 1069771496, 13, 203, '', 0);
INSERT INTO ezsearch_object_word_link VALUES (5760, 263, 2311, 0, 13, 2169, 2189, 23, 1069771496, 13, 203, '', 0);
INSERT INTO ezsearch_object_word_link VALUES (5761, 263, 2189, 0, 14, 2311, 2221, 23, 1069771496, 13, 203, '', 0);
INSERT INTO ezsearch_object_word_link VALUES (5762, 263, 2221, 0, 15, 2189, 2303, 23, 1069771496, 13, 203, '', 0);
INSERT INTO ezsearch_object_word_link VALUES (5763, 263, 2303, 0, 16, 2221, 2312, 23, 1069771496, 13, 203, '', 0);
INSERT INTO ezsearch_object_word_link VALUES (5764, 263, 2312, 0, 17, 2303, 2276, 23, 1069771496, 13, 203, '', 0);
INSERT INTO ezsearch_object_word_link VALUES (5765, 263, 2276, 0, 18, 2312, 2190, 23, 1069771496, 13, 203, '', 0);
INSERT INTO ezsearch_object_word_link VALUES (5766, 263, 2190, 0, 19, 2276, 2180, 23, 1069771496, 13, 203, '', 0);
INSERT INTO ezsearch_object_word_link VALUES (5767, 263, 2180, 0, 20, 2190, 2198, 23, 1069771496, 13, 203, '', 0);
INSERT INTO ezsearch_object_word_link VALUES (5768, 263, 2198, 0, 21, 2180, 2262, 23, 1069771496, 13, 203, '', 0);
INSERT INTO ezsearch_object_word_link VALUES (5769, 263, 2262, 0, 22, 2198, 2313, 23, 1069771496, 13, 203, '', 0);
INSERT INTO ezsearch_object_word_link VALUES (5770, 263, 2313, 0, 23, 2262, 2224, 23, 1069771496, 13, 203, '', 0);
INSERT INTO ezsearch_object_word_link VALUES (5771, 263, 2224, 0, 24, 2313, 2314, 23, 1069771496, 13, 203, '', 0);
INSERT INTO ezsearch_object_word_link VALUES (5772, 263, 2314, 0, 25, 2224, 2300, 23, 1069771496, 13, 203, '', 0);
INSERT INTO ezsearch_object_word_link VALUES (5773, 263, 2300, 0, 26, 2314, 2315, 23, 1069771496, 13, 203, '', 0);
INSERT INTO ezsearch_object_word_link VALUES (5774, 263, 2315, 0, 27, 2300, 2221, 23, 1069771496, 13, 203, '', 0);
INSERT INTO ezsearch_object_word_link VALUES (5775, 263, 2221, 0, 28, 2315, 2303, 23, 1069771496, 13, 203, '', 0);
INSERT INTO ezsearch_object_word_link VALUES (5776, 263, 2303, 0, 29, 2221, 2308, 23, 1069771496, 13, 203, '', 0);
INSERT INTO ezsearch_object_word_link VALUES (5777, 263, 2308, 0, 30, 2303, 2171, 23, 1069771496, 13, 203, '', 0);
INSERT INTO ezsearch_object_word_link VALUES (5778, 263, 2171, 0, 31, 2308, 2256, 23, 1069771496, 13, 203, '', 0);
INSERT INTO ezsearch_object_word_link VALUES (5779, 263, 2256, 0, 32, 2171, 2307, 23, 1069771496, 13, 203, '', 0);
INSERT INTO ezsearch_object_word_link VALUES (5780, 263, 2307, 0, 33, 2256, 2203, 23, 1069771496, 13, 203, '', 0);
INSERT INTO ezsearch_object_word_link VALUES (5781, 263, 2203, 0, 34, 2307, 2256, 23, 1069771496, 13, 203, '', 0);
INSERT INTO ezsearch_object_word_link VALUES (5782, 263, 2256, 0, 35, 2203, 2309, 23, 1069771496, 13, 203, '', 0);
INSERT INTO ezsearch_object_word_link VALUES (5783, 263, 2309, 0, 36, 2256, 2310, 23, 1069771496, 13, 203, '', 0);
INSERT INTO ezsearch_object_word_link VALUES (5784, 263, 2310, 0, 37, 2309, 2169, 23, 1069771496, 13, 203, '', 0);
INSERT INTO ezsearch_object_word_link VALUES (5785, 263, 2169, 0, 38, 2310, 2311, 23, 1069771496, 13, 203, '', 0);
INSERT INTO ezsearch_object_word_link VALUES (5786, 263, 2311, 0, 39, 2169, 2189, 23, 1069771496, 13, 203, '', 0);
INSERT INTO ezsearch_object_word_link VALUES (5787, 263, 2189, 0, 40, 2311, 2221, 23, 1069771496, 13, 203, '', 0);
INSERT INTO ezsearch_object_word_link VALUES (5788, 263, 2221, 0, 41, 2189, 2303, 23, 1069771496, 13, 203, '', 0);
INSERT INTO ezsearch_object_word_link VALUES (5789, 263, 2303, 0, 42, 2221, 2312, 23, 1069771496, 13, 203, '', 0);
INSERT INTO ezsearch_object_word_link VALUES (5790, 263, 2312, 0, 43, 2303, 2276, 23, 1069771496, 13, 203, '', 0);
INSERT INTO ezsearch_object_word_link VALUES (5791, 263, 2276, 0, 44, 2312, 2190, 23, 1069771496, 13, 203, '', 0);
INSERT INTO ezsearch_object_word_link VALUES (5792, 263, 2190, 0, 45, 2276, 2180, 23, 1069771496, 13, 203, '', 0);
INSERT INTO ezsearch_object_word_link VALUES (5793, 263, 2180, 0, 46, 2190, 2198, 23, 1069771496, 13, 203, '', 0);
INSERT INTO ezsearch_object_word_link VALUES (5794, 263, 2198, 0, 47, 2180, 2262, 23, 1069771496, 13, 203, '', 0);
INSERT INTO ezsearch_object_word_link VALUES (5795, 263, 2262, 0, 48, 2198, 2313, 23, 1069771496, 13, 203, '', 0);
INSERT INTO ezsearch_object_word_link VALUES (5796, 263, 2313, 0, 49, 2262, 2224, 23, 1069771496, 13, 203, '', 0);
INSERT INTO ezsearch_object_word_link VALUES (5797, 263, 2224, 0, 50, 2313, 2314, 23, 1069771496, 13, 203, '', 0);
INSERT INTO ezsearch_object_word_link VALUES (5798, 263, 2314, 0, 51, 2224, 2300, 23, 1069771496, 13, 203, '', 0);
INSERT INTO ezsearch_object_word_link VALUES (5799, 263, 2300, 0, 52, 2314, 2315, 23, 1069771496, 13, 203, '', 0);
INSERT INTO ezsearch_object_word_link VALUES (5800, 263, 2315, 0, 53, 2300, 2284, 23, 1069771496, 13, 203, '', 0);
INSERT INTO ezsearch_object_word_link VALUES (5801, 263, 2284, 0, 54, 2315, 2284, 23, 1069771496, 13, 213, '', 1);
INSERT INTO ezsearch_object_word_link VALUES (5802, 263, 2284, 0, 55, 2284, 0, 23, 1069771496, 13, 213, '', 1);
INSERT INTO ezsearch_object_word_link VALUES (5803, 267, 2316, 0, 0, 0, 2316, 26, 1069773826, 13, 209, '', 0);
INSERT INTO ezsearch_object_word_link VALUES (5804, 267, 2316, 0, 1, 2316, 2214, 26, 1069773826, 13, 209, '', 0);
INSERT INTO ezsearch_object_word_link VALUES (5805, 267, 2214, 0, 2, 2316, 2221, 26, 1069773826, 13, 212, '', 0);
INSERT INTO ezsearch_object_word_link VALUES (5806, 267, 2221, 0, 3, 2214, 2317, 26, 1069773826, 13, 212, '', 0);
INSERT INTO ezsearch_object_word_link VALUES (5807, 267, 2317, 0, 4, 2221, 2223, 26, 1069773826, 13, 212, '', 0);
INSERT INTO ezsearch_object_word_link VALUES (5808, 267, 2223, 0, 5, 2317, 2318, 26, 1069773826, 13, 212, '', 0);
INSERT INTO ezsearch_object_word_link VALUES (5809, 267, 2318, 0, 6, 2223, 2190, 26, 1069773826, 13, 212, '', 0);
INSERT INTO ezsearch_object_word_link VALUES (5810, 267, 2190, 0, 7, 2318, 2319, 26, 1069773826, 13, 212, '', 0);
INSERT INTO ezsearch_object_word_link VALUES (5811, 267, 2319, 0, 8, 2190, 2214, 26, 1069773826, 13, 212, '', 0);
INSERT INTO ezsearch_object_word_link VALUES (5812, 267, 2214, 0, 9, 2319, 2221, 26, 1069773826, 13, 212, '', 0);
INSERT INTO ezsearch_object_word_link VALUES (5813, 267, 2221, 0, 10, 2214, 2317, 26, 1069773826, 13, 212, '', 0);
INSERT INTO ezsearch_object_word_link VALUES (5814, 267, 2317, 0, 11, 2221, 2223, 26, 1069773826, 13, 212, '', 0);
INSERT INTO ezsearch_object_word_link VALUES (5815, 267, 2223, 0, 12, 2317, 2318, 26, 1069773826, 13, 212, '', 0);
INSERT INTO ezsearch_object_word_link VALUES (5816, 267, 2318, 0, 13, 2223, 2190, 26, 1069773826, 13, 212, '', 0);
INSERT INTO ezsearch_object_word_link VALUES (5817, 267, 2190, 0, 14, 2318, 2319, 26, 1069773826, 13, 212, '', 0);
INSERT INTO ezsearch_object_word_link VALUES (5818, 267, 2319, 0, 15, 2190, 0, 26, 1069773826, 13, 212, '', 0);
INSERT INTO ezsearch_object_word_link VALUES (5819, 213, 2320, 0, 0, 0, 2320, 1, 1068711091, 13, 4, '', 0);
INSERT INTO ezsearch_object_word_link VALUES (5820, 213, 2320, 0, 1, 2320, 2320, 1, 1068711091, 13, 4, '', 0);
INSERT INTO ezsearch_object_word_link VALUES (5821, 213, 2320, 0, 2, 2320, 2321, 1, 1068711091, 13, 119, '', 0);
INSERT INTO ezsearch_object_word_link VALUES (5822, 213, 2321, 0, 3, 2320, 2322, 1, 1068711091, 13, 119, '', 0);
INSERT INTO ezsearch_object_word_link VALUES (5823, 213, 2322, 0, 4, 2321, 2323, 1, 1068711091, 13, 119, '', 0);
INSERT INTO ezsearch_object_word_link VALUES (5824, 213, 2323, 0, 5, 2322, 2189, 1, 1068711091, 13, 119, '', 0);
INSERT INTO ezsearch_object_word_link VALUES (5825, 213, 2189, 0, 6, 2323, 2190, 1, 1068711091, 13, 119, '', 0);
INSERT INTO ezsearch_object_word_link VALUES (5826, 213, 2190, 0, 7, 2189, 2324, 1, 1068711091, 13, 119, '', 0);
INSERT INTO ezsearch_object_word_link VALUES (5827, 213, 2324, 0, 8, 2190, 2246, 1, 1068711091, 13, 119, '', 0);
INSERT INTO ezsearch_object_word_link VALUES (5828, 213, 2246, 0, 9, 2324, 2325, 1, 1068711091, 13, 119, '', 0);
INSERT INTO ezsearch_object_word_link VALUES (5829, 213, 2325, 0, 10, 2246, 2326, 1, 1068711091, 13, 119, '', 0);
INSERT INTO ezsearch_object_word_link VALUES (5830, 213, 2326, 0, 11, 2325, 2327, 1, 1068711091, 13, 119, '', 0);
INSERT INTO ezsearch_object_word_link VALUES (5831, 213, 2327, 0, 12, 2326, 2221, 1, 1068711091, 13, 119, '', 0);
INSERT INTO ezsearch_object_word_link VALUES (5832, 213, 2221, 0, 13, 2327, 2328, 1, 1068711091, 13, 119, '', 0);
INSERT INTO ezsearch_object_word_link VALUES (5833, 213, 2328, 0, 14, 2221, 2266, 1, 1068711091, 13, 119, '', 0);
INSERT INTO ezsearch_object_word_link VALUES (5834, 213, 2266, 0, 15, 2328, 2329, 1, 1068711091, 13, 119, '', 0);
INSERT INTO ezsearch_object_word_link VALUES (5835, 213, 2329, 0, 16, 2266, 2330, 1, 1068711091, 13, 119, '', 0);
INSERT INTO ezsearch_object_word_link VALUES (5836, 213, 2330, 0, 17, 2329, 2246, 1, 1068711091, 13, 119, '', 0);
INSERT INTO ezsearch_object_word_link VALUES (5837, 213, 2246, 0, 18, 2330, 2331, 1, 1068711091, 13, 119, '', 0);
INSERT INTO ezsearch_object_word_link VALUES (5838, 213, 2331, 0, 19, 2246, 2221, 1, 1068711091, 13, 119, '', 0);
INSERT INTO ezsearch_object_word_link VALUES (5839, 213, 2221, 0, 20, 2331, 2332, 1, 1068711091, 13, 119, '', 0);
INSERT INTO ezsearch_object_word_link VALUES (5840, 213, 2332, 0, 21, 2221, 2333, 1, 1068711091, 13, 119, '', 0);
INSERT INTO ezsearch_object_word_link VALUES (5841, 213, 2333, 0, 22, 2332, 2293, 1, 1068711091, 13, 119, '', 0);
INSERT INTO ezsearch_object_word_link VALUES (5842, 213, 2293, 0, 23, 2333, 2334, 1, 1068711091, 13, 119, '', 0);
INSERT INTO ezsearch_object_word_link VALUES (5843, 213, 2334, 0, 24, 2293, 2190, 1, 1068711091, 13, 119, '', 0);
INSERT INTO ezsearch_object_word_link VALUES (5844, 213, 2190, 0, 25, 2334, 2335, 1, 1068711091, 13, 119, '', 0);
INSERT INTO ezsearch_object_word_link VALUES (5845, 213, 2335, 0, 26, 2190, 2239, 1, 1068711091, 13, 119, '', 0);
INSERT INTO ezsearch_object_word_link VALUES (5846, 213, 2239, 0, 27, 2335, 2274, 1, 1068711091, 13, 119, '', 0);
INSERT INTO ezsearch_object_word_link VALUES (5847, 213, 2274, 0, 28, 2239, 2336, 1, 1068711091, 13, 119, '', 0);
INSERT INTO ezsearch_object_word_link VALUES (5848, 213, 2336, 0, 29, 2274, 2247, 1, 1068711091, 13, 119, '', 0);
INSERT INTO ezsearch_object_word_link VALUES (5849, 213, 2247, 0, 30, 2336, 2337, 1, 1068711091, 13, 119, '', 0);
INSERT INTO ezsearch_object_word_link VALUES (5850, 213, 2337, 0, 31, 2247, 2320, 1, 1068711091, 13, 119, '', 0);
INSERT INTO ezsearch_object_word_link VALUES (5851, 213, 2320, 0, 32, 2337, 2321, 1, 1068711091, 13, 119, '', 0);
INSERT INTO ezsearch_object_word_link VALUES (5852, 213, 2321, 0, 33, 2320, 2322, 1, 1068711091, 13, 119, '', 0);
INSERT INTO ezsearch_object_word_link VALUES (5853, 213, 2322, 0, 34, 2321, 2323, 1, 1068711091, 13, 119, '', 0);
INSERT INTO ezsearch_object_word_link VALUES (5854, 213, 2323, 0, 35, 2322, 2189, 1, 1068711091, 13, 119, '', 0);
INSERT INTO ezsearch_object_word_link VALUES (5855, 213, 2189, 0, 36, 2323, 2190, 1, 1068711091, 13, 119, '', 0);
INSERT INTO ezsearch_object_word_link VALUES (5856, 213, 2190, 0, 37, 2189, 2324, 1, 1068711091, 13, 119, '', 0);
INSERT INTO ezsearch_object_word_link VALUES (5857, 213, 2324, 0, 38, 2190, 2246, 1, 1068711091, 13, 119, '', 0);
INSERT INTO ezsearch_object_word_link VALUES (5858, 213, 2246, 0, 39, 2324, 2325, 1, 1068711091, 13, 119, '', 0);
INSERT INTO ezsearch_object_word_link VALUES (5859, 213, 2325, 0, 40, 2246, 2326, 1, 1068711091, 13, 119, '', 0);
INSERT INTO ezsearch_object_word_link VALUES (5860, 213, 2326, 0, 41, 2325, 2327, 1, 1068711091, 13, 119, '', 0);
INSERT INTO ezsearch_object_word_link VALUES (5861, 213, 2327, 0, 42, 2326, 2221, 1, 1068711091, 13, 119, '', 0);
INSERT INTO ezsearch_object_word_link VALUES (5862, 213, 2221, 0, 43, 2327, 2328, 1, 1068711091, 13, 119, '', 0);
INSERT INTO ezsearch_object_word_link VALUES (5863, 213, 2328, 0, 44, 2221, 2266, 1, 1068711091, 13, 119, '', 0);
INSERT INTO ezsearch_object_word_link VALUES (5864, 213, 2266, 0, 45, 2328, 2329, 1, 1068711091, 13, 119, '', 0);
INSERT INTO ezsearch_object_word_link VALUES (5865, 213, 2329, 0, 46, 2266, 2330, 1, 1068711091, 13, 119, '', 0);
INSERT INTO ezsearch_object_word_link VALUES (5866, 213, 2330, 0, 47, 2329, 2246, 1, 1068711091, 13, 119, '', 0);
INSERT INTO ezsearch_object_word_link VALUES (5867, 213, 2246, 0, 48, 2330, 2331, 1, 1068711091, 13, 119, '', 0);
INSERT INTO ezsearch_object_word_link VALUES (5868, 213, 2331, 0, 49, 2246, 2221, 1, 1068711091, 13, 119, '', 0);
INSERT INTO ezsearch_object_word_link VALUES (5869, 213, 2221, 0, 50, 2331, 2332, 1, 1068711091, 13, 119, '', 0);
INSERT INTO ezsearch_object_word_link VALUES (5870, 213, 2332, 0, 51, 2221, 2333, 1, 1068711091, 13, 119, '', 0);
INSERT INTO ezsearch_object_word_link VALUES (5871, 213, 2333, 0, 52, 2332, 2293, 1, 1068711091, 13, 119, '', 0);
INSERT INTO ezsearch_object_word_link VALUES (5872, 213, 2293, 0, 53, 2333, 2334, 1, 1068711091, 13, 119, '', 0);
INSERT INTO ezsearch_object_word_link VALUES (5873, 213, 2334, 0, 54, 2293, 2190, 1, 1068711091, 13, 119, '', 0);
INSERT INTO ezsearch_object_word_link VALUES (5874, 213, 2190, 0, 55, 2334, 2335, 1, 1068711091, 13, 119, '', 0);
INSERT INTO ezsearch_object_word_link VALUES (5875, 213, 2335, 0, 56, 2190, 2239, 1, 1068711091, 13, 119, '', 0);
INSERT INTO ezsearch_object_word_link VALUES (5876, 213, 2239, 0, 57, 2335, 2274, 1, 1068711091, 13, 119, '', 0);
INSERT INTO ezsearch_object_word_link VALUES (5877, 213, 2274, 0, 58, 2239, 2336, 1, 1068711091, 13, 119, '', 0);
INSERT INTO ezsearch_object_word_link VALUES (5878, 213, 2336, 0, 59, 2274, 2247, 1, 1068711091, 13, 119, '', 0);
INSERT INTO ezsearch_object_word_link VALUES (5879, 213, 2247, 0, 60, 2336, 2337, 1, 1068711091, 13, 119, '', 0);
INSERT INTO ezsearch_object_word_link VALUES (5880, 213, 2337, 0, 61, 2247, 0, 1, 1068711091, 13, 119, '', 0);
INSERT INTO ezsearch_object_word_link VALUES (5881, 254, 2338, 0, 0, 0, 2221, 23, 1069770356, 13, 202, '', 0);
INSERT INTO ezsearch_object_word_link VALUES (5882, 254, 2221, 0, 1, 2338, 2261, 23, 1069770356, 13, 202, '', 0);
INSERT INTO ezsearch_object_word_link VALUES (5883, 254, 2261, 0, 2, 2221, 2265, 23, 1069770356, 13, 202, '', 0);
INSERT INTO ezsearch_object_word_link VALUES (5884, 254, 2265, 0, 3, 2261, 2338, 23, 1069770356, 13, 202, '', 0);
INSERT INTO ezsearch_object_word_link VALUES (5885, 254, 2338, 0, 4, 2265, 2221, 23, 1069770356, 13, 202, '', 0);
INSERT INTO ezsearch_object_word_link VALUES (5886, 254, 2221, 0, 5, 2338, 2261, 23, 1069770356, 13, 202, '', 0);
INSERT INTO ezsearch_object_word_link VALUES (5887, 254, 2261, 0, 6, 2221, 2265, 23, 1069770356, 13, 202, '', 0);
INSERT INTO ezsearch_object_word_link VALUES (5888, 254, 2265, 0, 7, 2261, 2339, 23, 1069770356, 13, 202, '', 0);
INSERT INTO ezsearch_object_word_link VALUES (5889, 254, 2339, 0, 8, 2265, 2340, 23, 1069770356, 13, 203, '', 0);
INSERT INTO ezsearch_object_word_link VALUES (5890, 254, 2340, 0, 9, 2339, 2256, 23, 1069770356, 13, 203, '', 0);
INSERT INTO ezsearch_object_word_link VALUES (5891, 254, 2256, 0, 10, 2340, 2341, 23, 1069770356, 13, 203, '', 0);
INSERT INTO ezsearch_object_word_link VALUES (5892, 254, 2341, 0, 11, 2256, 2342, 23, 1069770356, 13, 203, '', 0);
INSERT INTO ezsearch_object_word_link VALUES (5893, 254, 2342, 0, 12, 2341, 2298, 23, 1069770356, 13, 203, '', 0);
INSERT INTO ezsearch_object_word_link VALUES (5894, 254, 2298, 0, 13, 2342, 2343, 23, 1069770356, 13, 203, '', 0);
INSERT INTO ezsearch_object_word_link VALUES (5895, 254, 2343, 0, 14, 2298, 2262, 23, 1069770356, 13, 203, '', 0);
INSERT INTO ezsearch_object_word_link VALUES (5896, 254, 2262, 0, 15, 2343, 2344, 23, 1069770356, 13, 203, '', 0);
INSERT INTO ezsearch_object_word_link VALUES (5897, 254, 2344, 0, 16, 2262, 2221, 23, 1069770356, 13, 203, '', 0);
INSERT INTO ezsearch_object_word_link VALUES (5898, 254, 2221, 0, 17, 2344, 2338, 23, 1069770356, 13, 203, '', 0);
INSERT INTO ezsearch_object_word_link VALUES (5899, 254, 2338, 0, 18, 2221, 2261, 23, 1069770356, 13, 203, '', 0);
INSERT INTO ezsearch_object_word_link VALUES (5900, 254, 2261, 0, 19, 2338, 2190, 23, 1069770356, 13, 203, '', 0);
INSERT INTO ezsearch_object_word_link VALUES (5901, 254, 2190, 0, 20, 2261, 2345, 23, 1069770356, 13, 203, '', 0);
INSERT INTO ezsearch_object_word_link VALUES (5902, 254, 2345, 0, 21, 2190, 2346, 23, 1069770356, 13, 203, '', 0);
INSERT INTO ezsearch_object_word_link VALUES (5903, 254, 2346, 0, 22, 2345, 2198, 23, 1069770356, 13, 203, '', 0);
INSERT INTO ezsearch_object_word_link VALUES (5904, 254, 2198, 0, 23, 2346, 2262, 23, 1069770356, 13, 203, '', 0);
INSERT INTO ezsearch_object_word_link VALUES (5905, 254, 2262, 0, 24, 2198, 2324, 23, 1069770356, 13, 203, '', 0);
INSERT INTO ezsearch_object_word_link VALUES (5906, 254, 2324, 0, 25, 2262, 2347, 23, 1069770356, 13, 203, '', 0);
INSERT INTO ezsearch_object_word_link VALUES (5907, 254, 2347, 0, 26, 2324, 2348, 23, 1069770356, 13, 203, '', 0);
INSERT INTO ezsearch_object_word_link VALUES (5908, 254, 2348, 0, 27, 2347, 2190, 23, 1069770356, 13, 203, '', 0);
INSERT INTO ezsearch_object_word_link VALUES (5909, 254, 2190, 0, 28, 2348, 2337, 23, 1069770356, 13, 203, '', 0);
INSERT INTO ezsearch_object_word_link VALUES (5910, 254, 2337, 0, 29, 2190, 2171, 23, 1069770356, 13, 203, '', 0);
INSERT INTO ezsearch_object_word_link VALUES (5911, 254, 2171, 0, 30, 2337, 2349, 23, 1069770356, 13, 203, '', 0);
INSERT INTO ezsearch_object_word_link VALUES (5912, 254, 2349, 0, 31, 2171, 2239, 23, 1069770356, 13, 203, '', 0);
INSERT INTO ezsearch_object_word_link VALUES (5913, 254, 2239, 0, 32, 2349, 2175, 23, 1069770356, 13, 203, '', 0);
INSERT INTO ezsearch_object_word_link VALUES (5914, 254, 2175, 0, 33, 2239, 2276, 23, 1069770356, 13, 203, '', 0);
INSERT INTO ezsearch_object_word_link VALUES (5915, 254, 2276, 0, 34, 2175, 2341, 23, 1069770356, 13, 203, '', 0);
INSERT INTO ezsearch_object_word_link VALUES (5916, 254, 2341, 0, 35, 2276, 2350, 23, 1069770356, 13, 203, '', 0);
INSERT INTO ezsearch_object_word_link VALUES (5917, 254, 2350, 0, 36, 2341, 2339, 23, 1069770356, 13, 203, '', 0);
INSERT INTO ezsearch_object_word_link VALUES (5918, 254, 2339, 0, 37, 2350, 2340, 23, 1069770356, 13, 203, '', 0);
INSERT INTO ezsearch_object_word_link VALUES (5919, 254, 2340, 0, 38, 2339, 2256, 23, 1069770356, 13, 203, '', 0);
INSERT INTO ezsearch_object_word_link VALUES (5920, 254, 2256, 0, 39, 2340, 2341, 23, 1069770356, 13, 203, '', 0);
INSERT INTO ezsearch_object_word_link VALUES (5921, 254, 2341, 0, 40, 2256, 2342, 23, 1069770356, 13, 203, '', 0);
INSERT INTO ezsearch_object_word_link VALUES (5922, 254, 2342, 0, 41, 2341, 2298, 23, 1069770356, 13, 203, '', 0);
INSERT INTO ezsearch_object_word_link VALUES (5923, 254, 2298, 0, 42, 2342, 2343, 23, 1069770356, 13, 203, '', 0);
INSERT INTO ezsearch_object_word_link VALUES (5924, 254, 2343, 0, 43, 2298, 2262, 23, 1069770356, 13, 203, '', 0);
INSERT INTO ezsearch_object_word_link VALUES (5925, 254, 2262, 0, 44, 2343, 2344, 23, 1069770356, 13, 203, '', 0);
INSERT INTO ezsearch_object_word_link VALUES (5926, 254, 2344, 0, 45, 2262, 2221, 23, 1069770356, 13, 203, '', 0);
INSERT INTO ezsearch_object_word_link VALUES (5927, 254, 2221, 0, 46, 2344, 2338, 23, 1069770356, 13, 203, '', 0);
INSERT INTO ezsearch_object_word_link VALUES (5928, 254, 2338, 0, 47, 2221, 2261, 23, 1069770356, 13, 203, '', 0);
INSERT INTO ezsearch_object_word_link VALUES (5929, 254, 2261, 0, 48, 2338, 2190, 23, 1069770356, 13, 203, '', 0);
INSERT INTO ezsearch_object_word_link VALUES (5930, 254, 2190, 0, 49, 2261, 2345, 23, 1069770356, 13, 203, '', 0);
INSERT INTO ezsearch_object_word_link VALUES (5931, 254, 2345, 0, 50, 2190, 2346, 23, 1069770356, 13, 203, '', 0);
INSERT INTO ezsearch_object_word_link VALUES (5932, 254, 2346, 0, 51, 2345, 2198, 23, 1069770356, 13, 203, '', 0);
INSERT INTO ezsearch_object_word_link VALUES (5933, 254, 2198, 0, 52, 2346, 2262, 23, 1069770356, 13, 203, '', 0);
INSERT INTO ezsearch_object_word_link VALUES (5934, 254, 2262, 0, 53, 2198, 2324, 23, 1069770356, 13, 203, '', 0);
INSERT INTO ezsearch_object_word_link VALUES (5935, 254, 2324, 0, 54, 2262, 2347, 23, 1069770356, 13, 203, '', 0);
INSERT INTO ezsearch_object_word_link VALUES (5936, 254, 2347, 0, 55, 2324, 2348, 23, 1069770356, 13, 203, '', 0);
INSERT INTO ezsearch_object_word_link VALUES (5937, 254, 2348, 0, 56, 2347, 2190, 23, 1069770356, 13, 203, '', 0);
INSERT INTO ezsearch_object_word_link VALUES (5938, 254, 2190, 0, 57, 2348, 2337, 23, 1069770356, 13, 203, '', 0);
INSERT INTO ezsearch_object_word_link VALUES (5939, 254, 2337, 0, 58, 2190, 2171, 23, 1069770356, 13, 203, '', 0);
INSERT INTO ezsearch_object_word_link VALUES (5940, 254, 2171, 0, 59, 2337, 2349, 23, 1069770356, 13, 203, '', 0);
INSERT INTO ezsearch_object_word_link VALUES (5941, 254, 2349, 0, 60, 2171, 2239, 23, 1069770356, 13, 203, '', 0);
INSERT INTO ezsearch_object_word_link VALUES (5942, 254, 2239, 0, 61, 2349, 2175, 23, 1069770356, 13, 203, '', 0);
INSERT INTO ezsearch_object_word_link VALUES (5943, 254, 2175, 0, 62, 2239, 2276, 23, 1069770356, 13, 203, '', 0);
INSERT INTO ezsearch_object_word_link VALUES (5944, 254, 2276, 0, 63, 2175, 2341, 23, 1069770356, 13, 203, '', 0);
INSERT INTO ezsearch_object_word_link VALUES (5945, 254, 2341, 0, 64, 2276, 2350, 23, 1069770356, 13, 203, '', 0);
INSERT INTO ezsearch_object_word_link VALUES (5946, 254, 2350, 0, 65, 2341, 2284, 23, 1069770356, 13, 203, '', 0);
INSERT INTO ezsearch_object_word_link VALUES (5947, 254, 2284, 0, 66, 2350, 2284, 23, 1069770356, 13, 213, '', 1);
INSERT INTO ezsearch_object_word_link VALUES (5948, 254, 2284, 0, 67, 2284, 0, 23, 1069770356, 13, 213, '', 1);
INSERT INTO ezsearch_object_word_link VALUES (5949, 266, 2351, 0, 0, 0, 2351, 26, 1069773783, 13, 209, '', 0);
INSERT INTO ezsearch_object_word_link VALUES (5950, 266, 2351, 0, 1, 2351, 2352, 26, 1069773783, 13, 209, '', 0);
INSERT INTO ezsearch_object_word_link VALUES (5951, 266, 2352, 0, 2, 2351, 2224, 26, 1069773783, 13, 212, '', 0);
INSERT INTO ezsearch_object_word_link VALUES (5952, 266, 2224, 0, 3, 2352, 2233, 26, 1069773783, 13, 212, '', 0);
INSERT INTO ezsearch_object_word_link VALUES (5953, 266, 2233, 0, 4, 2224, 2353, 26, 1069773783, 13, 212, '', 0);
INSERT INTO ezsearch_object_word_link VALUES (5954, 266, 2353, 0, 5, 2233, 2265, 26, 1069773783, 13, 212, '', 0);
INSERT INTO ezsearch_object_word_link VALUES (5955, 266, 2265, 0, 6, 2353, 2298, 26, 1069773783, 13, 212, '', 0);
INSERT INTO ezsearch_object_word_link VALUES (5956, 266, 2298, 0, 7, 2265, 2190, 26, 1069773783, 13, 212, '', 0);
INSERT INTO ezsearch_object_word_link VALUES (5957, 266, 2190, 0, 8, 2298, 2354, 26, 1069773783, 13, 212, '', 0);
INSERT INTO ezsearch_object_word_link VALUES (5958, 266, 2354, 0, 9, 2190, 2198, 26, 1069773783, 13, 212, '', 0);
INSERT INTO ezsearch_object_word_link VALUES (5959, 266, 2198, 0, 10, 2354, 2355, 26, 1069773783, 13, 212, '', 0);
INSERT INTO ezsearch_object_word_link VALUES (5960, 266, 2355, 0, 11, 2198, 2352, 26, 1069773783, 13, 212, '', 0);
INSERT INTO ezsearch_object_word_link VALUES (5961, 266, 2352, 0, 12, 2355, 2224, 26, 1069773783, 13, 212, '', 0);
INSERT INTO ezsearch_object_word_link VALUES (5962, 266, 2224, 0, 13, 2352, 2233, 26, 1069773783, 13, 212, '', 0);
INSERT INTO ezsearch_object_word_link VALUES (5963, 266, 2233, 0, 14, 2224, 2353, 26, 1069773783, 13, 212, '', 0);
INSERT INTO ezsearch_object_word_link VALUES (5964, 266, 2353, 0, 15, 2233, 2265, 26, 1069773783, 13, 212, '', 0);
INSERT INTO ezsearch_object_word_link VALUES (5965, 266, 2265, 0, 16, 2353, 2298, 26, 1069773783, 13, 212, '', 0);
INSERT INTO ezsearch_object_word_link VALUES (5966, 266, 2298, 0, 17, 2265, 2190, 26, 1069773783, 13, 212, '', 0);
INSERT INTO ezsearch_object_word_link VALUES (5967, 266, 2190, 0, 18, 2298, 2354, 26, 1069773783, 13, 212, '', 0);
INSERT INTO ezsearch_object_word_link VALUES (5968, 266, 2354, 0, 19, 2190, 2198, 26, 1069773783, 13, 212, '', 0);
INSERT INTO ezsearch_object_word_link VALUES (5969, 266, 2198, 0, 20, 2354, 2355, 26, 1069773783, 13, 212, '', 0);
INSERT INTO ezsearch_object_word_link VALUES (5970, 266, 2355, 0, 21, 2198, 0, 26, 1069773783, 13, 212, '', 0);
INSERT INTO ezsearch_object_word_link VALUES (5971, 243, 2356, 0, 0, 0, 2356, 1, 1068727871, 13, 4, '', 0);
INSERT INTO ezsearch_object_word_link VALUES (5972, 243, 2356, 0, 1, 2356, 2357, 1, 1068727871, 13, 4, '', 0);
INSERT INTO ezsearch_object_word_link VALUES (5973, 243, 2357, 0, 2, 2356, 2358, 1, 1068727871, 13, 119, '', 0);
INSERT INTO ezsearch_object_word_link VALUES (5974, 243, 2358, 0, 3, 2357, 2359, 1, 1068727871, 13, 119, '', 0);
INSERT INTO ezsearch_object_word_link VALUES (5975, 243, 2359, 0, 4, 2358, 2360, 1, 1068727871, 13, 119, '', 0);
INSERT INTO ezsearch_object_word_link VALUES (5976, 243, 2360, 0, 5, 2359, 2361, 1, 1068727871, 13, 119, '', 0);
INSERT INTO ezsearch_object_word_link VALUES (5977, 243, 2361, 0, 6, 2360, 2362, 1, 1068727871, 13, 119, '', 0);
INSERT INTO ezsearch_object_word_link VALUES (5978, 243, 2362, 0, 7, 2361, 2189, 1, 1068727871, 13, 119, '', 0);
INSERT INTO ezsearch_object_word_link VALUES (5979, 243, 2189, 0, 8, 2362, 2363, 1, 1068727871, 13, 119, '', 0);
INSERT INTO ezsearch_object_word_link VALUES (5980, 243, 2363, 0, 9, 2189, 2364, 1, 1068727871, 13, 119, '', 0);
INSERT INTO ezsearch_object_word_link VALUES (5981, 243, 2364, 0, 10, 2363, 2365, 1, 1068727871, 13, 119, '', 0);
INSERT INTO ezsearch_object_word_link VALUES (5982, 243, 2365, 0, 11, 2364, 2366, 1, 1068727871, 13, 119, '', 0);
INSERT INTO ezsearch_object_word_link VALUES (5983, 243, 2366, 0, 12, 2365, 2189, 1, 1068727871, 13, 119, '', 0);
INSERT INTO ezsearch_object_word_link VALUES (5984, 243, 2189, 0, 13, 2366, 2367, 1, 1068727871, 13, 119, '', 0);
INSERT INTO ezsearch_object_word_link VALUES (5985, 243, 2367, 0, 14, 2189, 2220, 1, 1068727871, 13, 119, '', 0);
INSERT INTO ezsearch_object_word_link VALUES (5986, 243, 2220, 0, 15, 2367, 2265, 1, 1068727871, 13, 119, '', 0);
INSERT INTO ezsearch_object_word_link VALUES (5987, 243, 2265, 0, 16, 2220, 2318, 1, 1068727871, 13, 119, '', 0);
INSERT INTO ezsearch_object_word_link VALUES (5988, 243, 2318, 0, 17, 2265, 2368, 1, 1068727871, 13, 119, '', 0);
INSERT INTO ezsearch_object_word_link VALUES (5989, 243, 2368, 0, 18, 2318, 2230, 1, 1068727871, 13, 119, '', 0);
INSERT INTO ezsearch_object_word_link VALUES (5990, 243, 2230, 0, 19, 2368, 2265, 1, 1068727871, 13, 119, '', 0);
INSERT INTO ezsearch_object_word_link VALUES (5991, 243, 2265, 0, 20, 2230, 2369, 1, 1068727871, 13, 119, '', 0);
INSERT INTO ezsearch_object_word_link VALUES (5992, 243, 2369, 0, 21, 2265, 2370, 1, 1068727871, 13, 119, '', 0);
INSERT INTO ezsearch_object_word_link VALUES (5993, 243, 2370, 0, 22, 2369, 2371, 1, 1068727871, 13, 119, '', 0);
INSERT INTO ezsearch_object_word_link VALUES (5994, 243, 2371, 0, 23, 2370, 2357, 1, 1068727871, 13, 119, '', 0);
INSERT INTO ezsearch_object_word_link VALUES (5995, 243, 2357, 0, 24, 2371, 2358, 1, 1068727871, 13, 119, '', 0);
INSERT INTO ezsearch_object_word_link VALUES (5996, 243, 2358, 0, 25, 2357, 2359, 1, 1068727871, 13, 119, '', 0);
INSERT INTO ezsearch_object_word_link VALUES (5997, 243, 2359, 0, 26, 2358, 2360, 1, 1068727871, 13, 119, '', 0);
INSERT INTO ezsearch_object_word_link VALUES (5998, 243, 2360, 0, 27, 2359, 2361, 1, 1068727871, 13, 119, '', 0);
INSERT INTO ezsearch_object_word_link VALUES (5999, 243, 2361, 0, 28, 2360, 2362, 1, 1068727871, 13, 119, '', 0);
INSERT INTO ezsearch_object_word_link VALUES (6000, 243, 2362, 0, 29, 2361, 2189, 1, 1068727871, 13, 119, '', 0);
INSERT INTO ezsearch_object_word_link VALUES (6001, 243, 2189, 0, 30, 2362, 2363, 1, 1068727871, 13, 119, '', 0);
INSERT INTO ezsearch_object_word_link VALUES (6002, 243, 2363, 0, 31, 2189, 2364, 1, 1068727871, 13, 119, '', 0);
INSERT INTO ezsearch_object_word_link VALUES (6003, 243, 2364, 0, 32, 2363, 2365, 1, 1068727871, 13, 119, '', 0);
INSERT INTO ezsearch_object_word_link VALUES (6004, 243, 2365, 0, 33, 2364, 2366, 1, 1068727871, 13, 119, '', 0);
INSERT INTO ezsearch_object_word_link VALUES (6005, 243, 2366, 0, 34, 2365, 2189, 1, 1068727871, 13, 119, '', 0);
INSERT INTO ezsearch_object_word_link VALUES (6006, 243, 2189, 0, 35, 2366, 2367, 1, 1068727871, 13, 119, '', 0);
INSERT INTO ezsearch_object_word_link VALUES (6007, 243, 2367, 0, 36, 2189, 2220, 1, 1068727871, 13, 119, '', 0);
INSERT INTO ezsearch_object_word_link VALUES (6008, 243, 2220, 0, 37, 2367, 2265, 1, 1068727871, 13, 119, '', 0);
INSERT INTO ezsearch_object_word_link VALUES (6009, 243, 2265, 0, 38, 2220, 2318, 1, 1068727871, 13, 119, '', 0);
INSERT INTO ezsearch_object_word_link VALUES (6010, 243, 2318, 0, 39, 2265, 2368, 1, 1068727871, 13, 119, '', 0);
INSERT INTO ezsearch_object_word_link VALUES (6011, 243, 2368, 0, 40, 2318, 2230, 1, 1068727871, 13, 119, '', 0);
INSERT INTO ezsearch_object_word_link VALUES (6012, 243, 2230, 0, 41, 2368, 2265, 1, 1068727871, 13, 119, '', 0);
INSERT INTO ezsearch_object_word_link VALUES (6013, 243, 2265, 0, 42, 2230, 2369, 1, 1068727871, 13, 119, '', 0);
INSERT INTO ezsearch_object_word_link VALUES (6014, 243, 2369, 0, 43, 2265, 2370, 1, 1068727871, 13, 119, '', 0);
INSERT INTO ezsearch_object_word_link VALUES (6015, 243, 2370, 0, 44, 2369, 2371, 1, 1068727871, 13, 119, '', 0);
INSERT INTO ezsearch_object_word_link VALUES (6016, 243, 2371, 0, 45, 2370, 0, 1, 1068727871, 13, 119, '', 0);
INSERT INTO ezsearch_object_word_link VALUES (6017, 253, 2372, 0, 0, 0, 2221, 23, 1069770254, 13, 202, '', 0);
INSERT INTO ezsearch_object_word_link VALUES (6018, 253, 2221, 0, 1, 2372, 2303, 23, 1069770254, 13, 202, '', 0);
INSERT INTO ezsearch_object_word_link VALUES (6019, 253, 2303, 0, 2, 2221, 2203, 23, 1069770254, 13, 202, '', 0);
INSERT INTO ezsearch_object_word_link VALUES (6020, 253, 2203, 0, 3, 2303, 2190, 23, 1069770254, 13, 202, '', 0);
INSERT INTO ezsearch_object_word_link VALUES (6021, 253, 2190, 0, 4, 2203, 2206, 23, 1069770254, 13, 202, '', 0);
INSERT INTO ezsearch_object_word_link VALUES (6022, 253, 2206, 0, 5, 2190, 2372, 23, 1069770254, 13, 202, '', 0);
INSERT INTO ezsearch_object_word_link VALUES (6023, 253, 2372, 0, 6, 2206, 2221, 23, 1069770254, 13, 202, '', 0);
INSERT INTO ezsearch_object_word_link VALUES (6024, 253, 2221, 0, 7, 2372, 2303, 23, 1069770254, 13, 202, '', 0);
INSERT INTO ezsearch_object_word_link VALUES (6025, 253, 2303, 0, 8, 2221, 2203, 23, 1069770254, 13, 202, '', 0);
INSERT INTO ezsearch_object_word_link VALUES (6026, 253, 2203, 0, 9, 2303, 2190, 23, 1069770254, 13, 202, '', 0);
INSERT INTO ezsearch_object_word_link VALUES (6027, 253, 2190, 0, 10, 2203, 2206, 23, 1069770254, 13, 202, '', 0);
INSERT INTO ezsearch_object_word_link VALUES (6028, 253, 2206, 0, 11, 2190, 2262, 23, 1069770254, 13, 202, '', 0);
INSERT INTO ezsearch_object_word_link VALUES (6029, 253, 2262, 0, 12, 2206, 2373, 23, 1069770254, 13, 203, '', 0);
INSERT INTO ezsearch_object_word_link VALUES (6030, 253, 2373, 0, 13, 2262, 2374, 23, 1069770254, 13, 203, '', 0);
INSERT INTO ezsearch_object_word_link VALUES (6031, 253, 2374, 0, 14, 2373, 2298, 23, 1069770254, 13, 203, '', 0);
INSERT INTO ezsearch_object_word_link VALUES (6032, 253, 2298, 0, 15, 2374, 2375, 23, 1069770254, 13, 203, '', 0);
INSERT INTO ezsearch_object_word_link VALUES (6033, 253, 2375, 0, 16, 2298, 2376, 23, 1069770254, 13, 203, '', 0);
INSERT INTO ezsearch_object_word_link VALUES (6034, 253, 2376, 0, 17, 2375, 2377, 23, 1069770254, 13, 203, '', 0);
INSERT INTO ezsearch_object_word_link VALUES (6035, 253, 2377, 0, 18, 2376, 2171, 23, 1069770254, 13, 203, '', 0);
INSERT INTO ezsearch_object_word_link VALUES (6036, 253, 2171, 0, 19, 2377, 2378, 23, 1069770254, 13, 203, '', 0);
INSERT INTO ezsearch_object_word_link VALUES (6037, 253, 2378, 0, 20, 2171, 2190, 23, 1069770254, 13, 203, '', 0);
INSERT INTO ezsearch_object_word_link VALUES (6038, 253, 2190, 0, 21, 2378, 2379, 23, 1069770254, 13, 203, '', 0);
INSERT INTO ezsearch_object_word_link VALUES (6039, 253, 2379, 0, 22, 2190, 2207, 23, 1069770254, 13, 203, '', 0);
INSERT INTO ezsearch_object_word_link VALUES (6040, 253, 2207, 0, 23, 2379, 2265, 23, 1069770254, 13, 203, '', 0);
INSERT INTO ezsearch_object_word_link VALUES (6041, 253, 2265, 0, 24, 2207, 2288, 23, 1069770254, 13, 203, '', 0);
INSERT INTO ezsearch_object_word_link VALUES (6042, 253, 2288, 0, 25, 2265, 2232, 23, 1069770254, 13, 203, '', 0);
INSERT INTO ezsearch_object_word_link VALUES (6043, 253, 2232, 0, 26, 2288, 2380, 23, 1069770254, 13, 203, '', 0);
INSERT INTO ezsearch_object_word_link VALUES (6044, 253, 2380, 0, 27, 2232, 2256, 23, 1069770254, 13, 203, '', 0);
INSERT INTO ezsearch_object_word_link VALUES (6045, 253, 2256, 0, 28, 2380, 2381, 23, 1069770254, 13, 203, '', 0);
INSERT INTO ezsearch_object_word_link VALUES (6046, 253, 2381, 0, 29, 2256, 2382, 23, 1069770254, 13, 203, '', 0);
INSERT INTO ezsearch_object_word_link VALUES (6047, 253, 2382, 0, 30, 2381, 2302, 23, 1069770254, 13, 203, '', 0);
INSERT INTO ezsearch_object_word_link VALUES (6048, 253, 2302, 0, 31, 2382, 2383, 23, 1069770254, 13, 203, '', 0);
INSERT INTO ezsearch_object_word_link VALUES (6049, 253, 2383, 0, 32, 2302, 2167, 23, 1069770254, 13, 203, '', 0);
INSERT INTO ezsearch_object_word_link VALUES (6050, 253, 2167, 0, 33, 2383, 2384, 23, 1069770254, 13, 203, '', 0);
INSERT INTO ezsearch_object_word_link VALUES (6051, 253, 2384, 0, 34, 2167, 2371, 23, 1069770254, 13, 203, '', 0);
INSERT INTO ezsearch_object_word_link VALUES (6052, 253, 2371, 0, 35, 2384, 2385, 23, 1069770254, 13, 203, '', 0);
INSERT INTO ezsearch_object_word_link VALUES (6053, 253, 2385, 0, 36, 2371, 2262, 23, 1069770254, 13, 203, '', 0);
INSERT INTO ezsearch_object_word_link VALUES (6054, 253, 2262, 0, 37, 2385, 2373, 23, 1069770254, 13, 203, '', 0);
INSERT INTO ezsearch_object_word_link VALUES (6055, 253, 2373, 0, 38, 2262, 2374, 23, 1069770254, 13, 203, '', 0);
INSERT INTO ezsearch_object_word_link VALUES (6056, 253, 2374, 0, 39, 2373, 2298, 23, 1069770254, 13, 203, '', 0);
INSERT INTO ezsearch_object_word_link VALUES (6057, 253, 2298, 0, 40, 2374, 2375, 23, 1069770254, 13, 203, '', 0);
INSERT INTO ezsearch_object_word_link VALUES (6058, 253, 2375, 0, 41, 2298, 2376, 23, 1069770254, 13, 203, '', 0);
INSERT INTO ezsearch_object_word_link VALUES (6059, 253, 2376, 0, 42, 2375, 2377, 23, 1069770254, 13, 203, '', 0);
INSERT INTO ezsearch_object_word_link VALUES (6060, 253, 2377, 0, 43, 2376, 2171, 23, 1069770254, 13, 203, '', 0);
INSERT INTO ezsearch_object_word_link VALUES (6061, 253, 2171, 0, 44, 2377, 2378, 23, 1069770254, 13, 203, '', 0);
INSERT INTO ezsearch_object_word_link VALUES (6062, 253, 2378, 0, 45, 2171, 2190, 23, 1069770254, 13, 203, '', 0);
INSERT INTO ezsearch_object_word_link VALUES (6063, 253, 2190, 0, 46, 2378, 2379, 23, 1069770254, 13, 203, '', 0);
INSERT INTO ezsearch_object_word_link VALUES (6064, 253, 2379, 0, 47, 2190, 2207, 23, 1069770254, 13, 203, '', 0);
INSERT INTO ezsearch_object_word_link VALUES (6065, 253, 2207, 0, 48, 2379, 2265, 23, 1069770254, 13, 203, '', 0);
INSERT INTO ezsearch_object_word_link VALUES (6066, 253, 2265, 0, 49, 2207, 2288, 23, 1069770254, 13, 203, '', 0);
INSERT INTO ezsearch_object_word_link VALUES (6067, 253, 2288, 0, 50, 2265, 2232, 23, 1069770254, 13, 203, '', 0);
INSERT INTO ezsearch_object_word_link VALUES (6068, 253, 2232, 0, 51, 2288, 2380, 23, 1069770254, 13, 203, '', 0);
INSERT INTO ezsearch_object_word_link VALUES (6069, 253, 2380, 0, 52, 2232, 2256, 23, 1069770254, 13, 203, '', 0);
INSERT INTO ezsearch_object_word_link VALUES (6070, 253, 2256, 0, 53, 2380, 2381, 23, 1069770254, 13, 203, '', 0);
INSERT INTO ezsearch_object_word_link VALUES (6071, 253, 2381, 0, 54, 2256, 2382, 23, 1069770254, 13, 203, '', 0);
INSERT INTO ezsearch_object_word_link VALUES (6072, 253, 2382, 0, 55, 2381, 2302, 23, 1069770254, 13, 203, '', 0);
INSERT INTO ezsearch_object_word_link VALUES (6073, 253, 2302, 0, 56, 2382, 2383, 23, 1069770254, 13, 203, '', 0);
INSERT INTO ezsearch_object_word_link VALUES (6074, 253, 2383, 0, 57, 2302, 2167, 23, 1069770254, 13, 203, '', 0);
INSERT INTO ezsearch_object_word_link VALUES (6075, 253, 2167, 0, 58, 2383, 2384, 23, 1069770254, 13, 203, '', 0);
INSERT INTO ezsearch_object_word_link VALUES (6076, 253, 2384, 0, 59, 2167, 2371, 23, 1069770254, 13, 203, '', 0);
INSERT INTO ezsearch_object_word_link VALUES (6077, 253, 2371, 0, 60, 2384, 2385, 23, 1069770254, 13, 203, '', 0);
INSERT INTO ezsearch_object_word_link VALUES (6078, 253, 2385, 0, 61, 2371, 2306, 23, 1069770254, 13, 203, '', 0);
INSERT INTO ezsearch_object_word_link VALUES (6079, 253, 2306, 0, 62, 2385, 2306, 23, 1069770254, 13, 213, '', 0);
INSERT INTO ezsearch_object_word_link VALUES (6080, 253, 2306, 0, 63, 2306, 0, 23, 1069770254, 13, 213, '', 0);
INSERT INTO ezsearch_object_word_link VALUES (6081, 11, 2386, 0, 0, 0, 2387, 3, 1033920746, 2, 6, '', 0);
INSERT INTO ezsearch_object_word_link VALUES (6082, 11, 2387, 0, 1, 2386, 2386, 3, 1033920746, 2, 6, '', 0);
INSERT INTO ezsearch_object_word_link VALUES (6083, 11, 2386, 0, 2, 2387, 2387, 3, 1033920746, 2, 6, '', 0);
INSERT INTO ezsearch_object_word_link VALUES (6084, 11, 2387, 0, 3, 2386, 0, 3, 1033920746, 2, 6, '', 0);
INSERT INTO ezsearch_object_word_link VALUES (6085, 12, 2388, 0, 0, 0, 2389, 3, 1033920775, 2, 6, '', 0);
INSERT INTO ezsearch_object_word_link VALUES (6086, 12, 2389, 0, 1, 2388, 2388, 3, 1033920775, 2, 6, '', 0);
INSERT INTO ezsearch_object_word_link VALUES (6087, 12, 2388, 0, 2, 2389, 2389, 3, 1033920775, 2, 6, '', 0);
INSERT INTO ezsearch_object_word_link VALUES (6088, 12, 2389, 0, 3, 2388, 0, 3, 1033920775, 2, 6, '', 0);
INSERT INTO ezsearch_object_word_link VALUES (6089, 14, 2388, 0, 0, 0, 2388, 4, 1033920830, 2, 8, '', 0);
INSERT INTO ezsearch_object_word_link VALUES (6090, 14, 2388, 0, 1, 2388, 2390, 4, 1033920830, 2, 8, '', 0);
INSERT INTO ezsearch_object_word_link VALUES (6091, 14, 2390, 0, 2, 2388, 2390, 4, 1033920830, 2, 9, '', 0);
INSERT INTO ezsearch_object_word_link VALUES (6092, 14, 2390, 0, 3, 2390, 2391, 4, 1033920830, 2, 9, '', 0);
INSERT INTO ezsearch_object_word_link VALUES (6093, 14, 2391, 0, 4, 2390, 2391, 4, 1033920830, 2, 197, '', 0);
INSERT INTO ezsearch_object_word_link VALUES (6094, 14, 2391, 0, 5, 2391, 2392, 4, 1033920830, 2, 197, '', 0);
INSERT INTO ezsearch_object_word_link VALUES (6095, 14, 2392, 0, 6, 2391, 2393, 4, 1033920830, 2, 198, '', 0);
INSERT INTO ezsearch_object_word_link VALUES (6096, 14, 2393, 0, 7, 2392, 2392, 4, 1033920830, 2, 198, '', 0);
INSERT INTO ezsearch_object_word_link VALUES (6097, 14, 2392, 0, 8, 2393, 2393, 4, 1033920830, 2, 198, '', 0);
INSERT INTO ezsearch_object_word_link VALUES (6098, 14, 2393, 0, 9, 2392, 2394, 4, 1033920830, 2, 198, '', 0);
INSERT INTO ezsearch_object_word_link VALUES (6099, 14, 2394, 0, 10, 2393, 2394, 4, 1033920830, 2, 199, '', 0);
INSERT INTO ezsearch_object_word_link VALUES (6100, 14, 2394, 0, 11, 2394, 0, 4, 1033920830, 2, 199, '', 0);
INSERT INTO ezsearch_object_word_link VALUES (6101, 13, 2395, 0, 0, 0, 2395, 3, 1033920794, 2, 6, '', 0);
INSERT INTO ezsearch_object_word_link VALUES (6102, 13, 2395, 0, 1, 2395, 0, 3, 1033920794, 2, 6, '', 0);
INSERT INTO ezsearch_object_word_link VALUES (6103, 268, 2396, 0, 0, 0, 2389, 3, 1072186482, 2, 6, '', 0);
INSERT INTO ezsearch_object_word_link VALUES (6104, 268, 2389, 0, 1, 2396, 2396, 3, 1072186482, 2, 6, '', 0);
INSERT INTO ezsearch_object_word_link VALUES (6105, 268, 2396, 0, 2, 2389, 2389, 3, 1072186482, 2, 6, '', 0);
INSERT INTO ezsearch_object_word_link VALUES (6106, 268, 2389, 0, 3, 2396, 2390, 3, 1072186482, 2, 6, '', 0);
INSERT INTO ezsearch_object_word_link VALUES (6107, 268, 2390, 0, 4, 2389, 2397, 3, 1072186482, 2, 7, '', 0);
INSERT INTO ezsearch_object_word_link VALUES (6108, 268, 2397, 0, 5, 2390, 2193, 3, 1072186482, 2, 7, '', 0);
INSERT INTO ezsearch_object_word_link VALUES (6109, 268, 2193, 0, 6, 2397, 2190, 3, 1072186482, 2, 7, '', 0);
INSERT INTO ezsearch_object_word_link VALUES (6110, 268, 2190, 0, 7, 2193, 2396, 3, 1072186482, 2, 7, '', 0);
INSERT INTO ezsearch_object_word_link VALUES (6111, 268, 2396, 0, 8, 2190, 2390, 3, 1072186482, 2, 7, '', 0);
INSERT INTO ezsearch_object_word_link VALUES (6112, 268, 2390, 0, 9, 2396, 2390, 3, 1072186482, 2, 7, '', 0);
INSERT INTO ezsearch_object_word_link VALUES (6113, 268, 2390, 0, 10, 2390, 2397, 3, 1072186482, 2, 7, '', 0);
INSERT INTO ezsearch_object_word_link VALUES (6114, 268, 2397, 0, 11, 2390, 2193, 3, 1072186482, 2, 7, '', 0);
INSERT INTO ezsearch_object_word_link VALUES (6115, 268, 2193, 0, 12, 2397, 2190, 3, 1072186482, 2, 7, '', 0);
INSERT INTO ezsearch_object_word_link VALUES (6116, 268, 2190, 0, 13, 2193, 2396, 3, 1072186482, 2, 7, '', 0);
INSERT INTO ezsearch_object_word_link VALUES (6117, 268, 2396, 0, 14, 2190, 2390, 3, 1072186482, 2, 7, '', 0);
INSERT INTO ezsearch_object_word_link VALUES (6118, 268, 2390, 0, 15, 2396, 0, 3, 1072186482, 2, 7, '', 0);
INSERT INTO ezsearch_object_word_link VALUES (6119, 10, 2396, 0, 0, 0, 2396, 4, 1033920665, 2, 8, '', 0);
INSERT INTO ezsearch_object_word_link VALUES (6120, 10, 2396, 0, 1, 2396, 2390, 4, 1033920665, 2, 8, '', 0);
INSERT INTO ezsearch_object_word_link VALUES (6121, 10, 2390, 0, 2, 2396, 2390, 4, 1033920665, 2, 9, '', 0);
INSERT INTO ezsearch_object_word_link VALUES (6122, 10, 2390, 0, 3, 2390, 0, 4, 1033920665, 2, 9, '', 0);
INSERT INTO ezsearch_object_word_link VALUES (6123, 44, 2398, 0, 0, 0, 2182, 1, 1066384457, 11, 4, '', 0);
INSERT INTO ezsearch_object_word_link VALUES (6124, 44, 2182, 0, 1, 2398, 2398, 1, 1066384457, 11, 4, '', 0);
INSERT INTO ezsearch_object_word_link VALUES (6125, 44, 2398, 0, 2, 2182, 2182, 1, 1066384457, 11, 4, '', 0);
INSERT INTO ezsearch_object_word_link VALUES (6126, 44, 2182, 0, 3, 2398, 0, 1, 1066384457, 11, 4, '', 0);
INSERT INTO ezsearch_object_word_link VALUES (6127, 43, 2399, 0, 0, 0, 2399, 14, 1066384365, 11, 152, '', 0);
INSERT INTO ezsearch_object_word_link VALUES (6128, 43, 2399, 0, 1, 2399, 2400, 14, 1066384365, 11, 152, '', 0);
INSERT INTO ezsearch_object_word_link VALUES (6129, 43, 2400, 0, 2, 2399, 2401, 14, 1066384365, 11, 155, '', 0);
INSERT INTO ezsearch_object_word_link VALUES (6130, 43, 2401, 0, 3, 2400, 2400, 14, 1066384365, 11, 155, '', 0);
INSERT INTO ezsearch_object_word_link VALUES (6131, 43, 2400, 0, 4, 2401, 2401, 14, 1066384365, 11, 155, '', 0);
INSERT INTO ezsearch_object_word_link VALUES (6132, 43, 2401, 0, 5, 2400, 0, 14, 1066384365, 11, 155, '', 0);
INSERT INTO ezsearch_object_word_link VALUES (6133, 45, 2402, 0, 0, 0, 2189, 14, 1066388816, 11, 152, '', 0);
INSERT INTO ezsearch_object_word_link VALUES (6134, 45, 2189, 0, 1, 2402, 2403, 14, 1066388816, 11, 152, '', 0);
INSERT INTO ezsearch_object_word_link VALUES (6135, 45, 2403, 0, 2, 2189, 2402, 14, 1066388816, 11, 152, '', 0);
INSERT INTO ezsearch_object_word_link VALUES (6136, 45, 2402, 0, 3, 2403, 2189, 14, 1066388816, 11, 152, '', 0);
INSERT INTO ezsearch_object_word_link VALUES (6137, 45, 2189, 0, 4, 2402, 2403, 14, 1066388816, 11, 152, '', 0);
INSERT INTO ezsearch_object_word_link VALUES (6138, 45, 2403, 0, 5, 2189, 2200, 14, 1066388816, 11, 152, '', 0);
INSERT INTO ezsearch_object_word_link VALUES (6139, 45, 2200, 0, 6, 2403, 2404, 14, 1066388816, 11, 155, '', 0);
INSERT INTO ezsearch_object_word_link VALUES (6140, 45, 2404, 0, 7, 2200, 2405, 14, 1066388816, 11, 155, '', 0);
INSERT INTO ezsearch_object_word_link VALUES (6141, 45, 2405, 0, 8, 2404, 2200, 14, 1066388816, 11, 155, '', 0);
INSERT INTO ezsearch_object_word_link VALUES (6142, 45, 2200, 0, 9, 2405, 2404, 14, 1066388816, 11, 155, '', 0);
INSERT INTO ezsearch_object_word_link VALUES (6143, 45, 2404, 0, 10, 2200, 2405, 14, 1066388816, 11, 155, '', 0);
INSERT INTO ezsearch_object_word_link VALUES (6144, 45, 2405, 0, 11, 2404, 0, 14, 1066388816, 11, 155, '', 0);
INSERT INTO ezsearch_object_word_link VALUES (6145, 115, 2406, 0, 0, 0, 2406, 14, 1066991725, 11, 152, '', 0);
INSERT INTO ezsearch_object_word_link VALUES (6146, 115, 2406, 0, 1, 2406, 2398, 14, 1066991725, 11, 152, '', 0);
INSERT INTO ezsearch_object_word_link VALUES (6147, 115, 2398, 0, 2, 2406, 2406, 14, 1066991725, 11, 155, '', 0);
INSERT INTO ezsearch_object_word_link VALUES (6148, 115, 2406, 0, 3, 2398, 2398, 14, 1066991725, 11, 155, '', 0);
INSERT INTO ezsearch_object_word_link VALUES (6149, 115, 2398, 0, 4, 2406, 2406, 14, 1066991725, 11, 155, '', 0);
INSERT INTO ezsearch_object_word_link VALUES (6150, 115, 2406, 0, 5, 2398, 0, 14, 1066991725, 11, 155, '', 0);
INSERT INTO ezsearch_object_word_link VALUES (6151, 116, 2407, 0, 0, 0, 2408, 14, 1066992054, 11, 152, '', 0);
INSERT INTO ezsearch_object_word_link VALUES (6152, 116, 2408, 0, 1, 2407, 2407, 14, 1066992054, 11, 152, '', 0);
INSERT INTO ezsearch_object_word_link VALUES (6153, 116, 2407, 0, 2, 2408, 2408, 14, 1066992054, 11, 152, '', 0);
INSERT INTO ezsearch_object_word_link VALUES (6154, 116, 2408, 0, 3, 2407, 2200, 14, 1066992054, 11, 152, '', 0);
INSERT INTO ezsearch_object_word_link VALUES (6155, 116, 2200, 0, 4, 2408, 2409, 14, 1066992054, 11, 155, '', 0);
INSERT INTO ezsearch_object_word_link VALUES (6156, 116, 2409, 0, 5, 2200, 2200, 14, 1066992054, 11, 155, '', 0);
INSERT INTO ezsearch_object_word_link VALUES (6157, 116, 2200, 0, 6, 2409, 2409, 14, 1066992054, 11, 155, '', 0);
INSERT INTO ezsearch_object_word_link VALUES (6158, 116, 2409, 0, 7, 2200, 0, 14, 1066992054, 11, 155, '', 0);
INSERT INTO ezsearch_object_word_link VALUES (6159, 46, 2402, 0, 0, 0, 2189, 1, 1066389805, 11, 4, '', 0);
INSERT INTO ezsearch_object_word_link VALUES (6160, 46, 2189, 0, 1, 2402, 2403, 1, 1066389805, 11, 4, '', 0);
INSERT INTO ezsearch_object_word_link VALUES (6161, 46, 2403, 0, 2, 2189, 2402, 1, 1066389805, 11, 4, '', 0);
INSERT INTO ezsearch_object_word_link VALUES (6162, 46, 2402, 0, 3, 2403, 2189, 1, 1066389805, 11, 4, '', 0);
INSERT INTO ezsearch_object_word_link VALUES (6163, 46, 2189, 0, 4, 2402, 2403, 1, 1066389805, 11, 4, '', 0);
INSERT INTO ezsearch_object_word_link VALUES (6164, 46, 2403, 0, 5, 2189, 0, 1, 1066389805, 11, 4, '', 0);
INSERT INTO ezsearch_object_word_link VALUES (6165, 56, 2410, 0, 0, 0, 2410, 15, 1066643397, 11, 161, '', 0);
INSERT INTO ezsearch_object_word_link VALUES (6166, 56, 2410, 0, 1, 2410, 0, 15, 1066643397, 11, 161, '', 0);





















INSERT INTO ezsearch_word VALUES (2168, 'anyway', 2);
INSERT INTO ezsearch_word VALUES (2172, 'short', 2);
INSERT INTO ezsearch_word VALUES (2173, 'young', 2);
INSERT INTO ezsearch_word VALUES (2174, 'smart', 4);
INSERT INTO ezsearch_word VALUES (2176, 'enough', 2);
INSERT INTO ezsearch_word VALUES (2177, 'pimples', 2);
INSERT INTO ezsearch_word VALUES (2178, 'boy', 2);
INSERT INTO ezsearch_word VALUES (2179, 'totally', 2);
INSERT INTO ezsearch_word VALUES (2181, 'addicted', 2);
INSERT INTO ezsearch_word VALUES (2183, 'worthwhile', 2);
INSERT INTO ezsearch_word VALUES (2184, 'websites', 2);
INSERT INTO ezsearch_word VALUES (2185, 'weblogs', 2);
INSERT INTO ezsearch_word VALUES (2186, 'journals', 2);
INSERT INTO ezsearch_word VALUES (2188, 'pubs', 2);
INSERT INTO ezsearch_word VALUES (2192, 'downloads', 2);
INSERT INTO ezsearch_word VALUES (2187, 'news', 4);
INSERT INTO ezsearch_word VALUES (2196, 'systems', 2);
INSERT INTO ezsearch_word VALUES (2197, 'creators', 2);
INSERT INTO ezsearch_word VALUES (2201, 'management', 2);
INSERT INTO ezsearch_word VALUES (2202, 'system', 2);
INSERT INTO ezsearch_word VALUES (2205, 'visit', 2);
INSERT INTO ezsearch_word VALUES (2195, 'ez', 8);
INSERT INTO ezsearch_word VALUES (2199, 'publish', 6);
INSERT INTO ezsearch_word VALUES (2204, 'freshmeat', 4);
INSERT INTO ezsearch_word VALUES (2210, 'homepage', 2);
INSERT INTO ezsearch_word VALUES (2211, 'movie', 2);
INSERT INTO ezsearch_word VALUES (2215, 't', 2);
INSERT INTO ezsearch_word VALUES (2216, 'wait', 2);
INSERT INTO ezsearch_word VALUES (2217, 'number', 2);
INSERT INTO ezsearch_word VALUES (2222, 'know', 2);
INSERT INTO ezsearch_word VALUES (2225, 'happen', 2);
INSERT INTO ezsearch_word VALUES (2226, 'sports', 2);
INSERT INTO ezsearch_word VALUES (2227, 'liverpool', 2);
INSERT INTO ezsearch_word VALUES (2228, 'fc', 2);
INSERT INTO ezsearch_word VALUES (2229, 'team', 2);
INSERT INTO ezsearch_word VALUES (2231, 'pondus', 2);
INSERT INTO ezsearch_word VALUES (2209, 'ever', 6);
INSERT INTO ezsearch_word VALUES (2234, 'discovered', 2);
INSERT INTO ezsearch_word VALUES (2235, 'football', 2);
INSERT INTO ezsearch_word VALUES (2236, 'fanatic', 2);
INSERT INTO ezsearch_word VALUES (2237, 'he', 2);
INSERT INTO ezsearch_word VALUES (2238, 'available', 2);
INSERT INTO ezsearch_word VALUES (2240, 'several', 2);
INSERT INTO ezsearch_word VALUES (2241, 'languages', 2);
INSERT INTO ezsearch_word VALUES (2242, 'but', 2);
INSERT INTO ezsearch_word VALUES (2194, 'site', 4);
INSERT INTO ezsearch_word VALUES (2243, 'norwegian', 2);
INSERT INTO ezsearch_word VALUES (2244, 'only', 2);
INSERT INTO ezsearch_word VALUES (2245, 'polls', 2);
INSERT INTO ezsearch_word VALUES (2248, 'do', 2);
INSERT INTO ezsearch_word VALUES (2191, 'like', 4);
INSERT INTO ezsearch_word VALUES (2208, 'best', 8);
INSERT INTO ezsearch_word VALUES (2249, 'or', 2);
INSERT INTO ezsearch_word VALUES (2212, 'lord', 4);
INSERT INTO ezsearch_word VALUES (2213, 'rings', 4);
INSERT INTO ezsearch_word VALUES (2250, 'blogs', 2);
INSERT INTO ezsearch_word VALUES (2251, 'parenthetical', 2);
INSERT INTO ezsearch_word VALUES (2252, 'thoughts', 2);
INSERT INTO ezsearch_word VALUES (2253, 'concepts', 2);
INSERT INTO ezsearch_word VALUES (2254, 'brainstorms', 2);
INSERT INTO ezsearch_word VALUES (2255, 'personal', 2);
INSERT INTO ezsearch_word VALUES (2257, 'glimpse', 2);
INSERT INTO ezsearch_word VALUES (2258, 'into', 2);
INSERT INTO ezsearch_word VALUES (2259, 'life', 2);
INSERT INTO ezsearch_word VALUES (2260, 'today', 2);
INSERT INTO ezsearch_word VALUES (2263, 'new', 2);
INSERT INTO ezsearch_word VALUES (2264, 'car', 2);
INSERT INTO ezsearch_word VALUES (2170, 'is', 12);
INSERT INTO ezsearch_word VALUES (2268, 'volkswagen', 2);
INSERT INTO ezsearch_word VALUES (2269, 'beetle', 2);
INSERT INTO ezsearch_word VALUES (2271, '1982', 2);
INSERT INTO ezsearch_word VALUES (2272, 'has', 2);
INSERT INTO ezsearch_word VALUES (2273, 'lot', 2);
INSERT INTO ezsearch_word VALUES (2275, 'charm', 2);
INSERT INTO ezsearch_word VALUES (2277, 'cost', 2);
INSERT INTO ezsearch_word VALUES (2278, 'money', 2);
INSERT INTO ezsearch_word VALUES (2279, 'bought', 2);
INSERT INTO ezsearch_word VALUES (2270, 'from', 4);
INSERT INTO ezsearch_word VALUES (2280, 'friend', 2);
INSERT INTO ezsearch_word VALUES (2281, '30', 2);
INSERT INTO ezsearch_word VALUES (2219, 'even', 4);
INSERT INTO ezsearch_word VALUES (2267, 'old', 4);
INSERT INTO ezsearch_word VALUES (2282, 'original', 2);
INSERT INTO ezsearch_word VALUES (2283, 'wheels', 2);
INSERT INTO ezsearch_word VALUES (2285, 'overslept', 2);
INSERT INTO ezsearch_word VALUES (2286, 'again', 2);
INSERT INTO ezsearch_word VALUES (2287, 'somehow', 2);
INSERT INTO ezsearch_word VALUES (2289, 'turned', 2);
INSERT INTO ezsearch_word VALUES (2290, 'alarm', 2);
INSERT INTO ezsearch_word VALUES (2291, 'sleep', 2);
INSERT INTO ezsearch_word VALUES (2292, 'woke', 2);
INSERT INTO ezsearch_word VALUES (2218, 'three', 4);
INSERT INTO ezsearch_word VALUES (2294, 'hours', 2);
INSERT INTO ezsearch_word VALUES (2295, 'late', 2);
INSERT INTO ezsearch_word VALUES (2296, 'missed', 2);
INSERT INTO ezsearch_word VALUES (2297, 'meeting', 2);
INSERT INTO ezsearch_word VALUES (2299, 'hopefully', 2);
INSERT INTO ezsearch_word VALUES (2301, 'girlfriend', 2);
INSERT INTO ezsearch_word VALUES (2304, 'very', 2);
INSERT INTO ezsearch_word VALUES (2305, 'happy', 2);
INSERT INTO ezsearch_word VALUES (2166, 'about', 4);
INSERT INTO ezsearch_word VALUES (2308, 'invited', 2);
INSERT INTO ezsearch_word VALUES (2307, 'party', 4);
INSERT INTO ezsearch_word VALUES (2309, 'friends', 2);
INSERT INTO ezsearch_word VALUES (2310, 'house', 2);
INSERT INTO ezsearch_word VALUES (2169, 'this', 10);
INSERT INTO ezsearch_word VALUES (2311, 'weekend', 2);
INSERT INTO ezsearch_word VALUES (2312, 'told', 2);
INSERT INTO ezsearch_word VALUES (2180, 'girl', 4);
INSERT INTO ezsearch_word VALUES (2313, 'dreams', 2);
INSERT INTO ezsearch_word VALUES (2314, 'also', 2);
INSERT INTO ezsearch_word VALUES (2300, 'be', 4);
INSERT INTO ezsearch_word VALUES (2315, 'there', 2);
INSERT INTO ezsearch_word VALUES (2316, 'helene', 2);
INSERT INTO ezsearch_word VALUES (2214, 'can', 4);
INSERT INTO ezsearch_word VALUES (2317, 'come', 2);
INSERT INTO ezsearch_word VALUES (2223, 'what', 6);
INSERT INTO ezsearch_word VALUES (2319, 'address', 2);
INSERT INTO ezsearch_word VALUES (2320, 'computers', 4);
INSERT INTO ezsearch_word VALUES (2321, 'handhelds', 2);
INSERT INTO ezsearch_word VALUES (2322, 'electronic', 2);
INSERT INTO ezsearch_word VALUES (2323, 'gadgets', 2);
INSERT INTO ezsearch_word VALUES (2325, 'connects', 2);
INSERT INTO ezsearch_word VALUES (2326, 'them', 2);
INSERT INTO ezsearch_word VALUES (2327, 'all', 2);
INSERT INTO ezsearch_word VALUES (2328, 'm', 2);
INSERT INTO ezsearch_word VALUES (2266, 'an', 4);
INSERT INTO ezsearch_word VALUES (2329, 'early', 2);
INSERT INTO ezsearch_word VALUES (2330, 'adopter', 2);
INSERT INTO ezsearch_word VALUES (2246, 'which', 8);
INSERT INTO ezsearch_word VALUES (2331, 'means', 2);
INSERT INTO ezsearch_word VALUES (2332, 'often', 2);
INSERT INTO ezsearch_word VALUES (2333, 'end', 2);
INSERT INTO ezsearch_word VALUES (2293, 'up', 4);
INSERT INTO ezsearch_word VALUES (2334, 'paying', 2);
INSERT INTO ezsearch_word VALUES (2335, 'price', 2);
INSERT INTO ezsearch_word VALUES (2274, 'more', 4);
INSERT INTO ezsearch_word VALUES (2336, 'than', 2);
INSERT INTO ezsearch_word VALUES (2247, 'one', 4);
INSERT INTO ezsearch_word VALUES (2339, 'after', 2);
INSERT INTO ezsearch_word VALUES (2340, 'such', 2);
INSERT INTO ezsearch_word VALUES (2342, 'time', 2);
INSERT INTO ezsearch_word VALUES (2343, 'pulling', 2);
INSERT INTO ezsearch_word VALUES (2344, 'hair', 2);
INSERT INTO ezsearch_word VALUES (2338, 'finally', 4);
INSERT INTO ezsearch_word VALUES (2261, 'got', 8);
INSERT INTO ezsearch_word VALUES (2345, 'latest', 2);
INSERT INTO ezsearch_word VALUES (2346, 'edition', 2);
INSERT INTO ezsearch_word VALUES (2324, 'software', 4);
INSERT INTO ezsearch_word VALUES (2347, 'working', 2);
INSERT INTO ezsearch_word VALUES (2348, 'perhaps', 2);
INSERT INTO ezsearch_word VALUES (2337, 'way', 4);
INSERT INTO ezsearch_word VALUES (2349, 'fortune', 2);
INSERT INTO ezsearch_word VALUES (2239, 'in', 10);
INSERT INTO ezsearch_word VALUES (2175, 'not', 6);
INSERT INTO ezsearch_word VALUES (2276, 'that', 6);
INSERT INTO ezsearch_word VALUES (2341, 'long', 4);
INSERT INTO ezsearch_word VALUES (2350, 'anymore', 2);
INSERT INTO ezsearch_word VALUES (2284, '1', 6);
INSERT INTO ezsearch_word VALUES (2351, 'tim', 2);
INSERT INTO ezsearch_word VALUES (2352, 'when', 2);
INSERT INTO ezsearch_word VALUES (2224, 'will', 8);
INSERT INTO ezsearch_word VALUES (2233, 'you', 6);
INSERT INTO ezsearch_word VALUES (2353, 'share', 2);
INSERT INTO ezsearch_word VALUES (2354, 'rest', 2);
INSERT INTO ezsearch_word VALUES (2198, 'of', 18);
INSERT INTO ezsearch_word VALUES (2355, 'us', 2);
INSERT INTO ezsearch_word VALUES (2356, 'entertainment', 2);
INSERT INTO ezsearch_word VALUES (2357, 'music', 2);
INSERT INTO ezsearch_word VALUES (2358, 'books', 2);
INSERT INTO ezsearch_word VALUES (2359, 'film', 2);
INSERT INTO ezsearch_word VALUES (2360, 'television', 2);
INSERT INTO ezsearch_word VALUES (2361, 'shopping', 2);
INSERT INTO ezsearch_word VALUES (2362, 'travel', 2);
INSERT INTO ezsearch_word VALUES (2363, 'many', 2);
INSERT INTO ezsearch_word VALUES (2364, 'other', 2);
INSERT INTO ezsearch_word VALUES (2365, 'fine', 2);
INSERT INTO ezsearch_word VALUES (2366, 'escapes', 2);
INSERT INTO ezsearch_word VALUES (2367, 'vices', 2);
INSERT INTO ezsearch_word VALUES (2220, 'if', 4);
INSERT INTO ezsearch_word VALUES (2318, 's', 4);
INSERT INTO ezsearch_word VALUES (2368, 'downright', 2);
INSERT INTO ezsearch_word VALUES (2230, 'fun', 4);
INSERT INTO ezsearch_word VALUES (2369, 'probably', 2);
INSERT INTO ezsearch_word VALUES (2370, 'belongs', 2);
INSERT INTO ezsearch_word VALUES (2372, 'tonight', 2);
INSERT INTO ezsearch_word VALUES (2221, 'i', 28);
INSERT INTO ezsearch_word VALUES (2303, 'was', 8);
INSERT INTO ezsearch_word VALUES (2203, 'at', 8);
INSERT INTO ezsearch_word VALUES (2206, 'movies', 8);
INSERT INTO ezsearch_word VALUES (2262, 'my', 14);
INSERT INTO ezsearch_word VALUES (2373, 'first', 2);
INSERT INTO ezsearch_word VALUES (2374, 'date', 2);
INSERT INTO ezsearch_word VALUES (2298, 'with', 8);
INSERT INTO ezsearch_word VALUES (2375, 'mia', 2);
INSERT INTO ezsearch_word VALUES (2376, 'we', 2);
INSERT INTO ezsearch_word VALUES (2377, 'went', 2);
INSERT INTO ezsearch_word VALUES (2171, 'to', 14);
INSERT INTO ezsearch_word VALUES (2378, 'see', 2);
INSERT INTO ezsearch_word VALUES (2379, 'romantic', 2);
INSERT INTO ezsearch_word VALUES (2207, 'matrix', 8);
INSERT INTO ezsearch_word VALUES (2265, 'it', 18);
INSERT INTO ezsearch_word VALUES (2288, 'must', 4);
INSERT INTO ezsearch_word VALUES (2232, 'have', 6);
INSERT INTO ezsearch_word VALUES (2380, 'been', 2);
INSERT INTO ezsearch_word VALUES (2256, 'a', 16);
INSERT INTO ezsearch_word VALUES (2381, 'success', 2);
INSERT INTO ezsearch_word VALUES (2382, 'since', 2);
INSERT INTO ezsearch_word VALUES (2302, 'she', 4);
INSERT INTO ezsearch_word VALUES (2383, 'let', 2);
INSERT INTO ezsearch_word VALUES (2167, 'me', 10);
INSERT INTO ezsearch_word VALUES (2384, 'follow', 2);
INSERT INTO ezsearch_word VALUES (2371, 'here', 4);
INSERT INTO ezsearch_word VALUES (2385, 'home', 2);
INSERT INTO ezsearch_word VALUES (2306, '0', 4);
INSERT INTO ezsearch_word VALUES (2386, 'guest', 2);
INSERT INTO ezsearch_word VALUES (2387, 'accounts', 2);
INSERT INTO ezsearch_word VALUES (2388, 'administrator', 4);
INSERT INTO ezsearch_word VALUES (2391, 'uberguru', 2);
INSERT INTO ezsearch_word VALUES (2392, 'skien', 2);
INSERT INTO ezsearch_word VALUES (2393, 'norway', 2);
INSERT INTO ezsearch_word VALUES (2394, 'developer', 2);
INSERT INTO ezsearch_word VALUES (2395, 'editors', 2);
INSERT INTO ezsearch_word VALUES (2389, 'users', 4);
INSERT INTO ezsearch_word VALUES (2397, 'group', 2);
INSERT INTO ezsearch_word VALUES (2193, 'for', 10);
INSERT INTO ezsearch_word VALUES (2190, 'the', 46);
INSERT INTO ezsearch_word VALUES (2396, 'anonymous', 6);
INSERT INTO ezsearch_word VALUES (2390, 'user', 8);
INSERT INTO ezsearch_word VALUES (2182, 'links', 6);
INSERT INTO ezsearch_word VALUES (2399, 'classes', 2);
INSERT INTO ezsearch_word VALUES (2400, 'class', 2);
INSERT INTO ezsearch_word VALUES (2401, 'grouplist', 2);
INSERT INTO ezsearch_word VALUES (2404, 'edit', 2);
INSERT INTO ezsearch_word VALUES (2405, '56', 2);
INSERT INTO ezsearch_word VALUES (2398, 'setup', 4);
INSERT INTO ezsearch_word VALUES (2406, 'cache', 4);
INSERT INTO ezsearch_word VALUES (2407, 'url', 2);
INSERT INTO ezsearch_word VALUES (2408, 'translator', 2);
INSERT INTO ezsearch_word VALUES (2200, 'content', 6);
INSERT INTO ezsearch_word VALUES (2409, 'urltranslator', 2);
INSERT INTO ezsearch_word VALUES (2402, 'look', 4);
INSERT INTO ezsearch_word VALUES (2189, 'and', 20);
INSERT INTO ezsearch_word VALUES (2403, 'feel', 4);
INSERT INTO ezsearch_word VALUES (2410, 'blog_package', 2);







INSERT INTO ezsection VALUES (1, 'Standard section', 'nor-NO', 'ezcontentnavigationpart');
INSERT INTO ezsection VALUES (2, 'Users', '', 'ezusernavigationpart');
INSERT INTO ezsection VALUES (3, 'Media', '', 'ezmedianavigationpart');
INSERT INTO ezsection VALUES (4, 'News', '', 'ezcontentnavigationpart');
INSERT INTO ezsection VALUES (5, 'Contact', '', 'ezcontentnavigationpart');
INSERT INTO ezsection VALUES (6, 'Files', '', 'ezcontentnavigationpart');
INSERT INTO ezsection VALUES (11, 'Set up object', '', 'ezsetupnavigationpart');
INSERT INTO ezsection VALUES (12, 'Links', '', 'ezcontentnavigationpart');
INSERT INTO ezsection VALUES (13, 'Blogs', '', 'ezcontentnavigationpart');




























INSERT INTO ezurl VALUES (1, 'http://ez.no', 1068713677, 1068713677, 1, 0, 'dfcdb471b240d964dc3f57b998eb0533');
INSERT INTO ezurl VALUES (2, 'http://www.vg.no', 1068718860, 1068718860, 1, 0, '26f1033e463720ae68742157890bc752');
INSERT INTO ezurl VALUES (3, 'http://www.sina.com.cn', 1068718957, 1068718957, 1, 0, '4f12a25ee6cc3d6123be77df850e343e');
INSERT INTO ezurl VALUES (4, 'http://download.hzinfo.com', 1068719250, 1068719250, 1, 0, '4c9c884a40d63b7d9555ffb77fe75466');
INSERT INTO ezurl VALUES (5, 'http://vg.no', 1069407573, 1069407573, 1, 0, '5d85f44aadfc8b160572da41691d0162');
INSERT INTO ezurl VALUES (6, 'http://freshmeat.net/projects/ezpublish/?topic_id=92%2C243%2C234%2C87%2C96', 1069770809, 1069770809, 1, 0, 'd85ef15ed11d5ac7c04896ad03afb12d');
INSERT INTO ezurl VALUES (7, 'http://whatisthematrix.warnerbros.com/', 1069770910, 1069770910, 1, 0, '12a254b2a3a7390dbc7fbc4db47b62ac');
INSERT INTO ezurl VALUES (8, 'http://www.lordoftherings.net/', 1069770983, 1069770983, 1, 0, '3132ce6558475654ae838771140f480c');
INSERT INTO ezurl VALUES (9, 'http://liverpoolfc.tv/', 1069771089, 1069771089, 1, 0, '967039f689cc4043aadbd2525f6d4e17');
INSERT INTO ezurl VALUES (10, 'http://www.start.no/pondus/', 1069773629, 1069773629, 1, 0, '1403d356d0dd0fd838927ddb32cc06e1');







INSERT INTO ezurl_object_link VALUES (1, 768, 1);
INSERT INTO ezurl_object_link VALUES (1, 991, 1);
INSERT INTO ezurl_object_link VALUES (2, 800, 1);
INSERT INTO ezurl_object_link VALUES (3, 807, 1);
INSERT INTO ezurl_object_link VALUES (4, 814, 1);
INSERT INTO ezurl_object_link VALUES (5, 945, 57);
INSERT INTO ezurl_object_link VALUES (6, 994, 1);
INSERT INTO ezurl_object_link VALUES (7, 1002, 1);
INSERT INTO ezurl_object_link VALUES (8, 1005, 1);
INSERT INTO ezurl_object_link VALUES (9, 1013, 1);
INSERT INTO ezurl_object_link VALUES (10, 1026, 1);







INSERT INTO ezurlalias VALUES (19, 'users/guest_accounts/test_test', '27a1813763d43de613bf05c31df7a6ef', 'content/view/full/42', 1, 0, 0);
INSERT INTO ezurlalias VALUES (22, 'setup/classes', '9e8c46c1357285763cd49ea56c57312d', 'content/view/full/45', 1, 24, 0);
INSERT INTO ezurlalias VALUES (25, 'setup/setup_links/setup_objects', 'a695bd42e59634b44441ca4e4548e94a', 'content/view/full/47', 1, 80, 0);
INSERT INTO ezurlalias VALUES (26, 'setup/fonts_and_colors', 'db4641c5ea979dba4cfd99ea3267a456', 'content/view/full/48', 1, 27, 0);
INSERT INTO ezurlalias VALUES (83, 'contact/persons/yu_wenyue', 'fc401743c753cd52d41b8bbeffbda14a', 'content/view/full/85', 1, 0, 0);
INSERT INTO ezurlalias VALUES (29, 'news', '508c75c8507a2ae5223dfd2faeb98122', 'content/view/full/50', 1, 154, 0);
INSERT INTO ezurlalias VALUES (125, 'discussions/forum_main_group/music_discussion/latest_msg_not_sticky', '70cf693961dcdd67766bf941c3ed2202', 'content/view/full/130', 1, 0, 0);
INSERT INTO ezurlalias VALUES (126, 'discussions/forum_main_group/music_discussion/not_sticky_2', '969f470c93e2131a0884648b91691d0b', 'content/view/full/131', 1, 0, 0);
INSERT INTO ezurlalias VALUES (34, 'setup/look_and_feel/intranet', '6d6a9d6e8f6cadb080fffb1276dd1e5e', 'content/view/full/54', 1, 189, 0);
INSERT INTO ezurlalias VALUES (124, 'discussions/forum_main_group/music_discussion/new_topic_sticky/reply', 'f3dd8b6512a0b04b426ef7d7307b7229', 'content/view/full/129', 1, 0, 0);
INSERT INTO ezurlalias VALUES (122, 'about_this_forum', '55803ba2746d617ca86e2a61b1d32d8b', 'content/view/full/127', 1, 153, 0);
INSERT INTO ezurlalias VALUES (123, 'discussions/forum_main_group/music_discussion/new_topic_sticky', 'bf37b4a370ddb3935d0625a5b348dd20', 'content/view/full/128', 1, 0, 0);
INSERT INTO ezurlalias VALUES (99, 'setup/look_and_feel/corporate', 'ab9f681938bd76b97b3ab1256b61119e', 'content/view/full/54', 1, 189, 0);
INSERT INTO ezurlalias VALUES (90, 'contact/companies/foo_bar_corp/fido_barida', 'ce1be6fe76c4671d8616c8bf1b5365de', 'content/view/full/102', 1, 0, 0);
INSERT INTO ezurlalias VALUES (93, 'setup/look_and_feel/intranetyy', '53849c55dbaf18cf2c0b278123c9a7b2', 'content/view/full/54', 1, 189, 0);
INSERT INTO ezurlalias VALUES (87, 'contact/companies/foo_bar_corp', 'b22fd60d77fb6f2a6f9ac44b28c6ff16', 'content/view/full/99', 1, 0, 0);
INSERT INTO ezurlalias VALUES (88, 'contact/companies/ez_sys/vidar_langseid', 'df1e0c77c37e8039c443cb24d9494996', 'content/view/full/100', 1, 0, 0);
INSERT INTO ezurlalias VALUES (89, 'contact/companies/ez_sys/brd_farstad', '9c7d13ba2d21bc56807f81ee923bce94', 'content/view/full/101', 1, 0, 0);
INSERT INTO ezurlalias VALUES (59, 'contact/companies/abb', '809afee2cd77358a08683bf42e27636f', 'content/view/full/78', 1, 0, 0);
INSERT INTO ezurlalias VALUES (60, 'files/products/online_editor', '766820f3f5b43065be86e00af303dc78', 'content/view/full/79', 1, 0, 0);
INSERT INTO ezurlalias VALUES (61, 'files/products/ez_publish_32', 'bb00f9e0da1ab19bedc52774d1b75dd2', 'content/view/full/80', 1, 0, 0);
INSERT INTO ezurlalias VALUES (127, 'discussions/forum_main_group/music_discussion/important_sticky', '2f16cf3039c97025a43f23182b4b6d60', 'content/view/full/132', 1, 0, 0);
INSERT INTO ezurlalias VALUES (65, 'munich1', '3a6e2f1cb7b127c4984af22780094240', 'content/view/full/84', 1, 69, 0);
INSERT INTO ezurlalias VALUES (66, 'contact/persons/wenyue', '05cf086075eeb7923d9ef1d22c358892', 'content/view/full/85', 1, 83, 0);
INSERT INTO ezurlalias VALUES (84, 'contact/persons/reiten_bjrn', 'af38d7e864c796edd66d5a0aaea69c8c', 'content/view/full/90', 1, 0, 0);
INSERT INTO ezurlalias VALUES (69, 'media/images/news/munich1', '0492853131729dac783e4c4dc6e7a676', 'content/view/full/84', 1, 0, 0);
INSERT INTO ezurlalias VALUES (71, 'media/images/contact/mr_xxx', 'e613416ebc175f81b5660d2e1758d1d0', 'content/view/full/89', 1, 0, 0);
INSERT INTO ezurlalias VALUES (72, 'l', '2db95e8e1a9267b7a1188556b2013b33', 'user/logout', 0, 0, 0);
INSERT INTO ezurlalias VALUES (73, 'contact/persons/bjrn', '59dd7166c379c7fd437cd6afe746a285', 'content/view/full/90', 1, 84, 0);
INSERT INTO ezurlalias VALUES (102, 'discussions/this_is_a_new_topic', '61d5152ba3d9318df59ebe28bce4c690', 'content/view/full/112', 1, 105, 0);
INSERT INTO ezurlalias VALUES (155, 'news/*', '5319b79408bf223063ba67c14ad03ee0', 'blogs/{1}', 1, 0, 1);
INSERT INTO ezurlalias VALUES (82, 'images/*', '04e9ea07da46830b94f38285ba6ea065', 'media/images/{1}', 1, 0, 1);
INSERT INTO ezurlalias VALUES (86, 'contact/companies/ez_sys', '9e1c777b00ef2ded56fe0fdf13547570', 'content/view/full/98', 1, 0, 0);
INSERT INTO ezurlalias VALUES (104, 'discussions/music_discussion', '09533dfccc8477debe545d31bccf391f', 'content/view/full/114', 1, 149, 0);
INSERT INTO ezurlalias VALUES (105, 'discussions/forum_main_group/music_discussion/this_is_a_new_topic', 'cec6b1593bf03079990a89a3fdc60c56', 'content/view/full/112', 1, 0, 0);
INSERT INTO ezurlalias VALUES (106, 'discussions/this_is_a_new_topic/*', '3597b3c74225331ec401c8abc9f6d1d4', 'discussions/music_discussion/this_is_a_new_topic/{1}', 1, 0, 1);
INSERT INTO ezurlalias VALUES (107, 'discussions/sports_discussion', 'c551943f4df3c58a693f8ba55e9b6aeb', 'content/view/full/115', 1, 151, 0);
INSERT INTO ezurlalias VALUES (117, 'discussions/forum_main_group/music_discussion/this_is_a_new_topic/foo_bar', '741cdf9f1ee1fa974ea7ec755f538271', 'content/view/full/122', 1, 0, 0);
INSERT INTO ezurlalias VALUES (111, 'discussions/forum_main_group/sports_discussion/football', '6e9c09d390322aa44bb5108b93f5f17c', 'content/view/full/119', 1, 0, 0);
INSERT INTO ezurlalias VALUES (113, 'forum/*', '94b1ef84913dabe113cb907c181ee300', 'discussions/{1}', 1, 0, 1);
INSERT INTO ezurlalias VALUES (115, 'setup/look_and_feel/forum', '00d91935e17d76f152f7aaf0c0defac2', 'content/view/full/54', 1, 189, 0);
INSERT INTO ezurlalias VALUES (114, 'discussions/forum_main_group/music_discussion/this_is_a_new_topic/my_reply', '1e03a7609698aa8a98dccf1178df0e6f', 'content/view/full/120', 1, 0, 0);
INSERT INTO ezurlalias VALUES (118, 'discussions/forum_main_group/music_discussion/what_about_pop', 'c4ebc99b2ed9792d1aee0e5fe210b852', 'content/view/full/123', 1, 0, 0);
INSERT INTO ezurlalias VALUES (119, 'discussions/forum_main_group/music_discussion/reply_wanted_for_this_topic', '6c20d2df5a828dcdb6a4fcb4897bb643', 'content/view/full/124', 1, 0, 0);
INSERT INTO ezurlalias VALUES (120, 'discussions/forum_main_group/music_discussion/reply_wanted_for_this_topic/this_is_a_reply', 'de98a1bb645ea84919a5e34688ff84e2', 'content/view/full/125', 1, 0, 0);
INSERT INTO ezurlalias VALUES (128, 'discussions/forum_main_group/sports_discussion/football/reply_2', '13a443b7e046bb36831640f1d19e33d9', 'content/view/full/133', 1, 0, 0);
INSERT INTO ezurlalias VALUES (130, 'discussions/forum_main_group/music_discussion/lkj_ssssstick', '75ee87c770e4e8be9d44200cdb71d071', 'content/view/full/135', 1, 0, 0);
INSERT INTO ezurlalias VALUES (131, 'discussions/forum_main_group/music_discussion/foo', '12c58f35c1114deeb172aba728c50ca8', 'content/view/full/136', 1, 0, 0);
INSERT INTO ezurlalias VALUES (132, 'discussions/forum_main_group/music_discussion/lkj_ssssstick/reply', '6040856b4ec5bcc1c699d95020005be5', 'content/view/full/137', 1, 0, 0);
INSERT INTO ezurlalias VALUES (135, 'discussions/forum_main_group/music_discussion/lkj_ssssstick/uyuiyui', '4c48104ea6e5ec2a78067374d9561fcb', 'content/view/full/140', 1, 0, 0);
INSERT INTO ezurlalias VALUES (136, 'discussions/forum_main_group/music_discussion/test2', '53f71d4ff69ffb3bf8c8ccfb525eabd3', 'content/view/full/141', 1, 0, 0);
INSERT INTO ezurlalias VALUES (137, 'discussions/forum_main_group/music_discussion/t4', '5da27cda0fbcd5290338b7d22cfd730c', 'content/view/full/142', 1, 0, 0);
INSERT INTO ezurlalias VALUES (138, 'discussions/forum_main_group/music_discussion/lkj_ssssstick/klj_jkl_klj', '9ae60fa076882d6807506c2232143d27', 'content/view/full/143', 1, 0, 0);
INSERT INTO ezurlalias VALUES (139, 'discussions/forum_main_group/music_discussion/test2/retest2', 'a17d07fbbd2d1b6d0fbbf8ca1509cd01', 'content/view/full/144', 1, 0, 0);
INSERT INTO ezurlalias VALUES (141, 'discussions/forum_main_group/music_discussion/lkj_ssssstick/my_reply', '1f95000d1f993ffa16a0cf83b78515bf', 'content/view/full/146', 1, 0, 0);
INSERT INTO ezurlalias VALUES (142, 'discussions/forum_main_group/music_discussion/lkj_ssssstick/retest', '0686f14064a420e6ee95aabf89c4a4f2', 'content/view/full/147', 1, 0, 0);
INSERT INTO ezurlalias VALUES (144, 'discussions/forum_main_group/music_discussion/hjg_dghsdjgf', '21f0ee2122dd5264192adc15c1e69c03', 'content/view/full/149', 1, 0, 0);
INSERT INTO ezurlalias VALUES (146, 'discussions/forum_main_group/music_discussion/hjg_dghsdjgf/dfghd_fghklj', '460d30ba47855079ac8605e1c8085993', 'content/view/full/151', 1, 0, 0);
INSERT INTO ezurlalias VALUES (149, 'discussions/forum_main_group/music_discussion', 'a1a79985f113d5b05b22c9686b46b175', 'content/view/full/114', 1, 0, 0);
INSERT INTO ezurlalias VALUES (150, 'discussions/music_discussion/*', '2ec2a3bfcf01ad3f1323390ab26dfeac', 'discussions/forum_main_group/music_discussion/{1}', 1, 0, 1);
INSERT INTO ezurlalias VALUES (151, 'discussions/forum_main_group/sports_discussion', 'b68c5a82b8b2035eeee5788cb223bb7e', 'content/view/full/115', 1, 0, 0);
INSERT INTO ezurlalias VALUES (152, 'discussions/sports_discussion/*', '7acbf48218ca6e1d80c267911860d34f', 'discussions/forum_main_group/sports_discussion/{1}', 1, 0, 1);
INSERT INTO ezurlalias VALUES (167, 'links/news', '61e2cd3056056408f1b41435a3f953c3', 'content/view/full/164', 1, 193, 0);
INSERT INTO ezurlalias VALUES (188, 'setup/look_and_feel/blog_test', '6d9593beb391a932e45ca5823e3c6359', 'content/view/full/54', 1, 189, 0);
INSERT INTO ezurlalias VALUES (14, 'users/anonymous_user', 'a37b7463e2c21098fa1a729dad4b4437', 'content/view/full/11', 1, 2, 0);
INSERT INTO ezurlalias VALUES (12, '', 'd41d8cd98f00b204e9800998ecf8427e', 'content/view/full/2', 1, 0, 0);
INSERT INTO ezurlalias VALUES (153, 'about_me', '50793f253d2dc015e93a2f75163b0894', 'content/view/full/127', 1, 0, 0);
INSERT INTO ezurlalias VALUES (164, 'links', '807765384d9d5527da8848df14a4f02f', 'content/view/full/161', 1, 0, 0);
INSERT INTO ezurlalias VALUES (193, 'links/downloads', '1d3503542a171d9dfab9c7d3caec48e0', 'content/view/full/164', 1, 0, 0);
INSERT INTO ezurlalias VALUES (194, 'links/downloads/ez_systems', '8fb0de95d1934b0fa54410c6fa9bb04f', 'content/view/full/186', 1, 0, 0);
INSERT INTO ezurlalias VALUES (195, 'links/downloads/ez_publish_at_freshmeat', 'c26b6a315b8894db61eb9faff400400f', 'content/view/full/187', 1, 0, 0);
INSERT INTO ezurlalias VALUES (196, 'links/movies', 'bea720c2faeb616182aa095cb8a0e492', 'content/view/full/188', 1, 0, 0);
INSERT INTO ezurlalias VALUES (197, 'links/movies/the_matrix', '14290cfd46a612082d7c56dffa1b1fff', 'content/view/full/189', 1, 0, 0);
INSERT INTO ezurlalias VALUES (198, 'links/movies/lord_of_the_rings', '10e58e9e8a34b59f0a3feeaa77ab2fea', 'content/view/full/190', 1, 0, 0);
INSERT INTO ezurlalias VALUES (199, 'links/sports', '414e65e1c520e395d334856f3dc2ea3e', 'content/view/full/191', 1, 0, 0);
INSERT INTO ezurlalias VALUES (200, 'links/sports/liverpool_fc', 'c7c457cae15412fdcc8326da47c4bb15', 'content/view/full/192', 1, 0, 0);
INSERT INTO ezurlalias VALUES (203, 'links/fun', '05aaf2bb0d72213e94a358284f184b79', 'content/view/full/195', 1, 0, 0);
INSERT INTO ezurlalias VALUES (204, 'links/fun/pondus', '54e0c99d111d8d109261fef3d61b23eb', 'content/view/full/196', 1, 0, 0);
INSERT INTO ezurlalias VALUES (176, 'polls', '952e8cf2c863b8ddc656bac6ad0b729b', 'content/view/full/173', 1, 0, 0);
INSERT INTO ezurlalias VALUES (178, 'polls/which_one_is_the_best_of_matrix_movies', 'bb0ff8ca87eb02ff2219a32c5c73b7f4', 'content/view/full/174', 1, 0, 0);
INSERT INTO ezurlalias VALUES (201, 'polls/which_do_you_like_the_best_matrix_or_lord_of_the_rings', '25f0f61fbc5d84e469f858722040aa4c', 'content/view/full/193', 1, 0, 0);
INSERT INTO ezurlalias VALUES (154, 'blogs', '51704a6cacf71c8d5211445d9e80515f', 'content/view/full/50', 1, 0, 0);
INSERT INTO ezurlalias VALUES (156, 'blogs/personal', '10a5d8f539ef0a468722f8327f7950ab', 'content/view/full/153', 1, 0, 0);
INSERT INTO ezurlalias VALUES (158, 'blogs/personal/today_i_got_my_new_car', 'ce9118c9b6c16328082445f6d8098a0d', 'content/view/full/155', 1, 0, 0);
INSERT INTO ezurlalias VALUES (190, 'blogs/personal/i_overslept_again', '61ab4dd49514d2031be3362827465fe4', 'content/view/full/183', 1, 0, 0);
INSERT INTO ezurlalias VALUES (202, 'blogs/personal/party', '69c642bf0ff392505a114bb6288b0a04', 'content/view/full/194', 1, 0, 0);
INSERT INTO ezurlalias VALUES (206, 'blogs/personal/party/helene', '4f7f9b1b19f98bf98f649253c6bb2127', 'content/view/full/198', 1, 0, 0);
INSERT INTO ezurlalias VALUES (157, 'blogs/computers', '2f8fda683b5e2473a80187cbce012bb8', 'content/view/full/154', 1, 0, 0);
INSERT INTO ezurlalias VALUES (192, 'blogs/computers/finally_i_got_it', '5626ad47e7065dee9ad763069e24d225', 'content/view/full/185', 1, 0, 0);
INSERT INTO ezurlalias VALUES (205, 'blogs/computers/finally_i_got_it/tim', '341022e34eb81e5cd2d6ca4a626834bf', 'content/view/full/197', 1, 0, 0);
INSERT INTO ezurlalias VALUES (180, 'blogs/entertainment', '9dd2cf029c6cfcddc067d936dc750b3d', 'content/view/full/176', 1, 0, 0);
INSERT INTO ezurlalias VALUES (191, 'blogs/entertainment/tonight_i_was_at_the_movies', '12f1086f208d19b6868a93df108d8af6', 'content/view/full/184', 1, 0, 0);
INSERT INTO ezurlalias VALUES (13, 'users', '9bc65c2abec141778ffaa729489f3e87', 'content/view/full/5', 1, 0, 0);
INSERT INTO ezurlalias VALUES (15, 'users/guest_accounts', '02d4e844e3a660857a3f81585995ffe1', 'content/view/full/12', 1, 0, 0);
INSERT INTO ezurlalias VALUES (16, 'users/administrator_users', '1b1d79c16700fd6003ea7be233e754ba', 'content/view/full/13', 1, 0, 0);
INSERT INTO ezurlalias VALUES (18, 'users/administrator_users/administrator_user', 'f1305ac5f327a19b451d82719e0c3f5d', 'content/view/full/15', 1, 0, 0);
INSERT INTO ezurlalias VALUES (17, 'users/editors', '0bb9dd665c96bbc1cf36b79180786dea', 'content/view/full/14', 1, 0, 0);
INSERT INTO ezurlalias VALUES (1, 'users/anonymous_users', '3ae1aac958e1c82013689d917d34967a', 'content/view/full/199', 1, 0, 0);
INSERT INTO ezurlalias VALUES (2, 'users/anonymous_users/anonymous_user', 'aad93975f09371695ba08292fd9698db', 'content/view/full/11', 1, 0, 0);
INSERT INTO ezurlalias VALUES (20, 'media', '62933a2951ef01f4eafd9bdf4d3cd2f0', 'content/view/full/43', 1, 0, 0);
INSERT INTO ezurlalias VALUES (21, 'setup', 'a0f848942ce863cf53c0fa6cc684007d', 'content/view/full/44', 1, 0, 0);
INSERT INTO ezurlalias VALUES (23, 'setup/setup_links', '675a9c5ab6fb3f5fdfaa609b7ef9d997', 'content/view/full/46', 1, 0, 0);
INSERT INTO ezurlalias VALUES (24, 'setup/setup_links/classes', '75b3e86b0bb8a74fcb38f10fd02945e8', 'content/view/full/45', 1, 0, 0);
INSERT INTO ezurlalias VALUES (80, 'setup/setup_links/look_and_feel', '37986c863618270fa0fa6936ba217c7b', 'content/view/full/47', 1, 0, 0);
INSERT INTO ezurlalias VALUES (78, 'setup/setup_links/cache', '1f2374cab6280ecfca991a7b6e5119c6', 'content/view/full/95', 1, 0, 0);
INSERT INTO ezurlalias VALUES (79, 'setup/setup_links/url_translator', '7b226327c99e6fd78ad40eb66892d7ae', 'content/view/full/96', 1, 0, 0);
INSERT INTO ezurlalias VALUES (27, 'setup/look_and_feel', '11f42026b65f2d1801679ba58e443944', 'content/view/full/48', 1, 0, 0);
INSERT INTO ezurlalias VALUES (189, 'setup/look_and_feel/blog', 'a0aa455a1c24b5d1d0448546c83836cf', 'content/view/full/54', 1, 0, 0);







INSERT INTO ezuser VALUES (14, 'admin', 'nospam@ez.no', 2, 'c78e3b0f3d9244ed8c6d1c29464bdff9');
INSERT INTO ezuser VALUES (108, '', '', 2, 'b909d5bf76b64b7a6fac03f7eda11ee3');
INSERT INTO ezuser VALUES (109, '', '', 2, 'e4ab2f05e418842bb3abf148f9d06c1c');
INSERT INTO ezuser VALUES (130, '', '', 2, '4ccb7125baf19de015388c99893fbb4d');
INSERT INTO ezuser VALUES (187, '', '', 1, '');
INSERT INTO ezuser VALUES (189, '', '', 1, '');
INSERT INTO ezuser VALUES (10, 'anonymous', 'nospam@ez.no', 2, '4e6f6184135228ccd45f8233d72a0363');







INSERT INTO ezuser_accountkey VALUES (1, 154, '837e17025d6b3a340cfb305769caa30d', 1068042835);
INSERT INTO ezuser_accountkey VALUES (2, 188, '281ca20cd4d47e3f3be239f6e587df70', 1068110661);
INSERT INTO ezuser_accountkey VALUES (3, 197, '6a92e8886841440681b58a699e69d4dc', 1068112344);














INSERT INTO ezuser_role VALUES (29, 1, 10);
INSERT INTO ezuser_role VALUES (25, 2, 12);
INSERT INTO ezuser_role VALUES (28, 1, 11);
INSERT INTO ezuser_role VALUES (34, 1, 13);







INSERT INTO ezuser_setting VALUES (10, 1, 1000);
INSERT INTO ezuser_setting VALUES (14, 1, 10);
INSERT INTO ezuser_setting VALUES (23, 1, 0);
INSERT INTO ezuser_setting VALUES (40, 1, 0);
INSERT INTO ezuser_setting VALUES (107, 1, 0);
INSERT INTO ezuser_setting VALUES (108, 1, 0);
INSERT INTO ezuser_setting VALUES (109, 1, 0);
INSERT INTO ezuser_setting VALUES (111, 1, 0);
INSERT INTO ezuser_setting VALUES (130, 1, 0);
INSERT INTO ezuser_setting VALUES (149, 1, 0);
INSERT INTO ezuser_setting VALUES (154, 0, 0);
INSERT INTO ezuser_setting VALUES (187, 1, 0);
INSERT INTO ezuser_setting VALUES (188, 0, 0);
INSERT INTO ezuser_setting VALUES (189, 1, 0);
INSERT INTO ezuser_setting VALUES (197, 0, 0);
INSERT INTO ezuser_setting VALUES (198, 1, 0);
INSERT INTO ezuser_setting VALUES (206, 1, 0);







INSERT INTO ezvattype VALUES (1, 'Std', 0);










































INSERT INTO ezworkflow_group VALUES (1, 'Standard', 14, 14, 1024392098, 1024392098);







INSERT INTO ezworkflow_group_link VALUES (1, 1, 0, 'Standard');














INSERT INTO ezsite_data VALUES ('ezpublish-version', '3.3');
INSERT INTO ezsite_data VALUES ('ezpublish-release', '1');



































INSERT INTO ezimagefile VALUES (43, 152, 'var/blog/storage/images/setup/look_and_feel/blog/152-62-eng-GB/blog_medium.gif');
INSERT INTO ezimagefile VALUES (42, 152, 'var/blog/storage/images/setup/look_and_feel/blog/152-62-eng-GB/blog_reference.gif');
INSERT INTO ezimagefile VALUES (41, 152, 'var/blog/storage/images/setup/look_and_feel/blog/152-62-eng-GB/blog.gif');
INSERT INTO ezimagefile VALUES (5, 152, 'var/blog/storage/images/setup/look_and_feel/blog/152-52-eng-GB/blog_logo.gif');
INSERT INTO ezimagefile VALUES (6, 152, 'var/blog/storage/images/setup/look_and_feel/blog/152-55-eng-GB/blog.gif');
INSERT INTO ezimagefile VALUES (7, 152, 'var/blog/storage/images/setup/look_and_feel/blog/152-55-eng-GB/blog_reference.gif');
INSERT INTO ezimagefile VALUES (8, 152, 'var/blog/storage/images/setup/look_and_feel/blog/152-55-eng-GB/blog_medium.gif');
INSERT INTO ezimagefile VALUES (9, 152, 'var/blog/storage/images/setup/look_and_feel/blog/152-55-eng-GB/blog_logo.gif');
INSERT INTO ezimagefile VALUES (10, 152, 'var/blog/storage/images/setup/look_and_feel/blog/152-56-eng-GB/blog.gif');
INSERT INTO ezimagefile VALUES (11, 152, 'var/blog/storage/images/setup/look_and_feel/blog/152-56-eng-GB/blog_reference.gif');
INSERT INTO ezimagefile VALUES (12, 152, 'var/blog/storage/images/setup/look_and_feel/blog/152-56-eng-GB/blog_medium.gif');
INSERT INTO ezimagefile VALUES (13, 152, 'var/blog/storage/images/setup/look_and_feel/blog/152-56-eng-GB/blog_logo.gif');
INSERT INTO ezimagefile VALUES (14, 152, 'var/blog/storage/images/setup/look_and_feel/blog/152-57-eng-GB/blog.gif');
INSERT INTO ezimagefile VALUES (15, 152, 'var/blog/storage/images/setup/look_and_feel/blog/152-57-eng-GB/blog_reference.gif');
INSERT INTO ezimagefile VALUES (16, 152, 'var/blog/storage/images/setup/look_and_feel/blog/152-57-eng-GB/blog_medium.gif');
INSERT INTO ezimagefile VALUES (17, 152, 'var/blog/storage/images/setup/look_and_feel/blog/152-57-eng-GB/blog_logo.gif');
INSERT INTO ezimagefile VALUES (18, 152, 'var/blog/storage/images/setup/look_and_feel/blog/152-58-eng-GB/blog.gif');
INSERT INTO ezimagefile VALUES (19, 152, 'var/blog/storage/images/setup/look_and_feel/blog/152-58-eng-GB/blog_reference.gif');
INSERT INTO ezimagefile VALUES (20, 152, 'var/blog/storage/images/setup/look_and_feel/blog/152-58-eng-GB/blog_medium.gif');
INSERT INTO ezimagefile VALUES (21, 152, 'var/blog/storage/images/setup/look_and_feel/blog/152-58-eng-GB/blog_logo.gif');
INSERT INTO ezimagefile VALUES (22, 152, 'var/blog/storage/images/setup/look_and_feel/blog/152-59-eng-GB/blog.gif');
INSERT INTO ezimagefile VALUES (23, 152, 'var/blog/storage/images/setup/look_and_feel/blog/152-59-eng-GB/blog_reference.gif');
INSERT INTO ezimagefile VALUES (24, 152, 'var/blog/storage/images/setup/look_and_feel/blog/152-59-eng-GB/blog_medium.gif');
INSERT INTO ezimagefile VALUES (25, 152, 'var/blog/storage/images/setup/look_and_feel/blog/152-59-eng-GB/blog_logo.gif');
INSERT INTO ezimagefile VALUES (26, 152, 'var/blog/storage/images/setup/look_and_feel/blog/152-60-eng-GB/blog.gif');
INSERT INTO ezimagefile VALUES (27, 152, 'var/blog/storage/images/setup/look_and_feel/blog/152-60-eng-GB/blog_reference.gif');
INSERT INTO ezimagefile VALUES (28, 152, 'var/blog/storage/images/setup/look_and_feel/blog/152-60-eng-GB/blog_medium.gif');
INSERT INTO ezimagefile VALUES (29, 152, 'var/blog/storage/images/setup/look_and_feel/blog/152-60-eng-GB/blog_logo.gif');
INSERT INTO ezimagefile VALUES (30, 152, 'var/blog/storage/images/setup/look_and_feel/blog/152-61-eng-GB/blog.gif');
INSERT INTO ezimagefile VALUES (31, 152, 'var/blog/storage/images/setup/look_and_feel/blog/152-61-eng-GB/blog_reference.gif');
INSERT INTO ezimagefile VALUES (32, 152, 'var/blog/storage/images/setup/look_and_feel/blog/152-61-eng-GB/blog_medium.gif');
INSERT INTO ezimagefile VALUES (33, 103, 'var/blog/storage/images/setup/setup_links/classes/103-9-eng-GB/classes_reference.png');
INSERT INTO ezimagefile VALUES (34, 103, 'var/blog/storage/images/setup/setup_links/classes/103-9-eng-GB/classes_large.png');
INSERT INTO ezimagefile VALUES (35, 109, 'var/blog/storage/images/setup/setup_links/look_and_feel/109-10-eng-GB/look_and_feel_reference.png');
INSERT INTO ezimagefile VALUES (36, 109, 'var/blog/storage/images/setup/setup_links/look_and_feel/109-10-eng-GB/look_and_feel_large.png');
INSERT INTO ezimagefile VALUES (37, 324, 'var/blog/storage/images/setup/setup_links/cache/324-4-eng-GB/cache_reference.png');
INSERT INTO ezimagefile VALUES (38, 324, 'var/blog/storage/images/setup/setup_links/cache/324-4-eng-GB/cache_large.png');
INSERT INTO ezimagefile VALUES (39, 328, 'var/blog/storage/images/setup/setup_links/url_translator/328-3-eng-GB/url_translator_reference.png');
INSERT INTO ezimagefile VALUES (40, 328, 'var/blog/storage/images/setup/setup_links/url_translator/328-3-eng-GB/url_translator_large.png');
INSERT INTO ezimagefile VALUES (44, 152, 'var/blog/storage/images/setup/look_and_feel/blog/152-62-eng-GB/blog_logo.gif');
INSERT INTO ezimagefile VALUES (45, 152, 'var/blog/storage/images/setup/look_and_feel/blog_test/152-63-eng-GB/blog_test.gif');
INSERT INTO ezimagefile VALUES (46, 152, 'var/blog/storage/images/setup/look_and_feel/blog_test/152-63-eng-GB/blog_test_reference.gif');
INSERT INTO ezimagefile VALUES (47, 152, 'var/blog/storage/images/setup/look_and_feel/blog_test/152-63-eng-GB/blog_test_medium.gif');
INSERT INTO ezimagefile VALUES (48, 152, 'var/blog/storage/images/setup/look_and_feel/blog_test/152-64-eng-GB/blog_test.gif');
INSERT INTO ezimagefile VALUES (49, 152, 'var/blog/storage/images/setup/look_and_feel/blog_test/152-64-eng-GB/blog_test_reference.gif');
INSERT INTO ezimagefile VALUES (50, 152, 'var/blog/storage/images/setup/look_and_feel/blog_test/152-64-eng-GB/blog_test_medium.gif');
INSERT INTO ezimagefile VALUES (51, 152, 'var/blog/storage/images/setup/look_and_feel/blog_test/152-65-eng-GB/blog_test.gif');
INSERT INTO ezimagefile VALUES (52, 152, 'var/blog/storage/images/setup/look_and_feel/blog_test/152-65-eng-GB/blog_test_reference.gif');
INSERT INTO ezimagefile VALUES (53, 152, 'var/blog/storage/images/setup/look_and_feel/blog_test/152-65-eng-GB/blog_test_medium.gif');
INSERT INTO ezimagefile VALUES (54, 152, 'var/blog/storage/images/setup/look_and_feel/blog_test/152-65-eng-GB/blog_test_logo.gif');
INSERT INTO ezimagefile VALUES (55, 152, 'var/blog/storage/images/setup/look_and_feel/blog/152-66-eng-GB/blog.gif');
INSERT INTO ezimagefile VALUES (56, 152, 'var/blog/storage/images/setup/look_and_feel/blog/152-66-eng-GB/blog_reference.gif');
INSERT INTO ezimagefile VALUES (57, 152, 'var/blog/storage/images/setup/look_and_feel/blog/152-66-eng-GB/blog_medium.gif');
INSERT INTO ezimagefile VALUES (58, 152, 'var/blog/storage/images/setup/look_and_feel/blog/152-66-eng-GB/blog_logo.gif');
INSERT INTO ezimagefile VALUES (59, 152, 'var/blog/storage/images/setup/look_and_feel/blog/152-67-eng-GB/blog.gif');
INSERT INTO ezimagefile VALUES (60, 152, 'var/blog/storage/images/setup/look_and_feel/blog/152-67-eng-GB/blog_reference.gif');
INSERT INTO ezimagefile VALUES (61, 152, 'var/blog/storage/images/setup/look_and_feel/blog/152-67-eng-GB/blog_medium.gif');
INSERT INTO ezimagefile VALUES (62, 152, 'var/blog/storage/images/setup/look_and_feel/blog/152-67-eng-GB/blog_logo.gif');
INSERT INTO ezimagefile VALUES (63, 152, 'var/blog/storage/images/setup/look_and_feel/blog/152-68-eng-GB/blog.gif');
INSERT INTO ezimagefile VALUES (64, 152, 'var/blog/storage/images/setup/look_and_feel/blog/152-68-eng-GB/blog_reference.gif');
INSERT INTO ezimagefile VALUES (65, 152, 'var/blog/storage/images/setup/look_and_feel/blog/152-68-eng-GB/blog_medium.gif');
INSERT INTO ezimagefile VALUES (66, 524, 'var/blog/storage/images/about_me/524-3-eng-GB/about_me.');
INSERT INTO ezimagefile VALUES (68, 152, 'var/blog/storage/images/setup/look_and_feel/blog/152-69-eng-GB/blog.gif');
INSERT INTO ezimagefile VALUES (69, 152, 'var/blog/storage/images/setup/look_and_feel/blog/152-69-eng-GB/blog_reference.gif');
INSERT INTO ezimagefile VALUES (70, 152, 'var/blog/storage/images/setup/look_and_feel/blog/152-69-eng-GB/blog_medium.gif');
INSERT INTO ezimagefile VALUES (71, 152, 'var/blog/storage/images/setup/look_and_feel/blog/152-69-eng-GB/blog_logo.gif');
INSERT INTO ezimagefile VALUES (72, 152, 'var/blog/storage/images/setup/look_and_feel/blog/152-70-eng-GB/blog.gif');
INSERT INTO ezimagefile VALUES (73, 152, 'var/blog/storage/images/setup/look_and_feel/blog/152-70-eng-GB/blog_reference.gif');
INSERT INTO ezimagefile VALUES (74, 152, 'var/blog/storage/images/setup/look_and_feel/blog/152-70-eng-GB/blog_medium.gif');
INSERT INTO ezimagefile VALUES (75, 152, 'var/blog/storage/images/setup/look_and_feel/blog/152-70-eng-GB/blog_logo.gif');
INSERT INTO ezimagefile VALUES (76, 728, 'var/storage/images/users/anonymous_users/anonymous_user/728-2-eng-GB/anonymous_user.');
INSERT INTO ezimagefile VALUES (77, 109, 'var/storage/original/image/phpvzmRGW.png');
INSERT INTO ezimagefile VALUES (78, 109, 'var/storage/original/image/phppIJtoa.jpg');
INSERT INTO ezimagefile VALUES (79, 109, 'var/storage/original/image/phpAhcEu9.png');





















CREATE INDEX ezcollab_group_path62 ON ezcollab_group USING btree (path_string);







CREATE INDEX ezcollab_group_depth63 ON ezcollab_group USING btree (depth);







CREATE INDEX ezcontentbrowsebookmark_user228 ON ezcontentbrowsebookmark USING btree (user_id);







CREATE INDEX ezcontentbrowserecent_user243 ON ezcontentbrowserecent USING btree (user_id);







CREATE INDEX ezcontentclass_version262 ON ezcontentclass USING btree ("version");







CREATE INDEX ezcontentobject_attribute_contentobject_id364 ON ezcontentobject_attribute USING btree (contentobject_id);







CREATE INDEX ezcontentobject_attribute_language_code365 ON ezcontentobject_attribute USING btree (language_code);







CREATE INDEX sort_key_int366 ON ezcontentobject_attribute USING btree (sort_key_int);







CREATE INDEX sort_key_string367 ON ezcontentobject_attribute USING btree (sort_key_string);







CREATE INDEX ezcontentobject_tree_path416 ON ezcontentobject_tree USING btree (path_string);







CREATE INDEX ezcontentobject_tree_p_node_id417 ON ezcontentobject_tree USING btree (parent_node_id);







CREATE INDEX ezcontentobject_tree_co_id418 ON ezcontentobject_tree USING btree (contentobject_id);







CREATE INDEX ezcontentobject_tree_depth419 ON ezcontentobject_tree USING btree (depth);







CREATE INDEX ezenumobjectvalue_co_attr_id_co_attr_ver489 ON ezenumobjectvalue USING btree (contentobject_attribute_id, contentobject_attribute_version);







CREATE INDEX ezenumvalue_co_cl_attr_id_co_class_att_ver505 ON ezenumvalue USING btree (contentclass_attribute_id, contentclass_attribute_version);







CREATE UNIQUE INDEX ezmodule_run_workflow_process_id_s670 ON ezmodule_run USING btree (workflow_process_id);







CREATE INDEX ezpreferences_name839 ON ezpreferences USING btree (name);







CREATE INDEX ezsearch_object_word_link_object919 ON ezsearch_object_word_link USING btree (contentobject_id);







CREATE INDEX ezsearch_object_word_link_word920 ON ezsearch_object_word_link USING btree (word_id);







CREATE INDEX ezsearch_object_word_link_frequency921 ON ezsearch_object_word_link USING btree (frequency);







CREATE INDEX ezsearch_object_word_link_identifier922 ON ezsearch_object_word_link USING btree (identifier);







CREATE INDEX ezsearch_object_word_link_integer_value923 ON ezsearch_object_word_link USING btree (integer_value);







CREATE INDEX ezsearch_word960 ON ezsearch_word USING btree (word);







CREATE INDEX expiration_time986 ON ezsession USING btree (expiration_time);







CREATE UNIQUE INDEX eztrigger_def_id1015 ON eztrigger USING btree (module_name, function_name, connect_type);







CREATE INDEX ezurlalias_source_md51059 ON ezurlalias USING btree (source_md5);







CREATE INDEX ezuser_role_contentobject_id1112 ON ezuser_role USING btree (contentobject_id);







CREATE INDEX ezwaituntildateevalue_wf_ev_id_wf_ver1151 ON ezwaituntildatevalue USING btree (workflow_event_id, workflow_event_version);







CREATE INDEX ezorder_item_order_id ON ezorder_item USING btree (order_id);







CREATE INDEX ezproductcollection_item_productcollection_id ON ezproductcollection_item USING btree (productcollection_id);







CREATE INDEX ezurlalias_source_url ON ezurlalias USING btree (source_url);







CREATE INDEX ezcontentobject_attribute_co_id_ver_lang_code ON ezcontentobject_attribute USING btree (contentobject_id, "version", language_code);







CREATE INDEX ezproductcollection_item_opt_item_id ON ezproductcollection_item_opt USING btree (item_id);







CREATE INDEX ezproductcollection_item_contentobject_id ON ezproductcollection_item USING btree (productcollection_id);







CREATE INDEX ezbasket_session_id ON ezbasket USING btree (session_id);







CREATE INDEX ezoperation_memento_memento_key_main ON ezoperation_memento USING btree (memento_key, main);







CREATE INDEX eztrigger_fetch ON eztrigger USING btree (name, module_name, function_name);







CREATE INDEX ezworkflow_process_process_key ON ezworkflow_process USING btree (process_key);







CREATE INDEX ezurlalias_desturl ON ezurlalias USING btree (destination_url);







CREATE INDEX ezrss_export_rsseid ON ezrss_export_item USING btree (rssexport_id);







CREATE INDEX ezimagefile_coid ON ezimagefile USING btree (contentobject_attribute_id);







CREATE INDEX ezimagefile_file ON ezimagefile USING btree (filepath);







ALTER TABLE ONLY ezapprove_items
    ADD CONSTRAINT ezapprove_items12_key PRIMARY KEY (id);







ALTER TABLE ONLY ezbasket
    ADD CONSTRAINT ezbasket24_key PRIMARY KEY (id);







ALTER TABLE ONLY ezbinaryfile
    ADD CONSTRAINT ezbinaryfile36_key PRIMARY KEY (contentobject_attribute_id, "version");







ALTER TABLE ONLY ezcollab_group
    ADD CONSTRAINT ezcollab_group50_key PRIMARY KEY (id);







ALTER TABLE ONLY ezcollab_item
    ADD CONSTRAINT ezcollab_item71_key PRIMARY KEY (id);







ALTER TABLE ONLY ezcollab_item_group_link
    ADD CONSTRAINT ezcollab_item_group_link95_key PRIMARY KEY (collaboration_id, group_id, user_id);







ALTER TABLE ONLY ezcollab_item_message_link
    ADD CONSTRAINT ezcollab_item_message_link112_key PRIMARY KEY (id);







ALTER TABLE ONLY ezcollab_item_participant_link
    ADD CONSTRAINT ezcollab_item_participant_link128_key PRIMARY KEY (collaboration_id, participant_id);







ALTER TABLE ONLY ezcollab_item_status
    ADD CONSTRAINT ezcollab_item_status146_key PRIMARY KEY (collaboration_id, user_id);







ALTER TABLE ONLY ezcollab_notification_rule
    ADD CONSTRAINT ezcollab_notification_rule160_key PRIMARY KEY (id);







ALTER TABLE ONLY ezcollab_profile
    ADD CONSTRAINT ezcollab_profile172_key PRIMARY KEY (id);







ALTER TABLE ONLY ezcollab_simple_message
    ADD CONSTRAINT ezcollab_simple_message187_key PRIMARY KEY (id);







ALTER TABLE ONLY ezcontent_translation
    ADD CONSTRAINT ezcontent_translation210_key PRIMARY KEY (id);







ALTER TABLE ONLY ezcontentbrowsebookmark
    ADD CONSTRAINT ezcontentbrowsebookmark222_key PRIMARY KEY (id);







ALTER TABLE ONLY ezcontentbrowserecent
    ADD CONSTRAINT ezcontentbrowserecent236_key PRIMARY KEY (id);







ALTER TABLE ONLY ezcontentclass
    ADD CONSTRAINT ezcontentclass251_key PRIMARY KEY (id, "version");







ALTER TABLE ONLY ezcontentclass_attribute
    ADD CONSTRAINT ezcontentclass_attribute270_key PRIMARY KEY (id, "version");







ALTER TABLE ONLY ezcontentclass_classgroup
    ADD CONSTRAINT ezcontentclass_classgroup303_key PRIMARY KEY (contentclass_id, contentclass_version, group_id);







ALTER TABLE ONLY ezcontentclassgroup
    ADD CONSTRAINT ezcontentclassgroup316_key PRIMARY KEY (id);







ALTER TABLE ONLY ezcontentobject
    ADD CONSTRAINT ezcontentobject331_key PRIMARY KEY (id);







ALTER TABLE ONLY ezcontentobject_attribute
    ADD CONSTRAINT ezcontentobject_attribute351_key PRIMARY KEY (id, "version");







ALTER TABLE ONLY ezcontentobject_link
    ADD CONSTRAINT ezcontentobject_link375_key PRIMARY KEY (id);







ALTER TABLE ONLY ezcontentobject_name
    ADD CONSTRAINT ezcontentobject_name388_key PRIMARY KEY (contentobject_id, content_version, content_translation);







ALTER TABLE ONLY ezcontentobject_tree
    ADD CONSTRAINT ezcontentobject_tree402_key PRIMARY KEY (node_id);







ALTER TABLE ONLY ezcontentobject_version
    ADD CONSTRAINT ezcontentobject_version427_key PRIMARY KEY (id);







ALTER TABLE ONLY ezdiscountrule
    ADD CONSTRAINT ezdiscountrule445_key PRIMARY KEY (id);







ALTER TABLE ONLY ezdiscountsubrule
    ADD CONSTRAINT ezdiscountsubrule456_key PRIMARY KEY (id);







ALTER TABLE ONLY ezdiscountsubrule_value
    ADD CONSTRAINT ezdiscountsubrule_value470_key PRIMARY KEY (discountsubrule_id, value, issection);







ALTER TABLE ONLY ezenumobjectvalue
    ADD CONSTRAINT ezenumobjectvalue482_key PRIMARY KEY (contentobject_attribute_id, contentobject_attribute_version, enumid);







ALTER TABLE ONLY ezenumvalue
    ADD CONSTRAINT ezenumvalue497_key PRIMARY KEY (id, contentclass_attribute_id, contentclass_attribute_version);







ALTER TABLE ONLY ezforgot_password
    ADD CONSTRAINT ezforgot_password513_key PRIMARY KEY (id);







ALTER TABLE ONLY ezgeneral_digest_user_settings
    ADD CONSTRAINT ezgeneral_digest_user_settings526_key PRIMARY KEY (id);







ALTER TABLE ONLY ezimage
    ADD CONSTRAINT ezimage541_key PRIMARY KEY (contentobject_attribute_id, "version");







ALTER TABLE ONLY ezimagevariation
    ADD CONSTRAINT ezimagevariation556_key PRIMARY KEY (contentobject_attribute_id, "version", requested_width, requested_height);







ALTER TABLE ONLY ezinfocollection
    ADD CONSTRAINT ezinfocollection573_key PRIMARY KEY (id);







ALTER TABLE ONLY ezinfocollection_attribute
    ADD CONSTRAINT ezinfocollection_attribute585_key PRIMARY KEY (id);







ALTER TABLE ONLY ezkeyword
    ADD CONSTRAINT ezkeyword600_key PRIMARY KEY (id);







ALTER TABLE ONLY ezkeyword_attribute_link
    ADD CONSTRAINT ezkeyword_attribute_link612_key PRIMARY KEY (id);







ALTER TABLE ONLY ezmedia
    ADD CONSTRAINT ezmedia624_key PRIMARY KEY (contentobject_attribute_id, "version");







ALTER TABLE ONLY ezmessage
    ADD CONSTRAINT ezmessage646_key PRIMARY KEY (id);







ALTER TABLE ONLY ezmodule_run
    ADD CONSTRAINT ezmodule_run663_key PRIMARY KEY (id);







ALTER TABLE ONLY eznode_assignment
    ADD CONSTRAINT eznode_assignment678_key PRIMARY KEY (id);







ALTER TABLE ONLY eznotificationcollection
    ADD CONSTRAINT eznotificationcollection696_key PRIMARY KEY (id);







ALTER TABLE ONLY eznotificationcollection_item
    ADD CONSTRAINT eznotificationcollection_item711_key PRIMARY KEY (id);







ALTER TABLE ONLY eznotificationevent
    ADD CONSTRAINT eznotificationevent725_key PRIMARY KEY (id);







ALTER TABLE ONLY ezoperation_memento
    ADD CONSTRAINT ezoperation_memento745_key PRIMARY KEY (id, memento_key);







ALTER TABLE ONLY ezorder
    ADD CONSTRAINT ezorder759_key PRIMARY KEY (id);







ALTER TABLE ONLY ezorder_item
    ADD CONSTRAINT ezorder_item778_key PRIMARY KEY (id);







ALTER TABLE ONLY ezpolicy
    ADD CONSTRAINT ezpolicy792_key PRIMARY KEY (id);







ALTER TABLE ONLY ezpolicy_limitation
    ADD CONSTRAINT ezpolicy_limitation806_key PRIMARY KEY (id);







ALTER TABLE ONLY ezpolicy_limitation_value
    ADD CONSTRAINT ezpolicy_limitation_value821_key PRIMARY KEY (id);







ALTER TABLE ONLY ezpreferences
    ADD CONSTRAINT ezpreferences833_key PRIMARY KEY (id);







ALTER TABLE ONLY ezproductcollection
    ADD CONSTRAINT ezproductcollection847_key PRIMARY KEY (id);







ALTER TABLE ONLY ezproductcollection_item
    ADD CONSTRAINT ezproductcollection_item858_key PRIMARY KEY (id);







ALTER TABLE ONLY ezproductcollection_item_opt
    ADD CONSTRAINT ezproductcollection_item_opt875_key PRIMARY KEY (id);







ALTER TABLE ONLY ezrole
    ADD CONSTRAINT ezrole891_key PRIMARY KEY (id);







ALTER TABLE ONLY ezsearch_object_word_link
    ADD CONSTRAINT ezsearch_object_word_link904_key PRIMARY KEY (id);







ALTER TABLE ONLY ezsearch_return_count
    ADD CONSTRAINT ezsearch_return_count931_key PRIMARY KEY (id);







ALTER TABLE ONLY ezsearch_search_phrase
    ADD CONSTRAINT ezsearch_search_phrase944_key PRIMARY KEY (id);







ALTER TABLE ONLY ezsearch_word
    ADD CONSTRAINT ezsearch_word955_key PRIMARY KEY (id);







ALTER TABLE ONLY ezsection
    ADD CONSTRAINT ezsection968_key PRIMARY KEY (id);







ALTER TABLE ONLY ezsession
    ADD CONSTRAINT ezsession981_key PRIMARY KEY (session_key);







ALTER TABLE ONLY ezsubtree_notification_rule
    ADD CONSTRAINT ezsubtree_notification_rule994_key PRIMARY KEY (id);







ALTER TABLE ONLY eztrigger
    ADD CONSTRAINT eztrigger1007_key PRIMARY KEY (id);







ALTER TABLE ONLY ezurl
    ADD CONSTRAINT ezurl1023_key PRIMARY KEY (id);







ALTER TABLE ONLY ezurl_object_link
    ADD CONSTRAINT ezurl_object_link1039_key PRIMARY KEY (url_id, contentobject_attribute_id, contentobject_attribute_version);







ALTER TABLE ONLY ezurlalias
    ADD CONSTRAINT ezurlalias1051_key PRIMARY KEY (id);







ALTER TABLE ONLY ezuser
    ADD CONSTRAINT ezuser1067_key PRIMARY KEY (contentobject_id);







ALTER TABLE ONLY ezuser_accountkey
    ADD CONSTRAINT ezuser_accountkey1081_key PRIMARY KEY (id);







ALTER TABLE ONLY ezuser_discountrule
    ADD CONSTRAINT ezuser_discountrule1094_key PRIMARY KEY (id);







ALTER TABLE ONLY ezuser_role
    ADD CONSTRAINT ezuser_role1107_key PRIMARY KEY (id);







ALTER TABLE ONLY ezuser_setting
    ADD CONSTRAINT ezuser_setting1120_key PRIMARY KEY (user_id);







ALTER TABLE ONLY ezvattype
    ADD CONSTRAINT ezvattype1132_key PRIMARY KEY (id);







ALTER TABLE ONLY ezwaituntildatevalue
    ADD CONSTRAINT ezwaituntildatevalue1144_key PRIMARY KEY (id, workflow_event_id, workflow_event_version);







ALTER TABLE ONLY ezwishlist
    ADD CONSTRAINT ezwishlist1159_key PRIMARY KEY (id);







ALTER TABLE ONLY ezworkflow
    ADD CONSTRAINT ezworkflow1171_key PRIMARY KEY (id, "version");







ALTER TABLE ONLY ezworkflow_assign
    ADD CONSTRAINT ezworkflow_assign1189_key PRIMARY KEY (id);







ALTER TABLE ONLY ezworkflow_event
    ADD CONSTRAINT ezworkflow_event1203_key PRIMARY KEY (id, "version");







ALTER TABLE ONLY ezworkflow_group
    ADD CONSTRAINT ezworkflow_group1226_key PRIMARY KEY (id);







ALTER TABLE ONLY ezworkflow_group_link
    ADD CONSTRAINT ezworkflow_group_link1241_key PRIMARY KEY (workflow_id, group_id, workflow_version);







ALTER TABLE ONLY ezworkflow_process
    ADD CONSTRAINT ezworkflow_process1254_key PRIMARY KEY (id);







ALTER TABLE ONLY ezsite_data
    ADD CONSTRAINT ezsite_data_pkey PRIMARY KEY (name);







ALTER TABLE ONLY ezpdf_export
    ADD CONSTRAINT ezpdf_export_pkey PRIMARY KEY (id);







ALTER TABLE ONLY ezrss_export
    ADD CONSTRAINT ezrss_export_pkey PRIMARY KEY (id);







ALTER TABLE ONLY ezrss_export_item
    ADD CONSTRAINT ezrss_export_item_pkey PRIMARY KEY (id);







ALTER TABLE ONLY ezrss_import
    ADD CONSTRAINT ezrss_import_pkey PRIMARY KEY (id);







ALTER TABLE ONLY ezimagefile
    ADD CONSTRAINT ezimagefile_pkey PRIMARY KEY (id);







ALTER TABLE ONLY eztipafriend_counter
    ADD CONSTRAINT eztipafriend_counter_pkey PRIMARY KEY (node_id);







ALTER TABLE ONLY ezview_counter
    ADD CONSTRAINT ezview_counter_pkey PRIMARY KEY (node_id);







SELECT pg_catalog.setval ('ezapprove_items_s', 1, false);







SELECT pg_catalog.setval ('ezbasket_s', 1, false);







SELECT pg_catalog.setval ('ezcollab_group_s', 1, false);







SELECT pg_catalog.setval ('ezcollab_item_s', 1, false);







SELECT pg_catalog.setval ('ezcollab_item_message_link_s', 1, false);







SELECT pg_catalog.setval ('ezcollab_notification_rule_s', 1, false);







SELECT pg_catalog.setval ('ezcollab_profile_s', 1, false);







SELECT pg_catalog.setval ('ezcollab_simple_message_s', 1, false);







SELECT pg_catalog.setval ('ezcontent_translation_s', 1, true);







SELECT pg_catalog.setval ('ezcontentbrowsebookmark_s', 1, false);







SELECT pg_catalog.setval ('ezcontentbrowserecent_s', 109, true);







SELECT pg_catalog.setval ('ezcontentclass_s', 1, false);







SELECT pg_catalog.setval ('ezcontentclass_attribute_s', 216, true);







SELECT pg_catalog.setval ('ezcontentclassgroup_s', 4, true);







SELECT pg_catalog.setval ('ezcontentobject_s', 268, true);







SELECT pg_catalog.setval ('ezcontentobject_attribute_s', 1036, true);







SELECT pg_catalog.setval ('ezcontentobject_link_s', 4, true);







SELECT pg_catalog.setval ('ezcontentobject_tree_s', 199, true);







SELECT pg_catalog.setval ('ezcontentobject_version_s', 908, true);







SELECT pg_catalog.setval ('ezdiscountrule_s', 1, false);







SELECT pg_catalog.setval ('ezdiscountsubrule_s', 1, false);







SELECT pg_catalog.setval ('ezenumvalue_s', 1, false);







SELECT pg_catalog.setval ('ezforgot_password_s', 1, false);







SELECT pg_catalog.setval ('ezgeneral_digest_user_settings_s', 1, false);







SELECT pg_catalog.setval ('ezinfocollection_s', 31, true);







SELECT pg_catalog.setval ('ezinfocollection_attribute_s', 35, true);







SELECT pg_catalog.setval ('ezkeyword_s', 1, false);







SELECT pg_catalog.setval ('ezkeyword_attribute_link_s', 1, false);







SELECT pg_catalog.setval ('ezmessage_s', 1, false);







SELECT pg_catalog.setval ('ezmodule_run_s', 1, false);







SELECT pg_catalog.setval ('eznode_assignment_s', 609, true);







SELECT pg_catalog.setval ('eznotificationcollection_s', 1, false);







SELECT pg_catalog.setval ('eznotificationcollection_item_s', 1, false);







SELECT pg_catalog.setval ('eznotificationevent_s', 318, true);







SELECT pg_catalog.setval ('ezoperation_memento_s', 1, false);







SELECT pg_catalog.setval ('ezorder_s', 1, false);







SELECT pg_catalog.setval ('ezorder_item_s', 1, false);







SELECT pg_catalog.setval ('ezpolicy_s', 391, true);







SELECT pg_catalog.setval ('ezpolicy_limitation_s', 310, true);







SELECT pg_catalog.setval ('ezpolicy_limitation_value_s', 637, true);







SELECT pg_catalog.setval ('ezpreferences_s', 1, false);







SELECT pg_catalog.setval ('ezproductcollection_s', 1, false);







SELECT pg_catalog.setval ('ezproductcollection_item_s', 1, false);







SELECT pg_catalog.setval ('ezproductcollection_item_opt_s', 1, false);







SELECT pg_catalog.setval ('ezrole_s', 8, true);







SELECT pg_catalog.setval ('ezsearch_object_word_link_s', 6166, true);







SELECT pg_catalog.setval ('ezsearch_return_count_s', 1, false);







SELECT pg_catalog.setval ('ezsearch_search_phrase_s', 1, false);







SELECT pg_catalog.setval ('ezsearch_word_s', 2410, true);







SELECT pg_catalog.setval ('ezsection_s', 13, true);







SELECT pg_catalog.setval ('ezsubtree_notification_rule_s', 6, true);







SELECT pg_catalog.setval ('eztrigger_s', 1, false);







SELECT pg_catalog.setval ('ezurl_s', 10, true);







SELECT pg_catalog.setval ('ezurlalias_s', 2, true);







SELECT pg_catalog.setval ('ezuser_accountkey_s', 3, true);







SELECT pg_catalog.setval ('ezuser_discountrule_s', 1, false);







SELECT pg_catalog.setval ('ezuser_role_s', 34, true);







SELECT pg_catalog.setval ('ezvattype_s', 1, true);







SELECT pg_catalog.setval ('ezwaituntildatevalue_s', 1, false);







SELECT pg_catalog.setval ('ezwishlist_s', 1, false);







SELECT pg_catalog.setval ('ezworkflow_s', 1, false);







SELECT pg_catalog.setval ('ezworkflow_assign_s', 1, false);







SELECT pg_catalog.setval ('ezworkflow_event_s', 1, false);







SELECT pg_catalog.setval ('ezworkflow_group_s', 1, true);







SELECT pg_catalog.setval ('ezworkflow_process_s', 1, false);







SELECT pg_catalog.setval ('ezpdf_export_s', 1, false);







SELECT pg_catalog.setval ('ezrss_export_s', 1, false);







SELECT pg_catalog.setval ('ezrss_export_item_s', 1, false);







SELECT pg_catalog.setval ('ezrss_import_s', 1, false);







SELECT pg_catalog.setval ('ezimagefile_s', 79, true);


